{
  "tag": "RMC-Fe_3-Os_2-A2-B1-NNNNNN",
  "energy_eV": -2528.256754516506,
  "multiplicity": 2,
  "charge": 1,
  "sym1": "Fe",
  "ox1": 3,
  "sym2": "Os",
  "ox2": 2,
  "acid": "A2",
  "base": "B1",
  "bridge": [
    "N",
    "N"
  ],
  "S1_ref": 0.5,
  "S2_ref": 0.0,
  "mulliken_q_e": [
    0.7459101540694284,
    0.24042233498943422,
    -0.2792139868715777,
    -0.27921187559847094,
    -0.1892266642187288,
    -0.1892267525708733,
    -0.11744974773293104,
    -0.11745401165690628,
    0.09609609978655587,
    -0.006240707139221424,
    -0.02752299707011363,
    -0.029132606984306975,
    -0.027629535898048063,
    -0.014916941979932652,
    0.0585385808799429,
    0.06295741965639434,
    0.058205335880732734,
    0.03619570425352925,
    0.04420074389862405,
    0.054063413013195616,
    0.06325849946933593,
    0.09609827307364194,
    -0.006239950420445117,
    -0.02752117094545592,
    -0.02913249898478365,
    -0.027627559636859367,
    -0.014917522235126768,
    0.05853846967692067,
    0.06295703806918473,
    0.05820510710260618,
    0.03620203545582501,
    0.04420271823645727,
    0.05406296542326261,
    0.06325804555829662,
    -0.0388250882397021,
    0.05206563267415154,
    0.052065502395370444,
    -0.038825193326325946,
    -0.02508440497278963,
    -0.02508390560446694,
    0.05874218833639089,
    0.05874216874572624,
    0.0670695679126786,
    0.06706941040071634,
    -0.04060708074001074,
    0.06034697367106068,
    0.06034607281974602,
    -0.04060801328598829,
    -0.025480389820926375,
    -0.025480465450403944,
    0.05400120615173565,
    0.05400124313558485,
    0.0624181070758566,
    0.06241805957395341
  ],
  "dipole_vec_eA": [
    -0.1469302932213828,
    4.316990657670009e-05,
    7.220032338745541e-08
  ],
  "dipole_mag_D": 0.705736242254928,
  "HOMO_eV": -11.494988517633736,
  "LUMO_eV": -11.223820395817084,
  "gap_eV": 0.2711681218166522
}