{
  "tag": "RMC-Cr_2-Rh_2-A2-B10-NNNNSS",
  "energy_eV": -3270.2037774001797,
  "multiplicity": 2,
  "charge": 2,
  "sym1": "Cr",
  "ox1": 2,
  "sym2": "Rh",
  "ox2": 2,
  "acid": "A2",
  "base": "B10",
  "bridge": [
    "S",
    "S"
  ],
  "S1_ref": 0.0,
  "S2_ref": 0.5,
  "mulliken_q_e": [
    0.5474994594761587,
    -0.13114057391943645,
    -0.0021893977112627527,
    -0.002189747735181241,
    -0.17038616610383706,
    -0.17038635589949158,
    -0.049159082132658405,
    -0.049158188227320876,
    0.049641277655441574,
    0.012749227623009007,
    -0.013074418024811907,
    -0.016368227872331165,
    -0.01596487260952406,
    -0.0007444971131294054,
    0.07888291704951134,
    0.08796872783601106,
    0.07481564599937862,
    0.053269702412613196,
    0.04514689779392378,
    0.08249774331577908,
    0.08832789931435525,
    0.04964140316559296,
    0.012749365837856352,
    -0.01307457512127752,
    -0.016368386254261402,
    -0.015964165331536995,
    -0.0007443591668412353,
    0.07888305904151771,
    0.08796875342849109,
    0.07481548372888713,
    0.05326889198242557,
    0.04514831418806087,
    0.08249831911397654,
    0.08832755075640775,
    0.06637359529300202,
    -0.0034210549194813034,
    0.020980500537316038,
    -0.01968649136945433,
    -0.014372720316351284,
    -0.04603397331536008,
    0.08477418353949151,
    0.08230516509845742,
    0.06607251421487259,
    -0.019678671107938417,
    0.020985964322081774,
    -0.0034265381515068416,
    0.06637417467031725,
    -0.04603744286407796,
    -0.014374580146604199,
    0.08476713059929164,
    0.06607253183144812,
    0.08230807771052495,
    0.0703028722751402,
    0.020323952040477433,
    0.020190316160707544,
    -0.019571681503071536,
    -0.013507853210704246,
    -0.046192948721251126,
    0.08013686600360925,
    0.0771065163873349,
    0.06062685508651755,
    -0.019575130854792455,
    0.020188333470906095,
    0.02032585593715619,
    0.07030219092947254,
    -0.046191126477441946,
    -0.013507046858328264,
    0.08014018515388743,
    0.06062667873545513,
    0.07710517332237277
  ],
  "dipole_vec_eA": [
    -0.7472497318757209,
    1.6516147396472903e-06,
    -1.2707111107295581e-11
  ],
  "dipole_mag_D": 3.5891931029105844,
  "HOMO_eV": -14.676463862634554,
  "LUMO_eV": -14.38767621635589,
  "gap_eV": 0.2887876462786636
}