{
  "tag": "RMC-Cr_3-Mn_3-A2-B6-NNNNSS",
  "energy_eV": -2155.7616801685367,
  "multiplicity": 2,
  "charge": 4,
  "sym1": "Cr",
  "ox1": 3,
  "sym2": "Mn",
  "ox2": 3,
  "acid": "A2",
  "base": "B6",
  "bridge": [
    "S",
    "S"
  ],
  "S1_ref": 0.5,
  "S2_ref": 0.0,
  "mulliken_q_e": [
    0.5906207601670711,
    0.2698567495811497,
    0.022535140004822096,
    0.022536080108273487,
    -0.12897807639487335,
    -0.12897168911408063,
    -0.05575748586216922,
    -0.0557612366872684,
    0.05513211352636316,
    0.02972241335589132,
    0.01682028011722947,
    0.0139714893972398,
    0.01607539326857932,
    0.02571339407781026,
    0.14334719082705993,
    0.15749553870431043,
    0.14158993909628936,
    0.06518322674294574,
    0.0687632056118499,
    0.1494331699081276,
    0.1386861885366265,
    0.05513347353457898,
    0.029721596487847668,
    0.016821223510376626,
    0.013971014936765336,
    0.016074196693570464,
    0.025717653842137755,
    0.1433457397868696,
    0.15749581603087937,
    0.14159176122891592,
    0.06518618211398763,
    0.06875976483087443,
    0.14943432002100443,
    0.1386874401652639,
    -0.09820279237810903,
    -0.0323020287307072,
    -0.03230312581299488,
    0.15421385880453675,
    0.1263233586874305,
    0.1342888507744917,
    0.13428884169274524,
    0.13720015668285268,
    0.13719975782996296,
    -0.08766385453403736,
    -0.036567286377955366,
    -0.036567706458432214,
    0.1636583652015684,
    0.14772214201681355,
    0.1484001603497359,
    0.1483985294452409,
    0.15597952256091419,
    0.15597927136183953
  ],
  "dipole_vec_eA": [
    -0.3249540922354793,
    1.804613937862382e-05,
    0.2641878532238606
  ],
  "dipole_mag_D": 2.0115644246314552,
  "HOMO_eV": -22.085903780942672,
  "LUMO_eV": -21.545868949677093,
  "gap_eV": 0.5400348312655794
}