{
  "tag": "RMC-Ni_3-V_3-A2-B5-NNNNNO",
  "energy_eV": -2003.7727095539071,
  "multiplicity": 2,
  "charge": 3,
  "sym1": "Ni",
  "ox1": 3,
  "sym2": "V",
  "ox2": 3,
  "acid": "A2",
  "base": "B5",
  "bridge": [
    "N",
    "O"
  ],
  "S1_ref": 0.5,
  "S2_ref": 1.0,
  "mulliken_q_e": [
    0.03512969877095806,
    0.29253147120731793,
    -0.03167375760316382,
    -0.07050393782793707,
    -0.03566832918183338,
    -0.04097339546065437,
    -0.009536208944936009,
    -0.01103416073000485,
    0.1526570795857376,
    0.015300658978658843,
    0.004986734256977821,
    -0.0009560781078434832,
    0.00659394038846739,
    0.016759782766532005,
    0.1266155172144724,
    0.13544312426435867,
    0.12505135655556188,
    0.056861130114929326,
    0.09127634510794347,
    0.13462496224150045,
    0.16168089591980506,
    0.08443019035683674,
    0.029636254281546703,
    0.008972729773996546,
    0.0061926157127250026,
    0.001840573632869269,
    0.028234624295302213,
    0.12972760876338352,
    0.1322829700524546,
    0.11482712265972594,
    0.04136634633524583,
    0.08557344717835491,
    0.13977815012767092,
    0.159752583540133,
    0.039568222411770604,
    0.028492438249791086,
    0.2079627060443946,
    0.20234217511909247,
    0.02018656489682602,
    -0.026620806203698555,
    0.18897790112706592,
    0.22130875447835463
  ],
  "dipole_vec_eA": [
    -0.22240372559553373,
    -0.2904150194947686,
    -8.230884191924652e-15
  ],
  "dipole_mag_D": 1.7569770673307428,
  "solvation_E_eV": null
}