{
  "tag": "RMC-Fe_3-Sc_3-A2-B5-NNNNNN",
  "energy_eV": -1928.1785630404142,
  "multiplicity": 2,
  "charge": 2,
  "sym1": "Fe",
  "ox1": 3,
  "sym2": "Sc",
  "ox2": 3,
  "acid": "A2",
  "base": "B5",
  "bridge": [
    "N",
    "N"
  ],
  "S1_ref": 0.5,
  "S2_ref": 0.0,
  "mulliken_q_e": [
    0.6400370167123737,
    0.5474887206297907,
    -0.14035187899803603,
    -0.1403689146912861,
    -0.09585021904862123,
    -0.09581625844814967,
    -0.12683217921325785,
    -0.1267891953212239,
    0.07249047219946037,
    0.0014298042335754158,
    -0.008387799284431008,
    -0.016684585296734333,
    -0.0038978403039198195,
    0.004131182437297598,
    0.08910047670816068,
    0.09499955531958948,
    0.09323980347460625,
    0.06837816314621925,
    0.01418732041559756,
    0.09461697669214308,
    0.09252595409704745,
    0.07249801145482015,
    0.0014548764999402497,
    -0.0083797754491024,
    -0.016686137234609655,
    -0.0038979021501688305,
    0.0041386930871349925,
    0.08910773196900235,
    0.09499961381646305,
    0.09325682978384486,
    0.06834912504332169,
    0.014173595054639776,
    0.0946400949786218,
    0.09252749003306682,
    -0.0934948633207533,
    -0.09348515587552209,
    0.1444357832925398,
    0.14443728481434603,
    0.02320684408217155,
    0.023240772273950716,
    0.09890703498144282,
    0.09892347740564444
  ],
  "dipole_vec_eA": [
    0.30792807224295643,
    0.000211552496306684,
    1.5471927641880884e-07
  ],
  "dipole_mag_D": 1.4790417805007392,
  "solvation_E_eV": null
}