{
  "tag": "RMC-Ir_2-Os_2-A2-B6-NNNNOO",
  "energy_eV": -2302.5839878205447,
  "multiplicity": 2,
  "charge": 2,
  "sym1": "Ir",
  "ox1": 2,
  "sym2": "Os",
  "ox2": 2,
  "acid": "A2",
  "base": "B6",
  "bridge": [
    "O",
    "O"
  ],
  "S1_ref": 0.5,
  "S2_ref": 0.0,
  "mulliken_q_e": [
    0.25537666048197527,
    0.3943751498555512,
    -0.2610259264150192,
    -0.26102569239237905,
    -0.05179632789448929,
    -0.05179585846047963,
    -0.09010226494360696,
    -0.09010516427398829,
    0.1747306378980622,
    -0.011956970899020591,
    -0.014953498456381276,
    -0.01721332651081675,
    -0.014155846122227311,
    -0.012119528639158439,
    0.08767111249203918,
    0.09667363301968823,
    0.0879924365460184,
    0.0517176619122226,
    0.0499695602210255,
    0.08576453592177635,
    0.08891960719779302,
    0.17473181938011084,
    -0.01196086214517278,
    -0.014951406045159876,
    -0.017210832339420223,
    -0.014156810559029509,
    -0.012120509332883778,
    0.08766924048574998,
    0.09667134633970054,
    0.08799373691029444,
    0.05172089429080318,
    0.04996951429234375,
    0.08576229493635501,
    0.08891972600669273,
    -0.08506191376304506,
    -0.03008830565833165,
    -0.030088329311691586,
    0.10074957892849534,
    0.08960562470420264,
    0.08893844736360967,
    0.08893848086422051,
    0.09986697010609014,
    0.09986702379803436,
    -0.08509739401650851,
    -0.025388976040678468,
    -0.025387451320016297,
    0.10159286935222467,
    0.0895210135818656,
    0.08742429472717461,
    0.0874242275086049,
    0.09860254569981519,
    0.09860255101725923
  ],
  "dipole_vec_eA": [
    0.08529572341377913,
    -4.372285604787029e-06,
    0.045519367719038445
  ],
  "dipole_mag_D": 0.4643825050904005,
  "HOMO_eV": -15.351453513465755,
  "LUMO_eV": -15.137672076008469,
  "gap_eV": 0.2137814374572855
}