{
  "tag": "RMC-Os_2-Os_3-A2-B4-NNNNNO",
  "energy_eV": -2077.424677014747,
  "multiplicity": 2,
  "charge": 2,
  "sym1": "Os",
  "ox1": 2,
  "sym2": "Os",
  "ox2": 3,
  "acid": "A2",
  "base": "B4",
  "bridge": [
    "N",
    "O"
  ],
  "S1_ref": 0.0,
  "S2_ref": 0.5,
  "mulliken_q_e": [
    0.3035998457405281,
    0.42001312483896425,
    -0.04662635436738327,
    -0.26405825183098663,
    -0.060706061417630464,
    -0.13977938323904038,
    -0.21267318096325383,
    -0.23583175665845668,
    0.2079447223552351,
    -0.00792570797539982,
    -0.012723610767864768,
    -0.014644552917489895,
    -0.020001369727089102,
    0.0014195744740983507,
    0.09174919781393487,
    0.09853017667960673,
    0.08691366043296223,
    0.09296724853161153,
    0.06875034065973185,
    0.09402431780644227,
    0.11362070774188116,
    0.07606178947177322,
    0.008826483307425637,
    -0.016188289514013743,
    -0.011631403858392897,
    -0.005069516077396141,
    0.0035344441068532184,
    0.07828995957856766,
    0.0917909667047182,
    0.0911719380916749,
    0.07880042537284004,
    0.0250740742239024,
    0.10082031972365679,
    0.0889628118515845,
    -0.03949985652623522,
    -0.05918842298965643,
    0.12751030711037392,
    0.12751023589614785,
    0.1310086069648364,
    0.13100850903760053,
    -0.017721667995702184,
    -0.07578911366323937,
    0.12565903230207087,
    0.1256582376050871,
    0.12441890294963431,
    0.12441853969707362
  ],
  "dipole_vec_eA": [
    -0.19986970114466007,
    0.04024532826597529,
    -3.5952035929142396e-05
  ],
  "dipole_mag_D": 0.9792835388108924,
  "solvation_E_eV": null
}