{
  "tag": "RMC-Mo_2-Os_3-A2-B1-NNNNNN",
  "energy_eV": -2500.3415886421835,
  "multiplicity": 2,
  "charge": 1,
  "sym1": "Mo",
  "ox1": 2,
  "sym2": "Os",
  "ox2": 3,
  "acid": "A2",
  "base": "B1",
  "bridge": [
    "N",
    "N"
  ],
  "S1_ref": 0.0,
  "S2_ref": 0.5,
  "mulliken_q_e": [
    0.41744313366943575,
    0.2440231866535686,
    -0.25454728783161773,
    -0.2545559821794854,
    -0.14535121727547784,
    -0.14534725545287475,
    -0.10885022598396454,
    -0.10884715391766386,
    0.10580764678618171,
    -0.0062545772590318904,
    -0.019800558754977438,
    -0.029702848062843845,
    -0.020352894323704573,
    -0.006410263916286407,
    0.06132777666482736,
    0.06591808991939696,
    0.061441003310861775,
    0.049888529498571366,
    0.05284931406273019,
    0.055778184463937674,
    0.06075435989323963,
    0.10582371957607939,
    -0.006265504716933767,
    -0.019798875237366342,
    -0.02970299066885751,
    -0.020351966824357248,
    -0.006419179308412737,
    0.0613276711116888,
    0.06591460496965984,
    0.061441129842144115,
    0.049893402243435636,
    0.052855040335782366,
    0.05577447406547198,
    0.06075218012964223,
    -0.038069540100912125,
    0.06536964582923055,
    0.06536976448787524,
    -0.03806938346711286,
    -0.023795877882100358,
    -0.02379557074810723,
    0.05753565598604227,
    0.057536015659599093,
    0.06642205893836717,
    0.06642188047308872,
    -0.038942644413153094,
    0.062357584598812466,
    0.06235946965574257,
    -0.03894238907258174,
    -0.023625690989954373,
    -0.023624941588687776,
    0.05524653681349634,
    0.05524658078567457,
    0.06427335491100883,
    0.06427282607987872
  ],
  "dipole_vec_eA": [
    -0.015636347709150355,
    1.0875530593578733e-05,
    -1.579442123489761e-08
  ],
  "dipole_mag_D": 0.07510459025013888,
  "HOMO_eV": -11.76226602682043,
  "LUMO_eV": -11.478646451673184,
  "gap_eV": 0.283619575147247
}