{
  "tag": "RMC-Cd_2-Cr_3-A2-B4-NNNNOS",
  "energy_eV": -1960.1386815366418,
  "multiplicity": 2,
  "charge": 3,
  "sym1": "Cd",
  "ox1": 2,
  "sym2": "Cr",
  "ox2": 3,
  "acid": "A2",
  "base": "B4",
  "bridge": [
    "O",
    "S"
  ],
  "S1_ref": 0.0,
  "S2_ref": 0.5,
  "mulliken_q_e": [
    0.3869568833414144,
    0.5730693156442956,
    -0.09197709586812519,
    0.2645018446078195,
    -0.003953231296717874,
    -0.1451006494246001,
    -0.28617287917646617,
    -0.3001529219265411,
    0.023504400990625784,
    0.01565141250161961,
    0.003864297727442567,
    -0.003821835993677025,
    0.002116748797529988,
    0.015188771797718381,
    0.11132464661754149,
    0.11988635387334778,
    0.11157029229279725,
    0.09571962220531605,
    0.053687949716825445,
    0.11073253571454722,
    0.12479062522625928,
    0.1506335623794386,
    0.006086404631571396,
    -0.0006426767379534848,
    -0.005348157479796667,
    0.0009567447106650917,
    0.010652354831672817,
    0.11315575424238478,
    0.12450156457118067,
    0.11834892327378632,
    0.09604249850610014,
    0.05225854455541201,
    0.11120319940623102,
    0.1374608230026717,
    -0.043910935320999656,
    -0.04799633524122893,
    0.15192789103620852,
    0.15192789196502743,
    0.150366648466697,
    0.1503666495294843,
    -0.06380133927638676,
    -0.06435889941539119,
    0.1306725718187901,
    0.1306725296818083,
    0.12871836858422336,
    0.12871833091782847
  ],
  "dipole_vec_eA": [
    -1.2776379179214166,
    0.06506763916855837,
    -1.2342461700990132e-06
  ],
  "dipole_mag_D": 6.144709105322053,
  "solvation_E_eV": null
}