{
  "tag": "RMC-In_3-Ni_3-A2-B2-NNNNNO",
  "energy_eV": -3036.992393563764,
  "multiplicity": 1,
  "charge": 3,
  "sym1": "In",
  "ox1": 3,
  "sym2": "Ni",
  "ox2": 3,
  "acid": "A2",
  "base": "B2",
  "bridge": [
    "N",
    "O"
  ],
  "S1_ref": 0.5,
  "S2_ref": 0.5,
  "mulliken_q_e": [
    0.42651999375275934,
    -0.03906574053443512,
    -0.13949113098993426,
    -0.23464030532468505,
    -0.09999718187651485,
    -0.07413677515356376,
    0.024261045877025156,
    0.013076428078010016,
    0.19539878191791815,
    0.00156429244123224,
    -0.004401217603556384,
    -0.013113287822626774,
    -0.0047631363422111495,
    -0.009782589476758696,
    0.09978038576803105,
    0.11352258203608545,
    0.09802743467013908,
    0.06433112488079562,
    0.06455624981266239,
    0.11355088304807548,
    0.10768251043350763,
    0.1287956160434649,
    0.016026392592427774,
    -0.0010043539356612285,
    -0.008197154489935077,
    -0.0008606080488184897,
    0.0016250443322025632,
    0.10036000503333431,
    0.11283829115048905,
    0.09684425824640908,
    0.050637537042927505,
    0.05614440561110223,
    0.1212634220464417,
    0.10226159359156184,
    5.504806504408322e-06,
    0.03415373676487388,
    0.013046346438277956,
    0.07178494418009063,
    -0.022991452547665103,
    -0.007551817782824655,
    0.10924625082535955,
    0.08402637538420776,
    0.1061829937883163,
    0.07580331946251606,
    0.0005107675310873638,
    -0.006848859262913676,
    -0.022615042159249477,
    0.10955355328527028,
    0.10688704251665881,
    0.08395319878842822,
    0.0028502146420275043,
    0.03568739818448852,
    0.020814532171125055,
    0.07497097151953791,
    -0.02419612380317293,
    -0.006079608707408424,
    0.11236000633736165,
    0.09021501452319891,
    0.10945036211759429,
    0.07739179987445888,
    0.004512075322648856,
    -0.005489240263196304,
    -0.024388695303264152,
    0.11366418886406637,
    0.11107907827703944,
    0.09239637085094754
  ],
  "dipole_vec_eA": [
    -0.1691890917668299,
    -0.045041920441561696,
    1.5904543369500873e-15
  ],
  "dipole_mag_D": 0.8409548383328107,
  "HOMO_eV": -17.904724937015644,
  "LUMO_eV": -16.814291325199804,
  "gap_eV": 1.0904336118158398
}