{
  "tag": "RMC-Cr_2-Sn_2-A2-B10-NNNNOO",
  "energy_eV": -3264.744702336271,
  "multiplicity": 1,
  "charge": 2,
  "sym1": "Cr",
  "ox1": 2,
  "sym2": "Sn",
  "ox2": 2,
  "acid": "A2",
  "base": "B10",
  "bridge": [
    "O",
    "O"
  ],
  "S1_ref": 0.0,
  "S2_ref": 0.0,
  "mulliken_q_e": [
    0.5613289146327315,
    0.6545653996919872,
    -0.3743743873225376,
    -0.37437288336701324,
    -0.14637531259997094,
    -0.14638708434514114,
    -0.1658324418466004,
    -0.16581617548165717,
    0.17979764952108335,
    -0.022042012122271304,
    -0.013938228301630717,
    -0.024606143650163226,
    -0.015051634490659715,
    -0.017603880087623924,
    0.07796557706837182,
    0.08868901378412186,
    0.07690350341946561,
    0.06753349239934447,
    0.05404643462543679,
    0.0797228226320823,
    0.09068627549812591,
    0.17979768064310542,
    -0.02203005972702554,
    -0.0139397499998688,
    -0.02460407363089745,
    -0.015045770238499179,
    -0.017609711331020073,
    0.07796853538815995,
    0.0886883052850822,
    0.07690032217483334,
    0.06752129611010926,
    0.054049242152382826,
    0.07973299981084825,
    0.09068390598255627,
    0.06431213211898568,
    0.0031697415996858602,
    0.021214383788160207,
    -0.01996114063861154,
    -0.015671863037093114,
    -0.04685374378723006,
    0.08205564983820246,
    0.07894455987512705,
    0.06150560901914126,
    -0.019960449362250943,
    0.021213017546474866,
    0.003168097661331526,
    0.06431797670562922,
    -0.04685719272019573,
    -0.0156720636455161,
    0.08205495703805776,
    0.06150698691125467,
    0.07894478608079292,
    0.06900485233274178,
    -0.0006056939589322852,
    0.019994663216534647,
    -0.019999541552597755,
    -0.014786606325998264,
    -0.04239804936392888,
    0.07997870750255498,
    0.07769718947125381,
    0.05892368426035799,
    -0.01999776118881158,
    0.019997892838041542,
    -0.0006057623159378966,
    0.06899641644033805,
    -0.042395090559781856,
    -0.014787182486195816,
    0.07997750891691424,
    0.058923640391651544,
    0.07769786513078403
  ],
  "dipole_vec_eA": [
    0.16482004832934766,
    3.178298067015783e-05,
    -4.836689610335112e-06
  ],
  "dipole_mag_D": 0.7916643749770645,
  "HOMO_eV": -14.361827695599576,
  "LUMO_eV": -14.311691644731225,
  "gap_eV": 0.05013605086835149
}