{
  "tag": "RMC-Nb_3-Sc_3-A2-B5-NNNNSS",
  "energy_eV": -1869.1590904813418,
  "multiplicity": 3,
  "charge": 4,
  "sym1": "Nb",
  "ox1": 3,
  "sym2": "Sc",
  "ox2": 3,
  "acid": "A2",
  "base": "B5",
  "bridge": [
    "S",
    "S"
  ],
  "S1_ref": 1.0,
  "S2_ref": 0.0,
  "mulliken_q_e": [
    0.3342084209106867,
    0.547123521753279,
    0.2748903153185116,
    0.274884918325279,
    -0.16468647055521202,
    -0.16468963862085717,
    -0.1532036138696542,
    -0.1532020712200437,
    0.03751835328303188,
    0.025984782043381616,
    0.018836305058933744,
    0.007116983013754075,
    0.018963781044964545,
    0.027011494635137856,
    0.13835405713711557,
    0.1489109462165955,
    0.13696808457822207,
    0.06843371724343883,
    0.11072553393603712,
    0.1478408846953474,
    0.17316987711938936,
    0.037518164079214156,
    0.025986167524709503,
    0.018834400048008293,
    0.0071168000196448755,
    0.018964710221507364,
    0.02701364471154899,
    0.13835595177222448,
    0.1489117949224399,
    0.1369677063871998,
    0.06843269255747475,
    0.11072481655644051,
    0.14784132224452384,
    0.17317010276040667,
    0.02372951905745957,
    0.023731357721404,
    0.20863989662147087,
    0.2086403046341163,
    0.03175133153789811,
    0.03174190208751426,
    0.27838354067341364,
    0.278383685868693
  ],
  "dipole_vec_eA": [
    1.8842260891765452,
    1.203949782437592e-05,
    5.3303913215667645e-15
  ],
  "dipole_mag_D": 9.050322797362933,
  "HOMO_eV": -21.581403510106767,
  "LUMO_eV": -20.85823545610543,
  "gap_eV": 0.7231680540013379
}