{
  "tag": "RMC-Rh_2-W_2-A2-B10-NNNNNN",
  "energy_eV": -3288.4665468192343,
  "multiplicity": 2,
  "charge": 0,
  "sym1": "Rh",
  "ox1": 2,
  "sym2": "W",
  "ox2": 2,
  "acid": "A2",
  "base": "B10",
  "bridge": [
    "N",
    "N"
  ],
  "S1_ref": 0.5,
  "S2_ref": 0.0,
  "mulliken_q_e": [
    -0.09719133401640934,
    -0.10716440077252787,
    -0.07168076601027962,
    -0.07168311120184656,
    -0.11703983003153007,
    -0.11704002427549254,
    -0.10842132848531127,
    -0.10841726930052165,
    0.10149574859235155,
    -0.010537036978186087,
    -0.030932934804192458,
    -0.0392483101454959,
    -0.03256725034492636,
    -0.01399229704042515,
    0.03416663022001687,
    0.036288862610171724,
    0.0330363834176447,
    0.045080214145263975,
    0.0596449787493174,
    0.044868285248462314,
    0.041512196782608535,
    0.1014945377168297,
    -0.010537287222026626,
    -0.030933865780564007,
    -0.03924835612765132,
    -0.032568178376611856,
    -0.013991748285366645,
    0.03416696251606699,
    0.0362892157797039,
    0.03303634206345296,
    0.04507780817829388,
    0.05964380732396646,
    0.04486860072483734,
    0.04151320681375248,
    0.07106143787875752,
    0.005923744014444177,
    0.003667184591195305,
    -0.03743153824359635,
    -0.03086606369817435,
    -0.05243507119955981,
    0.037622531199902554,
    0.03597038864532931,
    0.03666177633855905,
    -0.0374428133603153,
    0.0036604191515647866,
    0.005929365793033936,
    0.07106102528458424,
    -0.052433840566358914,
    -0.030859780285319438,
    0.03763497685056927,
    0.036662151976245005,
    0.035965596289904256,
    0.06933074700377628,
    0.00256102083260501,
    0.0032750659764024803,
    -0.03870013430024999,
    -0.031206552188813408,
    -0.052775608969445775,
    0.03636668467297044,
    0.03522214630027087,
    0.03625657946959304,
    -0.038699580608230644,
    0.003275516787667465,
    0.0025606361981191927,
    0.06933066334330062,
    -0.052774561766909533,
    -0.03120682464140878,
    0.036366114169496644,
    0.03625589431612475,
    0.035222250989721204
  ],
  "dipole_vec_eA": [
    -0.12906056720926037,
    -1.2383483265477642e-05,
    -6.08354336201221e-07
  ],
  "dipole_mag_D": 0.6199042703686285,
  "HOMO_eV": -8.3371222685068,
  "LUMO_eV": -8.037150009613278,
  "gap_eV": 0.2999722588935221
}