{
  "tag": "RMC-Co_3-Cu_2-A2-B2-NNNNNS",
  "energy_eV": -3071.0500646033447,
  "multiplicity": 2,
  "charge": 2,
  "sym1": "Co",
  "ox1": 3,
  "sym2": "Cu",
  "ox2": 2,
  "acid": "A2",
  "base": "B2",
  "bridge": [
    "N",
    "S"
  ],
  "S1_ref": 0.0,
  "S2_ref": 0.5,
  "mulliken_q_e": [
    0.0671703813480693,
    0.38457592668167406,
    -0.23751933197677322,
    -0.09177745491930694,
    -0.052285056724573176,
    -0.05167407814289682,
    -0.16057641984749815,
    -0.09787176431079292,
    0.06118810293967236,
    0.002305726355879445,
    -0.010090800357277274,
    -0.01668447863051359,
    -0.00931341951336595,
    0.010607274540376688,
    0.07894193167590113,
    0.09066543889595569,
    0.08155271633890804,
    0.05431672310546176,
    0.045011189455455014,
    0.09801669696119464,
    0.08734301157451108,
    0.1319693914904061,
    -0.011078538960637374,
    -0.00646430271376075,
    -0.02004029405127894,
    -0.01029153139777983,
    0.008018445673195762,
    0.07453540716249651,
    0.08637739184590554,
    0.07813573459109702,
    0.06022390808587419,
    0.05041853579219446,
    0.09219677144402583,
    0.0865984565495741,
    -0.012456592004137956,
    0.027211882905522344,
    0.012599913946992114,
    0.06950898895310531,
    -0.031851687214301094,
    -0.01756340672027812,
    0.08555733990599268,
    0.06987102607154916,
    0.08149935495936,
    0.07006010499098214,
    -0.013361265742853679,
    -0.01743644657064003,
    -0.032250944782828084,
    0.08521373337359495,
    0.08173510448646637,
    0.06973621313444145,
    -0.012818367529677355,
    0.027692014724814085,
    0.0045396933056969235,
    0.0655415002039883,
    -0.03145504288190848,
    -0.01741617279483343,
    0.08649688184412196,
    0.07082831895497854,
    0.08377018719294382,
    0.06862574883008543,
    -0.0158300812110983,
    -0.017217633498661566,
    -0.033119567556142204,
    0.08540249973592196,
    0.08367323744028743,
    0.06871177261800132
  ],
  "dipole_vec_eA": [
    0.32096831058029973,
    -0.17710512999996686,
    3.3702069638359347e-16
  ],
  "dipole_mag_D": 1.7607978443794992,
  "HOMO_eV": -14.753837162460144,
  "LUMO_eV": -14.68188974178004,
  "gap_eV": 0.07194742068010385
}