{
  "tag": "RMC-Au_3-Co_3-A2-B7-NNNNNS",
  "energy_eV": -2180.7109155705734,
  "multiplicity": 1,
  "charge": 3,
  "sym1": "Au",
  "ox1": 3,
  "sym2": "Co",
  "ox2": 3,
  "acid": "A2",
  "base": "B7",
  "bridge": [
    "N",
    "S"
  ],
  "S1_ref": 0.0,
  "S2_ref": 0.0,
  "mulliken_q_e": [
    0.4661939581076463,
    0.15382662068969166,
    -0.24091029408587383,
    -0.016262723722078293,
    -0.10508411789075978,
    -0.08865506680372981,
    -0.02380374096932214,
    -0.031208276120548106,
    0.07135586029938312,
    0.028578166685741202,
    0.006443955191786976,
    0.004266679131867512,
    0.007965265174904479,
    0.017128834132785098,
    0.12278265189440785,
    0.13245201312572275,
    0.1193529051434532,
    0.05832788317212567,
    0.06866720446659991,
    0.115338211377918,
    0.12598359186322006,
    0.13785387336407018,
    0.0285127059467134,
    0.0059448320619668316,
    0.005259316819390181,
    0.014127876088739777,
    0.002828299342408025,
    0.12090775188914149,
    0.13252833328484992,
    0.11755694094101554,
    0.05820369470477593,
    0.07029740549135055,
    0.11729767438509775,
    0.12760747654906712,
    0.020599359313583587,
    -0.025528116449475835,
    0.11627240153148244,
    0.13560507444904624,
    -0.015241555754337943,
    0.14102960894619954,
    0.14102960894619854,
    0.03189458411686208,
    -0.010700488039197209,
    0.1122470633205157,
    0.13696695343131693,
    -0.02342882234813537,
    0.15379428547120477,
    0.15379428547120466
  ],
  "dipole_vec_eA": [
    -0.2817512654394835,
    0.21877185810177538,
    -9.326637481988895e-16
  ],
  "dipole_mag_D": 1.7133703673829368,
  "HOMO_eV": -19.282751269398727,
  "LUMO_eV": -18.905246978473176,
  "gap_eV": 0.3775042909255504
}