{
  "tag": "RMC-Cr_2-Cu_2-A2-B4-NNNNOS",
  "energy_eV": -2067.51229814779,
  "multiplicity": 2,
  "charge": 2,
  "sym1": "Cr",
  "ox1": 2,
  "sym2": "Cu",
  "ox2": 2,
  "acid": "A2",
  "base": "B4",
  "bridge": [
    "O",
    "S"
  ],
  "S1_ref": 0.0,
  "S2_ref": 0.5,
  "mulliken_q_e": [
    0.5606978123185952,
    0.23693133596000748,
    -0.1140094822272435,
    0.212933428115593,
    -0.2989139392662128,
    -0.31039866244817893,
    -0.024856118018688367,
    -0.16259532987354408,
    0.02057332802147238,
    0.007225463975808033,
    -0.002900891744840761,
    -0.013441412273250464,
    -0.007709278060611391,
    0.008835337931475618,
    0.09324170107567198,
    0.09544014886757679,
    0.08776591706293735,
    0.05043919548160414,
    0.09446925836289188,
    0.09975281749205978,
    0.088666626263187,
    0.14794246210814066,
    9.007555865059302e-05,
    -0.005786233224206683,
    -0.015162702140226525,
    -0.010801484822220209,
    -0.0012156371607361383,
    0.0975666135201636,
    0.09968023440502172,
    0.09123715979883562,
    0.04438481366251734,
    0.09653407223727717,
    0.10903068002371108,
    0.08956613415507375,
    -0.0646144334162948,
    -0.06975207659107929,
    0.11930560710642879,
    0.11930560794545175,
    0.11868810942119201,
    0.1186881053636254,
    -0.07682155270053781,
    -0.08318538608224513,
    0.09058732184510887,
    0.09058732191419971,
    0.08599896503663673,
    0.08599896505922489
  ],
  "dipole_vec_eA": [
    -0.688540774588213,
    0.061346132186169605,
    4.946592368387563e-09
  ],
  "dipole_mag_D": 3.3203024459480663,
  "solvation_E_eV": null
}