{
  "tag": "RMC-Pd_2-V_2-A2-B1-NNNNNO",
  "energy_eV": -2560.007494722079,
  "multiplicity": 2,
  "charge": 1,
  "sym1": "Pd",
  "ox1": 2,
  "sym2": "V",
  "ox2": 2,
  "acid": "A2",
  "base": "B1",
  "bridge": [
    "N",
    "O"
  ],
  "S1_ref": 0.0,
  "S2_ref": 0.5,
  "mulliken_q_e": [
    0.13657462426627487,
    0.28492013996941645,
    -0.20067351323773464,
    -0.21870901646106322,
    -0.07289006716526569,
    -0.07861543037917529,
    -0.1265218134640047,
    -0.13408859285816388,
    0.16391038897774157,
    -0.013951004865569772,
    -0.02527395342931915,
    -0.03079843276983918,
    -0.029395923254706746,
    -0.016814996497506396,
    0.06346971270505164,
    0.06651788623832833,
    0.060298269592486964,
    0.04812025600443692,
    0.056718856232885306,
    0.05188803226956795,
    0.06352222399615559,
    0.10704822921911661,
    -0.004397811125814943,
    -0.018595592896823998,
    -0.0307547194756721,
    -0.02207585361338893,
    -0.007588821569264326,
    0.06393526846808106,
    0.0653435717567884,
    0.06013363483924927,
    0.05255713048953381,
    0.050686176438435426,
    0.06532764679382985,
    0.07235224612523572,
    -0.03870511300808066,
    0.06265550666321418,
    0.06082331117272188,
    -0.03694091857037507,
    -0.02377636141961692,
    -0.021599773635218034,
    0.06005896523526422,
    0.05847718181091599,
    0.06768885366092303,
    0.068631836266271,
    -0.039314890478950426,
    0.06367170493623986,
    0.06429272225186988,
    -0.03911966128401034,
    -0.02486006959546261,
    -0.024044109850367645,
    0.056853319163096216,
    0.054315684486574756,
    0.06394798417696779,
    0.06476507824646016
  ],
  "dipole_vec_eA": [
    -0.40246072059906624,
    -0.28228964632946546,
    -6.506459063155153e-16
  ],
  "dipole_mag_D": 2.361213772322779,
  "HOMO_eV": -11.471933579316383,
  "LUMO_eV": -11.407177635360556,
  "gap_eV": 0.06475594395582718
}