{
  "tag": "RMC-Ru_3-V_2-A2-B6-NNNNOO",
  "energy_eV": -2229.5510190457176,
  "multiplicity": 1,
  "charge": 3,
  "sym1": "Ru",
  "ox1": 3,
  "sym2": "V",
  "ox2": 2,
  "acid": "A2",
  "base": "B6",
  "bridge": [
    "O",
    "O"
  ],
  "S1_ref": 0.5,
  "S2_ref": 0.5,
  "mulliken_q_e": [
    0.08653909398659965,
    0.3836876303868978,
    -0.17076475843375571,
    -0.1707637521334282,
    -0.030958508289431697,
    -0.030956174407411607,
    -0.08141052840749041,
    -0.08140956897133544,
    0.1837994753796084,
    0.009631962160616014,
    0.006526064336391357,
    0.004432317701072996,
    0.002801966897640895,
    0.015442879511959884,
    0.12730839706091612,
    0.13756616966651403,
    0.12554618381941063,
    0.07496714252973957,
    0.06972786768795602,
    0.11768581859659288,
    0.11866337814472161,
    0.18379976237515705,
    0.00963194540578649,
    0.0065260686971369,
    0.004432475452124551,
    0.002803335956516939,
    0.015443905388672352,
    0.1273094746730451,
    0.1375657469342061,
    0.12554553895915987,
    0.07496678341960261,
    0.06972620121523598,
    0.11768637362350509,
    0.11866454941726234,
    -0.07558478521229994,
    -0.026021368148460233,
    -0.02602204844662781,
    0.12261793004844712,
    0.10465154726157644,
    0.1070075631263514,
    0.10700723101715204,
    0.12189542978294265,
    0.12189477743923016,
    -0.07728170946829427,
    -0.02402844537660176,
    -0.024028656203203935,
    0.12290227585075286,
    0.10670777434188361,
    0.10435624882766303,
    0.1043562203375683,
    0.11870247299323056,
    0.1187023230925548
  ],
  "dipole_vec_eA": [
    0.13898518202485136,
    5.607012140975666e-06,
    0.05081858744726064
  ],
  "dipole_mag_D": 0.7107997408099792,
  "HOMO_eV": -19.72972550601115,
  "LUMO_eV": -19.61558114371624,
  "gap_eV": 0.11414436229490832
}