{
  "tag": "RMC-Mn_3-Pt_2-A2-B6-NNNNOS",
  "energy_eV": -2267.9223639370484,
  "multiplicity": 1,
  "charge": 3,
  "sym1": "Mn",
  "ox1": 3,
  "sym2": "Pt",
  "ox2": 2,
  "acid": "A2",
  "base": "B6",
  "bridge": [
    "O",
    "S"
  ],
  "S1_ref": 0.0,
  "S2_ref": 0.0,
  "mulliken_q_e": [
    0.30806864462548766,
    0.1702359086560108,
    -0.281010111658335,
    0.12325309370317916,
    -0.09713932633244227,
    -0.09702915092241482,
    -0.0072542333563483385,
    0.001823144375157737,
    0.036701944997229896,
    0.018567081498819027,
    0.00245922505604268,
    0.0024813712428151113,
    0.0016673722688549386,
    0.018159558625667538,
    0.11695095611070461,
    0.1291871295584528,
    0.11657588663233376,
    0.050020667748766234,
    0.055538580885693634,
    0.12861808421399668,
    0.11712000705582237,
    0.2058904424695116,
    -0.005022402398420223,
    0.004444241744065325,
    -0.0042562497343976435,
    -0.002556486282345505,
    0.000991381371316935,
    0.11556447548602289,
    0.12703747427236023,
    0.11252099291337647,
    0.06254831905427616,
    0.07970611107374759,
    0.12014943636193376,
    0.11427466430585453,
    -0.08068900020898329,
    -0.013989352027441226,
    -0.02061421811756703,
    0.12710119869058467,
    0.11643610863721898,
    0.11034408283261987,
    0.11630745808512266,
    0.11910043782152946,
    0.12140233260398148,
    -0.08818870201246898,
    -0.03756784972834004,
    -0.04140229180406285,
    0.12782375114368516,
    0.10867460129318851,
    0.11610531632649057,
    0.11937455530614383,
    0.12450831291890163,
    0.12898502261658473
  ],
  "dipole_vec_eA": [
    -0.5205991549196469,
    -0.11663596268021516,
    0.1188923859179281
  ],
  "dipole_mag_D": 2.6253930848458453,
  "HOMO_eV": -18.913523831740743,
  "LUMO_eV": -18.61949668443722,
  "gap_eV": 0.29402714730352386
}