{
  "tag": "RMC-Cu_2-Mn_3-A2-B7-NNNNNS",
  "energy_eV": -2177.207541343648,
  "multiplicity": 2,
  "charge": 2,
  "sym1": "Cu",
  "ox1": 2,
  "sym2": "Mn",
  "ox2": 3,
  "acid": "A2",
  "base": "B7",
  "bridge": [
    "N",
    "S"
  ],
  "S1_ref": 0.5,
  "S2_ref": 0.0,
  "mulliken_q_e": [
    0.2999632322983306,
    0.25697107676292075,
    -0.19232728469082616,
    -0.14017361834565248,
    -0.10349383670294454,
    -0.08897048062314883,
    -0.06336520031900439,
    -0.11787671066291638,
    0.07289463070369506,
    0.00961083777793248,
    -0.008040711700371128,
    -0.012950795819612004,
    -0.004205327612448739,
    0.010149776778947572,
    0.08574548165254514,
    0.09628172964097426,
    0.09078832611896204,
    0.07023812658086248,
    0.07019652927583264,
    0.06638969155614505,
    0.08813110645820832,
    0.12361184020240268,
    0.022523940271408138,
    -0.003801123494147962,
    -0.007780440501420571,
    -0.007753707640213436,
    0.015423302851309995,
    0.10258548437289483,
    0.10638847937720497,
    0.09508540304028312,
    0.05236525711142903,
    0.07219905103802571,
    0.09574901749517406,
    0.0885052085302479,
    0.01965046047215746,
    -0.03943021850762363,
    0.0847898253328595,
    0.1054481733051893,
    -0.020357033609084585,
    0.11133573684768461,
    0.11133573684768305,
    0.03250556836023133,
    -0.030755763208683007,
    0.06441983806855822,
    0.09757155987808375,
    -0.00838792062953253,
    0.11540787253053286,
    0.11540787253053375
  ],
  "dipole_vec_eA": [
    0.002292966178334966,
    0.20090655635136437,
    4.002375927310195e-15
  ],
  "dipole_mag_D": 0.9650580768523982,
  "HOMO_eV": -15.627212412579974,
  "LUMO_eV": -15.022293677090817,
  "gap_eV": 0.6049187354891572
}