{
  "tag": "RMC-Cd_2-Nb_3-A2-B1-NNNNOO",
  "energy_eV": -2448.526290682418,
  "multiplicity": 3,
  "charge": 3,
  "sym1": "Cd",
  "ox1": 2,
  "sym2": "Nb",
  "ox2": 3,
  "acid": "A2",
  "base": "B1",
  "bridge": [
    "O",
    "O"
  ],
  "S1_ref": 0.0,
  "S2_ref": 1.0,
  "mulliken_q_e": [
    0.5422450603665567,
    0.30530730467248324,
    -0.2868539694499703,
    -0.2868560448447619,
    -0.11630973155890967,
    -0.11632110889222003,
    -0.07029177145787635,
    -0.07029113522250885,
    0.1868580814699845,
    0.0141356150327403,
    0.002315236192670822,
    -0.005187946848016711,
    0.0034398182313126746,
    0.0005359378165596951,
    0.11899990120062032,
    0.12974254462216772,
    0.11699678552165071,
    0.07158323163119729,
    0.0819986173667051,
    0.12249577876458306,
    0.11616439631349806,
    0.1868602804785957,
    0.014134854226141913,
    0.0023141727751931906,
    -0.005187364572530884,
    0.003441288997120262,
    0.0005303420801385794,
    0.11900018825342717,
    0.1297417940374318,
    0.11699464752358579,
    0.07158546337063876,
    0.08200584886697171,
    0.12249545659548333,
    0.11615633711797091,
    -0.013373344945390553,
    0.06275320536728701,
    0.06276251987820203,
    -0.013376376869715267,
    0.005125450926465103,
    0.005126739257355517,
    0.10151561288799871,
    0.10151598886292701,
    0.12514671933089005,
    0.1251445833344298,
    -0.01527350049634757,
    0.07918754470855327,
    0.07918690639616455,
    -0.01527359408244755,
    0.008467693951511146,
    0.008467498149455466,
    0.10581507169200322,
    0.10581506096369298,
    0.13024314724526875,
    0.130243162715157
  ],
  "dipole_vec_eA": [
    -0.10590663531069215,
    -1.6737187390335002e-05,
    -1.8115125147353313e-13
  ],
  "dipole_mag_D": 0.5086912092981226,
  "HOMO_eV": -18.288570536159515,
  "LUMO_eV": -17.640555175412548,
  "gap_eV": 0.6480153607469674
}