{
  "tag": "RMC-Mn_2-Sn_2-A2-B5-NNNNNN",
  "energy_eV": -1966.3471822921745,
  "multiplicity": 2,
  "charge": 0,
  "sym1": "Mn",
  "ox1": 2,
  "sym2": "Sn",
  "ox2": 2,
  "acid": "A2",
  "base": "B5",
  "bridge": [
    "N",
    "N"
  ],
  "S1_ref": 0.5,
  "S2_ref": 0.0,
  "mulliken_q_e": [
    -0.07542112767785825,
    0.44055290062308317,
    -0.06662301767421419,
    -0.0666227957101635,
    -0.03511742693360498,
    -0.03511697959251747,
    -0.29779443601029154,
    -0.2977866150658537,
    0.05442070525134901,
    -0.02306343781367204,
    -0.03048182660834664,
    -0.03631054204783157,
    -0.030658493502192075,
    -0.015931673322890694,
    0.03733951984313166,
    0.035210817441016284,
    0.0353742269122157,
    0.08673176274297001,
    0.005897620533415804,
    0.04267658244257733,
    0.041107324301794756,
    0.05442008725783021,
    -0.0230663483807394,
    -0.03048135533619134,
    -0.036308055309017595,
    -0.030656664618998075,
    -0.015931881878965548,
    0.03734057290478321,
    0.03520916837191834,
    0.035373414625657795,
    0.08673000516033191,
    0.005897943716470122,
    0.042677508022248234,
    0.04110725957439565,
    -0.0753451452629521,
    -0.0753537394662247,
    0.07733585768257578,
    0.07733617342108301,
    -0.07473224795543953,
    -0.07476384895270205,
    0.08741360071850335,
    0.08741460845172644
  ],
  "dipole_vec_eA": [
    -0.8446069704647355,
    -3.6579565815283234e-05,
    -2.742386184750687e-14
  ],
  "dipole_mag_D": 4.0568198108127085,
  "HOMO_eV": -8.443702957016027,
  "LUMO_eV": -8.112227258630925,
  "gap_eV": 0.33147569838510194
}