{
  "tag": "RMC-Co_3-V_3-A2-B2-NNNNSS",
  "energy_eV": -2991.294524801579,
  "multiplicity": 3,
  "charge": 4,
  "sym1": "Co",
  "ox1": 3,
  "sym2": "V",
  "ox2": 3,
  "acid": "A2",
  "base": "B2",
  "bridge": [
    "S",
    "S"
  ],
  "S1_ref": 0.0,
  "S2_ref": 1.0,
  "mulliken_q_e": [
    0.06608916776356089,
    0.24338480873161183,
    0.06534331805399443,
    0.06532130873806857,
    -0.028394512767406344,
    -0.028404193303498637,
    -0.07433971097813985,
    -0.07433062227319254,
    0.0582333621710025,
    0.02724971122983888,
    0.011825259983552439,
    0.005911385812240377,
    0.010727842657307862,
    0.028541323679975417,
    0.124270445917676,
    0.14091890497564763,
    0.12296268393487886,
    0.06396700521673893,
    0.0542613372752585,
    0.1253251015444401,
    0.12491471543567856,
    0.05822961562225726,
    0.027253027673445285,
    0.01182608379479233,
    0.005908250871770493,
    0.010725380124261052,
    0.02854289067178173,
    0.12427482005537682,
    0.14091357614755562,
    0.12296209593583729,
    0.06397578958003458,
    0.05425807129400306,
    0.12532001965286987,
    0.12491726913345791,
    0.022121609780442197,
    0.04320503041679946,
    0.026277366772718525,
    0.091045455032152,
    -0.013850689100248115,
    0.005595994127270076,
    0.13946824093094667,
    0.10836272100266098,
    0.1359203592778594,
    0.09103735543008762,
    0.02212336191861497,
    0.0055976392178958,
    -0.013848798227901193,
    0.13946918581464085,
    0.13592366050481453,
    0.10836011171727222,
    0.011279971359029695,
    0.039461495792260104,
    0.019470486271865983,
    0.07400562995185789,
    -0.01634272217860855,
    -0.0002267152863801858,
    0.13137594425703103,
    0.10166555765883822,
    0.128926100283139,
    0.07399423412329398,
    0.011281828163372642,
    -0.00022214118710617292,
    -0.016333620690634154,
    0.13137530516714524,
    0.12892915348431455,
    0.10166535385789133
  ],
  "dipole_vec_eA": [
    -0.04562412920573901,
    0.005073465014862136,
    -1.7922750455301576e-15
  ],
  "dipole_mag_D": 0.2204927759827191,
  "HOMO_eV": -20.778469360384424,
  "LUMO_eV": -20.753060423298813,
  "gap_eV": 0.025408937085611427
}