{
  "tag": "RMC-Fe_3-In_1-A2-B4-NNNNNS",
  "energy_eV": -2008.3551353058426,
  "multiplicity": 2,
  "charge": 1,
  "sym1": "Fe",
  "ox1": 3,
  "sym2": "In",
  "ox2": 1,
  "acid": "A2",
  "base": "B4",
  "bridge": [
    "N",
    "S"
  ],
  "S1_ref": 0.5,
  "S2_ref": 0.0,
  "mulliken_q_e": [
    0.6315760379887767,
    0.31704799201769707,
    -0.19803136175261304,
    0.1383108104563644,
    -0.129893895522317,
    -0.31617501232974465,
    -0.25440834475227736,
    -0.21309023391327875,
    0.008418356631972435,
    -0.002971928194861251,
    -0.022389695358074446,
    -0.024719323478230137,
    -0.02718634194265368,
    0.0018244897303147933,
    0.06493781684709543,
    0.06522750377686526,
    0.06016773705745471,
    0.050107130516178655,
    0.05174940229455549,
    0.07308978114757336,
    0.0741297920903865,
    0.07399263716215576,
    -0.008326053091371799,
    -0.02479817000963247,
    -0.03109814188254556,
    -0.025938788447722683,
    -0.01509479049117779,
    0.051386526365358454,
    0.05454323474839795,
    0.05100658050850937,
    0.09141041247026083,
    -0.0028295734036389852,
    0.09084445723560686,
    0.04757968446226102,
    -0.07129957856550861,
    -0.09246165832038078,
    0.07884548081182985,
    0.07884548637825262,
    0.0800263638405394,
    0.08002636499219751,
    -0.0740727297156798,
    -0.0678303783246359,
    0.06982307702406632,
    0.06982306732110632,
    0.07393788653262323,
    0.07393788909040078
  ],
  "dipole_vec_eA": [
    -0.64734069289467,
    -0.3346889961819811,
    5.428825016623673e-07
  ],
  "dipole_mag_D": 3.500302599250561,
  "solvation_E_eV": null
}