{
  "tag": "RMC-Cu_1-In_1-A2-B10-NNNNOO",
  "energy_eV": -3314.367223701146,
  "multiplicity": 1,
  "charge": 0,
  "sym1": "Cu",
  "ox1": 1,
  "sym2": "In",
  "ox2": 1,
  "acid": "A2",
  "base": "B10",
  "bridge": [
    "O",
    "O"
  ],
  "S1_ref": 0.0,
  "S2_ref": 0.0,
  "mulliken_q_e": [
    0.27205682789699254,
    0.29634170379292074,
    -0.3735324255651786,
    -0.3735351798498079,
    -0.15759132491727668,
    -0.1575889707225291,
    -0.20039265645434856,
    -0.20039162942707778,
    0.20231832529444294,
    -0.03924103314910776,
    -0.026817024328629424,
    -0.04951255312351854,
    -0.027947802055131366,
    -0.036783532033286104,
    0.033153873627545516,
    0.033609744719932055,
    0.03246803602205328,
    0.07552074334260217,
    0.06877148710435699,
    0.02068533071006784,
    0.03899611554069404,
    0.20231751009939614,
    -0.039245596525692594,
    -0.026797872267350975,
    -0.049511549635330665,
    -0.02794515736551917,
    -0.03679220542687878,
    0.03315177786301571,
    0.03361110202877149,
    0.03246606496069249,
    0.07552458471245305,
    0.06875915373783248,
    0.020683861733350017,
    0.03899718919650108,
    0.06769860398819438,
    -0.005679502806170023,
    0.0045448034513519975,
    -0.03885874730171612,
    -0.03140026276864338,
    -0.051508203426063215,
    0.03869131948062998,
    0.03661744103443754,
    0.03896912599270508,
    -0.03885932908849066,
    0.004527174819718427,
    -0.005672956204977098,
    0.06770989632310731,
    -0.05147241962040128,
    -0.03142598515070194,
    0.03869388693065412,
    0.038962751857015476,
    0.03661839987001181,
    0.07700725679884024,
    -0.002071171091592383,
    0.0029904386399213223,
    -0.03927308849634081,
    -0.03146315805931521,
    -0.05014111445437397,
    0.03635394415058124,
    0.03424472926628919,
    0.03537045239116832,
    -0.0392752719408167,
    0.002991641080784202,
    -0.002070500355081828,
    0.0770093653799584,
    -0.05014406468325672,
    -0.03146158271321431,
    0.03635480468894947,
    0.03537040012085846,
    0.03424400235900338
  ],
  "dipole_vec_eA": [
    -0.1517467781637809,
    -2.697776849214056e-06,
    4.1579809028554726e-16
  ],
  "dipole_mag_D": 0.7288707729501996,
  "HOMO_eV": -8.313967266581287,
  "LUMO_eV": -8.0025141585138,
  "gap_eV": 0.31145310806748583
}