{
  "tag": "RMC-Fe_2-Ta_3-A2-B10-NNNNNN",
  "energy_eV": -3238.2469975013787,
  "multiplicity": 3,
  "charge": 1,
  "sym1": "Fe",
  "ox1": 2,
  "sym2": "Ta",
  "ox2": 3,
  "acid": "A2",
  "base": "B10",
  "bridge": [
    "N",
    "N"
  ],
  "S1_ref": 0.0,
  "S2_ref": 1.0,
  "mulliken_q_e": [
    0.6468918327485117,
    0.5758964282454411,
    -0.37496273700685623,
    -0.37496381909138954,
    -0.19029310192078208,
    -0.1902835298009471,
    -0.20663849697817138,
    -0.2066362750879429,
    0.11607673652249861,
    -0.02356561847006522,
    -0.020685853999238946,
    -0.03760320356041502,
    -0.020571115853023514,
    -0.022946408922260186,
    0.0517263398048694,
    0.059250822216303956,
    0.05372218405150009,
    0.06722193540162502,
    0.05015944544594353,
    0.055151208759577464,
    0.06755507373625969,
    0.11607536941687857,
    -0.023563837350153216,
    -0.02068717176774948,
    -0.037604677268591846,
    -0.02057347236244289,
    -0.02294234393424377,
    0.05172692028956993,
    0.05925314855873576,
    0.053723753686328535,
    0.06722057630844414,
    0.0501565243770179,
    0.05515286707664102,
    0.06755842998404182,
    0.06554801525725606,
    -0.004404358766772809,
    0.01225481696848263,
    -0.03046402710226581,
    -0.025212741745471723,
    -0.049941582054176425,
    0.05931129819072911,
    0.05707175867380665,
    0.04865482422413836,
    -0.030462231601650958,
    0.012258922569108543,
    -0.004405370953336929,
    0.06554254873068444,
    -0.04994073530743681,
    -0.025213325515858642,
    0.059308731785831736,
    0.04865383383782207,
    0.05707301573645007,
    0.07272385290757533,
    -0.0034407685111748076,
    0.009542747195762535,
    -0.030325691914573794,
    -0.02402385510279026,
    -0.048642578194166175,
    0.05658274137154784,
    0.05476716797807024,
    0.045001099797815636,
    -0.030325977830810258,
    0.009543622356265935,
    -0.003440750805254744,
    0.0727221101429385,
    -0.048642085615516306,
    -0.02402349586516528,
    0.05658268377565423,
    0.045000748868992524,
    0.0547671034903241
  ],
  "dipole_vec_eA": [
    0.2537033056110518,
    1.1430046546379305e-05,
    6.43506418472667e-12
  ],
  "dipole_mag_D": 1.2185888020608375,
  "HOMO_eV": -11.257353392635327,
  "LUMO_eV": -10.812120900724809,
  "gap_eV": 0.4452324919105184
}