{
  "tag": "RMC-Sc_3-Ta_3-A2-B5-NNNNSS",
  "energy_eV": -1871.5115249429061,
  "multiplicity": 3,
  "charge": 4,
  "sym1": "Sc",
  "ox1": 3,
  "sym2": "Ta",
  "ox2": 3,
  "acid": "A2",
  "base": "B5",
  "bridge": [
    "S",
    "S"
  ],
  "S1_ref": 0.0,
  "S2_ref": 1.0,
  "mulliken_q_e": [
    0.5130160215424777,
    0.7918298800527632,
    0.24188822614386613,
    0.24181074289317128,
    -0.14861322714473002,
    -0.1486191833873569,
    -0.26340214946618046,
    -0.2633365851876128,
    0.03498635040805875,
    0.023038529369408423,
    0.01653392450429214,
    0.00622553317408614,
    0.015550354163385238,
    0.02548037254497837,
    0.13541036410540142,
    0.1478515018739449,
    0.1368547100263553,
    0.110925008251193,
    0.06856226030472534,
    0.17104140549998315,
    0.14758966884603397,
    0.034971829626430306,
    0.023053174086866246,
    0.016544974644909116,
    0.006222236178039298,
    0.015556521258711875,
    0.02549039421420951,
    0.13544054536785144,
    0.1478349743111711,
    0.13686809224516272,
    0.11091724012133142,
    0.06854054581115676,
    0.17104172003729956,
    0.14756991509322925,
    0.03011694443989832,
    0.030122535772387327,
    0.27557731074113334,
    0.2755789199192422,
    -0.01228588040293821,
    -0.012294222808338029,
    0.18425294808760606,
    0.1842555727363857
  ],
  "dipole_vec_eA": [
    -1.6913824947571958,
    8.398735378392216e-05,
    9.237295623847295e-16
  ],
  "dipole_mag_D": 8.124055631036848,
  "HOMO_eV": -21.67586702079807,
  "LUMO_eV": -20.607740668852166,
  "gap_eV": 1.068126351945903
}