{
  "tag": "RMC-Au_3-Mn_2-A2-B4-NNNNNN",
  "energy_eV": -2060.451738430571,
  "multiplicity": 2,
  "charge": 1,
  "sym1": "Au",
  "ox1": 3,
  "sym2": "Mn",
  "ox2": 2,
  "acid": "A2",
  "base": "B4",
  "bridge": [
    "N",
    "N"
  ],
  "S1_ref": 0.0,
  "S2_ref": 0.5,
  "mulliken_q_e": [
    0.30518884778727134,
    0.2431793908850648,
    -0.03418831153041513,
    -0.03420465831527286,
    -0.2710422126513292,
    -0.2710385403182527,
    -0.03478238181190485,
    -0.03474760475348315,
    0.0730530006715604,
    0.0032529041470634734,
    -0.018263552483979373,
    -0.017189593770666534,
    -0.019255382655018582,
    0.007690281055483084,
    0.07273942849952353,
    0.07457546180829944,
    0.06945370499930048,
    0.02372768287225835,
    0.09706710998245272,
    0.09351282192900279,
    0.05615746305110758,
    0.0730527909287364,
    0.0032691364844463777,
    -0.018271908578796348,
    -0.01718979758454764,
    -0.019259551388250307,
    0.007696182552179964,
    0.07274698969364346,
    0.0745725215243036,
    0.06945413147298052,
    0.0236888027994393,
    0.0970619417651204,
    0.0935216149711472,
    0.056153161819588515,
    -0.08659844537700101,
    -0.08659640720532003,
    0.06556767413603393,
    0.06556767413603415,
    0.06556708140176382,
    0.06556708140176326,
    -0.07960986515026902,
    -0.07960874429591924,
    0.042189605593855095,
    0.042189605593853874,
    0.042191431953603864,
    0.042191431953602865
  ],
  "dipole_vec_eA": [
    -0.48129268738618897,
    -6.882528304703409e-05,
    -5.331605363719636e-15
  ],
  "dipole_mag_D": 2.3117471148098705,
  "solvation_E_eV": null
}