{
  "tag": "RMC-Nb_3-Ru_2-A2-B6-NNNNSS",
  "energy_eV": -2180.674315461426,
  "multiplicity": 3,
  "charge": 3,
  "sym1": "Nb",
  "ox1": 3,
  "sym2": "Ru",
  "ox2": 2,
  "acid": "A2",
  "base": "B6",
  "bridge": [
    "S",
    "S"
  ],
  "S1_ref": 1.0,
  "S2_ref": 0.0,
  "mulliken_q_e": [
    0.1968832194674197,
    -0.0999937349687301,
    0.0524987605126611,
    0.052494539852064315,
    -0.08706203193107731,
    -0.08706365174441189,
    -0.021801968240506175,
    -0.021778260206788858,
    0.06617390032689174,
    0.0202818482103837,
    0.0022833663961097095,
    -0.0021917398420765455,
    -0.00027918742380483863,
    0.02057274192618852,
    0.11367233312336855,
    0.1257330531951053,
    0.1132751251588009,
    0.06125058027170183,
    0.0682617849883882,
    0.11985797580333768,
    0.11436702910400975,
    0.06617645804902161,
    0.02029395952071833,
    0.0022816785000780992,
    -0.0021924309119285557,
    -0.00027769398372012866,
    0.020570667494145267,
    0.11367551561430977,
    0.12573297724941412,
    0.11327298535898334,
    0.06123133777829626,
    0.06826303095891251,
    0.11986076114639543,
    0.11436623327033535,
    -0.08146121632535719,
    -0.014186950336954718,
    -0.014186626419633086,
    0.1362117318833388,
    0.13233464862907962,
    0.11986122748264172,
    0.11986118844236304,
    0.1303387453554571,
    0.13033879756259203,
    -0.061714471805400795,
    -0.006557292932058756,
    -0.006561384701989859,
    0.13384142069996297,
    0.1437463719063169,
    0.1199626521470274,
    0.11996157116498518,
    0.13375859743779706,
    0.13375982602324754
  ],
  "dipole_vec_eA": [
    0.054241833157354355,
    -5.0536177153538304e-05,
    0.221013280555188
  ],
  "dipole_mag_D": 1.0930751611078187,
  "HOMO_eV": -18.297431716480858,
  "LUMO_eV": -17.808071722860326,
  "gap_eV": 0.48935999362053195
}