{
  "tag": "RMC-Cu_1-Sn_2-A2-B6-NNNNSS",
  "energy_eV": -2237.7554173459644,
  "multiplicity": 1,
  "charge": 1,
  "sym1": "Cu",
  "ox1": 1,
  "sym2": "Sn",
  "ox2": 2,
  "acid": "A2",
  "base": "B6",
  "bridge": [
    "S",
    "S"
  ],
  "S1_ref": 0.0,
  "S2_ref": 0.0,
  "mulliken_q_e": [
    0.2162017718220836,
    0.4047496746469583,
    -0.24591847810987041,
    -0.2459186825716317,
    -0.12355227645712508,
    -0.12355153381732009,
    -0.1587147157911426,
    -0.15871569927853213,
    0.08024053910619466,
    -0.0034456118169046146,
    -0.018690272264705987,
    -0.030099563434554888,
    -0.017479364992093904,
    0.003105958351435678,
    0.05853204729470374,
    0.06377490471980485,
    0.06174521871874117,
    0.07806618276977684,
    0.07233781293702579,
    0.04482715792349368,
    0.04511525953855677,
    0.0802403371686744,
    -0.003445563593412748,
    -0.018691432254211326,
    -0.030100605071881503,
    -0.01747812779765856,
    0.0031058581440652766,
    0.058532930665565974,
    0.06377535703346149,
    0.06174410402826547,
    0.07806678145681767,
    0.07233758426711501,
    0.04482672805061494,
    0.045115423022465295,
    -0.08113198439077429,
    -0.00716922886209459,
    -0.007169327679746207,
    0.06970248152969549,
    0.07585979619051253,
    0.0542823769801446,
    0.054282422941720365,
    0.06534888609309109,
    0.06534891841736246,
    -0.07543480460353402,
    0.004401738086708962,
    0.004402000843439113,
    0.0636870251783318,
    0.07744372252880938,
    0.04857549262475114,
    0.04857540820755224,
    0.04917774699587807,
    0.04917762450258123
  ],
  "dipole_vec_eA": [
    0.3094872719427713,
    -3.6511973725660133e-06,
    -0.6923214112312012
  ],
  "dipole_mag_D": 3.6424991446966533,
  "HOMO_eV": -11.341302702290006,
  "LUMO_eV": -10.730946130083154,
  "gap_eV": 0.610356572206852
}