{
  "tag": "RMC-Re_2-Y_3-A2-B7-NNNNNS",
  "energy_eV": -2116.657791476578,
  "multiplicity": 2,
  "charge": 2,
  "sym1": "Re",
  "ox1": 2,
  "sym2": "Y",
  "ox2": 3,
  "acid": "A2",
  "base": "B7",
  "bridge": [
    "N",
    "S"
  ],
  "S1_ref": 0.5,
  "S2_ref": 0.0,
  "mulliken_q_e": [
    0.08086628671995899,
    0.46793935528832453,
    -0.24032952556185605,
    -0.05634701547936666,
    0.016457160115733283,
    -0.04079438843553951,
    -0.13299481985763228,
    -0.14360915423184184,
    0.060870274987264494,
    0.0030847813552146164,
    -0.005721429966220493,
    -0.016782563779403015,
    -0.005873469989096991,
    0.010858015418827138,
    0.08473093170233381,
    0.09312549359942124,
    0.08796985304678073,
    0.07518265854662576,
    0.045399334912463285,
    0.07576490561930349,
    0.08025528463387477,
    0.11286989856262708,
    -0.009894806053684757,
    -0.005820824946877634,
    -0.018473445298596625,
    -0.007172382532812938,
    0.01207906001613468,
    0.08304301411629655,
    0.09448923401224485,
    0.08982642333781432,
    0.07422151364430851,
    0.02680862653117777,
    0.0934020989668567,
    0.0950630727776921,
    0.022571106903108484,
    -0.026762169157825033,
    0.08206199481924958,
    0.10976199649849494,
    -0.03166609695514788,
    0.1277850866451825,
    0.12778511929887637,
    0.034025828266587954,
    -0.042056756630727055,
    0.08137664912357445,
    0.10609918012651487,
    -0.005030045720230358,
    0.11677733236493515,
    0.11677732264245266
  ],
  "dipole_vec_eA": [
    0.9251274205838709,
    -0.04871324121617035,
    2.6437925656263085e-06
  ],
  "dipole_mag_D": 4.449731895059767,
  "HOMO_eV": -14.973393082444424,
  "LUMO_eV": -14.820879404973574,
  "gap_eV": 0.15251367747084998
}