{
  "tag": "RMC-Cr_2-Ir_3-A2-B1-NNNNOO",
  "energy_eV": -2545.629512326806,
  "multiplicity": 1,
  "charge": 3,
  "sym1": "Cr",
  "ox1": 2,
  "sym2": "Ir",
  "ox2": 3,
  "acid": "A2",
  "base": "B1",
  "bridge": [
    "O",
    "O"
  ],
  "S1_ref": 0.0,
  "S2_ref": 0.0,
  "mulliken_q_e": [
    0.6475601672177137,
    0.26659366665463513,
    -0.21896893015711694,
    -0.2189743349124189,
    -0.1346685890336632,
    -0.13466410269148277,
    -0.03544513768030466,
    -0.035442312544784915,
    0.16533298855967504,
    0.00817163900678497,
    -0.0009117331879924251,
    -0.002824172124748836,
    0.0019187059227723235,
    0.004815860043446918,
    0.1209942226578995,
    0.13196517604384894,
    0.12191821562164717,
    0.05279846840647395,
    0.06340760073505969,
    0.12421104677052308,
    0.11525935452110925,
    0.16533929861614194,
    0.008173076325899364,
    -0.0009081345950017194,
    -0.00282481022512604,
    0.0019239011527780736,
    0.004818303402724489,
    0.12099330365631711,
    0.13196450589403164,
    0.12191724667921944,
    0.05280838734086091,
    0.06342104293512052,
    0.12420984779111077,
    0.11525791294248167,
    -0.02018373073399027,
    0.05932611424062184,
    0.059321758592557616,
    -0.020184626035966602,
    0.0009335665521883474,
    0.000939041402275631,
    0.09458129801102588,
    0.09458140403231419,
    0.12047520702326187,
    0.12047482186355962,
    -0.018766512277541336,
    0.061473046119352226,
    0.061469352531421606,
    -0.01876717939359307,
    0.0032270583952236365,
    0.0032308396616995694,
    0.09951707356848416,
    0.0995171489010993,
    0.12434650091918098,
    0.12434615093372714
  ],
  "dipole_vec_eA": [
    -0.030017196174612338,
    0.00011204096023837645,
    -3.154916005461748e-13
  ],
  "dipole_mag_D": 0.14417972918466676,
  "HOMO_eV": -18.739150178208373,
  "LUMO_eV": -18.027542660632985,
  "gap_eV": 0.7116075175753878
}