{
  "tag": "RMC-Ag_1-Au_3-A2-B10-NNNNOO",
  "energy_eV": -3361.1130839117413,
  "multiplicity": 1,
  "charge": 2,
  "sym1": "Ag",
  "ox1": 1,
  "sym2": "Au",
  "ox2": 3,
  "acid": "A2",
  "base": "B10",
  "bridge": [
    "O",
    "O"
  ],
  "S1_ref": 0.0,
  "S2_ref": 0.0,
  "mulliken_q_e": [
    0.3618317160178848,
    0.3601966167648395,
    -0.3421171359098405,
    -0.3421048402609159,
    -0.1207414690205002,
    -0.12073279785093094,
    -0.1206299423531687,
    -0.12063279834618457,
    0.20404620252708816,
    -0.01958700161910598,
    -0.010872595260021711,
    -0.025628661529198515,
    -0.010385197837699645,
    -0.01610402968206226,
    0.07527964746137983,
    0.08829507422528082,
    0.07729029078888316,
    0.06881191599372394,
    0.07131678817151199,
    0.09897241497293907,
    0.092062161797268,
    0.20403829814103713,
    -0.01959553056060437,
    -0.010870708755894576,
    -0.025622841622799708,
    -0.01038212778645975,
    -0.01610393912311303,
    0.07527854301013515,
    0.08829511389969402,
    0.07729151209819052,
    0.06879901627328322,
    0.07130150740110852,
    0.0989712160911006,
    0.09206521137517232,
    0.07309792042305086,
    0.010092430129319485,
    0.02512685796508518,
    -0.01759179786455034,
    -0.011479232343416523,
    -0.039119300646095256,
    0.0848669060177989,
    0.08328223757458841,
    0.06402824141146546,
    -0.017587906104793882,
    0.025129258919872388,
    0.010081657721028758,
    0.07310372623830586,
    -0.039112047454935794,
    -0.011481913647281239,
    0.08486168039226649,
    0.06402738595255919,
    0.08328446622999186,
    0.06905321632809369,
    0.005702899367947323,
    0.024140687248600967,
    -0.01751316885860099,
    -0.01200169518967864,
    -0.04075771060921962,
    0.08384573438019305,
    0.08244265974494114,
    0.06176168080675615,
    -0.017511839186241662,
    0.024135584964629864,
    0.005687707061804437,
    0.06907349233967319,
    -0.0407420283720763,
    -0.012005298731887937,
    0.08384348834762867,
    0.06175946093524787,
    0.08244292901591499
  ],
  "dipole_vec_eA": [
    0.03788108555872213,
    -0.00017356572985084825,
    -1.4763879692462927e-16
  ],
  "dipole_mag_D": 0.18195250178016037,
  "HOMO_eV": -15.05278987459662,
  "LUMO_eV": -14.92448530650473,
  "gap_eV": 0.12830456809188995
}