{
  "tag": "RMC-Mg_2-Y_3-A2-B2-NNNNNN",
  "energy_eV": -2920.0065532857902,
  "multiplicity": 1,
  "charge": 1,
  "sym1": "Mg",
  "ox1": 2,
  "sym2": "Y",
  "ox2": 3,
  "acid": "A2",
  "base": "B2",
  "bridge": [
    "N",
    "N"
  ],
  "S1_ref": 0.0,
  "S2_ref": 0.0,
  "mulliken_q_e": [
    0.4324097415970409,
    0.545708969796801,
    -0.36659542470232287,
    -0.36659276967531995,
    -0.14148080248656636,
    -0.14148109962041233,
    -0.16470994937744998,
    -0.16469970653273314,
    0.119487725673876,
    -0.027517237183844134,
    -0.017567969478391232,
    -0.03846618109986433,
    -0.01597648335567503,
    -0.01923951194325002,
    0.04937332090289526,
    0.056410869919314655,
    0.052111429728173175,
    0.05468183283443939,
    0.05465593615634878,
    0.06675226341404628,
    0.06278399267606671,
    0.11947066624044167,
    -0.027499531819075163,
    -0.0175749476185183,
    -0.03846191978872926,
    -0.015977232987810508,
    -0.01922217263244952,
    0.0493699215145782,
    0.056411179601031924,
    0.052111692263091314,
    0.054670967116313474,
    0.05466300303573446,
    0.06675781707414086,
    0.06278040956678721,
    -0.03008261709869009,
    0.01948176248685507,
    -0.0005862843999608902,
    0.06518208541146908,
    -0.043959281402976114,
    -0.027086021315683606,
    0.059258503358248005,
    0.053232587775305706,
    0.05586012393274842,
    0.06519295867544761,
    -0.03008357168095177,
    -0.027083260682629673,
    -0.04395337155361623,
    0.059261111146212686,
    0.05586196364432072,
    0.0532302351562457,
    -0.03084880126898648,
    0.019878036134929555,
    -0.004791270169661965,
    0.06764984026495058,
    -0.043971105360512075,
    -0.026211438975586754,
    0.059562584780570194,
    0.053691581350934436,
    0.05694345098210607,
    0.0676593523208362,
    -0.030855034072657883,
    -0.026219032113608653,
    -0.04397553362612605,
    0.05956877301534769,
    0.05694946528440459,
    0.053693425964393415
  ],
  "dipole_vec_eA": [
    0.3335388561055771,
    0.001363921725146002,
    2.2908262473350004e-15
  ],
  "dipole_mag_D": 1.6020686525175418,
  "HOMO_eV": -11.953374998881262,
  "LUMO_eV": -11.156807166591669,
  "gap_eV": 0.7965678322895933
}