{
  "tag": "RMC-Au_3-Cu_2-A2-B6-NNNNNO",
  "energy_eV": -2285.069847661473,
  "multiplicity": 2,
  "charge": 2,
  "sym1": "Au",
  "ox1": 3,
  "sym2": "Cu",
  "ox2": 2,
  "acid": "A2",
  "base": "B6",
  "bridge": [
    "N",
    "O"
  ],
  "S1_ref": 0.0,
  "S2_ref": 0.5,
  "mulliken_q_e": [
    0.4317300052144729,
    0.3516552689435408,
    -0.28524893762970627,
    -0.34738252189550645,
    -0.11495098877703258,
    -0.1212654218816469,
    -0.12489797049748153,
    -0.09184674062637588,
    0.19428378637917643,
    -0.01052167449155661,
    -0.0031832801178339754,
    -0.019549342673211623,
    -0.005035129324247212,
    -0.019596932242214926,
    0.0945435429913436,
    0.10153180489419411,
    0.09073713416430096,
    0.0775952759088121,
    0.07987903315888634,
    0.09201417684728808,
    0.09704585151146017,
    0.12866321199284836,
    -0.0069419673496651235,
    0.0009600103024789419,
    -0.023536293114368334,
    -0.002689218343319366,
    -0.01557465939236069,
    0.08799470570357604,
    0.0935970679811543,
    0.08431990206119933,
    0.07141793995768397,
    0.06364339208536451,
    0.09449324663839198,
    0.10588935020300616,
    -0.07609381195153375,
    -0.011328642328291227,
    -0.008029766307067865,
    0.09999185476738093,
    0.07217328712709337,
    0.09353768738762414,
    0.08686175219174552,
    0.0851509964883772,
    0.08861417779346947,
    -0.07670280082747039,
    -0.011517148925268561,
    -0.01505258512730312,
    0.09765490725629011,
    0.07546845444258865,
    0.08587935047546735,
    0.08552519769956302,
    0.08574541449902884,
    0.09234804675121489
  ],
  "dipole_vec_eA": [
    -0.24221497211778054,
    -0.35456775380291844,
    0.05949595638213569
  ],
  "dipole_mag_D": 2.082210676878987,
  "HOMO_eV": -15.478705525579814,
  "LUMO_eV": -14.304407792382634,
  "gap_eV": 1.1742977331971804
}