{
  "tag": "RMC-Cu_1-V_3-A2-B6-NNNNOS",
  "energy_eV": -2242.4099958247116,
  "multiplicity": 3,
  "charge": 2,
  "sym1": "Cu",
  "ox1": 1,
  "sym2": "V",
  "ox2": 3,
  "acid": "A2",
  "base": "B6",
  "bridge": [
    "O",
    "S"
  ],
  "S1_ref": 0.0,
  "S2_ref": 1.0,
  "mulliken_q_e": [
    0.3030620349662386,
    0.3143257114103778,
    -0.2627029173433757,
    -0.15872928558484056,
    -0.11134819033811327,
    -0.10152802836846897,
    -0.08817885588820018,
    -0.13845374138891287,
    0.07284335279131615,
    0.008114820690379831,
    -0.0086413058237782,
    -0.014261207471536252,
    -0.0053120454905026815,
    0.00910784043721713,
    0.08596771075987453,
    0.09670377827762178,
    0.09071019889730692,
    0.07469996750933428,
    0.07464646870536207,
    0.07418959263502978,
    0.08353428143844022,
    0.18199622874584276,
    0.004408195789103564,
    -0.00790551162014852,
    -0.013472364298277695,
    -0.011484531026654032,
    -0.0005582188843078484,
    0.09743327496707799,
    0.10365537207547226,
    0.09339705252012531,
    0.06101509228981006,
    0.07688403125819643,
    0.08788306975240512,
    0.08321874850909561,
    -0.08510268707349566,
    -0.021781378669535556,
    -0.018425771611122688,
    0.09675660226104332,
    0.07318718169200511,
    0.07846578326365727,
    0.08409628300342997,
    0.08674700341792974,
    0.09095899130706553,
    -0.07449852502760135,
    -0.013231932331357221,
    -0.005496598939253694,
    0.09850610431863771,
    0.09718606677608066,
    0.08675558767365243,
    0.07733327871236129,
    0.1011093694318761,
    0.09221402089683783
  ],
  "dipole_vec_eA": [
    0.188729652687741,
    0.0937644388425024,
    0.058217171067992256
  ],
  "dipole_mag_D": 1.050133490047962,
  "HOMO_eV": -15.333496928761607,
  "LUMO_eV": -14.683550157035345,
  "gap_eV": 0.6499467717262615
}