{
  "tag": "RMC-Re_2-Zr_2-A2-B6-NNNNNO",
  "energy_eV": -2222.2497917166406,
  "multiplicity": 2,
  "charge": 1,
  "sym1": "Re",
  "ox1": 2,
  "sym2": "Zr",
  "ox2": 2,
  "acid": "A2",
  "base": "B6",
  "bridge": [
    "N",
    "O"
  ],
  "S1_ref": 0.5,
  "S2_ref": 1.0,
  "mulliken_q_e": [
    -0.015421305117242268,
    0.9128748240334548,
    -0.2886597716954471,
    -0.333021908680607,
    -0.00869991316927643,
    -0.06470119986573009,
    -0.24153977000863236,
    -0.22827970209089066,
    0.16541125504551024,
    -0.03396333594642553,
    -0.044545377899347205,
    -0.034101683620415546,
    -0.04198422935889634,
    -0.017256050366382114,
    0.04484734590845041,
    0.053601132781242455,
    0.05019811884617964,
    0.0552180665351103,
    0.014887280030185135,
    0.04470576917223834,
    0.03814648009299726,
    0.10032004279050999,
    -0.02839693623156614,
    -0.03591533903528332,
    -0.034589823701345335,
    -0.034374410554372625,
    -0.0055426155958626655,
    0.0448097191960779,
    0.05290864639333204,
    0.05164389259292823,
    0.043676381011643395,
    0.006301716723481121,
    0.05369285099717458,
    0.06051797742034215,
    -0.07968143662642668,
    -0.029943285663303065,
    -0.016098476911409643,
    0.07472366499986749,
    0.08795878566325477,
    0.07386015233144094,
    0.05903834525154017,
    0.08536543876218472,
    0.07575096116811797,
    -0.07478557891689275,
    -0.00020800648911523112,
    0.002779448228664716,
    0.08265805163357942,
    0.08260451554511827,
    0.06847925784096576,
    0.06256000185832211,
    0.07126329570619117,
    0.07090673912547385
  ],
  "dipole_vec_eA": [
    1.3062551310897998,
    -0.34694020640217477,
    0.09994656706282849
  ],
  "dipole_mag_D": 6.509465905466222,
  "HOMO_eV": -10.803826614502404,
  "LUMO_eV": -10.713119150100797,
  "gap_eV": 0.09070746440160704
}