{
  "tag": "RMC-Cu_1-Sc_3-A2-B4-NNNNOS",
  "energy_eV": -2040.827523212407,
  "multiplicity": 1,
  "charge": 2,
  "sym1": "Cu",
  "ox1": 1,
  "sym2": "Sc",
  "ox2": 3,
  "acid": "A2",
  "base": "B4",
  "bridge": [
    "O",
    "S"
  ],
  "S1_ref": 0.0,
  "S2_ref": 0.0,
  "mulliken_q_e": [
    0.31333566718508077,
    0.7584116268282514,
    -0.3390576870580322,
    0.06966747723907796,
    -0.16990135319379096,
    -0.18978989580622918,
    -0.28489670316736415,
    -0.2842414260499191,
    0.04497650001669151,
    0.004181619882561494,
    -0.0026087916806234457,
    -0.015676409789621593,
    -0.001232803648712144,
    0.007820108224504851,
    0.08820736710975607,
    0.09401017987294091,
    0.09140788569610525,
    0.09379988505928627,
    0.0797598701579958,
    0.0820802249003656,
    0.09314925810643437,
    0.20279900725928024,
    -0.014901675859958052,
    -0.00786600357236944,
    -0.02110469372876289,
    -0.01089652790471285,
    -0.0007400567652608991,
    0.09694095508069567,
    0.09740364317980132,
    0.09269707090076418,
    0.11166468940166574,
    0.10191903170767636,
    0.1282490388013633,
    0.12957594148536777,
    -0.0713302899005459,
    -0.07947076536457742,
    0.1010051666991868,
    0.10100516669918791,
    0.08758947303508913,
    0.08758947303508768,
    -0.08139263828679066,
    -0.04345294530448207,
    0.11503891164279834,
    0.11503891164279789,
    0.11461825813393223,
    0.11461825813393056
  ],
  "dipole_vec_eA": [
    0.12069074977505076,
    0.2624318738135188,
    6.1834872124682286e-15
  ],
  "dipole_mag_D": 1.3874256987195281,
  "solvation_E_eV": null
}