{
  "tag": "RMC-Fe_2-Fe_3-A2-B5-NNNNNO",
  "energy_eV": -2010.6817877944638,
  "multiplicity": 2,
  "charge": 2,
  "sym1": "Fe",
  "ox1": 2,
  "sym2": "Fe",
  "ox2": 3,
  "acid": "A2",
  "base": "B5",
  "bridge": [
    "N",
    "O"
  ],
  "S1_ref": 0.0,
  "S2_ref": 0.5,
  "mulliken_q_e": [
    0.8588851763780144,
    0.8816784449697546,
    -0.14775399603034534,
    -0.3767094080774651,
    -0.11337484106582463,
    -0.26203639517258903,
    -0.32416367306554283,
    -0.2892310697027567,
    0.2075617173744455,
    -0.007561712660265618,
    -0.01353346960149171,
    -0.011639648179009976,
    -0.014823021829895922,
    -0.00443405464288027,
    0.09949424371487992,
    0.10690694801330225,
    0.10042462614360703,
    0.09231051304573179,
    0.08606615003820717,
    0.11826503887252349,
    0.1336343716175592,
    0.07623881456330839,
    0.011773875677223433,
    -0.012918213140799883,
    -0.008037646747967475,
    0.001171334480031705,
    0.004501522372055922,
    0.09089328429632892,
    0.10244215792996425,
    0.10188701052939042,
    0.08324192992344659,
    0.04480222498273134,
    0.10432119138055418,
    0.10513102832364041,
    -0.07122358049530608,
    -0.07696956260373278,
    0.10134559745289007,
    0.09814925283057852,
    -0.06073414850098935,
    -0.06908195919434545,
    0.1308464145761371,
    0.12225353369754122
  ],
  "dipole_vec_eA": [
    0.5321236092314326,
    -0.0015141685573237936,
    -3.637296876464168e-15
  ],
  "dipole_mag_D": 2.5559087395440914,
  "solvation_E_eV": null
}