{
  "tag": "RMC-Os_3-V_3-A2-B5-NNNNOO",
  "energy_eV": -1972.8750152033276,
  "multiplicity": 2,
  "charge": 4,
  "sym1": "Os",
  "ox1": 3,
  "sym2": "V",
  "ox2": 3,
  "acid": "A2",
  "base": "B5",
  "bridge": [
    "O",
    "O"
  ],
  "S1_ref": 0.5,
  "S2_ref": 1.0,
  "mulliken_q_e": [
    0.5464007297338964,
    0.3860660778035223,
    -0.22862432228742202,
    -0.2269107222394442,
    -0.13734917451987427,
    -0.13772866214053137,
    -0.09807568636831121,
    -0.09809072935607643,
    0.2414815348023569,
    0.02695650161055907,
    0.028117383391766282,
    0.016547120076499944,
    0.02529389485560829,
    0.026249918881290135,
    0.15953478573783364,
    0.1657571357443023,
    0.15850095016909604,
    0.1095763728150847,
    0.10861545501332759,
    0.20095726452784846,
    0.18643263209840688,
    0.2416829702459511,
    0.027004693235434196,
    0.028091373993561763,
    0.016714273863987383,
    0.02536922177356149,
    0.026293700447980184,
    0.15906259547852242,
    0.1658128480602109,
    0.1581687127427559,
    0.10962688240562746,
    0.10853991603414403,
    0.20006301206221455,
    0.18617663931432626,
    0.027951034907773176,
    0.02889782390787854,
    0.23799864235285462,
    0.2375304384206378,
    0.030834901631084488,
    0.03337314225721144,
    0.24589733979842376,
    0.24520137155296262
  ],
  "dipole_vec_eA": [
    0.06896353653906417,
    -0.0032559317154055713,
    2.6621655069752924e-07
  ],
  "dipole_mag_D": 0.33161492254152436,
  "HOMO_eV": -22.494171061641886,
  "LUMO_eV": -22.307018563916767,
  "gap_eV": 0.1871524977251191
}