{
  "tag": "RMC-Hg_2-Mn_3-A2-B6-NNNNNS",
  "energy_eV": -2149.147421024259,
  "multiplicity": 1,
  "charge": 2,
  "sym1": "Hg",
  "ox1": 2,
  "sym2": "Mn",
  "ox2": 3,
  "acid": "A2",
  "base": "B6",
  "bridge": [
    "N",
    "S"
  ],
  "S1_ref": 0.0,
  "S2_ref": 0.0,
  "mulliken_q_e": [
    0.04940183941125159,
    0.26998050704338106,
    -0.15028890650946858,
    0.03286937676329624,
    -0.12967296135270523,
    -0.08960538401245,
    -0.08421271960837351,
    -0.1441131420325794,
    0.057732016174141254,
    0.008129234894746817,
    -0.009231405168458329,
    -0.008523443771194517,
    -0.0052712133595860244,
    0.019032030105167186,
    0.08771726966926341,
    0.10019073720139204,
    0.09452341749862858,
    0.07863459670721662,
    0.06791202901876692,
    0.06615576488409225,
    0.08159865127537536,
    0.1216292218778412,
    0.02079137305608092,
    -0.006783731242118396,
    -0.002785391063224063,
    -0.009646149047267905,
    0.028408528210164707,
    0.101730112944735,
    0.10746877271745614,
    0.09903203658668391,
    0.06924290718024939,
    0.07099583288889533,
    0.09458694128214384,
    0.06444447894087213,
    -0.06930019843062984,
    -0.003509135400467489,
    -0.003118986134976298,
    0.08454017763515753,
    0.08204651674632712,
    0.06777360959099832,
    0.08200681521387565,
    0.0924764849608517,
    0.09688606767671115,
    -0.06669348881287696,
    -0.008894704279163612,
    0.006016311967446786,
    0.08970636455355285,
    0.08340467913705973,
    0.0800784508051835,
    0.06307495817326048,
    0.09228469963219599,
    0.0791481519521231
  ],
  "dipole_vec_eA": [
    0.6256880275617054,
    -0.26391402346703813,
    -0.005695911498590674
  ],
  "dipole_mag_D": 3.2618268546226874,
  "solvation_E_eV": null
}