{
  "tag": "RMC-Ru_2-Ru_3-A2-B1-NNNNOO",
  "energy_eV": -2557.2834567319837,
  "multiplicity": 2,
  "charge": 3,
  "sym1": "Ru",
  "ox1": 2,
  "sym2": "Ru",
  "ox2": 3,
  "acid": "A2",
  "base": "B1",
  "bridge": [
    "O",
    "O"
  ],
  "S1_ref": 0.0,
  "S2_ref": 0.5,
  "mulliken_q_e": [
    0.10221340470692164,
    0.10223735910747189,
    -0.09539509997447682,
    -0.09542845469536454,
    -0.03305109676049223,
    -0.03304205878885602,
    -0.03305147883624393,
    -0.03304200515476574,
    0.18031038970509705,
    0.01614675288501921,
    0.0020809256589524594,
    0.0018618176765810013,
    0.002080637660162088,
    0.016146694566584685,
    0.12496856695488046,
    0.13565951965177936,
    0.12496849437462176,
    0.06842709645870615,
    0.0684268351663766,
    0.12249365735214635,
    0.12249361892835053,
    0.1803528835990158,
    0.01617550450782157,
    0.002110879908683083,
    0.001879670338685413,
    0.002110711090014039,
    0.01617530295764258,
    0.12496096124186284,
    0.13565236734204889,
    0.12496078077914063,
    0.06848708935866088,
    0.06848701505485733,
    0.12248698586788065,
    0.1224867972091902,
    -0.014709829575682232,
    0.07144940349976014,
    0.07142937804405958,
    -0.014716117862737521,
    0.004272998036432218,
    0.0042899580715936025,
    0.1000841839227784,
    0.10008388008119273,
    0.12545099847369423,
    0.12544919349917594,
    -0.014709905301576898,
    0.07144937009364383,
    0.07142901205843999,
    -0.0147161318419331,
    0.0042729402199572775,
    0.004289856132966063,
    0.1000842326386131,
    0.10008392883478745,
    0.12545091927340113,
    0.1254492058024388
  ],
  "dipole_vec_eA": [
    2.406931584263147e-05,
    0.0008693756987881414,
    1.577372387872206e-10
  ],
  "dipole_mag_D": 0.004177389134511758,
  "HOMO_eV": -19.124541996261712,
  "LUMO_eV": -18.620811480814112,
  "gap_eV": 0.5037305154476002
}