{
  "tag": "RMC-Cr_3-Ru_3-A2-B6-NNNNNS",
  "energy_eV": -2176.7037590763875,
  "multiplicity": 1,
  "charge": 3,
  "sym1": "Cr",
  "ox1": 3,
  "sym2": "Ru",
  "ox2": 3,
  "acid": "A2",
  "base": "B6",
  "bridge": [
    "N",
    "S"
  ],
  "S1_ref": 0.5,
  "S2_ref": 0.5,
  "mulliken_q_e": [
    0.587613169170983,
    -0.09519422972404668,
    -0.2343960495456321,
    0.10392784963786983,
    -0.10270459254429198,
    -0.15808006390104246,
    -0.013893858917484403,
    -0.021573873098791108,
    0.04975171212006746,
    0.022744487994635243,
    0.0010394432456153346,
    0.002531093379100957,
    0.0025140958981040296,
    0.015990051110677417,
    0.11695437618888449,
    0.12920114861517418,
    0.11735427056172854,
    0.06113877272938306,
    0.0718702316970059,
    0.12412315210654612,
    0.09755742593360206,
    0.1299008360217746,
    0.021471504066107316,
    -0.0021247011506464464,
    0.0033174575721566235,
    0.002798979073188823,
    0.01973802577531769,
    0.11421520396995921,
    0.13075681730456135,
    0.1227095649020098,
    0.0654338350217758,
    0.06626248052974737,
    0.12388738349985229,
    0.12282045308805445,
    -0.08404358829087855,
    -0.026500762790697685,
    -0.01627570676939971,
    0.11935662379146039,
    0.09530020494727176,
    0.10719448366510187,
    0.09316160881176094,
    0.11720747373065188,
    0.10636682897457805,
    -0.06253894793375636,
    -0.009121183481904716,
    -0.01163832842182444,
    0.13292899643118572,
    0.13956120524568627,
    0.11892738627569088,
    0.11822216936663732,
    0.1311194766630156,
    0.13111560745348316
  ],
  "dipole_vec_eA": [
    0.4888250282404599,
    -0.17094429921707652,
    0.18391847586010313
  ],
  "dipole_mag_D": 2.639568851219758,
  "HOMO_eV": -18.849608341954834,
  "LUMO_eV": -18.757708732215278,
  "gap_eV": 0.09189960973955635
}