{
  "tag": "RMC-Cr_2-Cu_1-A2-B10-NNNNNO",
  "energy_eV": -3302.7623465004867,
  "multiplicity": 1,
  "charge": 0,
  "sym1": "Cr",
  "ox1": 2,
  "sym2": "Cu",
  "ox2": 1,
  "acid": "A2",
  "base": "B10",
  "bridge": [
    "N",
    "O"
  ],
  "S1_ref": 0.0,
  "S2_ref": 0.0,
  "mulliken_q_e": [
    0.5192898111742242,
    0.21376474797379263,
    -0.3261598116940101,
    -0.35809792776320926,
    -0.1785448384360535,
    -0.21307381661424918,
    -0.1478153374850828,
    -0.15663731194831954,
    0.1745278240505772,
    -0.031437877401037095,
    -0.04144040315441688,
    -0.04381937950345827,
    -0.03963862849841804,
    -0.04114488058140631,
    0.030702385523415754,
    0.03280526796990313,
    0.02678054499313831,
    0.0586675532764398,
    0.030492635535916968,
    0.03600860480478485,
    0.03677780176575263,
    0.1123213675516701,
    -0.018407530438944608,
    -0.037690253737513446,
    -0.04186703687420423,
    -0.03295366513064368,
    -0.018902645238063842,
    0.029689214094799854,
    0.03388443292152088,
    0.03324127043417424,
    0.048306054136201926,
    0.034511801939421494,
    0.05041510418302331,
    0.043622518204096794,
    0.06809350494730104,
    -0.008681368998697536,
    0.002558504141082718,
    -0.04059624660542438,
    -0.03295133431148822,
    -0.05170441364785194,
    0.035067900068239566,
    0.0349237488691293,
    0.03571927454744506,
    -0.04137208328237563,
    0.0035002454737014244,
    -0.009474072474116912,
    0.06668056066111272,
    -0.054079590545647926,
    -0.03359510888008432,
    0.03434124036996333,
    0.03337854207937507,
    0.03254689473046879,
    0.0647142682721833,
    -0.008073117552755527,
    0.006080173659492871,
    -0.038846898523028806,
    -0.03182675995027817,
    -0.05065315054822217,
    0.038393094165294905,
    0.03720931399954508,
    0.038878262557488386,
    -0.03839186255511229,
    0.004075829227969674,
    -0.007605710336767935,
    0.06511182932475634,
    -0.04975380361113735,
    -0.0320179588807985,
    0.03761170121899282,
    0.035834202088743106,
    0.03672679222450803
  ],
  "dipole_vec_eA": [
    0.14124334440193592,
    -0.14440366954174036,
    1.19906354213956e-10
  ],
  "dipole_mag_D": 0.9702246980956641,
  "solvation_E_eV": null
}