{
  "tag": "RMC-Ag_1-Re_2-A2-B5-NNNNNN",
  "energy_eV": -2034.026737167179,
  "multiplicity": 2,
  "charge": -1,
  "sym1": "Ag",
  "ox1": 1,
  "sym2": "Re",
  "ox2": 2,
  "acid": "A2",
  "base": "B5",
  "bridge": [
    "N",
    "N"
  ],
  "S1_ref": 0.0,
  "S2_ref": 0.5,
  "mulliken_q_e": [
    0.12212766453152835,
    -0.34155612581462635,
    0.042706834548071226,
    0.04270740353582325,
    -0.33594857467239114,
    -0.33587575462761077,
    -0.02769958906135006,
    -0.027694267023938623,
    0.04487599091849437,
    -0.026757993732714702,
    -0.05162759697696662,
    -0.04901360253847575,
    -0.04709473032416711,
    -0.025373077457225612,
    0.0002652600883531475,
    -0.0007815232377010872,
    0.004983033860734731,
    -0.014600764411748957,
    0.08432874569270199,
    0.010025384599462006,
    -0.020632842120005268,
    0.0448718885091004,
    -0.026752335370489044,
    -0.0516347189709252,
    -0.04901589307353316,
    -0.047095794376979416,
    -0.02539185787721343,
    0.0002663680531607149,
    -0.0007815066631859935,
    0.004983707460593623,
    -0.014611030398784086,
    0.08432475307044518,
    0.01002776021336016,
    -0.020631618629514792,
    -0.06377855417380363,
    -0.06379586491166611,
    0.08560423419477003,
    0.08560552456901283,
    -0.07441365884667794,
    -0.07441604498086396,
    0.0746352054681404,
    0.07463556117034797
  ],
  "dipole_vec_eA": [
    1.0021839112455075,
    -0.0003095002061714893,
    3.2653721794599975e-09
  ],
  "dipole_mag_D": 4.813694271368779,
  "HOMO_eV": -4.616407862232688,
  "LUMO_eV": -4.207147247389259,
  "gap_eV": 0.40926061484342835
}