{
  "tag": "RMC-Os_2-Os_2-A2-B4-NNNNOO",
  "energy_eV": -2106.843869116159,
  "multiplicity": 1,
  "charge": 2,
  "sym1": "Os",
  "ox1": 2,
  "sym2": "Os",
  "ox2": 2,
  "acid": "A2",
  "base": "B4",
  "bridge": [
    "O",
    "O"
  ],
  "S1_ref": 0.0,
  "S2_ref": 0.0,
  "mulliken_q_e": [
    0.3592432126347205,
    0.35911125973839697,
    -0.268968744014805,
    -0.26893612354509133,
    -0.16414265772989123,
    -0.16413580209677492,
    -0.1641634858687544,
    -0.16416561618631698,
    0.21904606132235194,
    -0.0063357825280940805,
    -0.018941608964372803,
    -0.01628154836148643,
    -0.018943098221448462,
    -0.006326471702637226,
    0.08819432223367096,
    0.09267810684619349,
    0.0881942143818607,
    0.07736341679154979,
    0.07737893769437876,
    0.11601926292638987,
    0.1160225241837678,
    0.21905066421120178,
    -0.00632887263784454,
    -0.018940706086881587,
    -0.01627779404838492,
    -0.018939807242229767,
    -0.006324335980169016,
    0.08819069014148995,
    0.09267548780191859,
    0.08819001869986309,
    0.07736591800631443,
    0.07739555818315891,
    0.11601944635375527,
    0.11602103053265322,
    -0.05081107634497184,
    -0.05079290600003872,
    0.13289743910892626,
    0.13289747535780416,
    0.13290108031882597,
    0.13290102910573054,
    -0.05080864626469439,
    -0.05079593474959654,
    0.13289848549532324,
    0.13289852070216523,
    0.13290344698700518,
    0.1329034088150861
  ],
  "dipole_vec_eA": [
    -0.0005703755595697335,
    6.742111979344577e-05,
    1.0510593348385762e-07
  ],
  "dipole_mag_D": 0.0027587035417476306,
  "HOMO_eV": -15.327270328288398,
  "LUMO_eV": -15.08052098004383,
  "gap_eV": 0.24674934824456862
}