{
  "tag": "RMC-Ag_2-Ta_3-A2-B4-NNNNSS",
  "energy_eV": -2026.9500969374517,
  "multiplicity": 2,
  "charge": 3,
  "sym1": "Ag",
  "ox1": 2,
  "sym2": "Ta",
  "ox2": 3,
  "acid": "A2",
  "base": "B4",
  "bridge": [
    "S",
    "S"
  ],
  "S1_ref": 0.5,
  "S2_ref": 1.0,
  "mulliken_q_e": [
    0.2892788096831149,
    0.8084520782651049,
    0.18026200704045103,
    0.18025854727846882,
    -0.164532137297853,
    -0.16453101885792432,
    -0.2939569032221001,
    -0.293953144357997,
    0.028986300229506767,
    0.016262596002472707,
    0.005546991087840514,
    -0.0030536458325929328,
    0.01359202877134491,
    0.016208714771650312,
    0.11193627268656325,
    0.1235452183764848,
    0.11970408100534402,
    0.11281573051799687,
    0.06515195618921976,
    0.1425011872669978,
    0.1197998130598642,
    0.028986759493920822,
    0.016263055742271604,
    0.005547613369899285,
    -0.0030531913328049054,
    0.013592342134435276,
    0.016209027249782126,
    0.11193683442999902,
    0.12354540060629715,
    0.11970434904746818,
    0.11281486610324531,
    0.06515095048850617,
    0.14250065232801523,
    0.11980034321005917,
    -0.06024078433597735,
    -0.06024122839820678,
    0.13410977840688043,
    0.134109778406881,
    0.13410981940362166,
    0.1341098194036221,
    -0.06095235077133587,
    -0.06095224429134971,
    0.10466820060945681,
    0.10466820060945847,
    0.10466826269189011,
    0.10466826269189133
  ],
  "dipole_vec_eA": [
    0.33979768904639734,
    -1.8600333282523817e-06,
    -3.7894054651230475e-15
  ],
  "dipole_mag_D": 1.6321177109882405,
  "HOMO_eV": -19.114705252868927,
  "LUMO_eV": -18.16710512833302,
  "gap_eV": 0.9476001245359065
}