{
  "tag": "RMC-Co_2-Sn_2-A2-B10-NNNNNS",
  "energy_eV": -3266.1401605103556,
  "multiplicity": 2,
  "charge": 1,
  "sym1": "Co",
  "ox1": 2,
  "sym2": "Sn",
  "ox2": 2,
  "acid": "A2",
  "base": "B10",
  "bridge": [
    "N",
    "S"
  ],
  "S1_ref": 0.5,
  "S2_ref": 0.0,
  "mulliken_q_e": [
    0.12720308727765772,
    0.5146153079383236,
    -0.28050832526826697,
    -0.16465923297844373,
    -0.08093624145327949,
    -0.15688818547135397,
    -0.19850380280118163,
    -0.1746942328552874,
    0.07081096787373453,
    -0.0036919288075720758,
    -0.020561674397528096,
    -0.028863982964285606,
    -0.019278048198999365,
    0.0021907478492095844,
    0.057529354134724486,
    0.06412332563899914,
    0.059095511763549435,
    0.06882311298844579,
    0.06798300329377804,
    0.055620001773360905,
    0.047086448346547516,
    0.11744156854205734,
    -0.019336048529116523,
    -0.016384503726651234,
    -0.03555622393138713,
    -0.01810652152655523,
    -0.01270551097668382,
    0.05230429329035835,
    0.058118909801210816,
    0.051943245134897675,
    0.06848315799728466,
    0.05063912608589871,
    0.04931846435505449,
    0.07635709166476501,
    0.06626927419511897,
    0.006312148620214453,
    0.012123301844506384,
    -0.030530609167705114,
    -0.023090712166568217,
    -0.05084650805423108,
    0.058956880068942175,
    0.05694816142544257,
    0.05135678254628018,
    -0.028942784698802848,
    0.009033624581100685,
    0.008113418190398791,
    0.07405051996406686,
    -0.04900529184290492,
    -0.02360708123604982,
    0.05655598777347526,
    0.04475438055621617,
    0.053507665961664785,
    0.07134506844060651,
    -0.010691150965115526,
    0.010888366965095875,
    -0.030127578454165915,
    -0.022343859832237634,
    -0.04516187496759638,
    0.057817511048313674,
    0.05658448215921941,
    0.04711196557104802,
    -0.02913410822977691,
    0.012432817408597252,
    -0.004303118761830316,
    0.06978770407626178,
    -0.04573260289686032,
    -0.022746913261003643,
    0.05891689315095694,
    0.047952956412772973,
    0.056432022592582065
  ],
  "dipole_vec_eA": [
    0.33825833996720306,
    -0.13744422140650173,
    9.69048539846313e-12
  ],
  "dipole_mag_D": 1.7537262375760085,
  "HOMO_eV": -11.787307389807772,
  "LUMO_eV": -10.830892217176086,
  "gap_eV": 0.9564151726316865
}