{
  "tag": "RMC-Cd_2-Pb_2-A2-B1-NNNNOO",
  "energy_eV": -2474.731577948534,
  "multiplicity": 1,
  "charge": 2,
  "sym1": "Cd",
  "ox1": 2,
  "sym2": "Pb",
  "ox2": 2,
  "acid": "A2",
  "base": "B1",
  "bridge": [
    "O",
    "O"
  ],
  "S1_ref": 0.0,
  "S2_ref": 0.0,
  "mulliken_q_e": [
    0.4810587162552846,
    0.7276004630601871,
    -0.3965762598813287,
    -0.39657847385232015,
    -0.12541177292125605,
    -0.12542018861542092,
    -0.18382198603861788,
    -0.18382942635270783,
    0.19744808647607082,
    -0.01881500595135277,
    -0.009390338553764366,
    -0.023932255103915834,
    -0.00815602008671612,
    -0.0071800865275870596,
    0.0858934983429166,
    0.09437123550203153,
    0.08773543708823539,
    0.0801185537576714,
    0.08084824337597452,
    0.07543557097028109,
    0.08438605229659424,
    0.1974518487513106,
    -0.018825810758571926,
    -0.00939194222537898,
    -0.02393484029342785,
    -0.008158972461746794,
    -0.007188128571274932,
    0.08589407533960447,
    0.09437161214512302,
    0.08773617311988513,
    0.08012446100405857,
    0.08085328109358425,
    0.07543162165966444,
    0.08438292010129034,
    -0.02518444530314956,
    0.05893527004210242,
    0.058948055022669976,
    -0.025192528700448413,
    -0.00997336686629069,
    -0.009966581865237023,
    0.07807148964121668,
    0.07807283840295842,
    0.09340710111968997,
    0.09340370579055746,
    -0.02240967104113656,
    0.05433214418068055,
    0.05434446842150997,
    -0.022416375886464612,
    -0.010956654988859116,
    -0.010949283131219678,
    0.07568165973733687,
    0.07568262617395849,
    0.09082115595634066,
    0.09081805114935149
  ],
  "dipole_vec_eA": [
    -0.07120656564339672,
    -5.9624536984689106e-05,
    -5.072278875921765e-08
  ],
  "dipole_mag_D": 0.3420198000537433,
  "HOMO_eV": -15.696441949718643,
  "LUMO_eV": -14.203266789539505,
  "gap_eV": 1.4931751601791383
}