{
  "tag": "RMC-Ir_2-Ti_3-A2-B6-NNNNNN",
  "energy_eV": -2206.4717373055146,
  "multiplicity": 1,
  "charge": 1,
  "sym1": "Ir",
  "ox1": 2,
  "sym2": "Ti",
  "ox2": 3,
  "acid": "A2",
  "base": "B6",
  "bridge": [
    "N",
    "N"
  ],
  "S1_ref": 0.5,
  "S2_ref": 0.5,
  "mulliken_q_e": [
    0.13050459371680367,
    0.697898428860743,
    -0.29969931530688987,
    -0.2997011417232416,
    -0.08484874202702808,
    -0.0848202260321056,
    -0.19555552761348283,
    -0.19555678921333874,
    0.10793123427620532,
    -0.0262809432064941,
    -0.022012402341945236,
    -0.035811333563107395,
    -0.02112955901300473,
    -0.014607746463053628,
    0.05260898904745559,
    0.057505169745786455,
    0.05523180542772088,
    0.06115623080665955,
    0.045014010183347164,
    0.04966788691202295,
    0.04757643753921015,
    0.10792743593965404,
    -0.02627745205174281,
    -0.02201117562170496,
    -0.03581297712412046,
    -0.021131814051044806,
    -0.014585674156600836,
    0.052606743401981015,
    0.05750668135950454,
    0.05523306257712457,
    0.06115561987777762,
    0.04499170623432858,
    0.04966840867580902,
    0.04758598305053685,
    -0.07419719593590046,
    -0.011176682418807093,
    -0.011180210900060716,
    0.06693893002081164,
    0.07471103913488675,
    0.05457884854122541,
    0.054579536566203735,
    0.06886462285375172,
    0.0688663874745572,
    -0.06800920437185409,
    0.0017008844896573283,
    0.001701184537504341,
    0.07316655032098396,
    0.07440695687485355,
    0.05607738369321935,
    0.056077112224624526,
    0.06548326886385669,
    0.06548298070625735
  ],
  "dipole_vec_eA": [
    0.6190137096672801,
    -1.2546794140410138e-05,
    0.05177343903374109
  ],
  "dipole_mag_D": 2.9836307266556665,
  "HOMO_eV": -11.414887165603407,
  "LUMO_eV": -11.164199726230345,
  "gap_eV": 0.2506874393730616
}