{
  "tag": "RMC-Ti_3-Zn_2-A2-B6-NNNNNN",
  "energy_eV": -2115.2496127575478,
  "multiplicity": 2,
  "charge": 1,
  "sym1": "Ti",
  "ox1": 3,
  "sym2": "Zn",
  "ox2": 2,
  "acid": "A2",
  "base": "B6",
  "bridge": [
    "N",
    "N"
  ],
  "S1_ref": 0.5,
  "S2_ref": 0.0,
  "mulliken_q_e": [
    0.6330397570707248,
    0.2974130434170621,
    -0.3801912301559356,
    -0.3802126893911364,
    -0.182396335019966,
    -0.1823983149919466,
    -0.14077450694345162,
    -0.1407827339778125,
    0.12244267199046588,
    -0.02306049211492045,
    -0.01502812896333161,
    -0.03808770785855109,
    -0.016534843180195935,
    -0.028776600141633413,
    0.054054081077716365,
    0.057406518551073704,
    0.05275779791371826,
    0.0711885922662916,
    0.06552670567015051,
    0.04685006114110113,
    0.05314228150552269,
    0.12244755919365358,
    -0.023038200167370793,
    -0.01504144576195876,
    -0.03808596756744209,
    -0.016562811738626726,
    -0.028762692300489334,
    0.05405746606419215,
    0.05740446358791784,
    0.05275807924041709,
    0.07119113934565546,
    0.06549493573002474,
    0.04684802801918353,
    0.05314304025209682,
    -0.07087527842877184,
    -0.002836264130539945,
    -0.0028329993560936018,
    0.08114931783548784,
    0.08318368207805737,
    0.06455323127371193,
    0.06455203099373363,
    0.07580526583681158,
    0.07580316858192027,
    -0.07152264559169663,
    -0.001800245389640187,
    -0.001800898083518021,
    0.06916995298793727,
    0.06765244989437458,
    0.05386712536319127,
    0.05386764451149051,
    0.06731615363444832,
    0.06731678612956138
  ],
  "dipole_vec_eA": [
    -0.5120452878223901,
    -9.10897897471091e-05,
    0.1705504647156305
  ],
  "dipole_mag_D": 2.592297158917328,
  "HOMO_eV": -10.984198705604705,
  "LUMO_eV": -10.851641359310273,
  "gap_eV": 0.1325573462944316
}