{
  "tag": "RMC-Re_3-Re_3-A2-B10-NNNNNO",
  "energy_eV": -3281.824181857494,
  "multiplicity": 1,
  "charge": 3,
  "sym1": "Re",
  "ox1": 3,
  "sym2": "Re",
  "ox2": 3,
  "acid": "A2",
  "base": "B10",
  "bridge": [
    "N",
    "O"
  ],
  "S1_ref": 0.0,
  "S2_ref": 0.0,
  "mulliken_q_e": [
    0.29339008004910105,
    0.2931630135167175,
    -0.1919214686727384,
    -0.2543965719414787,
    -0.03043191929273137,
    -0.08833418873331511,
    -0.030427811090372403,
    -0.08836069770487476,
    0.1848590211879675,
    -0.010944635741570119,
    -0.006681303495642998,
    -0.012757244162472148,
    -0.006674531816223572,
    -0.010954725478639737,
    0.09274115424850293,
    0.10949919491663695,
    0.0927359922633304,
    0.06622234752026945,
    0.0662324255658513,
    0.09363002774820628,
    0.09362025762547566,
    0.11601384496446898,
    0.006481408609760431,
    -0.004913180261614247,
    -0.00715406370065752,
    -0.004914213527282385,
    0.006485057301528929,
    0.09740957112594784,
    0.11464502442421276,
    0.09741244538542737,
    0.04593531051299249,
    0.045937798552041054,
    0.11948215975213705,
    0.11948432664766462,
    0.06866664314714543,
    0.023296425864736126,
    0.04037906893736154,
    -0.006542615273241736,
    0.001222133049493701,
    -0.03402279417031795,
    0.11270108913214061,
    0.11020794577770021,
    0.08747202664807752,
    -0.006696972772612719,
    0.039057019860491815,
    0.022255787184539688,
    0.07264878673878061,
    -0.03352717936838978,
    0.0011196712808687614,
    0.11029968871857021,
    0.08121159699041935,
    0.10705974713679156,
    0.06866391309571251,
    0.023277180937349318,
    0.04036136625867859,
    -0.006546630900692074,
    0.0012102313456547886,
    -0.03403921513842967,
    0.11270338259157864,
    0.11020972098339876,
    0.08747278850467155,
    -0.0067001506911879005,
    0.03903653432946097,
    0.022233441248677543,
    0.07265815966833178,
    -0.033545746835603074,
    0.0011069138461359262,
    0.11030198190596274,
    0.0812132613806541,
    0.1070608922884303
  ],
  "dipole_vec_eA": [
    -0.001232614538776132,
    -0.17698578543553956,
    2.2033978699527493e-07
  ],
  "dipole_mag_D": 0.8501194966934724,
  "HOMO_eV": -17.6287025128364,
  "LUMO_eV": -17.496921559309524,
  "gap_eV": 0.1317809535268779
}