{
  "tag": "RMC-Ir_2-Ti_2-A2-B10-NNNNNS",
  "energy_eV": -3257.344192105371,
  "multiplicity": 2,
  "charge": 1,
  "sym1": "Ir",
  "ox1": 2,
  "sym2": "Ti",
  "ox2": 2,
  "acid": "A2",
  "base": "B10",
  "bridge": [
    "N",
    "S"
  ],
  "S1_ref": 0.5,
  "S2_ref": 1.0,
  "mulliken_q_e": [
    0.11636673344130344,
    0.5837128225274081,
    -0.31334963559096485,
    -0.1399568136286748,
    -0.062304024581545825,
    -0.10135928499827318,
    -0.18957215697093255,
    -0.20357640221793405,
    0.05740328011542872,
    -0.01006334950710075,
    -0.02249009641988109,
    -0.029574002187020998,
    -0.022127120120938315,
    -0.0016949236003602763,
    0.05332062508892765,
    0.06098810692202061,
    0.05589546437621995,
    0.06496241515299772,
    0.046410113566746514,
    0.05047411316434702,
    0.0633676043471999,
    0.1189830531650149,
    -0.02858469500603733,
    -0.026755177697859844,
    -0.03508121496643257,
    -0.025389862449427536,
    -0.012676102201266248,
    0.04755171421505999,
    0.0568361547498627,
    0.051194869375910224,
    0.04417421369776209,
    0.03736847000843224,
    0.06971484954844787,
    0.07315591321539539,
    0.0637613162748325,
    0.005034709628818135,
    0.012899190611675992,
    -0.029517330812280695,
    -0.023703209899150757,
    -0.048687547003194664,
    0.06005909323374792,
    0.05861822660688887,
    0.05257969929567641,
    -0.029080110124232394,
    0.012564968630544238,
    0.0073881473130927855,
    0.06578406533160575,
    -0.04983417390314049,
    -0.024430156490529376,
    0.05925060569968188,
    0.04785244808205846,
    0.05612569940286183,
    0.07174578344975191,
    -0.009039725427524736,
    0.011708345749289695,
    -0.03118769052860393,
    -0.02295426952910873,
    -0.04978115574158437,
    0.05941937647151596,
    0.05832281753395241,
    0.05211116061798304,
    -0.029260248013533108,
    0.010012383882895826,
    -0.0028480409177882304,
    0.07001988267645332,
    -0.049099212279684945,
    -0.023874348994759265,
    0.05827478797599783,
    0.046973759847134366,
    0.055465096814830694
  ],
  "dipole_vec_eA": [
    0.6879408843503474,
    -0.25248214232723765,
    -2.3088507080220298e-15
  ],
  "dipole_mag_D": 3.5198341431294677,
  "HOMO_eV": -11.043401240294322,
  "LUMO_eV": -10.932066480472773,
  "gap_eV": 0.11133475982154906
}