{
  "tag": "RMC-In_1-Ti_2-A2-B10-NNNNNN",
  "energy_eV": -3193.685217897969,
  "multiplicity": 3,
  "charge": -1,
  "sym1": "In",
  "ox1": 1,
  "sym2": "Ti",
  "ox2": 2,
  "acid": "A2",
  "base": "B10",
  "bridge": [
    "N",
    "N"
  ],
  "S1_ref": 0.0,
  "S2_ref": 1.0,
  "mulliken_q_e": [
    0.28745357921763,
    0.5864310790952809,
    -0.39469027858561456,
    -0.394691978753293,
    -0.22023675312751512,
    -0.22024432724760956,
    -0.22328083421694944,
    -0.2232866671152458,
    0.11871883282229967,
    -0.0409169265489393,
    -0.048096832362336084,
    -0.05547035739468886,
    -0.04625632745577635,
    -0.03590207730398487,
    0.0005978150527632398,
    0.0012332459583150879,
    0.004081384958139478,
    0.038152320222314184,
    0.05539139389471481,
    0.021528121262946898,
    0.0059490328575962925,
    0.11872159266381321,
    -0.04090836628281269,
    -0.0480050713918283,
    -0.055480297651040456,
    -0.046162249252365006,
    -0.03588836587446309,
    0.0005922305721568488,
    0.0012310414203329234,
    0.004072865652231195,
    0.0382338877575521,
    0.05544690881110026,
    0.02152490095487558,
    0.005949080654134575,
    0.07158651137931726,
    -0.01524034622437287,
    -0.004567816295211413,
    -0.051671612942690626,
    -0.04138363732295902,
    -0.05423090293344335,
    0.012366800568316072,
    0.011380007762704647,
    0.021352540150479826,
    -0.051679919639244565,
    -0.004561773653069201,
    -0.015249458849275976,
    0.07157403831726028,
    -0.054241600965010184,
    -0.04137816699082286,
    0.01236866915741841,
    0.021353450988042644,
    0.01138020502220316,
    0.06511052530486627,
    -0.020333326409386787,
    -0.006247084261004288,
    -0.052099977879757065,
    -0.042411689337355396,
    -0.05715385046349475,
    0.011517654068666894,
    0.011467529383002995,
    0.022693039420633054,
    -0.05210917376165125,
    -0.006240534491600114,
    -0.020341290703944637,
    0.06509331053724243,
    -0.057166749586558874,
    -0.04240591635593205,
    0.011518768198126028,
    0.022692274216481234,
    0.01146789453792696
  ],
  "dipole_vec_eA": [
    0.48654273311548035,
    0.0013882464900350265,
    5.2962727295848175e-14
  ],
  "dipole_mag_D": 2.3369736461251156,
  "HOMO_eV": -4.979311424259725,
  "LUMO_eV": -4.8535990058732175,
  "gap_eV": 0.1257124183865077
}