{
  "tag": "RMC-Cd_2-Y_3-A2-B2-NNNNNO",
  "energy_eV": -2939.044456687791,
  "multiplicity": 1,
  "charge": 2,
  "sym1": "Cd",
  "ox1": 2,
  "sym2": "Y",
  "ox2": 3,
  "acid": "A2",
  "base": "B2",
  "bridge": [
    "N",
    "O"
  ],
  "S1_ref": 0.0,
  "S2_ref": 0.0,
  "mulliken_q_e": [
    0.4717417250807011,
    0.5802443130239818,
    -0.3537419742292449,
    -0.3810343407099732,
    -0.14497039491309915,
    -0.13058761713648837,
    -0.1318373486943678,
    -0.12488935396607137,
    0.19845578644321682,
    -0.02076548759275365,
    -0.013754713253556705,
    -0.02571111361323708,
    -0.012445837949334626,
    -0.016916057944537988,
    0.07727038752420778,
    0.08860771737791118,
    0.07879021310361856,
    0.06655134605235768,
    0.06575359868862019,
    0.08812057405959473,
    0.07998875356038904,
    0.12661702177713785,
    -0.016969075327877503,
    -0.010233623071763231,
    -0.027160362237095947,
    -0.007249775927667956,
    -0.012408092111463764,
    0.07167415756394668,
    0.08292313174135779,
    0.07431092140993112,
    0.05161385466164825,
    0.060370722794697906,
    0.0982896187423905,
    0.07972470330285553,
    -0.015379541819670717,
    0.026789805582053905,
    0.005920413838093941,
    0.06527881424533,
    -0.031868914954786165,
    -0.01998827949856974,
    0.08316039683005327,
    0.06666862766107207,
    0.07874828159821845,
    0.0689394622413928,
    -0.018559585045327065,
    -0.01878954896770102,
    -0.032570833152634426,
    0.08181062538921913,
    0.07932042813980789,
    0.06801615591882992,
    -0.015418899857954305,
    0.028411262916548274,
    0.0034660858996344857,
    0.06332311650379085,
    -0.031039920281387134,
    -0.019099092259637906,
    0.08588238283476701,
    0.06954231854758253,
    0.08210778338271985,
    0.06635739340025593,
    -0.019610531196242675,
    -0.01828167894125965,
    -0.03298013946561107,
    0.08433077267616462,
    0.082630980904152,
    0.07250847860200604
  ],
  "dipole_vec_eA": [
    0.3153607001520369,
    -0.33009042991236526,
    6.244780014964383e-15
  ],
  "dipole_mag_D": 2.1927669816769306,
  "HOMO_eV": -14.963341021628576,
  "LUMO_eV": -14.565640486835322,
  "gap_eV": 0.3977005347932536
}