{
  "tag": "RMC-Fe_2-Ta_3-A2-B2-NNNNOO",
  "energy_eV": -3044.9334035966076,
  "multiplicity": 3,
  "charge": 3,
  "sym1": "Fe",
  "ox1": 2,
  "sym2": "Ta",
  "ox2": 3,
  "acid": "A2",
  "base": "B2",
  "bridge": [
    "O",
    "O"
  ],
  "S1_ref": 0.0,
  "S2_ref": 1.0,
  "mulliken_q_e": [
    0.8354284345151834,
    0.8477993449720007,
    -0.4197219714640603,
    -0.4200180669838951,
    -0.1744706764127808,
    -0.17438967086822332,
    -0.17744963124412294,
    -0.1768146789692866,
    0.16899204777350807,
    -0.016331256131612903,
    -0.007593700742639209,
    -0.013502019674293653,
    -0.008880712237128607,
    -0.012939669081930338,
    0.10277367457132569,
    0.11861904467877815,
    0.10287351917492427,
    0.05814081277249561,
    0.03731408807481018,
    0.10989198382999088,
    0.11112997636684419,
    0.1689785260887826,
    -0.01644574165569135,
    -0.007653915983887094,
    -0.013531919761858857,
    -0.00879307001127727,
    -0.012909177584855547,
    0.1026349987846068,
    0.11857304562448678,
    0.10294838191718991,
    0.05800287313411334,
    0.037476622165714124,
    0.10983775803869666,
    0.11100720463074554,
    -0.0023890344031183286,
    0.03428561988899048,
    0.0051150003899878005,
    0.0640320933491394,
    -0.025734990426825588,
    -0.011520890314453469,
    0.10912786742881864,
    0.08394177297957739,
    0.1050909299474656,
    0.06406468093781514,
    -0.00239297007224204,
    -0.011518766354974952,
    -0.025754531156667593,
    0.10910730936856117,
    0.10509597749721622,
    0.0839674151441,
    -0.004316383982261307,
    0.033612728119783775,
    0.007694460662341696,
    0.0658340709769536,
    -0.02512364520081456,
    -0.012075344989740167,
    0.10795318220357175,
    0.08090667160792353,
    0.10355757085337014,
    0.06579654571766769,
    -0.004317183222121823,
    -0.012109000600332598,
    -0.025227763763428612,
    0.1079442847515476,
    0.10351467633962252,
    0.08086119191821117
  ],
  "dipole_vec_eA": [
    -0.00048063044355925113,
    0.003704656042543879,
    6.176337632411779e-16
  ],
  "dipole_mag_D": 0.017943347887846076,
  "HOMO_eV": -17.358590069094653,
  "LUMO_eV": -17.11627997875921,
  "gap_eV": 0.24231009033544382
}