{
  "tag": "RMC-Fe_2-Rh_2-A2-B10-NNNNNS",
  "energy_eV": -3304.0891856899248,
  "multiplicity": 2,
  "charge": 1,
  "sym1": "Fe",
  "ox1": 2,
  "sym2": "Rh",
  "ox2": 2,
  "acid": "A2",
  "base": "B10",
  "bridge": [
    "N",
    "S"
  ],
  "S1_ref": 0.0,
  "S2_ref": 0.5,
  "mulliken_q_e": [
    0.5838539382640889,
    -0.09299511359859802,
    -0.23548167144768728,
    -0.02406469713615772,
    -0.18060289277026875,
    -0.201396674724458,
    -0.07375043304102902,
    -0.10610798974196256,
    0.03742982740004841,
    0.0029879916937609607,
    -0.02245293216483324,
    -0.027541444458341724,
    -0.020938291217146743,
    -0.006351854092797371,
    0.05620801201710224,
    0.06288417723169426,
    0.057111828867538184,
    0.05727342558465409,
    0.05757437449403868,
    0.054523713420386866,
    0.0497597199839378,
    0.10846795381318963,
    -0.00590612378279709,
    -0.01959261367350651,
    -0.03139420220676703,
    -0.02201233907784883,
    -0.016302186190104706,
    0.05347504249365542,
    0.05890977529859498,
    0.051057610038557466,
    0.05616904637128939,
    0.03817868322401008,
    0.0592397837356744,
    0.07234254279238417,
    0.0652438311639083,
    -0.004169031471349616,
    0.013104903342995744,
    -0.030597365854050373,
    -0.023875361541409568,
    -0.05015027643995151,
    0.06023207319655055,
    0.058314738310962344,
    0.051170255141817944,
    -0.029123555888757036,
    0.010772202119321728,
    -0.001338125130434742,
    0.06990492808193483,
    -0.04913239108542844,
    -0.024096690458923486,
    0.058688849092023654,
    0.04654267835266168,
    0.05588405709573685,
    0.06979802617937603,
    0.010292160760976499,
    0.010264100481493399,
    -0.029698247523108234,
    -0.023220817762433787,
    -0.05021253199140663,
    0.05707054772812403,
    0.05517875280460938,
    0.048024382719920156,
    -0.029166815923415967,
    0.010083214797777407,
    0.013137368675972594,
    0.06992330430768723,
    -0.05088175385038873,
    -0.023723902613396186,
    0.05675738145596898,
    0.04488917412493865,
    0.05355394802709701
  ],
  "dipole_vec_eA": [
    -0.25414997954937196,
    -0.18224449580197594,
    7.185304422577857e-16
  ],
  "dipole_mag_D": 1.502146122778548,
  "HOMO_eV": -11.435532004203685,
  "LUMO_eV": -11.392247500797012,
  "gap_eV": 0.04328450340667267
}