{
  "tag": "RMC-In_1-Sc_3-A2-B1-NNNNNO",
  "energy_eV": -2442.313553696123,
  "multiplicity": 1,
  "charge": 1,
  "sym1": "In",
  "ox1": 1,
  "sym2": "Sc",
  "ox2": 3,
  "acid": "A2",
  "base": "B1",
  "bridge": [
    "N",
    "O"
  ],
  "S1_ref": 0.0,
  "S2_ref": 0.0,
  "mulliken_q_e": [
    0.43326512892837743,
    0.4939271781911335,
    -0.33752064424829786,
    -0.3509628536922771,
    -0.15525726854117727,
    -0.12384946600111046,
    -0.147338379714272,
    -0.1526160547088078,
    0.19087629573886122,
    -0.004084847532877411,
    -0.043857997406484106,
    -0.029830278541773447,
    -0.04413154579520917,
    -0.012261146709985127,
    0.0551398237864017,
    0.06142965973320369,
    0.05323495957255653,
    0.06878274490860892,
    0.039476187157444054,
    0.0708241224979842,
    0.06679550851147953,
    0.13635674756671734,
    -0.001732135183448058,
    -0.030990940882279272,
    -0.03215623461748951,
    -0.032303489057950774,
    -0.014783965042939107,
    0.05501399914512628,
    0.058401482883501,
    0.051451607631950336,
    0.06514978107300617,
    0.045088638570784045,
    0.0757663317563173,
    0.061850688720017644,
    -0.03864881869542147,
    0.04854685726572994,
    0.04176622555958209,
    -0.03818863815771878,
    -0.02675797720340256,
    -0.025916274065424405,
    0.055811283158902936,
    0.055022559800778414,
    0.06349047380249762,
    0.06375780952474819,
    -0.0354803808171642,
    0.04574952831215051,
    0.04207499645056889,
    -0.03468158415043243,
    -0.02642861123575546,
    -0.02454468855296632,
    0.06474338880906316,
    0.0627857567287411,
    0.06851354831963452,
    0.06923090644880858
  ],
  "dipole_vec_eA": [
    0.1950916934813295,
    -0.12377461976053687,
    4.1146448261023824e-12
  ],
  "dipole_mag_D": 1.1097473219816127,
  "HOMO_eV": -11.246621991711962,
  "LUMO_eV": -11.161877135594375,
  "gap_eV": 0.08474485611758631
}