{
  "tag": "RMC-Mo_2-Re_2-A2-B4-NNNNOS",
  "energy_eV": -2052.3889506719456,
  "multiplicity": 2,
  "charge": 2,
  "sym1": "Mo",
  "ox1": 2,
  "sym2": "Re",
  "ox2": 2,
  "acid": "A2",
  "base": "B4",
  "bridge": [
    "O",
    "S"
  ],
  "S1_ref": 0.0,
  "S2_ref": 0.5,
  "mulliken_q_e": [
    0.6760390428903733,
    0.056112162196993,
    -0.3340857907255117,
    0.2726068084194231,
    -0.26368680378346276,
    -0.3117688339717035,
    -0.07417703018243893,
    -0.16743080735491822,
    0.012863962152415587,
    0.005712856764138019,
    -0.00832248805120539,
    -0.009295029641232855,
    -0.007361106736954337,
    0.008938191849341859,
    0.09378706874925424,
    0.10128531680386121,
    0.0972805542155798,
    0.048790135547411406,
    0.10433169496968286,
    0.089276125808612,
    0.10739522220291486,
    0.17815935269020766,
    0.012597825666590401,
    -0.01444732828607953,
    -0.013179623282072228,
    -0.00741691737585759,
    -0.0032075282147092654,
    0.09859871337539383,
    0.10764478425546864,
    0.10256677538362402,
    0.0473027927021592,
    0.12007068032286061,
    0.13162885053969864,
    0.10982638566976177,
    -0.07707519147387254,
    -0.06881683649808967,
    0.057185158688827786,
    0.05718519230432373,
    0.06643299317690987,
    0.06643303020082181,
    -0.027271631548484443,
    -0.025229610763721988,
    0.1358943816651902,
    0.13589446678893724,
    0.15546595452302003,
    0.15546607767778853
  ],
  "dipole_vec_eA": [
    1.726629622779405,
    -0.6178752644206547,
    -2.1521921979427717e-06
  ],
  "dipole_mag_D": 8.808374320044308,
  "solvation_E_eV": null
}