{
  "tag": "RMC-Cr_3-Y_3-A2-B7-NNNNOO",
  "energy_eV": -2102.0153670778354,
  "multiplicity": 2,
  "charge": 4,
  "sym1": "Cr",
  "ox1": 3,
  "sym2": "Y",
  "ox2": 3,
  "acid": "A2",
  "base": "B7",
  "bridge": [
    "O",
    "O"
  ],
  "S1_ref": 0.5,
  "S2_ref": 0.0,
  "mulliken_q_e": [
    0.6737821815324457,
    0.5795563767520867,
    -0.3223813399226685,
    -0.2562430650921397,
    -0.12025584823380386,
    -0.07165393329539138,
    -0.05564494945330334,
    -0.05548769241420182,
    0.17725064989348516,
    0.01206279217673245,
    0.015161694995162511,
    0.013782240817552083,
    0.015791080884925757,
    0.026228609379331802,
    0.14845795386981342,
    0.16771090599814453,
    0.15624109251675644,
    0.0707533163866858,
    0.058187574698713496,
    0.15518260415121332,
    0.1489326661661292,
    0.19827504557874454,
    0.003462756023435265,
    0.018383695477216966,
    0.007062956968722167,
    0.014940266974925676,
    0.01124631406270904,
    0.14688639082637645,
    0.16275991763459485,
    0.14661946744828158,
    0.07787633090589297,
    0.07487423349207956,
    0.16115361613165258,
    0.13570638476146268,
    0.024783203603632842,
    -0.00808169243453194,
    0.14269073920129105,
    0.17003557455783003,
    -0.028331035252990855,
    0.17338726207954447,
    0.1733872591983615,
    0.019839454659169364,
    -0.010657087832257828,
    0.1506084605955459,
    0.174599696418965,
    -0.037371033613529114,
    0.1792234655305145,
    0.17922344490871056
  ],
  "dipole_vec_eA": [
    0.31339769444020443,
    0.18983136586764265,
    1.623095743692021e-06
  ],
  "dipole_mag_D": 1.7599274880291262,
  "HOMO_eV": -22.440930838429594,
  "LUMO_eV": -22.245396544782867,
  "gap_eV": 0.1955342936467268
}