{
  "tag": "RMC-Ir_3-W_2-A2-B6-NNNNNS",
  "energy_eV": -2224.491217581261,
  "multiplicity": 1,
  "charge": 2,
  "sym1": "Ir",
  "ox1": 3,
  "sym2": "W",
  "ox2": 2,
  "acid": "A2",
  "base": "B6",
  "bridge": [
    "N",
    "S"
  ],
  "S1_ref": 0.0,
  "S2_ref": 0.0,
  "mulliken_q_e": [
    0.1712518955962996,
    -0.02028860937986987,
    -0.10887525466922021,
    0.07775058320200309,
    -0.03405022711099792,
    -0.12192451102965962,
    -0.04502307197324007,
    -0.11520132122280735,
    0.056710212220046685,
    0.008757045968189159,
    -0.006971525715927962,
    -0.014409007137044627,
    -0.006131781896760113,
    0.007280253553485494,
    0.08904525369634264,
    0.09602394373340217,
    0.08954835610253675,
    0.07129952595232858,
    0.06802156847349661,
    0.06953252153284162,
    0.06934135932004704,
    0.10653576614416504,
    0.012437130124848261,
    -0.006625567760689455,
    -0.014771537395165568,
    -0.0045813720106580025,
    0.00511859130040615,
    0.092688511128723,
    0.09913874289343572,
    0.0929596509277365,
    0.06280808787007608,
    0.04954383863939005,
    0.08948653538675344,
    0.09650164984211407,
    -0.07876773482268051,
    -0.023868594808786003,
    -0.0066482635875211304,
    0.09466325824393174,
    0.09422406118700588,
    0.08971838791338649,
    0.06922342382742064,
    0.09991758587929633,
    0.08893170225601266,
    -0.061720643357123794,
    -0.00495948173306715,
    0.00471004609766057,
    0.09404117409756985,
    0.11159179832401467,
    0.08282490337182935,
    0.06896982618170067,
    0.10083776966285107,
    0.09338355523995578
  ],
  "dipole_vec_eA": [
    0.18613642283530912,
    -0.3421029785595481,
    0.1305852832960214
  ],
  "dipole_mag_D": 1.9730223861028664,
  "HOMO_eV": -15.13695150244662,
  "LUMO_eV": -14.98152511975786,
  "gap_eV": 0.1554263826887592
}