{
  "tag": "RMC-Co_3-Mo_2-A2-B1-NNNNNO",
  "energy_eV": -2528.2955209049524,
  "multiplicity": 1,
  "charge": 2,
  "sym1": "Co",
  "ox1": 3,
  "sym2": "Mo",
  "ox2": 2,
  "acid": "A2",
  "base": "B1",
  "bridge": [
    "N",
    "O"
  ],
  "S1_ref": 0.0,
  "S2_ref": 0.0,
  "mulliken_q_e": [
    0.08431807766695687,
    0.5619401478644672,
    -0.24194155831093433,
    -0.2131866557102724,
    -0.04805861263508793,
    -0.06131401227371924,
    -0.13929803966278764,
    -0.14706642569402284,
    0.1669530964895498,
    -0.006498552507585131,
    -0.010461614125103935,
    -0.016823800651955434,
    -0.00939484477603103,
    -0.000781026783648997,
    0.09285409137016853,
    0.10179543414072412,
    0.09506997799466355,
    0.06963256752632896,
    0.059553726862518364,
    0.08620941072821597,
    0.08707753436347732,
    0.11816942873477188,
    0.003428662613139233,
    -0.004761455528031311,
    -0.016243229654315572,
    -0.002393328729053623,
    0.004736878259569588,
    0.09248355232313077,
    0.09978226284014446,
    0.09389356263870507,
    0.06938178945274487,
    0.05805843908797881,
    0.0972738454242924,
    0.09703663852108002,
    -0.03088211948689512,
    0.06475256864188816,
    0.06336843725876484,
    -0.03001087958847659,
    -0.011857629736540254,
    -0.009675014205889454,
    0.07542563187677798,
    0.07276099037484696,
    0.09177604409785389,
    0.0928790730646133,
    -0.029256608585083832,
    0.06741756460640613,
    0.06509354610877538,
    -0.02862648054833672,
    -0.01154423009564387,
    -0.009104242622289371,
    0.07907524777533437,
    0.07509281787465816,
    0.09531839453548407,
    0.09657092224525465
  ],
  "dipole_vec_eA": [
    0.37779317449148453,
    -0.3577923923792507,
    2.6290925351367154e-06
  ],
  "dipole_mag_D": 2.4992502155142113,
  "HOMO_eV": -15.081864814916246,
  "LUMO_eV": -14.962316384075953,
  "gap_eV": 0.11954843084029321
}