{
  "tag": "RMC-Cu_2-Mo_2-A2-B4-NNNNNN",
  "energy_eV": -2054.0054112302896,
  "multiplicity": 2,
  "charge": 0,
  "sym1": "Cu",
  "ox1": 2,
  "sym2": "Mo",
  "ox2": 2,
  "acid": "A2",
  "base": "B4",
  "bridge": [
    "N",
    "N"
  ],
  "S1_ref": 0.5,
  "S2_ref": 0.0,
  "mulliken_q_e": [
    0.1620768995733015,
    0.2070012024978236,
    -0.08272576828731149,
    -0.08272047281682116,
    -0.2716655630853484,
    -0.2716593175813742,
    -0.07688227347642518,
    -0.07688430747684105,
    0.07498687587093711,
    -0.01045957442227552,
    -0.037702818884208344,
    -0.03266986766138835,
    -0.034785640493257164,
    -0.013175836422761211,
    0.03636417519405122,
    0.03814712980827906,
    0.039369218508551906,
    0.007852164614759571,
    0.0860411191630368,
    0.05029092068119434,
    0.03320339295134056,
    0.07498631147876367,
    -0.010458926408353886,
    -0.037705118883456734,
    -0.03266906116170909,
    -0.0347855215446482,
    -0.01317499180731363,
    0.03636580961420477,
    0.03814767177463341,
    0.03936945819254778,
    0.007856296560068365,
    0.08603999572981058,
    0.05029003687613809,
    0.033204743726593544,
    -0.06943073848053971,
    -0.0694304684089544,
    0.036355905922474285,
    0.03635590288475776,
    0.03635693223041814,
    0.03635692940538404,
    -0.07336141286964137,
    -0.07336136811919136,
    0.039672568319394474,
    0.03967257377638567,
    0.03967240562676244,
    0.03967241110509079
  ],
  "dipole_vec_eA": [
    0.7466454203740486,
    -1.3968620744908153e-05,
    -3.4818657046442144e-07
  ],
  "dipole_mag_D": 3.5862904719445807,
  "HOMO_eV": -8.632092306765623,
  "LUMO_eV": -7.604684812764701,
  "gap_eV": 1.0274074940009221
}