{
  "tag": "RMC-Cu_2-Os_2-A2-B4-NNNNOO",
  "energy_eV": -2124.0571491201817,
  "multiplicity": 2,
  "charge": 2,
  "sym1": "Cu",
  "ox1": 2,
  "sym2": "Os",
  "ox2": 2,
  "acid": "A2",
  "base": "B4",
  "bridge": [
    "O",
    "O"
  ],
  "S1_ref": 0.5,
  "S2_ref": 0.0,
  "mulliken_q_e": [
    0.22102062243465692,
    0.3332549933572766,
    -0.10401081217936836,
    -0.10400202535825498,
    -0.01811192344206325,
    -0.01811435219986124,
    -0.19767869136744487,
    -0.19767149776186232,
    0.14598736224413345,
    0.0022069237713973067,
    -0.012464909132543056,
    -0.015437293260447182,
    -0.007608079035522186,
    -0.000941899886421016,
    0.09083951641634702,
    0.09856907069974719,
    0.09581311504445011,
    0.07999626578230301,
    0.04228382413144227,
    0.09822738514005003,
    0.10726466749269337,
    0.1459900924785218,
    0.0022051376277612,
    -0.012459747483013484,
    -0.015436849564991029,
    -0.007611932100964669,
    -0.0009519421379098336,
    0.09083849583990189,
    0.09856924419900204,
    0.0958171594227184,
    0.07999629059048852,
    0.04230212532590927,
    0.09822736110251318,
    0.10726013729280937,
    -0.07782512419423737,
    -0.07782529028132856,
    0.08724308410945347,
    0.08724308860018803,
    0.08724290325887274,
    0.08724290781887656,
    -0.04593585712158177,
    -0.04593373032351966,
    0.1335945963394296,
    0.1335948945520684,
    0.13359519862890723,
    0.13359550665441589
  ],
  "dipole_vec_eA": [
    0.6556835277940583,
    3.2200207038329742e-06,
    -1.7441914581385887e-06
  ],
  "dipole_mag_D": 3.1493819205182043,
  "HOMO_eV": -15.475592780137424,
  "LUMO_eV": -14.35669764437071,
  "gap_eV": 1.1188951357667136
}