{
  "tag": "RMC-Ni_2-Rh_3-A2-B1-NNNNNS",
  "energy_eV": -2584.75886814177,
  "multiplicity": 1,
  "charge": 2,
  "sym1": "Ni",
  "ox1": 2,
  "sym2": "Rh",
  "ox2": 3,
  "acid": "A2",
  "base": "B1",
  "bridge": [
    "N",
    "S"
  ],
  "S1_ref": 0.0,
  "S2_ref": 0.0,
  "mulliken_q_e": [
    -0.08296417498322128,
    -0.0027792019868304596,
    -0.034744035841805854,
    0.25219946687488587,
    -0.01467061140719772,
    -0.053447691719762824,
    -0.03012488090842802,
    -0.06540009349548992,
    0.030777261258696065,
    0.005216698699360034,
    -0.0035506325963485796,
    -0.020231091645391608,
    -0.004364917668348012,
    0.0029607291287716553,
    0.0916741464247971,
    0.0949554847298486,
    0.08985230365748909,
    0.0501269527241377,
    0.045275064342504834,
    0.08900020432564726,
    0.09568161503598349,
    0.11241990764939724,
    0.0074708038720745495,
    -0.0031781435366855515,
    -0.022562359089346673,
    -0.005073251554910563,
    0.004084400602397231,
    0.09219812881565037,
    0.09332215634869523,
    0.0897176183462276,
    0.054583742403751856,
    0.051847986003302315,
    0.09608707839380093,
    0.10724130977025736,
    -0.03276581009647561,
    0.07240969306231193,
    0.07475332407718827,
    -0.03148667353563228,
    -0.012247804021188857,
    -0.008951425038662641,
    0.07838737896738646,
    0.07496410951192278,
    0.09400775873910605,
    0.09550787338103528,
    -0.03110524133357173,
    0.06646967558688721,
    0.06625114725870529,
    -0.03003625064965365,
    -0.012431293899191509,
    -0.00908167706255747,
    0.07555681814083814,
    0.07263522145908718,
    0.09112268355235176,
    0.09243851892578103
  ],
  "dipole_vec_eA": [
    -0.19647301117024804,
    -0.4328438685404043,
    -6.901174262928998e-16
  ],
  "dipole_mag_D": 2.283192217345144,
  "HOMO_eV": -15.455073620166417,
  "LUMO_eV": -15.005158458280027,
  "gap_eV": 0.44991516188638947
}