{
  "tag": "RMC-Cr_3-Ir_3-A2-B1-NNNNNS",
  "energy_eV": -2487.7437570652455,
  "multiplicity": 2,
  "charge": 3,
  "sym1": "Cr",
  "ox1": 3,
  "sym2": "Ir",
  "ox2": 3,
  "acid": "A2",
  "base": "B1",
  "bridge": [
    "N",
    "S"
  ],
  "S1_ref": 0.5,
  "S2_ref": 0.0,
  "mulliken_q_e": [
    0.6194389118220904,
    0.1908949252324722,
    -0.23700884840784808,
    0.101014308935784,
    -0.12188935237135046,
    -0.17358731757681123,
    -0.011646846812235045,
    -0.07769337682031252,
    0.042196200591613886,
    0.020401742009065638,
    0.0021042978173080318,
    -0.0018009218514338787,
    0.004809059538868121,
    0.01489694584176382,
    0.11429421649918647,
    0.12454471190793037,
    0.11407950279197299,
    0.05170096667650714,
    0.06326504717353698,
    0.10814488508114295,
    0.09774959347182421,
    0.10811964050445089,
    0.02675640188743378,
    0.0018631339504395772,
    0.0015116179234475613,
    0.006831764272544616,
    0.016899143491665658,
    0.11906681607796932,
    0.12998380137305332,
    0.11933697752316696,
    0.04931285307135935,
    0.06471093752073931,
    0.12454607929953687,
    0.11745926664816486,
    -0.020471678384824443,
    0.058701375069298845,
    0.06803124618498702,
    -0.020677721661165327,
    0.0021438784144720557,
    0.0031197923607257927,
    0.09477598384087649,
    0.0929940928899271,
    0.11942557881303495,
    0.12011648844852507,
    -0.018642989551782563,
    0.06665748125583781,
    0.07173213766567543,
    -0.02021927891919062,
    0.0035226736008482362,
    0.0037175339538908503,
    0.1010045605262112,
    0.09625923467815178,
    0.12200789479858276,
    0.12349463092167179
  ],
  "dipole_vec_eA": [
    -0.28622393191064294,
    -0.27343914003622716,
    -1.0471981630971679e-13
  ],
  "dipole_mag_D": 1.901323414294412,
  "HOMO_eV": -18.730664182623467,
  "LUMO_eV": -18.604232823309644,
  "gap_eV": 0.12643135931382332
}