{
  "tag": "RMC-Mo_2-Sc_3-A2-B7-NNNNOO",
  "energy_eV": -2119.7820806974883,
  "multiplicity": 1,
  "charge": 3,
  "sym1": "Mo",
  "ox1": 2,
  "sym2": "Sc",
  "ox2": 3,
  "acid": "A2",
  "base": "B7",
  "bridge": [
    "O",
    "O"
  ],
  "S1_ref": 0.0,
  "S2_ref": 0.0,
  "mulliken_q_e": [
    0.5927981155120203,
    0.6003959220393186,
    -0.28912801910391117,
    -0.2837437096392852,
    -0.12326337855588143,
    -0.10104663799172764,
    -0.12403234260751517,
    -0.11659062304687406,
    0.1639546626372934,
    -0.0042129838526745456,
    0.0023518008646017385,
    -0.004552689566131418,
    0.0034605526972160128,
    0.01140020838218958,
    0.11966560246089142,
    0.13310557485022556,
    0.12373243529816458,
    0.06653958358907208,
    0.05521375633918346,
    0.12079944880166049,
    0.11704354780884285,
    0.1626771268250493,
    -0.007006657739490718,
    0.002752505665482241,
    -0.005767824224965468,
    0.004043639819116818,
    0.009022393470752066,
    0.11908296559306264,
    0.1331008346430952,
    0.12303366356204992,
    0.07044868944555138,
    0.05213184635735968,
    0.11971160191882102,
    0.11129125817141139,
    0.02117654368503219,
    -0.026687670129656782,
    0.11058392921266247,
    0.13742472152685936,
    -0.014357571390366752,
    0.1381866921960252,
    0.13818669211133383,
    0.029348023857736383,
    -0.018762433225922415,
    0.11628704245827726,
    0.13864653512273795,
    -0.016773461666610867,
    0.1441640428384412,
    0.14416404296879515
  ],
  "dipole_vec_eA": [
    0.4851224543535671,
    0.31641135664232517,
    -5.991214218554457e-09
  ],
  "dipole_mag_D": 2.781963262908954,
  "HOMO_eV": -18.501001724594175,
  "LUMO_eV": -18.409419897265906,
  "gap_eV": 0.09158182732826958
}