{
  "tag": "RMC-Cr_2-Nb_3-A2-B10-NNNNNS",
  "energy_eV": -3201.677731889,
  "multiplicity": 3,
  "charge": 2,
  "sym1": "Cr",
  "ox1": 2,
  "sym2": "Nb",
  "ox2": 3,
  "acid": "A2",
  "base": "B10",
  "bridge": [
    "N",
    "S"
  ],
  "S1_ref": 0.0,
  "S2_ref": 1.0,
  "mulliken_q_e": [
    0.6042734001631194,
    0.23433601427116046,
    -0.2717357779505529,
    -0.10120738734673218,
    -0.17284101709340516,
    -0.16254980891881954,
    -0.0845303264341759,
    -0.1520037680110422,
    0.051624570781062085,
    0.006635404166277281,
    -0.016554615058042232,
    -0.018210530214016973,
    -0.015935191952199057,
    0.0006789028351810167,
    0.07463435818936859,
    0.08769745575036281,
    0.07636123084126001,
    0.07267455227388497,
    0.031055073170987768,
    0.06698464778092006,
    0.0867420227761102,
    0.1322830560156809,
    0.004240498811444171,
    -0.009455855098570609,
    -0.02101616261675976,
    -0.016110943333672134,
    -0.004723127241108571,
    0.0815248430825144,
    0.08845066457483786,
    0.07223394819770212,
    0.06798932314547823,
    0.04588653243577334,
    0.0976641638734026,
    0.09366985936151095,
    0.06463928644735861,
    -0.005993452996513993,
    0.023804201778899303,
    -0.019795861620994115,
    -0.014427095808748902,
    -0.045006973302822884,
    0.08754754758001926,
    0.08435469618292524,
    0.06924001230968735,
    -0.019006150778722697,
    0.02229366696136159,
    -0.0055369596931560405,
    0.0659780034296722,
    -0.04265119043884846,
    -0.014739130870145,
    0.0866406473962048,
    0.06813555144463579,
    0.08478753882015866,
    0.07198115863005872,
    0.008737876426423652,
    0.018229317610418905,
    -0.020107237436557623,
    -0.013420386977202936,
    -0.04350985679500763,
    0.08097548433810153,
    0.08033340542999223,
    0.06424431948147435,
    -0.019731508110822693,
    0.017829243916398507,
    0.009793157756464055,
    0.07458686160668093,
    -0.04553787485461558,
    -0.014907583434701888,
    0.0785559960507245,
    0.05626658800871842,
    0.0746506902281534
  ],
  "dipole_vec_eA": [
    -0.296332140068402,
    -0.23379791025686794,
    1.5734198801331768e-07
  ],
  "dipole_mag_D": 1.8130057033441402,
  "solvation_E_eV": null
}