{
  "tag": "RMC-Cu_1-In_1-A2-B6-NNNNNN",
  "energy_eV": -2212.8576627230314,
  "multiplicity": 1,
  "charge": -2,
  "sym1": "Cu",
  "ox1": 1,
  "sym2": "In",
  "ox2": 1,
  "acid": "A2",
  "base": "B6",
  "bridge": [
    "N",
    "N"
  ],
  "S1_ref": 0.0,
  "S2_ref": 0.0,
  "mulliken_q_e": [
    0.1443714017238662,
    -0.011480222225710657,
    -0.3155010665456457,
    -0.3156756611139355,
    -0.22497868290885736,
    -0.22409850247904917,
    -0.21599449744153665,
    -0.21389646574223775,
    0.10682366660732145,
    -0.04273005420213338,
    -0.06833467940144766,
    -0.06977291078712078,
    -0.06628453369383558,
    -0.0549622456333454,
    -0.04248010699777649,
    -0.04905794615810022,
    -0.04166487958713283,
    0.05331860487370288,
    0.04547411051252892,
    -0.05534005368536987,
    -0.05216751566856459,
    0.1068012500172486,
    -0.042325916304593036,
    -0.0698342886125296,
    -0.06843817663297314,
    -0.06686999740144706,
    -0.05519028099288148,
    -0.042325640434572875,
    -0.0496928345467027,
    -0.04192534660479552,
    0.052766022288180725,
    0.04498896713357303,
    -0.05539474935507771,
    -0.051861636533446775,
    -0.056649788819802316,
    0.04170089762686624,
    0.04161206518876681,
    0.00032270568414671796,
    0.04392881256489056,
    -0.020347142379420147,
    -0.02035207644612247,
    -0.0011960951573761758,
    -0.0008443907102750892,
    -0.05294036317220674,
    0.045415077376057766,
    0.044998824972482865,
    -0.010209842985416051,
    0.05231195837601421,
    -0.018904243474993754,
    -0.018631441754629607,
    -0.008529396624486152,
    -0.007950694456107854
  ],
  "dipole_vec_eA": [
    -0.09012581915784638,
    -0.01566032409703958,
    0.14697435298630346
  ],
  "dipole_mag_D": 0.8315145625447544,
  "solvation_E_eV": null
}