{
  "tag": "RMC-Mn_2-Zr_2-A2-B4-NNNNOS",
  "energy_eV": -2027.7096159365801,
  "multiplicity": 2,
  "charge": 2,
  "sym1": "Mn",
  "ox1": 2,
  "sym2": "Zr",
  "ox2": 2,
  "acid": "A2",
  "base": "B4",
  "bridge": [
    "O",
    "S"
  ],
  "S1_ref": 0.5,
  "S2_ref": 1.0,
  "mulliken_q_e": [
    0.16323817979879696,
    1.1228923045445696,
    -0.39077341005961297,
    0.19166775934407787,
    -0.15414210317319732,
    -0.20724371289870325,
    -0.39516218366380174,
    -0.39651054189961465,
    0.01926908282317452,
    -0.004743276326431678,
    -0.00930654344211912,
    -0.016111370932416325,
    -0.00843245014043359,
    0.0019240199427543736,
    0.07995284383097201,
    0.08774836680322673,
    0.08456476767416976,
    0.10014086210812789,
    0.05841005667676602,
    0.0648118126709405,
    0.07688176707634198,
    0.17001010141253192,
    -0.026824300948907753,
    -0.015077027411074528,
    -0.020215250391843353,
    -0.020040256890695884,
    0.006654289712387351,
    0.08965307477810491,
    0.09589965411459367,
    0.08943082324460405,
    0.10450234609214792,
    0.06046767502373762,
    0.09719798692135917,
    0.11357416899041561,
    -0.0506216838789022,
    -0.047025899757062506,
    0.12096752095595231,
    0.12096752095595409,
    0.13392803518055973,
    0.13392803518056007,
    -0.10293666900417997,
    -0.03750991859578212,
    0.12552520083950636,
    0.12552520083951502,
    0.13147157094727768,
    0.13147157094728845
  ],
  "dipole_vec_eA": [
    0.7900719346130928,
    -0.6071662806000873,
    7.623461289214987e-13
  ],
  "dipole_mag_D": 4.78603708934246,
  "solvation_E_eV": null
}