{
  "tag": "RMC-Ag_2-Ga_3-A2-B10-NNNNNO",
  "energy_eV": -3257.77013627423,
  "multiplicity": 1,
  "charge": 2,
  "sym1": "Ag",
  "ox1": 2,
  "sym2": "Ga",
  "ox2": 3,
  "acid": "A2",
  "base": "B10",
  "bridge": [
    "N",
    "O"
  ],
  "S1_ref": 0.5,
  "S2_ref": 0.5,
  "mulliken_q_e": [
    0.34195245545720265,
    0.2701646073146975,
    -0.22371368101232303,
    -0.3255784504925079,
    -0.11369798954036092,
    -0.11750431086500601,
    -0.11094706402461463,
    -0.083219950056856,
    0.1962361570851303,
    -0.017365190399384556,
    -0.012829597164156548,
    -0.0249983081975631,
    -0.011933827773217942,
    -0.014710800826851944,
    0.07450380735508555,
    0.08737250509325423,
    0.07741581937062136,
    0.07123435590276417,
    0.07295958484150633,
    0.09042317019488211,
    0.08252402201534093,
    0.132957638129513,
    -0.010532481366965607,
    -0.009470847803806137,
    -0.02742085847840614,
    -0.008630765222619186,
    -0.004764806050367332,
    0.07268419093350675,
    0.08361722343491573,
    0.07521357901417236,
    0.06431991038301765,
    0.0643535982272121,
    0.0843302129462945,
    0.09709021692476849,
    0.07428765754737543,
    0.009926111256130188,
    0.026185312013421003,
    -0.018591589225834593,
    -0.010420207506373291,
    -0.03898498858798538,
    0.08569382014841542,
    0.08508072502021968,
    0.06680299970567338,
    -0.017608607462978654,
    0.026268610238579404,
    0.011565502584885978,
    0.07369393362962429,
    -0.03798236288859025,
    -0.010881028408195048,
    0.08526486104583553,
    0.06545471507601497,
    0.08338705212382735,
    0.07339479382492953,
    0.00901989045323548,
    0.021666106435383137,
    -0.01892715182259619,
    -0.012450070427494131,
    -0.04117788853032511,
    0.08180468905642191,
    0.08212373258081052,
    0.06320107447689749,
    -0.018359825843959454,
    0.023374925211939068,
    0.012757018207956827,
    0.06945116865547818,
    -0.041929777274311686,
    -0.012915702604042734,
    0.08286559989264564,
    0.06294742704158918,
    0.08197735282450458
  ],
  "dipole_vec_eA": [
    0.17563267590435466,
    -0.11940859687529305,
    5.276975521763399e-16
  ],
  "dipole_mag_D": 1.020104358365057,
  "HOMO_eV": -14.949524953185895,
  "LUMO_eV": -14.532900954096531,
  "gap_eV": 0.41662399908936365
}