{
  "tag": "RMC-Cr_2-Pb_2-A2-B10-NNNNNN",
  "energy_eV": -3227.11740295177,
  "multiplicity": 1,
  "charge": 0,
  "sym1": "Cr",
  "ox1": 2,
  "sym2": "Pb",
  "ox2": 2,
  "acid": "A2",
  "base": "B10",
  "bridge": [
    "N",
    "N"
  ],
  "S1_ref": 0.0,
  "S2_ref": 0.0,
  "mulliken_q_e": [
    0.5155300321975602,
    0.5867746475227711,
    -0.3728069773901652,
    -0.3728148473799604,
    -0.19401073735297247,
    -0.19401313755759975,
    -0.2299879748014344,
    -0.22998966252879316,
    0.0958814684766438,
    -0.030517160547375743,
    -0.035482087067986834,
    -0.04343528016924836,
    -0.033084655564447285,
    -0.024787935417861062,
    0.028037442946145297,
    0.03168045004509534,
    0.029194770157500827,
    0.05123747154931202,
    0.03386776358769028,
    0.027843723278594745,
    0.03933861030286445,
    0.09588334802033471,
    -0.030519223632254455,
    -0.03547485707555076,
    -0.04343593922335853,
    -0.03307461614246909,
    -0.0247827669356655,
    0.02803677954717343,
    0.03167989667317106,
    0.029193956247690056,
    0.0512355095542425,
    0.0338834828989123,
    0.027843783304943193,
    0.039338111977347934,
    0.06752691484669193,
    -0.00883998736027869,
    0.002658837464619479,
    -0.04178635074212367,
    -0.033819018778632914,
    -0.053580250471031654,
    0.03392520406727351,
    0.03251716473621735,
    0.03433743082438723,
    -0.04179308834293005,
    0.0026589432346380004,
    -0.00883689951860167,
    0.06752333778160136,
    -0.05358432852120476,
    -0.03381525625490722,
    0.03392970535413253,
    0.03433815906013493,
    0.03251602262744979,
    0.07143357026796537,
    -0.01236050790597365,
    0.0036365539922926793,
    -0.04022764242062027,
    -0.03214138431670599,
    -0.050621727751675616,
    0.03554203052507465,
    0.03399232516300854,
    0.033676243456727484,
    -0.04022756056094523,
    0.003635276709903934,
    -0.012360313566667891,
    0.07143592712468982,
    -0.05062083670188566,
    -0.03214257587302538,
    0.035541966209786446,
    0.03367638103716619,
    0.03399234510258742
  ],
  "dipole_vec_eA": [
    0.34667458149956065,
    0.00014939473428741452,
    -4.367106280095184e-07
  ],
  "dipole_mag_D": 1.665148984774761,
  "HOMO_eV": -8.037121224562801,
  "LUMO_eV": -7.963439685466402,
  "gap_eV": 0.07368153909639918
}