{
  "tag": "RMC-Mo_2-Sc_3-A2-B10-NNNNNO",
  "energy_eV": -3205.5770061350067,
  "multiplicity": 1,
  "charge": 2,
  "sym1": "Mo",
  "ox1": 2,
  "sym2": "Sc",
  "ox2": 3,
  "acid": "A2",
  "base": "B10",
  "bridge": [
    "N",
    "O"
  ],
  "S1_ref": 0.0,
  "S2_ref": 0.0,
  "mulliken_q_e": [
    0.43266993997954784,
    0.5511689062847688,
    -0.2747569669071892,
    -0.3034583091463108,
    -0.11284421578960835,
    -0.14052535782676534,
    -0.1479881471437685,
    -0.12963026407530953,
    0.16030234415389932,
    -0.020230553557502695,
    -0.014773826084210517,
    -0.022821405888289625,
    -0.011701403627058404,
    -0.011171089644885335,
    0.07839611992708284,
    0.0905121005171865,
    0.08043647057333203,
    0.05116931536218017,
    0.052773774959899766,
    0.08914217447468442,
    0.07930092924931376,
    0.1062255993659984,
    -0.012888211625322166,
    -0.0128611436371453,
    -0.021123455764013643,
    -0.008810533708385915,
    0.0017312756062726198,
    0.07583177004870512,
    0.08959717351478924,
    0.08098369151531859,
    0.0549452808428319,
    0.04083517737339837,
    0.09183444644814653,
    0.09502828447136114,
    0.06838312015122594,
    0.007702680352387192,
    0.0203362067428281,
    -0.020550672620661903,
    -0.015472264398443514,
    -0.04778157079809242,
    0.08011161234158248,
    0.0772408441768111,
    0.06163684850704665,
    -0.020504071734126494,
    0.019283201509676884,
    0.008120165093961296,
    0.06818444078264307,
    -0.04867022682893096,
    -0.01602651964926549,
    0.07872784440680392,
    0.056353591229599154,
    0.074860005405476,
    0.07180851313854553,
    0.007653276391256236,
    0.021003168909920822,
    -0.019285516928353008,
    -0.013922668647030845,
    -0.045268448054300414,
    0.0822260045046308,
    0.07991644471833292,
    0.06190803703471126,
    -0.019219775917282078,
    0.021380092518574312,
    0.009216284803313712,
    0.07125276275086234,
    -0.04539528144950378,
    -0.014180915896483848,
    0.08181474844117453,
    0.06092347876689497,
    0.07893466854370812
  ],
  "dipole_vec_eA": [
    0.6199781240263196,
    -0.22413255622312647,
    9.070072454332753e-07
  ],
  "dipole_mag_D": 3.166504089181598,
  "HOMO_eV": -14.116810221091729,
  "LUMO_eV": -14.056296917617248,
  "gap_eV": 0.06051330347448136
}