{
  "tag": "RMC-Cr_2-Nb_3-A2-B2-NNNNNN",
  "energy_eV": -2976.932786953057,
  "multiplicity": 3,
  "charge": 1,
  "sym1": "Cr",
  "ox1": 2,
  "sym2": "Nb",
  "ox2": 3,
  "acid": "A2",
  "base": "B2",
  "bridge": [
    "N",
    "N"
  ],
  "S1_ref": 0.0,
  "S2_ref": 1.0,
  "mulliken_q_e": [
    0.5965204617721455,
    0.25027878010093296,
    -0.31633355493038473,
    -0.31639267912915847,
    -0.17217017624453868,
    -0.17208507917171922,
    -0.14372798770759876,
    -0.14392371601433096,
    0.10455618156682545,
    -0.012581667272532737,
    -0.022658977602868502,
    -0.031702206952066714,
    -0.02071077384427933,
    -0.015324430315554194,
    0.05515479224712261,
    0.06351775013839289,
    0.05723552492668782,
    0.05107114528123069,
    0.03223423891459043,
    0.066483108936503,
    0.06688071666311657,
    0.10455779817066135,
    -0.012538415461675223,
    -0.02263876913844376,
    -0.03170275496187891,
    -0.02070475968270813,
    -0.015346722223468001,
    0.05519862134787712,
    0.06353213371461941,
    0.05722049367528936,
    0.051116973602395754,
    0.032172098099221724,
    0.0665717579545071,
    0.06689159810953915,
    -0.027926171023509916,
    0.019489598643892325,
    -0.002558318513879332,
    0.06842138590097702,
    -0.0432400774148165,
    -0.026764546886283602,
    0.0617276163949354,
    0.056029877103081605,
    0.05772130770820372,
    0.06842405376156901,
    -0.027931734919558915,
    -0.026768502479572742,
    -0.0432585496564184,
    0.061728435419393435,
    0.05771437397950452,
    0.05603541234741205,
    -0.028347819313766953,
    0.019182712947430236,
    0.0028376340656366406,
    0.07388251815647062,
    -0.04333386713639387,
    -0.025757984284350943,
    0.06124068561724094,
    0.05376347979664442,
    0.05777116986069519,
    0.07386693830106883,
    -0.028343975403826605,
    -0.02575756128263751,
    -0.04331310535076671,
    0.061249736550501144,
    0.05778410692288094,
    0.053779665619391626
  ],
  "dipole_vec_eA": [
    0.07859640904747604,
    0.0009541219927557843,
    6.730917243639734e-16
  ],
  "dipole_mag_D": 0.3775424232548275,
  "HOMO_eV": -11.393329535830544,
  "LUMO_eV": -11.270776279168345,
  "gap_eV": 0.12255325666219896
}