{
  "tag": "RMC-Cd_2-Co_2-A2-B5-NNNNNO",
  "energy_eV": -1967.768988146907,
  "multiplicity": 2,
  "charge": 1,
  "sym1": "Cd",
  "ox1": 2,
  "sym2": "Co",
  "ox2": 2,
  "acid": "A2",
  "base": "B5",
  "bridge": [
    "N",
    "O"
  ],
  "S1_ref": 0.0,
  "S2_ref": 0.5,
  "mulliken_q_e": [
    0.39469251749142653,
    0.23950818178057076,
    -0.13495226576078312,
    -0.3024217200654604,
    -0.21309674283670121,
    -0.21230160903671802,
    0.0036119982265163664,
    -0.04325029551738613,
    0.18956015281151117,
    -0.018674580182088008,
    -0.01954713640985717,
    -0.031338433421459255,
    -0.017150869623070664,
    -0.019073384710242447,
    0.07081097701150652,
    0.07203566255559235,
    0.0712196808200517,
    0.05651393856891729,
    0.09673061106448366,
    0.08584877237839073,
    0.10250403225797666,
    0.0693197516771118,
    -0.005784248356486943,
    -0.01914391415975536,
    -0.026893582652549153,
    -0.018659554045131088,
    -0.002860734425065292,
    0.06646016441564329,
    0.06679794907645575,
    0.06500332639518203,
    0.004282480867632055,
    0.0923867246862109,
    0.07790447932023636,
    0.10093342185407972,
    -0.06531961767696348,
    -0.06444288675367393,
    0.09616101849763503,
    0.093563872981266,
    0.023597214858307458,
    -0.09192521324832925,
    0.07273079801484128,
    0.09465906127017187
  ],
  "dipole_vec_eA": [
    0.7985198765653706,
    -0.3520698701029695,
    -7.502682883342926e-14
  ],
  "dipole_mag_D": 4.191706547279263,
  "solvation_E_eV": null
}