{
  "tag": "RMC-Au_3-Rh_2-A2-B6-NNNNNS",
  "energy_eV": -2265.4510816570914,
  "multiplicity": 2,
  "charge": 2,
  "sym1": "Au",
  "ox1": 3,
  "sym2": "Rh",
  "ox2": 2,
  "acid": "A2",
  "base": "B6",
  "bridge": [
    "N",
    "S"
  ],
  "S1_ref": 0.0,
  "S2_ref": 0.5,
  "mulliken_q_e": [
    0.4562870303729285,
    -0.08752387117246108,
    -0.20840384556428915,
    -0.07187388349006302,
    -0.13515674075997053,
    -0.13361040094136833,
    -0.002541237416222586,
    -0.025764232296027867,
    0.0740967781928088,
    0.015792349810462847,
    -0.0037108871609699,
    -0.01435451489444417,
    -0.004987573151724378,
    0.001994823752986541,
    0.0935136465919667,
    0.09882603473103257,
    0.08903225354243116,
    0.057823871510673586,
    0.0780400633356173,
    0.08110297783536502,
    0.09432421947890468,
    0.12531352826894349,
    0.01477577367614158,
    -0.004870801217029319,
    -0.016832795232801567,
    -0.0024712761368037572,
    -0.013563188117226233,
    0.09024362651365037,
    0.09514093389791944,
    0.08450132797873067,
    0.05502306308480276,
    0.06910303279240448,
    0.08292113767874842,
    0.10134245644077733,
    -0.07965721806128534,
    -0.010423984049321433,
    -0.010023860827520492,
    0.09959688370424502,
    0.06886220981295255,
    0.09107322414748231,
    0.08607508057518909,
    0.08429652649707053,
    0.08676587517218048,
    -0.07213849336260991,
    -0.018388977901422132,
    -0.01619313895035157,
    0.09444539275985986,
    0.09600144887005169,
    0.084267880595983,
    0.08027256604195698,
    0.10056020177036973,
    0.10107470138166441
  ],
  "dipole_vec_eA": [
    -0.4913910917021673,
    -0.2560680392834373,
    0.05865376205503772
  ],
  "dipole_mag_D": 2.676364683497411,
  "HOMO_eV": -15.364690826180965,
  "LUMO_eV": -14.6459868926085,
  "gap_eV": 0.7187039335724652
}