{
  "tag": "RMC-Hf_2-Rh_2-A2-B10-NNNNSS",
  "energy_eV": -3255.73468790213,
  "multiplicity": 2,
  "charge": 2,
  "sym1": "Hf",
  "ox1": 2,
  "sym2": "Rh",
  "ox2": 2,
  "acid": "A2",
  "base": "B10",
  "bridge": [
    "S",
    "S"
  ],
  "S1_ref": 1.0,
  "S2_ref": 0.5,
  "mulliken_q_e": [
    0.6354775163513589,
    -0.13691230357616913,
    -0.05875877745665631,
    -0.05875967495558507,
    -0.1518570878434442,
    -0.15185554983959326,
    -0.04528992792533071,
    -0.04528774538789149,
    0.06240047639648427,
    0.012286757180761665,
    -0.011843319115917517,
    -0.019331164955082247,
    -0.01699647193862175,
    -0.002427097057495331,
    0.07864531239929529,
    0.08591016674936969,
    0.07263436599937378,
    0.05345200781779136,
    0.05114920424551528,
    0.08105278757935386,
    0.09117049620728845,
    0.062400171983728825,
    0.012287527403370468,
    -0.011843684924754294,
    -0.019331361054375495,
    -0.016996668293262962,
    -0.0024268958894626547,
    0.07864540024234357,
    0.08591026086702969,
    0.07263413735730195,
    0.05345155673543922,
    0.0511458045190154,
    0.08105354943364151,
    0.09117161978661226,
    0.06832479004858127,
    -0.012943403757778915,
    0.022051714965671154,
    -0.020332029292099874,
    -0.012313589611220976,
    -0.04431299609865258,
    0.08625769654562132,
    0.0847322587736482,
    0.06916954920053764,
    -0.02034992750101461,
    0.02204053659700156,
    -0.012929282735239855,
    0.06831912978772725,
    -0.04430511350979893,
    -0.012306515616255176,
    0.08627299879952144,
    0.0691680379788766,
    0.08472450907262341,
    0.06809917544574495,
    0.018355477381970298,
    0.017808045680428153,
    -0.02096777635859226,
    -0.015950519755786763,
    -0.04763313387818746,
    0.07686978732600469,
    0.07347659025424114,
    0.057827894300929605,
    -0.02096470008461604,
    0.017810332222294223,
    0.018354054185756752,
    0.0680982413068798,
    -0.04763373543613203,
    -0.015951894406089462,
    0.07686693790750465,
    0.057827646368038055,
    0.07347782464899755
  ],
  "dipole_vec_eA": [
    -1.6269094740633232,
    7.615304960451443e-06,
    -3.2915409472478716e-14
  ],
  "dipole_mag_D": 7.814378532810015,
  "HOMO_eV": -14.035547367495631,
  "LUMO_eV": -14.01411283049992,
  "gap_eV": 0.021434536995711184
}