{
  "tag": "RMC-Ag_1-W_2-A2-B10-NNNNOO",
  "energy_eV": -3337.2109929251005,
  "multiplicity": 1,
  "charge": 1,
  "sym1": "Ag",
  "ox1": 1,
  "sym2": "W",
  "ox2": 2,
  "acid": "A2",
  "base": "B10",
  "bridge": [
    "O",
    "O"
  ],
  "S1_ref": 0.0,
  "S2_ref": 0.0,
  "mulliken_q_e": [
    0.28300673796495535,
    0.1765958000213157,
    -0.25301683439781386,
    -0.2530218597733085,
    -0.15471672858161623,
    -0.15471666681178142,
    -0.09609586770113965,
    -0.09613619162304632,
    0.1615584845364948,
    -0.0132723394772154,
    -0.023101160982605506,
    -0.030274541116471765,
    -0.026395393691434066,
    -0.019463634679138586,
    0.05925795373911025,
    0.06590687694953434,
    0.05881304286925981,
    0.03065532551112926,
    0.06506636116731124,
    0.06833054017152962,
    0.05714104181052704,
    0.1616063688178424,
    -0.013254814441181928,
    -0.023064547508110822,
    -0.030282301384239263,
    -0.026358588414697737,
    -0.01948122877977365,
    0.0592510889574821,
    0.0659025771836419,
    0.05880690836291491,
    0.03076990071682384,
    0.06508293332243276,
    0.06832439887435704,
    0.05713048631338169,
    0.07356287067395817,
    0.006933740860487925,
    0.013800127278869256,
    -0.02755380821728859,
    -0.022252981255830973,
    -0.04594329351427362,
    0.06137792193804059,
    0.05901298914364628,
    0.048617634808623134,
    -0.02755067527161814,
    0.013799129814550781,
    0.006940096446117261,
    0.07356641724172497,
    -0.04594514370061842,
    -0.022256052743814925,
    0.06137576856791849,
    0.04861597676831275,
    0.05901326597977852,
    0.06775431883434235,
    0.004226139859720535,
    0.012904583832826111,
    -0.029253636800498528,
    -0.023131723368295054,
    -0.04999207301384123,
    0.06034192376031133,
    0.058292394185184615,
    0.05103582773835136,
    -0.029256941539785197,
    0.012912705663174373,
    0.004227709000481417,
    0.06773695108320221,
    -0.050010496558595685,
    -0.02312797219699081,
    0.06034139642669989,
    0.051036900341150715,
    0.05829387996709767
  ],
  "dipole_vec_eA": [
    -0.09187061699392333,
    0.0007822624884792735,
    4.663872268764406e-08
  ],
  "dipole_mag_D": 0.4412893362074365,
  "HOMO_eV": -11.261179081118598,
  "LUMO_eV": -10.88288138344361,
  "gap_eV": 0.3782976976749879
}