{
  "tag": "RMC-Cr_2-Re_3-A2-B5-NNNNOO",
  "energy_eV": -1996.2626430492903,
  "multiplicity": 1,
  "charge": 3,
  "sym1": "Cr",
  "ox1": 2,
  "sym2": "Re",
  "ox2": 3,
  "acid": "A2",
  "base": "B5",
  "bridge": [
    "O",
    "O"
  ],
  "S1_ref": 0.0,
  "S2_ref": 0.0,
  "mulliken_q_e": [
    0.6789697930747668,
    0.4901220035841817,
    -0.2880704458474146,
    -0.28807092672779167,
    -0.19735372467640255,
    -0.19735141838259707,
    -0.09258378520947264,
    -0.09258236440501522,
    0.1864618775183069,
    0.020806775534214283,
    0.009787004325494175,
    0.005815440401389704,
    0.011808285947532804,
    0.016120002619545826,
    0.13958503322977,
    0.14863976736608164,
    0.13686353095654047,
    0.09417430231104618,
    0.11193272529792564,
    0.16346169404721977,
    0.15890720950760984,
    0.18646134301715866,
    0.020807004422631836,
    0.009786267083634392,
    0.005815070399119104,
    0.011807244776661507,
    0.016119439094435695,
    0.1395853293731193,
    0.1486399065618753,
    0.13686374832704873,
    0.09417421076295018,
    0.11193162527196931,
    0.16346255363116302,
    0.1589067931139463,
    -0.013562037757716805,
    -0.013562928972681298,
    0.1489678535081933,
    0.14896742656825124,
    -0.010772149512251472,
    -0.010770598122715302,
    0.1644645933603669,
    0.16446452462002803
  ],
  "dipole_vec_eA": [
    -0.314154496816832,
    -2.7542896518640577e-05,
    -0.00013492110605422874
  ],
  "dipole_mag_D": 1.508948365510629,
  "HOMO_eV": null,
  "LUMO_eV": null,
  "gap_eV": null
}