{
  "tag": "RMC-Hg_2-Os_3-A2-B6-NNNNNO",
  "energy_eV": -2185.103189411638,
  "multiplicity": 2,
  "charge": 2,
  "sym1": "Hg",
  "ox1": 2,
  "sym2": "Os",
  "ox2": 3,
  "acid": "A2",
  "base": "B6",
  "bridge": [
    "N",
    "O"
  ],
  "S1_ref": 0.0,
  "S2_ref": 0.5,
  "mulliken_q_e": [
    0.345127113503216,
    0.3328103219683386,
    -0.23689569582178227,
    -0.3228404944635568,
    -0.13191085267897007,
    -0.12100354796549695,
    -0.04479302614688696,
    -0.10594194073686358,
    0.1946717186537541,
    -0.013525889530513258,
    -0.008615902997559433,
    -0.020248472414063245,
    -0.005674562644115255,
    -0.017511658126769802,
    0.08675756323131334,
    0.09540227244855093,
    0.08741782895969163,
    0.07337668465944325,
    0.08390510363004111,
    0.0729234902882846,
    0.08194940114169025,
    0.11351829686193482,
    0.012903198567113305,
    -0.007277597481080589,
    -0.010326032395407303,
    -0.0057781532990413,
    0.00017945785707018658,
    0.09392276682426393,
    0.10084111075860791,
    0.08918613324490854,
    0.043096081550334286,
    0.0802436136783764,
    0.09602857520718278,
    0.08670282272127694,
    -0.07643045903756374,
    -0.00944096970833841,
    -0.011634728240456083,
    0.10221031288235671,
    0.08486323371173399,
    0.0849905980475214,
    0.08419547716556752,
    0.09636792356181156,
    0.09534360282148968,
    -0.07955945629999106,
    -0.027287608068898406,
    -0.011862472376690025,
    0.09840257298356092,
    0.0889563473466265,
    0.0935143856605144,
    0.07566514713182693,
    0.10314544061384812,
    0.08994092278827637
  ],
  "dipole_vec_eA": [
    -0.11242179394488253,
    -0.05087687778089385,
    0.042283623366857655
  ],
  "dipole_mag_D": 0.6265378386557167,
  "HOMO_eV": -15.266105887022013,
  "LUMO_eV": -15.13422006835611,
  "gap_eV": 0.13188581866590354
}