{
  "tag": "RMC-Rh_3-Ti_3-A2-B1-NNNNNN",
  "energy_eV": -2491.9118047179018,
  "multiplicity": 2,
  "charge": 2,
  "sym1": "Rh",
  "ox1": 3,
  "sym2": "Ti",
  "ox2": 3,
  "acid": "A2",
  "base": "B1",
  "bridge": [
    "N",
    "N"
  ],
  "S1_ref": 0.0,
  "S2_ref": 0.5,
  "mulliken_q_e": [
    0.039261476574382614,
    0.8059930728382376,
    -0.23062049586027444,
    -0.23076126262051844,
    -0.03770934586365837,
    -0.03768899736346665,
    -0.1742262375359136,
    -0.1742169064789474,
    0.11465936211038108,
    -0.006394805117480029,
    -0.008144551004285239,
    -0.019998127846173164,
    -0.005384211776394254,
    0.004295231788052023,
    0.08715680806795689,
    0.09445394798061924,
    0.0901248793523618,
    0.06416608755732067,
    0.05519959126456553,
    0.092961922167066,
    0.08989028447428038,
    0.1146940509359542,
    -0.006368765230681417,
    -0.00814220937287291,
    -0.019998925989544114,
    -0.005375581682199426,
    0.004338143478828105,
    0.08715253810460788,
    0.0944515317155944,
    0.09012147721788522,
    0.06417716749162028,
    0.05522261460029387,
    0.09295809987607195,
    0.08989043177087208,
    -0.030113174292337508,
    0.06282332023408066,
    0.06278985364383405,
    -0.030108783060758038,
    -0.012087326680923827,
    -0.012073384776846385,
    0.07382273971259379,
    0.07382253118088211,
    0.09045025778918825,
    0.09045171541913455,
    -0.03014106400107397,
    0.05624247107014413,
    0.0562216143880514,
    -0.030138943155500808,
    -0.012618413157854613,
    -0.012605570010885137,
    0.07587914250737138,
    0.07587893711995986,
    0.09268296467892012,
    0.09268281582766336
  ],
  "dipole_vec_eA": [
    0.5670782197359686,
    0.0005605294082210914,
    4.883549169622363e-14
  ],
  "dipole_mag_D": 2.7237938570820894,
  "HOMO_eV": -15.45157335149422,
  "LUMO_eV": -15.191582218373545,
  "gap_eV": 0.2599911331206748
}