{
  "tag": "RMC-Ag_1-Au_3-A2-B2-NNNNOS",
  "energy_eV": -3107.4991148076056,
  "multiplicity": 1,
  "charge": 2,
  "sym1": "Ag",
  "ox1": 1,
  "sym2": "Au",
  "ox2": 3,
  "acid": "A2",
  "base": "B2",
  "bridge": [
    "O",
    "S"
  ],
  "S1_ref": 0.0,
  "S2_ref": 0.0,
  "mulliken_q_e": [
    0.32908486676530757,
    0.3701593188137995,
    -0.3556837433151625,
    -0.23746003037508828,
    -0.12228778190912726,
    -0.1048246477360375,
    -0.1361330832937706,
    -0.12250334650734018,
    0.0932667671308729,
    0.004107542453882784,
    -0.009783737912346435,
    -0.01940172247394578,
    -0.008239848906046898,
    0.00982227228147603,
    0.07868298926489303,
    0.09082011776463916,
    0.08227950148372898,
    0.0646734117876182,
    0.06710375177236427,
    0.09067310419534924,
    0.08752133112969163,
    0.20202571092833588,
    -0.017900580343816586,
    -0.011030698390685822,
    -0.025541739582553236,
    -0.010273448146614239,
    -0.010529362778482598,
    0.07622117941450646,
    0.08843362334868055,
    0.0792630711898682,
    0.06846097033387011,
    0.07322808477519538,
    0.08622569873613817,
    0.08598531565815692,
    -0.01367830509371637,
    0.029200276926101054,
    0.009802328280050121,
    0.07153318562800748,
    -0.02611012811298874,
    -0.01786488906761452,
    0.08694069187199194,
    0.07209452635742075,
    0.08456750984123473,
    0.07090081565152984,
    -0.01478530858513527,
    -0.017581300345302697,
    -0.026401532997011534,
    0.08686352717125534,
    0.08504711247100016,
    0.07125265795835656,
    -0.013002335931827869,
    0.02772521346784096,
    0.003567500689952263,
    0.06507127023699777,
    -0.027176857146042455,
    -0.0175655837014681,
    0.0851362709685406,
    0.06631742466908463,
    0.08261334226796091,
    0.06530113231243906,
    -0.014684796223661145,
    -0.017126910718552768,
    -0.027424563326217122,
    0.08434395080374768,
    0.08245864160018679,
    0.06622027449911083
  ],
  "dipole_vec_eA": [
    0.18548929179536155,
    -0.11640339003687925,
    -1.060881691737039e-16
  ],
  "dipole_mag_D": 1.0518471941301304,
  "HOMO_eV": -14.915804454551552,
  "LUMO_eV": -14.116600005176743,
  "gap_eV": 0.799204449374809
}