{
  "tag": "RMC-Cr_3-Zr_2-A2-B10-NNNNSS",
  "energy_eV": -3188.176869029533,
  "multiplicity": 2,
  "charge": 3,
  "sym1": "Cr",
  "ox1": 3,
  "sym2": "Zr",
  "ox2": 2,
  "acid": "A2",
  "base": "B10",
  "bridge": [
    "S",
    "S"
  ],
  "S1_ref": 0.5,
  "S2_ref": 1.0,
  "mulliken_q_e": [
    0.6066309422387649,
    0.8479533565152155,
    -0.1754831685093816,
    -0.17548294876104295,
    -0.1551844616196716,
    -0.15518387347478013,
    -0.16095294437921503,
    -0.160953937673191,
    0.0643138391850877,
    0.004337366634026729,
    -0.012548422843579488,
    -0.011804340538117852,
    -0.009041037035781185,
    0.006769536534220633,
    0.09063714741275652,
    0.10675550658268096,
    0.09289173144566876,
    0.056826766393822226,
    0.041770583876160394,
    0.10724782525902432,
    0.10063037389473983,
    0.06431564109035737,
    0.004337496941454466,
    -0.012543970129804904,
    -0.01180509130805274,
    -0.009036682689808506,
    0.006769162994722855,
    0.09063690417861847,
    0.10675531518796866,
    0.09289126567387263,
    0.05683447768647465,
    0.04177338683350906,
    0.107247421160238,
    0.10063026887288096,
    0.06381067307372335,
    -0.0007197234425697641,
    0.027460295376940058,
    -0.013317680771596452,
    -0.009054645135906592,
    -0.04381607153025979,
    0.10048745722530661,
    0.09691054508127261,
    0.07444375579649665,
    -0.013317198620795612,
    0.02746074777813723,
    -0.0007193589456238048,
    0.06381024068214014,
    -0.043816672839915416,
    -0.00905485244775095,
    0.10048707775652921,
    0.07444368348637886,
    0.09691072964909786,
    0.07030405594053857,
    -0.012062856270367739,
    0.030749840169604914,
    -0.011818099445045638,
    -0.00506590446827615,
    -0.039271787776060885,
    0.10684339542358312,
    0.10503921465080124,
    0.08461036909951103,
    -0.011817582985434116,
    0.03075080495879745,
    -0.0120632751279115,
    0.0703034249508876,
    -0.039273064633744914,
    -0.005065880733605699,
    0.10684289837067906,
    0.08461045504328757,
    0.10503955159061751
  ],
  "dipole_vec_eA": [
    1.4342783577463543,
    7.48367459852184e-05,
    -1.8573972954246e-09
  ],
  "dipole_mag_D": 6.8891319416736,
  "HOMO_eV": -16.737169883011973,
  "LUMO_eV": -16.665173711416358,
  "gap_eV": 0.07199617159561456
}