{
  "tag": "RMC-Hf_2-Ru_2-A2-B5-NNNNOO",
  "energy_eV": -2001.5993158731762,
  "multiplicity": 3,
  "charge": 2,
  "sym1": "Hf",
  "ox1": 2,
  "sym2": "Ru",
  "ox2": 2,
  "acid": "A2",
  "base": "B5",
  "bridge": [
    "O",
    "O"
  ],
  "S1_ref": 1.0,
  "S2_ref": 0.0,
  "mulliken_q_e": [
    0.8154866339325764,
    0.04399113444320257,
    -0.3209273510514521,
    -0.32092876254229474,
    -0.1129001146963522,
    -0.11289399561325708,
    -0.13480900402729845,
    -0.13480741573439547,
    0.18764248589179777,
    0.003605702930376431,
    -0.009857807116485429,
    -0.016695310120471207,
    -0.010434843502758362,
    -0.010968208387660106,
    0.09546580903938373,
    0.1029634699123887,
    0.09582782564192249,
    0.09299587503003015,
    0.054785773335631394,
    0.1030156111198346,
    0.10642941546469553,
    0.18764081269485344,
    0.003606270835102343,
    -0.009858347817012003,
    -0.016695392745040838,
    -0.010434678721334079,
    -0.010965771171205674,
    0.0954660600615218,
    0.10296309520818547,
    0.0958286381358382,
    0.0929948987692435,
    0.05478081879004826,
    0.10301630657494643,
    0.10643029110249191,
    0.011373295254711202,
    0.011376820073657257,
    0.1134652114955983,
    0.11346590011369218,
    0.02750014975132342,
    0.027498769849396476,
    0.19177918261942617,
    0.19178074484335395
  ],
  "dipole_vec_eA": [
    0.13656896581764502,
    -2.2554770590542105e-05,
    -6.3031582851069905e-09
  ],
  "dipole_mag_D": 0.6559686487107349,
  "solvation_E_eV": null
}