{
  "tag": "RMC-Au_3-Au_3-A2-B1-NNNNOS",
  "energy_eV": -2546.2743088828606,
  "multiplicity": 1,
  "charge": 4,
  "sym1": "Au",
  "ox1": 3,
  "sym2": "Au",
  "ox2": 3,
  "acid": "A2",
  "base": "B1",
  "bridge": [
    "O",
    "S"
  ],
  "S1_ref": 0.0,
  "S2_ref": 0.0,
  "mulliken_q_e": [
    0.5736102269286584,
    0.5736096837927284,
    -0.32989092211872784,
    -0.2489933389044115,
    -0.0887964218026478,
    -0.06262646578990139,
    -0.08879567169598435,
    -0.0626253292082255,
    0.12044987328268553,
    0.030824791274939534,
    0.020725220169687253,
    0.0045015966875550095,
    0.020725412765263407,
    0.030824573051560833,
    0.14601486394637941,
    0.15881346827284237,
    0.14601474536272818,
    0.07389883890178339,
    0.07390087482082253,
    0.16815181324024342,
    0.1681516710968427,
    0.1871263939374479,
    0.009546212726141201,
    0.015692887985325976,
    0.0009143109635119107,
    0.015684327657692343,
    0.009546317993863296,
    0.14034960463891122,
    0.15731569698585812,
    0.1403501275179596,
    0.07879573697255449,
    0.07879825942555208,
    0.16231113684446852,
    0.16231071267070063,
    -0.0006653911230074527,
    0.0615489760953305,
    0.057829055925483264,
    -0.0019431010201067522,
    0.01735128994379287,
    0.019308203443170857,
    0.11985968289831028,
    0.11735629415584958,
    0.1574969450333762,
    0.1582406961852698,
    -0.000664168603244697,
    0.061543540439180866,
    0.05783006804461799,
    -0.0019403905387886944,
    0.01735708758615906,
    0.019307664292547155,
    0.11985975391920434,
    0.11735588704356414,
    0.15749617540046812,
    0.15824050241823628
  ],
  "dipole_vec_eA": [
    3.233575204589528e-05,
    -0.13002889951812638,
    -1.4279762684723528e-15
  ],
  "dipole_mag_D": 0.6245553847008587,
  "HOMO_eV": -22.420656680156018,
  "LUMO_eV": -21.44936853567668,
  "gap_eV": 0.9712881444793382
}