{
  "tag": "RMC-Rh_3-Zr_2-A2-B4-NNNNNO",
  "energy_eV": -2054.7755402061507,
  "multiplicity": 3,
  "charge": 2,
  "sym1": "Rh",
  "ox1": 3,
  "sym2": "Zr",
  "ox2": 2,
  "acid": "A2",
  "base": "B4",
  "bridge": [
    "N",
    "O"
  ],
  "S1_ref": 0.0,
  "S2_ref": 1.0,
  "mulliken_q_e": [
    -0.0325605864443127,
    0.9572738668906675,
    -0.14389098694629654,
    -0.3501022795226483,
    0.0067271939800706,
    -0.10444312240606912,
    -0.18433727093395813,
    -0.15917800869485532,
    0.17157681089473287,
    -0.01686613088721378,
    -0.02008913088425457,
    -0.020311912688499634,
    -0.01585278713147309,
    0.0005838062225735907,
    0.08627223352646907,
    0.09614773714434455,
    0.09114516920133264,
    0.04866453412377192,
    0.07243646031817241,
    0.09685105873221977,
    0.10841998319237878,
    0.0597726043537381,
    -0.007385769099155004,
    -0.013695182662378125,
    -0.018090551081783923,
    -0.009085548504136565,
    0.0031977224540895577,
    0.08370041134687789,
    0.09123207080060736,
    0.0884767464166577,
    0.045916111048939,
    0.01425041174492736,
    0.0936841168594933,
    0.09326655016188035,
    -0.024822428222029513,
    -0.05353830789288838,
    0.12513894320832208,
    0.12513894320832386,
    0.11466189460000942,
    0.1146618946000092,
    -0.025215030310137942,
    -0.022781310086423145,
    0.1094174850710814,
    0.1094174850710824,
    0.10710704964702222,
    0.10710704964701856
  ],
  "dipole_vec_eA": [
    0.5962011916089756,
    0.0030515151292127285,
    2.327987465976756e-15
  ],
  "dipole_mag_D": 2.863713618397036,
  "HOMO_eV": -14.454190291086377,
  "LUMO_eV": -14.330081706733909,
  "gap_eV": 0.1241085843524683
}