{
  "tag": "RMC-Hg_2-Os_2-A2-B6-NNNNSS",
  "energy_eV": -2171.4127206297912,
  "multiplicity": 1,
  "charge": 2,
  "sym1": "Hg",
  "ox1": 2,
  "sym2": "Os",
  "ox2": 2,
  "acid": "A2",
  "base": "B6",
  "bridge": [
    "S",
    "S"
  ],
  "S1_ref": 0.0,
  "S2_ref": 0.0,
  "mulliken_q_e": [
    -0.027900506937151875,
    0.20762720377832933,
    0.03161987884193107,
    0.03149028484949215,
    -0.08565142592469965,
    -0.08585083409920435,
    -0.07394097557009038,
    -0.07391391144576653,
    0.04554390695318333,
    0.006851751301430564,
    -0.013484956791812941,
    -0.014443254342680234,
    -0.004646686703227543,
    0.012508947062616071,
    0.08472151409023321,
    0.09586711717348928,
    0.09344663828871846,
    0.04734785934492036,
    0.06849885141269185,
    0.08810784767332502,
    0.08845939555412785,
    0.045483848650718084,
    0.006888661600490398,
    -0.01354235464016229,
    -0.014496328935785119,
    -0.004611089719868788,
    0.012484707288636043,
    0.08474162729007628,
    0.0959261504566915,
    0.09337977909268436,
    0.04734485400093358,
    0.06849660125085721,
    0.08809691142468945,
    0.08847280548756209,
    -0.0757334585344569,
    -0.008969252162925212,
    -0.008914742008017118,
    0.08663843892653,
    0.08836433962791723,
    0.08202357751671219,
    0.08201502917821513,
    0.09119352149936832,
    0.09115295214082997,
    -0.08208262095805074,
    -0.013759113001457823,
    -0.013772390495911502,
    0.10156194443077549,
    0.10035474269936562,
    0.08890217584758808,
    0.08889219013592675,
    0.09061144872906302,
    0.09059639872828218
  ],
  "dipole_vec_eA": [
    0.4835883386161354,
    0.00021077418994963038,
    -0.3106102772047048
  ],
  "dipole_mag_D": 2.760637089051498,
  "solvation_E_eV": null
}