{
  "tag": "RMC-Mn_2-Ru_2-A2-B10-NNNNNN",
  "energy_eV": -3273.533610891239,
  "multiplicity": 2,
  "charge": 0,
  "sym1": "Mn",
  "ox1": 2,
  "sym2": "Ru",
  "ox2": 2,
  "acid": "A2",
  "base": "B10",
  "bridge": [
    "N",
    "N"
  ],
  "S1_ref": 0.5,
  "S2_ref": 0.0,
  "mulliken_q_e": [
    0.15789123247791925,
    -0.1004617542901205,
    -0.1528446964943151,
    -0.15284468481021563,
    -0.17244403282976561,
    -0.17243184083939012,
    -0.10863838443448914,
    -0.10862873244267801,
    0.10741192788385767,
    -0.009913261991313593,
    -0.030015528014111226,
    -0.03986941905895125,
    -0.029525289507665642,
    -0.016020419701137767,
    0.03535495090904672,
    0.037144696576637326,
    0.03428879649872474,
    0.05092087012567803,
    0.06113131819047313,
    0.04589997604733387,
    0.03206086881216841,
    0.10740737777717668,
    -0.009908137264237338,
    -0.030016487620017962,
    -0.03987436546100209,
    -0.029526276725123868,
    -0.016015455699327275,
    0.03535495543705092,
    0.03714747605213753,
    0.03428892202800726,
    0.05091606553032735,
    0.06112037232444023,
    0.045902130851238176,
    0.0320659931602334,
    0.07153366429903052,
    0.000741885344269555,
    0.0021234249553376827,
    -0.038645877520444794,
    -0.03170121271905968,
    -0.052757967261774175,
    0.03490445151045707,
    0.033017323923218767,
    0.033137076552041456,
    -0.03866496404356368,
    0.0021206952452856864,
    0.0007495817638263347,
    0.07153167928935344,
    -0.052755704771809464,
    -0.0316939797091913,
    0.034916835865422824,
    0.033136757091960956,
    0.03301320465908475,
    0.07110913214679382,
    0.004925061484982063,
    0.004692847191690053,
    -0.03747130537316212,
    -0.031092873841486846,
    -0.05149717563165823,
    0.038427044005937216,
    0.03710255616341995,
    0.03778785398345519,
    -0.037461183475199666,
    0.004697680203222587,
    0.004920666865739998,
    0.07110442392702843,
    -0.05149537697088902,
    -0.031096628136950688,
    0.03842040165247751,
    0.03778609465702076,
    0.037104743176171406
  ],
  "dipole_vec_eA": [
    -0.16899033424679155,
    -4.790138328891488e-05,
    -2.958140230537985e-11
  ],
  "dipole_mag_D": 0.8116951276517526,
  "HOMO_eV": -8.284420283846606,
  "LUMO_eV": -8.113394774279904,
  "gap_eV": 0.17102550956670193
}