{
  "tag": "RMC-Mo_2-Pd_2-A2-B5-NNNNNN",
  "energy_eV": -2014.1182364215804,
  "multiplicity": 1,
  "charge": 0,
  "sym1": "Mo",
  "ox1": 2,
  "sym2": "Pd",
  "ox2": 2,
  "acid": "A2",
  "base": "B5",
  "bridge": [
    "N",
    "N"
  ],
  "S1_ref": 0.0,
  "S2_ref": 0.0,
  "mulliken_q_e": [
    0.3087260588716486,
    -0.11160658147160929,
    -0.07351488491192915,
    -0.07351519478363588,
    -0.09144375700493756,
    -0.09144244466347118,
    -0.18505113759235226,
    -0.18505824814085425,
    0.07191159043678264,
    -0.013999157012812624,
    -0.04330135318170414,
    -0.03447628991027485,
    -0.04466429692187912,
    -0.011577706292464685,
    0.03187479021762607,
    0.03332373389858312,
    0.03112405523283357,
    0.061897181240022636,
    0.004734555690961706,
    0.033087885590033506,
    0.04214800374623007,
    0.07191268149976149,
    -0.013996047505667963,
    -0.04329993393856291,
    -0.03447622691062069,
    -0.04466338191973218,
    -0.011579046908420487,
    0.03187540338169681,
    0.03332394270264605,
    0.0311239537080914,
    0.061900106433324664,
    0.004736205319086917,
    0.03308791689898771,
    0.04214722046868413,
    -0.07630818413974749,
    -0.07630780436035822,
    0.07755546313600648,
    0.0775553998689884,
    -0.0305227312511418,
    -0.03051888806372105,
    0.11863826539788325,
    0.11863888314605209
  ],
  "dipole_vec_eA": [
    -0.049116455954501655,
    5.180153368905293e-05,
    -8.40875013895361e-07
  ],
  "dipole_mag_D": 0.2359165022101513,
  "solvation_E_eV": null
}