{
  "tag": "RMC-Mn_3-W_2-A2-B7-NNNNSS",
  "energy_eV": -2130.4097247501195,
  "multiplicity": 1,
  "charge": 3,
  "sym1": "Mn",
  "ox1": 3,
  "sym2": "W",
  "ox2": 2,
  "acid": "A2",
  "base": "B7",
  "bridge": [
    "S",
    "S"
  ],
  "S1_ref": 0.0,
  "S2_ref": 0.0,
  "mulliken_q_e": [
    0.21316731107627107,
    -0.015811045709415383,
    0.07936465723911262,
    0.07512301728086054,
    -0.04969573459173482,
    -0.040020910809204224,
    -0.051003839225673975,
    -0.03668648932902574,
    0.0582739263126375,
    0.02576747163205728,
    0.002861702712686487,
    0.001929404646695776,
    0.005225787604105969,
    0.023088107114881185,
    0.1168204464371082,
    0.12983350762545387,
    0.11939375026567578,
    0.06848971860133979,
    0.051823632154379906,
    0.11353007199578191,
    0.1253841753702385,
    0.05696806471982829,
    0.025020295182206498,
    0.0018602527164208738,
    0.0012494947799492895,
    0.0038052809171906787,
    0.02199998726612118,
    0.11636499181290327,
    0.12988008234416382,
    0.11868291732219605,
    0.06462704850963008,
    0.04941972094816993,
    0.11078910078949655,
    0.12391351958051777,
    0.02662315452602715,
    -0.015009912636039235,
    0.12989295080396235,
    0.14937739491100577,
    -0.027147588794444788,
    0.15454186599839614,
    0.15454186582400964,
    0.05578114554527236,
    -0.009015766171847295,
    0.11454983587052148,
    0.13172772793888876,
    0.0207052910235217,
    0.13599630568181675,
    0.13599630624434234
  ],
  "dipole_vec_eA": [
    0.5941320028827572,
    0.19289826897632226,
    3.2292604725581396e-08
  ],
  "dipole_mag_D": 3.0003790502966536,
  "HOMO_eV": -18.786329437585316,
  "LUMO_eV": -18.22344600854648,
  "gap_eV": 0.5628834290388376
}