{
  "tag": "RMC-Mn_3-Pt_2-A2-B2-NNNNSS",
  "energy_eV": -3059.584781035847,
  "multiplicity": 1,
  "charge": 3,
  "sym1": "Mn",
  "ox1": 3,
  "sym2": "Pt",
  "ox2": 2,
  "acid": "A2",
  "base": "B2",
  "bridge": [
    "S",
    "S"
  ],
  "S1_ref": 0.0,
  "S2_ref": 0.0,
  "mulliken_q_e": [
    0.16648216693023077,
    0.030671963192163698,
    0.07093224297588702,
    0.07094646961290585,
    -0.08499462980208627,
    -0.08499915782233836,
    -0.004798396862387699,
    -0.004805651000504341,
    0.047148826840191393,
    0.017574651519738582,
    -0.004249427020602159,
    -0.0042817048744239194,
    -0.006121031782173603,
    0.01604932846068019,
    0.100089091555706,
    0.11469564191862391,
    0.09973962329023489,
    0.04035801907331815,
    0.04516177391859011,
    0.1118379495578008,
    0.10677779714519653,
    0.04715497508465272,
    0.017572808271284934,
    -0.004246736360584258,
    -0.004281827976432284,
    -0.006120511244535942,
    0.01604953077528637,
    0.10008963397571446,
    0.11469740349750002,
    0.09973936229068814,
    0.04036557006828234,
    0.04516681819868951,
    0.1118338101873797,
    0.10677389922810177,
    -0.0030720869086615643,
    0.03355544589273474,
    0.019742475100547052,
    0.0745723078474001,
    -0.023772822125628812,
    -0.011243212584329143,
    0.10893185711964803,
    0.0874193320162232,
    0.10614697173434762,
    0.07458864735991155,
    -0.003083931733995904,
    -0.01125186291404301,
    -0.02378852121969044,
    0.10893435567462606,
    0.1061516540683266,
    0.08741894324505384,
    0.00021034321808555134,
    0.03495440161983443,
    0.020954395422869032,
    0.06848072191597598,
    -0.02329826525925882,
    -0.009094297855278599,
    0.11056829561417791,
    0.08759347399038597,
    0.10743837988454841,
    0.06848027697509784,
    0.0002182686244407428,
    -0.009085783448898654,
    -0.02326886743918921,
    0.11056536784923798,
    0.10743323236689317,
    0.08759022127406557
  ],
  "dipole_vec_eA": [
    -0.13549738635615144,
    0.003844711316343271,
    7.089670522546199e-16
  ],
  "dipole_mag_D": 0.6510835697874733,
  "HOMO_eV": -17.882350835885532,
  "LUMO_eV": -17.528821822214276,
  "gap_eV": 0.3535290136712561
}