{
  "tag": "RMC-Ag_1-Au_3-A2-B5-NNNNNN",
  "energy_eV": -2041.7326346206457,
  "multiplicity": 1,
  "charge": 0,
  "sym1": "Ag",
  "ox1": 1,
  "sym2": "Au",
  "ox2": 3,
  "acid": "A2",
  "base": "B5",
  "bridge": [
    "N",
    "N"
  ],
  "S1_ref": 0.0,
  "S2_ref": 0.0,
  "mulliken_q_e": [
    0.136920529641131,
    0.3234852513711826,
    -0.13926827557405086,
    -0.1392610292881422,
    -0.10987116916211637,
    -0.10987279663168192,
    -0.2401537855148821,
    -0.24016969661878962,
    0.06817278159819185,
    -0.010908786665721149,
    -0.030073815622190248,
    -0.038728142487517214,
    -0.027160854833376602,
    -0.02095804755488251,
    0.033418803843212164,
    0.03325541988273162,
    0.03526761550468882,
    0.09372837801177858,
    0.01690236839180459,
    0.04885135020725029,
    0.028744175567789854,
    0.06816769428041858,
    -0.010907420401902401,
    -0.030072988350695606,
    -0.038733595132677934,
    -0.027153744992647333,
    -0.020966643207234403,
    0.03341627421671234,
    0.03325351916123653,
    0.03525774945375448,
    0.09372737798240127,
    0.016910149776675487,
    0.04884856972322793,
    0.028733951947455982,
    -0.06401363657948966,
    -0.0639922669934827,
    0.0904667731350457,
    0.09046946985315363,
    -0.07756658787581472,
    -0.07757604908305415,
    0.07970626597051733,
    0.07970486487572592
  ],
  "dipole_vec_eA": [
    0.14192120280285705,
    -0.000152655515266505,
    -8.38380644681452e-15
  ],
  "dipole_mag_D": 0.6816769216533187,
  "solvation_E_eV": null
}