{
  "tag": "RMC-Cr_2-Mn_2-A2-B1-NNNNNN",
  "energy_eV": -2494.481056213319,
  "multiplicity": 2,
  "charge": 0,
  "sym1": "Cr",
  "ox1": 2,
  "sym2": "Mn",
  "ox2": 2,
  "acid": "A2",
  "base": "B1",
  "bridge": [
    "N",
    "N"
  ],
  "S1_ref": 0.0,
  "S2_ref": 0.5,
  "mulliken_q_e": [
    0.5955243121121875,
    0.1129547512749598,
    -0.2819350427784868,
    -0.2819342426666913,
    -0.19635587520240438,
    -0.19635235686311003,
    -0.12811273931002898,
    -0.12811037221232002,
    0.0947245069896181,
    -0.014075408788196686,
    -0.04564619482363241,
    -0.0391112507926803,
    -0.04349968753878675,
    -0.019546375174680053,
    0.027717448341934237,
    0.03063577301134901,
    0.028948371525563177,
    0.03675661763719962,
    0.021165940358400137,
    0.03132888582344073,
    0.031790212161154185,
    0.09472292867280951,
    -0.014072122195241121,
    -0.04564605021234347,
    -0.03911139082059134,
    -0.043499082110353804,
    -0.019542304790236775,
    0.02771726724642376,
    0.03063606560117682,
    0.02894800690377275,
    0.036754663250715414,
    0.021165087665019344,
    0.0313312746851474,
    0.031792436449974426,
    -0.04883741179145695,
    0.057075205154218045,
    0.05707257510032138,
    -0.048838082312290254,
    -0.03745576202247136,
    -0.037455545187439654,
    0.039621238502618894,
    0.03962127671125737,
    0.0381912155802242,
    0.03819127253738053,
    -0.04714139340024426,
    0.06573876715932725,
    0.06573682271080195,
    -0.04714164587763725,
    -0.03521219270105669,
    -0.0352119338851451,
    0.03993321656972637,
    0.039933283866979474,
    0.039057480185209936,
    0.03905756197577204
  ],
  "dipole_vec_eA": [
    0.11972090398664963,
    1.086017806300923e-05,
    -4.23711533869455e-15
  ],
  "dipole_mag_D": 0.5750439596028822,
  "HOMO_eV": -8.311343665942681,
  "LUMO_eV": -8.26856107489539,
  "gap_eV": 0.042782591047291874
}