{
  "tag": "RMC-Pt_2-Ti_2-A2-B2-NNNNNO",
  "energy_eV": -3071.2264320673517,
  "multiplicity": 3,
  "charge": 1,
  "sym1": "Pt",
  "ox1": 2,
  "sym2": "Ti",
  "ox2": 2,
  "acid": "A2",
  "base": "B2",
  "bridge": [
    "N",
    "O"
  ],
  "S1_ref": 0.0,
  "S2_ref": 1.0,
  "mulliken_q_e": [
    0.06868061157017491,
    0.6361042959747539,
    -0.2767859344120527,
    -0.3000038087756791,
    -0.032125568815558614,
    -0.06881107469973702,
    -0.18662440277542558,
    -0.19031534634625613,
    0.17440445961089468,
    -0.02760470952728422,
    -0.034420489948349786,
    -0.031496150454538574,
    -0.038435685007826015,
    -0.018605186196412493,
    0.05354471491482038,
    0.06152593978935317,
    0.05243306210957133,
    0.03509373152239914,
    0.048354090879491496,
    0.06068128578607368,
    0.06569379218149196,
    0.11376078638214393,
    -0.023827760544257393,
    -0.025304693994431915,
    -0.03403593170310071,
    -0.026299146248996097,
    -0.014168213628752868,
    0.051740871259363996,
    0.05925546614589139,
    0.052630505856963605,
    0.038303287398038455,
    0.03500058566184561,
    0.07120454882613281,
    0.08112298966263509,
    -0.028735357162491315,
    0.02014175507260041,
    0.005887980907027357,
    0.062382990597656285,
    -0.04538290280536672,
    -0.02591725110467502,
    0.061102925090568916,
    0.0526807751702737,
    0.05735932339342298,
    0.06159482810848682,
    -0.03112120555953335,
    -0.02528382646455163,
    -0.0473432224094803,
    0.060854920887723374,
    0.058835252279764605,
    0.05624350548855839,
    -0.031171814784308527,
    0.018989485764430603,
    -0.0053836623069336564,
    0.06879202046512378,
    -0.046755601256304624,
    -0.027024929067538395,
    0.058493526683779606,
    0.05167618228451709,
    0.05461898214594163,
    0.06903694107372504,
    -0.03094772007371871,
    -0.02699270342411353,
    -0.046638086785966815,
    0.05925443901714056,
    0.055809524666157184,
    0.054272008050225806
  ],
  "dipole_vec_eA": [
    0.07581870430776291,
    -0.18660190650608333,
    3.859612351903234e-17
  ],
  "dipole_mag_D": 0.9674462736204771,
  "HOMO_eV": -10.973457366378152,
  "LUMO_eV": -10.929250221466496,
  "gap_eV": 0.044207144911656115
}