{
  "tag": "RMC-Zn_2-Zr_2-A2-B6-NNNNNN",
  "energy_eV": -2123.6140848203268,
  "multiplicity": 3,
  "charge": 0,
  "sym1": "Zn",
  "ox1": 2,
  "sym2": "Zr",
  "ox2": 2,
  "acid": "A2",
  "base": "B6",
  "bridge": [
    "N",
    "N"
  ],
  "S1_ref": 0.0,
  "S2_ref": 1.0,
  "mulliken_q_e": [
    0.296654762671385,
    0.8178628552900251,
    -0.41706025601534047,
    -0.41705868749268404,
    -0.19007214461527666,
    -0.19008824197589336,
    -0.24368199287536063,
    -0.24371065502121514,
    0.11590737187500055,
    -0.036752188095609206,
    -0.05250563555204102,
    -0.04868775091781252,
    -0.04968483524749301,
    -0.03963323992586987,
    0.011081875443579303,
    0.014664159725833459,
    0.012321226521327944,
    0.02278909591237488,
    0.05473659779787621,
    0.023701828939102665,
    0.01435769586123059,
    0.11591170356901914,
    -0.03675577478739234,
    -0.05246862826870835,
    -0.048697560685954766,
    -0.049662044868817645,
    -0.03963665449753906,
    0.011079555528852425,
    0.014665901129067294,
    0.012319414873376178,
    0.0228515727185572,
    0.05475001608681107,
    0.023692373459771043,
    0.014354509969852325,
    -0.0684898294205567,
    0.011820479265252759,
    0.01182325621642999,
    0.04411019628063828,
    0.05711161347189986,
    0.031029768896362664,
    0.031027962874159876,
    0.04130616638847584,
    0.04130224319303899,
    -0.07511914320760282,
    0.006325419848009162,
    0.006327081117621702,
    0.06509278448659672,
    0.0788075076670387,
    0.053197363110979334,
    0.053196296977226276,
    0.056793474244587916,
    0.05679113275183567
  ],
  "dipole_vec_eA": [
    0.8124162405323905,
    0.00046901874172152006,
    0.11460080626272862
  ],
  "dipole_mag_D": 3.9408343440257827,
  "HOMO_eV": -7.146333054583894,
  "LUMO_eV": -7.0522999079237545,
  "gap_eV": 0.09403314666013962
}