{
  "tag": "RMC-Pb_2-Ta_3-A2-B10-NNNNNO",
  "energy_eV": -3234.3320641810265,
  "multiplicity": 3,
  "charge": 2,
  "sym1": "Pb",
  "ox1": 2,
  "sym2": "Ta",
  "ox2": 3,
  "acid": "A2",
  "base": "B10",
  "bridge": [
    "N",
    "O"
  ],
  "S1_ref": 0.0,
  "S2_ref": 1.0,
  "mulliken_q_e": [
    0.7543050011795307,
    0.6370075873465906,
    -0.367358651315016,
    -0.42575984284488366,
    -0.19204313665276151,
    -0.1895524701671807,
    -0.14773186934213678,
    -0.17559593602035473,
    0.19368683727269964,
    -0.022049909713306004,
    -0.014015883771537396,
    -0.026727731867775884,
    -0.014104339636636043,
    -0.02313307401744802,
    0.0733041450980787,
    0.08528565797463672,
    0.07514957580716819,
    0.07079864714174566,
    0.06982268681748138,
    0.07464341977143585,
    0.07040785095709934,
    0.11340378708745225,
    -0.009146498195660824,
    -0.012689430790257417,
    -0.02352969303793806,
    -0.013667534777397572,
    -0.011545030159072711,
    0.07386669946274238,
    0.0859401118404527,
    0.07429987974300778,
    0.03676768198644309,
    0.06236308868744156,
    0.09353417781501194,
    0.07650921654164711,
    0.06881899637156685,
    -0.005368051290142395,
    0.023449914376333147,
    -0.02073078745905166,
    -0.012526201648255908,
    -0.039989998813069194,
    0.08138252185692962,
    0.07942158421885714,
    0.0617684063267826,
    -0.020299028755845328,
    0.023459038773569363,
    -0.00396575367108265,
    0.0704534569389812,
    -0.03945131710599581,
    -0.012655672331950862,
    0.08099988682925019,
    0.06096086527497979,
    0.07873504491872763,
    0.0694467664140328,
    -0.0018886904504646918,
    0.02190616904141529,
    -0.021411322951734757,
    -0.013591095724157398,
    -0.04286894182966172,
    0.08233283219930754,
    0.08122331044997877,
    0.06518614436384773,
    -0.02056004974808534,
    0.02044128535019296,
    2.821530753260859e-05,
    0.07121897369777797,
    -0.04275319036484615,
    -0.014126112135810498,
    0.08049713458704655,
    0.05987940112751433,
    0.07813124563414164
  ],
  "dipole_vec_eA": [
    -0.04202937610004743,
    -0.09663004609726666,
    1.599870171654451e-11
  ],
  "dipole_mag_D": 0.506136365428511,
  "HOMO_eV": -13.96890017652312,
  "LUMO_eV": -13.706854062830251,
  "gap_eV": 0.26204611369286823
}