{
  "tag": "RMC-Hg_2-Os_3-A2-B5-NNNNOS",
  "energy_eV": -1941.5258508131776,
  "multiplicity": 2,
  "charge": 3,
  "sym1": "Hg",
  "ox1": 2,
  "sym2": "Os",
  "ox2": 3,
  "acid": "A2",
  "base": "B5",
  "bridge": [
    "O",
    "S"
  ],
  "S1_ref": 0.0,
  "S2_ref": 0.5,
  "mulliken_q_e": [
    0.2689804421784219,
    0.35218062904976,
    -0.08761752175819248,
    0.2584281453617852,
    0.024034963764293593,
    -0.11733654336207366,
    -0.1819936037354335,
    -0.19434713683093108,
    0.029109668946679434,
    0.02001903831447871,
    0.00378904421262094,
    -0.002015738941159251,
    0.002563732355552739,
    0.017774676974025017,
    0.11249884679585398,
    0.12243319354147197,
    0.11314994950248758,
    0.07944066547657802,
    0.06217897936147421,
    0.12164691683574702,
    0.12514894152012224,
    0.15245943174327659,
    0.010153205606105109,
    -0.0004749610584455777,
    -0.0037410280017229347,
    0.0019496255055264644,
    0.01344399509833516,
    0.11381589718788199,
    0.12646056801152417,
    0.11968438422631544,
    0.07989690314358677,
    0.05871223751208632,
    0.12186985203008405,
    0.13657144164629964,
    0.025865986728720092,
    0.026437006344790293,
    0.2259936530110498,
    0.22151011459146353,
    0.018783544920908612,
    0.01557857389887407,
    0.20325021604042925,
    0.2017120630703102
  ],
  "dipole_vec_eA": [
    -1.0255679931194615,
    0.04312747117479006,
    2.061484498230488e-06
  ],
  "dipole_mag_D": 4.930366205753885,
  "solvation_E_eV": null
}