{
  "tag": "RMC-Cd_2-Re_2-A2-B10-NNNNNN",
  "energy_eV": -3214.6332856447384,
  "multiplicity": 2,
  "charge": 0,
  "sym1": "Cd",
  "ox1": 2,
  "sym2": "Re",
  "ox2": 2,
  "acid": "A2",
  "base": "B10",
  "bridge": [
    "N",
    "N"
  ],
  "S1_ref": 0.0,
  "S2_ref": 0.5,
  "mulliken_q_e": [
    0.3405987266302286,
    -0.01270041151499135,
    -0.19034901683209982,
    -0.1903396838083533,
    -0.17729258381668989,
    -0.17728962791840286,
    -0.193579570639413,
    -0.1935779896878722,
    0.11095397030879162,
    -0.008424662383674342,
    -0.025908690841712767,
    -0.04270157195687618,
    -0.029706317859212295,
    -0.022288241383448426,
    0.03408962445476771,
    0.032805349630626646,
    0.028203276865774174,
    0.07406254408685098,
    0.06231212154478638,
    0.006482790142368522,
    0.04044802635056788,
    0.11095111969655269,
    -0.008424098615433584,
    -0.025909990325386323,
    -0.04270188907152539,
    -0.029709302764820755,
    -0.022291145906625287,
    0.03408962067803867,
    0.03280631359315278,
    0.028204392529817213,
    0.07405842853110478,
    0.0623034580911801,
    0.006485687520805139,
    0.04044941830323212,
    0.07684360857722039,
    -0.007675526736213634,
    0.006669877098092858,
    -0.038795375735905635,
    -0.029139792663149366,
    -0.04949592125136992,
    0.04120126646494393,
    0.040264054944626926,
    0.041095259557327735,
    -0.03880173467419157,
    0.006666402271617411,
    -0.007672555773164946,
    0.07684479787206921,
    -0.04949246270855934,
    -0.029136976038744544,
    0.04120626358671098,
    0.04109435546086926,
    0.04026147638363897,
    0.08154213259260001,
    0.007680838687256886,
    0.0004229036531000485,
    -0.0404263676202814,
    -0.032514692346469865,
    -0.052723248668268496,
    0.03184712297461623,
    0.028294602839477045,
    0.03185324987490468,
    -0.040419318395201964,
    0.00042599481783400783,
    0.007676767961302122,
    0.08154289366247847,
    -0.05272461321594224,
    -0.03251871369969739,
    0.03184129285620185,
    0.03185439901326115,
    0.02829766474504536
  ],
  "dipole_vec_eA": [
    -1.1506674471417113,
    -7.441350670671913e-05,
    -1.4168266449264306e-07
  ],
  "dipole_mag_D": 5.526890807018367,
  "HOMO_eV": -8.32920706140815,
  "LUMO_eV": -8.097582358187529,
  "gap_eV": 0.23162470322062134
}