{
  "tag": "RMC-Mg_2-Y_3-A2-B2-NNNNOO",
  "energy_eV": -2956.107415242075,
  "multiplicity": 1,
  "charge": 3,
  "sym1": "Mg",
  "ox1": 2,
  "sym2": "Y",
  "ox2": 3,
  "acid": "A2",
  "base": "B2",
  "bridge": [
    "O",
    "O"
  ],
  "S1_ref": 0.0,
  "S2_ref": 0.0,
  "mulliken_q_e": [
    0.48989818383710865,
    0.5904040078905692,
    -0.3526254258523478,
    -0.35263532444139,
    -0.08753127226262158,
    -0.08754295791266209,
    -0.09588301510598418,
    -0.09588521803338401,
    0.18980628685879086,
    -0.011949694023949187,
    -0.006409981624282413,
    -0.014681510940286913,
    -0.004221715142584959,
    -0.007018527597752122,
    0.09755663445489449,
    0.11386904870520886,
    0.09989753010216706,
    0.06223862974498218,
    0.05728298355160355,
    0.11657438077988347,
    0.10770038714499108,
    0.18980942093972808,
    -0.011953648522382121,
    -0.006413259190072074,
    -0.014682311271344783,
    -0.0042221798274377775,
    -0.007025054439066203,
    0.0975522541520919,
    0.11386735989633223,
    0.09989670541556162,
    0.062232869876758024,
    0.05728648606306863,
    0.11657117549993212,
    0.10769513224278937,
    -0.0025773820684547033,
    0.034407519499246586,
    0.011248737165235223,
    0.06294795126250019,
    -0.024900937614519947,
    -0.010048877838486181,
    0.1078543132075741,
    0.0843261206515119,
    0.10400789530514198,
    0.0629442874717494,
    -0.002575749775526104,
    -0.010043746165319556,
    -0.0248970660500889,
    0.10785151724455888,
    0.10400605383943362,
    0.0843267145146156,
    -0.003992901662424497,
    0.03595935528175365,
    0.01106560220622077,
    0.06268006947046456,
    -0.022500385172291137,
    -0.010496106375845082,
    0.10932082558087552,
    0.08595078761225261,
    0.10635816740639836,
    0.0626811953693156,
    -0.003994860311460791,
    -0.010497112654969554,
    -0.02250150193872158,
    0.10932142506089215,
    0.1063604785779746,
    0.08594922952020112
  ],
  "dipole_vec_eA": [
    0.29828815426353034,
    0.003746893281231493,
    -1.2250040820799267e-15
  ],
  "dipole_mag_D": 1.4328519654275034,
  "HOMO_eV": -17.9325379856715,
  "LUMO_eV": -17.7933830076471,
  "gap_eV": 0.13915497802440058
}