{
  "tag": "RMC-Hg_2-Rh_2-A2-B7-NNNNNN",
  "energy_eV": -2139.0127973900358,
  "multiplicity": 2,
  "charge": 0,
  "sym1": "Hg",
  "ox1": 2,
  "sym2": "Rh",
  "ox2": 2,
  "acid": "A2",
  "base": "B7",
  "bridge": [
    "N",
    "N"
  ],
  "S1_ref": 0.0,
  "S2_ref": 0.5,
  "mulliken_q_e": [
    0.24496180278531732,
    -0.10756650166556159,
    -0.22157889453171276,
    -0.21716053757131837,
    -0.18039320571986517,
    -0.1618617405222207,
    -0.06610008501840747,
    -0.046568605733966484,
    0.10702343759472122,
    -0.015034714086178846,
    -0.02631509041733593,
    -0.046520607036385275,
    -0.024358210700896388,
    -0.027104695735695516,
    0.03064579382548349,
    0.0292818861048586,
    0.02949337657868667,
    0.05103840079938182,
    0.06194930299140933,
    0.026006253090269826,
    0.023821708345820758,
    0.10646688364892154,
    -0.018614384788897986,
    -0.02609696841908038,
    -0.04993642139723753,
    -0.024219306305897526,
    -0.03158497269280147,
    0.02902381641841112,
    0.02780794972882228,
    0.027621011737175682,
    0.052694164432385504,
    0.06875083438376217,
    0.02092156291764835,
    0.0210855630690423,
    0.038783725932757473,
    -0.05728054288483486,
    0.023349239682119438,
    0.03956905072220607,
    0.024897127079062997,
    0.04631861662301717,
    0.046318616623017395,
    0.028980518268941546,
    -0.04922741966893729,
    0.027032302356113203,
    0.041384430080382284,
    0.01299965415736759,
    0.054647936689631305,
    0.054647936689627086
  ],
  "dipole_vec_eA": [
    0.011152710467950643,
    0.126830943337051,
    -2.335331275017692e-15
  ],
  "dipole_mag_D": 0.6115456415049322,
  "HOMO_eV": -8.260517719396018,
  "LUMO_eV": -7.859529058260307,
  "gap_eV": 0.4009886611357114
}