{
  "tag": "RMC-Hg_2-Re_3-A2-B6-NNNNOO",
  "energy_eV": -2199.072521704758,
  "multiplicity": 1,
  "charge": 3,
  "sym1": "Hg",
  "ox1": 2,
  "sym2": "Re",
  "ox2": 3,
  "acid": "A2",
  "base": "B6",
  "bridge": [
    "O",
    "O"
  ],
  "S1_ref": 0.0,
  "S2_ref": 0.0,
  "mulliken_q_e": [
    0.4130232360303434,
    0.30864098099674997,
    -0.27818422750222904,
    -0.27818833172549073,
    -0.1034241971865959,
    -0.10342265705089915,
    -0.015704251546782455,
    -0.015697795369317813,
    0.19430071500110602,
    0.00857011334698754,
    0.0028963627529356994,
    -0.0013631213184153168,
    0.00830883546739325,
    -0.001682092652117717,
    0.12066107782374247,
    0.13281026687400188,
    0.11937234738830171,
    0.06516322771622707,
    0.0870619878169625,
    0.12421434705307521,
    0.11615503194274446,
    0.19430488779273358,
    0.008573428589508714,
    0.0028987058073965954,
    -0.0013637344267918294,
    0.008309715929844197,
    -0.0016816407267072897,
    0.1206612746126623,
    0.13281047177212424,
    0.11937144572985203,
    0.06516727921670395,
    0.0870619358980973,
    0.12421428152504266,
    0.11615514762284362,
    -0.08583528115383565,
    -0.023200228403328138,
    -0.023200089712707594,
    0.13040295302856164,
    0.09638170816602554,
    0.11160567154257195,
    0.11160555614124001,
    0.11820085194976604,
    0.11820078647470134,
    -0.0891773036733805,
    -0.03995457916030887,
    -0.03995366207477047,
    0.13248134016897395,
    0.10841816349876088,
    0.11760851502029757,
    0.1176082207840462,
    0.12940627566003848,
    0.1294060465412714
  ],
  "dipole_vec_eA": [
    -0.15543124434977776,
    3.730033677008387e-05,
    0.03743789816031445
  ],
  "dipole_mag_D": 0.7679190980801395,
  "HOMO_eV": -19.15278843124428,
  "LUMO_eV": -18.690121731101282,
  "gap_eV": 0.4626667001429965
}