{
  "tag": "RMC-Cu_1-Ti_3-A2-B1-NNNNOO",
  "energy_eV": -2551.235876581265,
  "multiplicity": 2,
  "charge": 2,
  "sym1": "Cu",
  "ox1": 1,
  "sym2": "Ti",
  "ox2": 3,
  "acid": "A2",
  "base": "B1",
  "bridge": [
    "O",
    "O"
  ],
  "S1_ref": 0.0,
  "S2_ref": 0.5,
  "mulliken_q_e": [
    0.4041087196994456,
    0.6503954555718661,
    -0.3607479144542076,
    -0.3607430190533547,
    -0.14374552939070417,
    -0.14375390436144797,
    -0.14445353401231076,
    -0.1444201680826287,
    0.18959302776504772,
    -0.010579885905167563,
    -0.010539828882321522,
    -0.020523918447580725,
    -0.008696835634031341,
    -0.008866807936034338,
    0.09084351615415576,
    0.09900337147716498,
    0.09217558492195821,
    0.07696564332535871,
    0.0747434967949614,
    0.09344034776465426,
    0.07654103902593934,
    0.1895642927037111,
    -0.010581772797053413,
    -0.010596772678838295,
    -0.02051538964010602,
    -0.008747907360665774,
    -0.008857012760745908,
    0.09084751848473405,
    0.09900622151594196,
    0.09218041257273679,
    0.07679644891120563,
    0.07474022280926795,
    0.09345031760523836,
    0.07653905418022477,
    -0.02742119502994056,
    0.06006482013442027,
    0.06006783833452811,
    -0.027423059188040444,
    -0.010215198356472,
    -0.010218524931527861,
    0.07269743202456946,
    0.07269780801709391,
    0.09046527110033153,
    0.09046509180324835,
    -0.028015876399617445,
    0.06345300626419026,
    0.06345493405047486,
    -0.02799196538447224,
    -0.010100970134065745,
    -0.010087763555606477,
    0.07978034075842444,
    0.07978048271268512,
    0.09699207525794085,
    0.09699096263459772
  ],
  "dipole_vec_eA": [
    0.4844618296033433,
    -0.0009043088366813266,
    -7.462482684224939e-15
  ],
  "dipole_mag_D": 2.326973182518058,
  "HOMO_eV": -14.526333484462791,
  "LUMO_eV": -14.431748145193785,
  "gap_eV": 0.09458533926900614
}