{
  "tag": "RMC-Co_3-Ir_3-A2-B10-NNNNOO",
  "energy_eV": -3319.0940326240648,
  "multiplicity": 1,
  "charge": 4,
  "sym1": "Co",
  "ox1": 3,
  "sym2": "Ir",
  "ox2": 3,
  "acid": "A2",
  "base": "B10",
  "bridge": [
    "O",
    "O"
  ],
  "S1_ref": 0.0,
  "S2_ref": 0.0,
  "mulliken_q_e": [
    0.36167267907086686,
    0.3047089950707843,
    -0.25900843122487816,
    -0.25900867796682214,
    -0.09394797072851913,
    -0.09394698383307598,
    -0.048595427538160374,
    -0.04859583623220787,
    0.20268219242012964,
    -0.0026472507961250447,
    0.0014957216974813559,
    -0.0041846411350394686,
    0.004832506464446329,
    -0.007411624871892508,
    0.10963044921797627,
    0.13153723543451468,
    0.10987260932759824,
    0.06170340147899944,
    0.06963207667203553,
    0.12151015065812343,
    0.11404638473804063,
    0.20268226193781702,
    -0.0026475237647107797,
    0.0014961503232719942,
    -0.004184647476951797,
    0.004832300055479299,
    -0.007411325743014396,
    0.1096306654760495,
    0.13153720785480005,
    0.10987244064986013,
    0.06170357238218083,
    0.0696317219152176,
    0.12151015556647793,
    0.11404662621158612,
    0.08655387618671462,
    0.04026258335404864,
    0.060347001757957264,
    0.005231314257126085,
    0.020839412793489,
    -0.018204183257559903,
    0.13973247947112333,
    0.13788210771000786,
    0.10569723355337313,
    0.005231389614002824,
    0.06034714899723492,
    0.040262571919605694,
    0.08655398968149908,
    -0.018203984187938227,
    0.020839751047061927,
    0.1397323442115782,
    0.10569728239964116,
    0.1378822990680051,
    0.08276238418570259,
    0.04096552236054207,
    0.060187826500091246,
    0.005128760237661734,
    0.02118123161251173,
    -0.01966165264167863,
    0.14089572504287706,
    0.13926905594064454,
    0.1065904172745602,
    0.0051288170790004806,
    0.06018790119639328,
    0.04096558360797409,
    0.08276235406624077,
    -0.019661904754148418,
    0.021181301129885366,
    0.140895635135327,
    0.10659029043338075,
    0.13926898411028854
  ],
  "dipole_vec_eA": [
    -0.07695144222837003,
    -2.9268544577051348e-06,
    -2.809198628378823e-12
  ],
  "dipole_mag_D": 0.36961349616131917,
  "HOMO_eV": -20.42667017124489,
  "LUMO_eV": -20.308283421780057,
  "gap_eV": 0.11838674946483252
}