{
  "tag": "RMC-Ni_3-Ta_3-A2-B2-NNNNNN",
  "energy_eV": -3040.457902620107,
  "multiplicity": 2,
  "charge": 2,
  "sym1": "Ni",
  "ox1": 3,
  "sym2": "Ta",
  "ox2": 3,
  "acid": "A2",
  "base": "B2",
  "bridge": [
    "N",
    "N"
  ],
  "S1_ref": 0.5,
  "S2_ref": 1.0,
  "mulliken_q_e": [
    -0.11578356843127025,
    0.7592112269174842,
    -0.2559558860838269,
    -0.255829930965781,
    0.014461608281991944,
    0.01447566654437904,
    -0.1961931811929054,
    -0.19632747797196282,
    0.12118598539801506,
    -0.014180874261024101,
    -0.009691571979064895,
    -0.021391984888295967,
    -0.010206883958670865,
    0.0046802692367764465,
    0.0765849951703289,
    0.08922001975783411,
    0.08077019523214524,
    0.06061376482335579,
    0.05185232154288966,
    0.08161476808653534,
    0.10129400411426237,
    0.1212162627766511,
    -0.014133989294581761,
    -0.009684788373617303,
    -0.021378874641172496,
    -0.010224204546390281,
    0.004686472090700278,
    0.07662005352933965,
    0.08922969761735788,
    0.08075348702549667,
    0.06063582157434322,
    0.05184691326687907,
    0.08163742761238979,
    0.10130200729866401,
    -0.01379431242079443,
    0.028099271242747914,
    0.017970335387212932,
    0.06727050979644522,
    -0.034592481616102067,
    -0.01730766571590725,
    0.086876402078913,
    0.07367261132089786,
    0.08354572607940991,
    0.06727385322736534,
    -0.01379679301554515,
    -0.01731060402834883,
    -0.03461059661704491,
    0.0868812400100093,
    0.08354046962093709,
    0.07368363511021547,
    -0.016101349525815767,
    0.024421292585041332,
    0.00041770259987483627,
    0.06813077238333243,
    -0.03394315450701901,
    -0.01930618842478493,
    0.08211025988089693,
    0.06336784053438649,
    0.07813915619097045,
    0.068138862287074,
    -0.016103291835479983,
    -0.019299957152119074,
    -0.03393267147879353,
    0.08211226990172127,
    0.0781467505430643,
    0.06339036422785549
  ],
  "dipole_vec_eA": [
    0.3883646811452726,
    0.0017973867929368793,
    -1.1886447414206685e-15
  ],
  "dipole_mag_D": 1.8654148723383819,
  "HOMO_eV": -15.104106227659477,
  "LUMO_eV": -14.321350238435247,
  "gap_eV": 0.7827559892242295
}