{
  "tag": "RMC-Ag_1-Co_2-A2-B5-NNNNNO",
  "energy_eV": -2067.330353358142,
  "multiplicity": 2,
  "charge": 0,
  "sym1": "Ag",
  "ox1": 1,
  "sym2": "Co",
  "ox2": 2,
  "acid": "A2",
  "base": "B5",
  "bridge": [
    "N",
    "O"
  ],
  "S1_ref": 0.0,
  "S2_ref": 0.5,
  "mulliken_q_e": [
    0.2733965945120933,
    0.2129673764168074,
    -0.11761908248987818,
    -0.3274783003429447,
    -0.27367491072273986,
    -0.2668511457546707,
    -0.030013106908880482,
    -0.1921214029472007,
    0.18029209753104913,
    -0.027023275244997258,
    -0.03115695989160283,
    -0.043750288032818,
    -0.03130768885416968,
    -0.030332955783403115,
    0.04119188907246518,
    0.03981784090298801,
    0.04097264725573435,
    0.0719100653307585,
    0.09299864555662563,
    0.05537388457284009,
    0.0533582052000231,
    0.06808360559085957,
    -0.018307691107937174,
    -0.03075116172467518,
    -0.037311327098538793,
    -0.031505278479834864,
    -0.009515364833351692,
    0.034830506419646245,
    0.03415723506361901,
    0.03557423970692242,
    0.0036014513464102116,
    0.09580949320575494,
    0.04675346549992199,
    0.03273539074791543,
    -0.060230963497727164,
    -0.06314761270682445,
    0.11026495123330993,
    0.09702023056512799,
    -0.07600999695770616,
    -0.08098538430853641,
    0.08149884399509688,
    0.07648523796090778
  ],
  "dipole_vec_eA": [
    0.41616224866640644,
    -0.05956740722734244,
    1.8299230022169664e-15
  ],
  "dipole_mag_D": 2.019284974041808,
  "solvation_E_eV": null
}