{
  "tag": "RMC-Pt_2-Sc_3-A2-B7-NNNNNN",
  "energy_eV": -2153.019632121523,
  "multiplicity": 1,
  "charge": 1,
  "sym1": "Pt",
  "ox1": 2,
  "sym2": "Sc",
  "ox2": 3,
  "acid": "A2",
  "base": "B7",
  "bridge": [
    "N",
    "N"
  ],
  "S1_ref": 0.0,
  "S2_ref": 0.0,
  "mulliken_q_e": [
    -0.02042264311904518,
    0.6400737294251535,
    -0.27459848175059753,
    -0.2684495124475397,
    -0.04351554761416754,
    -0.02510626518236836,
    -0.18443597700340209,
    -0.16885508597437537,
    0.11862917527909178,
    -0.02431703954316622,
    -0.01633728096444731,
    -0.03641927185073057,
    -0.016595374740482116,
    -0.010953703409139814,
    0.05549231481671457,
    0.05913747048160978,
    0.05737219399666671,
    0.061126296045568296,
    0.05104386900401425,
    0.05855843193541299,
    0.057940219001889615,
    0.11703168476261627,
    -0.028083216701112912,
    -0.016305637863220923,
    -0.0388129506201802,
    -0.01689483406583303,
    -0.014069684129448312,
    0.05396922961523731,
    0.058118680981997684,
    0.05577351191549329,
    0.06551674752056513,
    0.052726467664155674,
    0.05619897989718314,
    0.05390741437408386,
    0.021161341074327877,
    -0.0406199874687323,
    0.05621374892430586,
    0.07181017127032396,
    -0.003373579469053034,
    0.08192204753592613,
    0.08192204753592591,
    0.030168953118596686,
    -0.05516157103734054,
    0.05622934004983959,
    0.07037565711896732,
    0.007835256289342896,
    0.07653632941256949,
    0.07653632941256905
  ],
  "dipole_vec_eA": [
    0.4239249486012332,
    0.1590948483427484,
    1.6376694161287587e-15
  ],
  "dipole_mag_D": 2.1748680484975345,
  "HOMO_eV": -11.90934871722902,
  "LUMO_eV": -11.108153476673838,
  "gap_eV": 0.8011952405551828
}