{
  "tag": "RMC-V_2-V_2-A2-B4-NNNNSS",
  "energy_eV": -1990.5838644331893,
  "multiplicity": 1,
  "charge": 2,
  "sym1": "V",
  "ox1": 2,
  "sym2": "V",
  "ox2": 2,
  "acid": "A2",
  "base": "B4",
  "bridge": [
    "S",
    "S"
  ],
  "S1_ref": 0.5,
  "S2_ref": 0.5,
  "mulliken_q_e": [
    0.22325619598030355,
    0.2231593211344599,
    0.19389413695109955,
    0.19387237861539813,
    -0.11366350251812873,
    -0.16078827582007604,
    -0.1607948025899446,
    -0.11358518060111078,
    0.017216274622724237,
    0.011933960466504967,
    -0.012784588198089919,
    -0.01103540203630482,
    -0.009836982400964978,
    0.010798186432345647,
    0.09065329665312649,
    0.0978519502277092,
    0.09316377918022156,
    0.04753207384083136,
    0.04601333246035266,
    0.09342889433938428,
    0.1162592273494718,
    0.017275906734333102,
    0.010779686625254747,
    -0.00986866252554952,
    -0.011043310910988868,
    -0.012768163040414393,
    0.011951876218443624,
    0.09319286286793382,
    0.0978493795994243,
    0.09062318119132518,
    0.04608045419564455,
    0.04740728392075888,
    0.1162862776037572,
    0.09345790068028614,
    -0.1428190930224742,
    -0.004409995908622566,
    0.0987131969242947,
    0.09871319692429481,
    0.10790530600924042,
    0.10790530600924109,
    -0.004410120613278501,
    -0.14278259073255128,
    0.10798369987094303,
    0.10798369987094558,
    0.09872422370922618,
    0.0987242237092274
  ],
  "dipole_vec_eA": [
    0.0009067094181663426,
    -0.0006521833314542609,
    7.51271664887767e-14
  ],
  "dipole_mag_D": 0.005364697681192358,
  "solvation_E_eV": null
}