{
  "tag": "RMC-Mg_2-Re_2-A2-B2-NNNNSS",
  "energy_eV": -2979.4591803682756,
  "multiplicity": 2,
  "charge": 2,
  "sym1": "Mg",
  "ox1": 2,
  "sym2": "Re",
  "ox2": 2,
  "acid": "A2",
  "base": "B2",
  "bridge": [
    "S",
    "S"
  ],
  "S1_ref": 0.0,
  "S2_ref": 0.5,
  "mulliken_q_e": [
    0.472767112093744,
    -0.05039711556597959,
    -0.060862103636480536,
    -0.06086854551013271,
    -0.1389102064605714,
    -0.13890534307935587,
    -0.010436094731313572,
    -0.010424681516967738,
    0.04804162654985222,
    0.01217318848312643,
    -0.01272511665360665,
    -0.018988333661610346,
    -0.011605846302858769,
    0.0020874477097934108,
    0.07720632719605691,
    0.08570617882571785,
    0.07452920405047603,
    0.02332604172236974,
    0.05934645446735254,
    0.0857904473268788,
    0.07965604821269023,
    0.0480255933815128,
    0.012174787208916182,
    -0.012733109831301048,
    -0.0189826463332039,
    -0.011611015459254803,
    0.0020912598800844062,
    0.07721246268205251,
    0.08570646851968866,
    0.07453068522988626,
    0.023300727981917957,
    0.05935200039733135,
    0.0857836683987041,
    0.0796564024962454,
    -0.01604484680450491,
    0.026656417554231426,
    -0.0075848331685686166,
    0.05182579946928434,
    -0.03040685964348122,
    -0.019913448898100095,
    0.08377673555136478,
    0.07116468954734811,
    0.08121254719085014,
    0.05182749070809445,
    -0.016045037344378565,
    -0.019916481212336246,
    -0.030398153402405814,
    0.0837780703945662,
    0.0812153200059057,
    0.07116284519015093,
    -0.015263064111775915,
    0.028262255637627742,
    0.016359937770821453,
    0.06692467132547719,
    -0.031327832004308,
    -0.01957817953166674,
    0.0851515222570618,
    0.07349918128033472,
    0.08161730049904958,
    0.06692598287747775,
    -0.015260614404340789,
    -0.01957855860194213,
    -0.03132155745362408,
    0.08514865071472932,
    0.08161696920959127,
    0.0734991053257722
  ],
  "dipole_vec_eA": [
    -0.8590021233605858,
    0.002360207094659879,
    -1.2435857504207423e-06
  ],
  "dipole_mag_D": 4.12597824108615,
  "HOMO_eV": -14.46968899573813,
  "LUMO_eV": -14.211505397215346,
  "gap_eV": 0.25818359852278405
}