{
  "tag": "RMC-Ag_1-Ta_3-A2-B4-NNNNOO",
  "energy_eV": -2089.0706134634993,
  "multiplicity": 3,
  "charge": 2,
  "sym1": "Ag",
  "ox1": 1,
  "sym2": "Ta",
  "ox2": 3,
  "acid": "A2",
  "base": "B4",
  "bridge": [
    "O",
    "O"
  ],
  "S1_ref": 0.0,
  "S2_ref": 1.0,
  "mulliken_q_e": [
    0.2681942676395992,
    0.9815036604345293,
    -0.37240153408749466,
    -0.37244037741307356,
    -0.23467893650775307,
    -0.2346436445099156,
    -0.16356468312554617,
    -0.16351629940659418,
    0.18436772647844424,
    -0.0051394512294347106,
    -0.012844875966607328,
    -0.018551355947712178,
    -0.01268743306852671,
    -0.0033199355667943298,
    0.0952786572091957,
    0.10049397925213344,
    0.09322605583464783,
    0.07546666476991737,
    0.10513437668466596,
    0.07451671791019454,
    0.12304028974201098,
    0.18437178715865032,
    -0.005141490894517542,
    -0.012849427920403,
    -0.018556330187473158,
    -0.012695254170205894,
    -0.003309637541478061,
    0.09528162649685845,
    0.10049374086618057,
    0.09323229496946939,
    0.07547234237035028,
    0.10513066511619318,
    0.07449617033599343,
    0.12304185633428188,
    -0.05990853638412008,
    -0.05988924414854924,
    0.12094629159652859,
    0.1209462915965277,
    0.12092368355360594,
    0.12092368355360539,
    -0.006735190846316463,
    -0.006739970843866461,
    0.08578857855904776,
    0.08578857855904687,
    0.08577681144680116,
    0.08577681144680127
  ],
  "dipole_vec_eA": [
    -0.5860315903843277,
    -0.00010672287784386082,
    -1.1162589742222931e-15
  ],
  "dipole_mag_D": 2.8148294839650503,
  "solvation_E_eV": null
}