{
  "tag": "RMC-Co_2-Rh_3-A2-B5-NNNNOS",
  "energy_eV": -2040.4986830101668,
  "multiplicity": 2,
  "charge": 3,
  "sym1": "Co",
  "ox1": 2,
  "sym2": "Rh",
  "ox2": 3,
  "acid": "A2",
  "base": "B5",
  "bridge": [
    "O",
    "S"
  ],
  "S1_ref": 0.5,
  "S2_ref": 0.0,
  "mulliken_q_e": [
    0.44114971770561906,
    0.12655367486202873,
    -0.2372741760970225,
    0.2914916004505681,
    -0.017130982720171994,
    -0.13033971063481764,
    -0.10267265915834778,
    -0.10641733923728602,
    0.01960758013501196,
    0.026418535804543453,
    0.006461331724323616,
    0.0018133723747091324,
    0.007209153048953754,
    0.019960491169784156,
    0.12265405709929478,
    0.13162904775329132,
    0.12388524749636132,
    0.08180947067457622,
    0.05837422142042503,
    0.1460485957657991,
    0.1381072092247715,
    0.20129336947312915,
    0.01729330542904406,
    -0.0006393661531862715,
    0.0064229565280784495,
    0.004967380863755144,
    0.008646765742508666,
    0.12389589665452805,
    0.13810625815352062,
    0.13225978562334495,
    0.07989156752154392,
    0.06834146815575126,
    0.13990604520187366,
    0.15736032425020752,
    -0.07513909087609161,
    0.04638049705971259,
    0.1546463014746453,
    0.1529977289225305,
    0.042965971390686475,
    0.028893977441222907,
    0.21098949003001966,
    0.21118093160675666
  ],
  "dipole_vec_eA": [
    0.41593220480849735,
    0.16811951927270263,
    2.5239669835372764e-15
  ],
  "dipole_mag_D": 2.1548342026724274,
  "solvation_E_eV": null
}