{
  "tag": "RMC-Cr_2-Cr_3-A2-B7-NNNNNO",
  "energy_eV": -2129.871748980876,
  "multiplicity": 2,
  "charge": 2,
  "sym1": "Cr",
  "ox1": 2,
  "sym2": "Cr",
  "ox2": 3,
  "acid": "A2",
  "base": "B7",
  "bridge": [
    "N",
    "O"
  ],
  "S1_ref": 0.0,
  "S2_ref": 0.5,
  "mulliken_q_e": [
    0.5913203151915378,
    0.5913797115151334,
    -0.3137508182681279,
    -0.30571169022433886,
    -0.14692959708702746,
    -0.14389150914097337,
    -0.14692840184482958,
    -0.14389524656260688,
    0.1665103418398799,
    -0.011647586051386716,
    -0.0097729899697383,
    -0.017799871408925583,
    -0.009770429895932686,
    -0.011650143269446689,
    0.09336352725812236,
    0.10034800809970901,
    0.09336097715740777,
    0.05767654092377472,
    0.05767941356199091,
    0.07899347810105084,
    0.07899117154340085,
    0.10188980786190971,
    0.0008943240282475173,
    -0.0054291708310389986,
    -0.015091505897454338,
    -0.0054298329511377474,
    0.0008949254512602423,
    0.09381547947602165,
    0.10089380864393549,
    0.09381593477872485,
    0.0506495220471499,
    0.050647966024494506,
    0.08573855740271297,
    0.08573898469823604,
    0.01952993257032043,
    -0.03912783450980095,
    0.07144144855666634,
    0.1004646989722705,
    -0.011066109759866993,
    0.1076526986682318,
    0.1076526989547939,
    0.019531062148350653,
    -0.03912804275306825,
    0.07144152171199925,
    0.10046421741415978,
    -0.011066109103061272,
    0.10765290762947577,
    0.10765290732261024
  ],
  "dipole_vec_eA": [
    7.642411883250198e-05,
    -0.041508067914270426,
    3.31202409594061e-11
  ],
  "dipole_mag_D": 0.19937206697706805,
  "HOMO_eV": -15.347445723397563,
  "LUMO_eV": -15.286049084955039,
  "gap_eV": 0.061396638442523965
}