{
  "tag": "RMC-Au_3-Y_3-A2-B2-NNNNOO",
  "energy_eV": -3024.7668405447994,
  "multiplicity": 1,
  "charge": 4,
  "sym1": "Au",
  "ox1": 3,
  "sym2": "Y",
  "ox2": 3,
  "acid": "A2",
  "base": "B2",
  "bridge": [
    "O",
    "O"
  ],
  "S1_ref": 0.0,
  "S2_ref": 0.0,
  "mulliken_q_e": [
    0.5583364190811475,
    0.588814667164397,
    -0.3463082336597849,
    -0.3463074835603406,
    -0.07321051920825683,
    -0.0732118255074734,
    -0.07955743435503226,
    -0.07956317878792185,
    0.19384322525053577,
    0.002491955600812057,
    0.005590764611481447,
    -0.004523256107620277,
    0.004019691592291208,
    -0.0036104177164073548,
    0.1225470734500187,
    0.1399444537922362,
    0.11686010524681911,
    0.06475362685439667,
    0.05233875763396334,
    0.1322425494699424,
    0.15266923566925483,
    0.19384478418240358,
    0.0024896058318997216,
    0.005589675360504254,
    -0.004522354341415902,
    0.004018481833120813,
    -0.0036139917584956383,
    0.12254413171903078,
    0.1399462122119215,
    0.11685730436870323,
    0.06474822299665761,
    0.05233949608684463,
    0.13224121796433042,
    0.15266843043574474,
    0.010189803001668718,
    0.04600500901403204,
    0.01622101005462362,
    0.06615946637193715,
    -0.01154213606128307,
    0.0005983844807242455,
    0.13540779647779144,
    0.10439541957691711,
    0.14377574506370017,
    0.06615926124677562,
    0.010190055685590504,
    0.0005996641456211815,
    -0.01154308487664113,
    0.13540643814517284,
    0.14377460806458298,
    0.10439751067787462,
    0.010977494092175188,
    0.04379173693333116,
    0.017640872500377602,
    0.07088373754930366,
    -0.012764977204509975,
    0.0004898859548738699,
    0.1334068147410461,
    0.1015217870182219,
    0.13101568039503242,
    0.07088712329390923,
    0.010977095053927854,
    0.0004898061674343257,
    -0.012767748144532964,
    0.1334072020377386,
    0.1310148606327275,
    0.10152228032827515
  ],
  "dipole_vec_eA": [
    -0.31512223568917214,
    0.004999070015687967,
    -2.1870017464938587e-15
  ],
  "dipole_mag_D": 1.513786914592811,
  "HOMO_eV": -20.75612613027027,
  "LUMO_eV": -20.607993379760885,
  "gap_eV": 0.14813275050938657
}