{
  "tag": "RMC-Co_2-Mg_2-A2-B5-NNNNSS",
  "energy_eV": -1940.8838078108429,
  "multiplicity": 2,
  "charge": 2,
  "sym1": "Co",
  "ox1": 2,
  "sym2": "Mg",
  "ox2": 2,
  "acid": "A2",
  "base": "B5",
  "bridge": [
    "S",
    "S"
  ],
  "S1_ref": 0.5,
  "S2_ref": 0.0,
  "mulliken_q_e": [
    0.12886033788605478,
    0.47738998817303513,
    0.1714298115164089,
    0.17143204131387507,
    -0.19312650968777634,
    -0.19328680041619983,
    -0.17932746316108172,
    -0.1793126032524075,
    0.028777121412184803,
    0.0061037396463328175,
    -0.012406277890856021,
    -0.014474561551227838,
    -0.007003337520556041,
    0.01059623415194455,
    0.08529008766192148,
    0.09262521958762149,
    0.08910599013670562,
    0.05279815057769777,
    0.07177040535424961,
    0.09448320673054889,
    0.08528006638358787,
    0.02880688493001271,
    0.006094264704198604,
    -0.012442587227861734,
    -0.014469600180626374,
    -0.00700699734928012,
    0.010633558488429395,
    0.08529166930464427,
    0.0926242574586329,
    0.08910458004387634,
    0.052768734207220946,
    0.07180381824670401,
    0.09448411819996028,
    0.08528005099494307,
    -0.008382172236364838,
    -0.008103675780998465,
    0.1583967357467616,
    0.15838783245071975,
    -0.02199634882663526,
    -0.021997322556642773,
    0.18685879218670376,
    0.18685856006942514
  ],
  "dipole_vec_eA": [
    1.773692331093388,
    0.00039708780867039303,
    -2.9820995089250995e-15
  ],
  "dipole_mag_D": 8.51940679187303,
  "HOMO_eV": -14.744024951101137,
  "LUMO_eV": -14.178809754267558,
  "gap_eV": 0.565215196833579
}