{
  "tag": "RMC-Ru_2-Ru_2-A2-B4-NNNNNO",
  "energy_eV": -2091.025619627593,
  "multiplicity": 1,
  "charge": 1,
  "sym1": "Ru",
  "ox1": 2,
  "sym2": "Ru",
  "ox2": 2,
  "acid": "A2",
  "base": "B4",
  "bridge": [
    "N",
    "O"
  ],
  "S1_ref": 0.0,
  "S2_ref": 0.0,
  "mulliken_q_e": [
    -0.013875213289527677,
    -0.014880691946727476,
    -0.10909601756065124,
    -0.09974870654833445,
    -0.049768538572642296,
    -0.08031276461394277,
    -0.04948427367967523,
    -0.07991830668493649,
    0.16204705453031854,
    -0.0074378152062035685,
    -0.034499485202326596,
    -0.026819090213562546,
    -0.034503241334644885,
    -0.0075871615612777,
    0.06098150985987083,
    0.06663283201130588,
    0.060993627521723104,
    0.04099728799755531,
    0.04152922855032948,
    0.050678862090076215,
    0.05094215299323945,
    0.10483418929195487,
    0.0075903975275739555,
    -0.02857956538156703,
    -0.022044722488071766,
    -0.028542831866165352,
    0.007953867007604698,
    0.06497275430183103,
    0.07009211028916507,
    0.06511535455263928,
    0.035947733814257976,
    0.034992168283989766,
    0.06626756606352147,
    0.06604574481081693,
    0.0028439614563602333,
    -0.005983116440070102,
    0.07627738160167874,
    0.07627738160171038,
    0.08244030980522321,
    0.08244030980522354,
    0.0028538074403414715,
    -0.006023380217403895,
    0.07634155805081733,
    0.07634155805084841,
    0.08233711251006215,
    0.08233711251007014
  ],
  "dipole_vec_eA": [
    0.0007770618556318154,
    -0.2654370778761051,
    2.1197904796662163e-13
  ],
  "dipole_mag_D": 1.2749539691038496,
  "solvation_E_eV": null
}