{
  "tag": "RMC-Fe_3-Hf_2-A2-B4-NNNNNN",
  "energy_eV": -2007.334998027658,
  "multiplicity": 2,
  "charge": 1,
  "sym1": "Fe",
  "ox1": 3,
  "sym2": "Hf",
  "ox2": 2,
  "acid": "A2",
  "base": "B4",
  "bridge": [
    "N",
    "N"
  ],
  "S1_ref": 0.5,
  "S2_ref": 1.0,
  "mulliken_q_e": [
    0.5856532981660418,
    0.9351010441194496,
    -0.1924377074324819,
    -0.19244008049105288,
    -0.12271333391930184,
    -0.12271586878316887,
    -0.3287354247798304,
    -0.32873090067749633,
    0.06365512740908996,
    -0.024142160610366892,
    -0.022515161568311903,
    -0.028919709292806628,
    -0.025240506701889265,
    -0.009791941046742414,
    0.06299777957924924,
    0.06254969738980842,
    0.0603877791353743,
    0.08932239434754963,
    0.003439917427718431,
    0.07379269039129166,
    0.06789046623191508,
    0.06365619579069848,
    -0.024140773166023033,
    -0.022516642480192584,
    -0.028919372054437176,
    -0.025242011851396295,
    -0.00979031814120268,
    0.06299908771140894,
    0.06254990608030375,
    0.06038936570706466,
    0.0893216672504431,
    0.003437695249984607,
    0.07379520312459509,
    0.0678913729977959,
    -0.14273809890995337,
    -0.1427400995964967,
    0.06640283807947267,
    0.06640283807947411,
    0.06640210661271762,
    0.06640210661271972,
    -0.07478694807548303,
    -0.0747874438711591,
    0.047401259282514596,
    0.04740125928251537,
    0.047400703828016755,
    0.047400703828013535
  ],
  "dipole_vec_eA": [
    -1.0418894768398639,
    4.6623011201056844e-05,
    6.239300161179343e-14
  ],
  "dipole_mag_D": 5.004407989035789,
  "solvation_E_eV": null
}