{
  "tag": "RMC-Pt_2-Sn_2-A2-B6-NNNNSS",
  "energy_eV": -2242.987612088156,
  "multiplicity": 1,
  "charge": 2,
  "sym1": "Pt",
  "ox1": 2,
  "sym2": "Sn",
  "ox2": 2,
  "acid": "A2",
  "base": "B6",
  "bridge": [
    "S",
    "S"
  ],
  "S1_ref": 0.0,
  "S2_ref": 0.0,
  "mulliken_q_e": [
    -0.07208343500454095,
    0.4885418091708629,
    -0.06192924261359589,
    -0.061927411185054154,
    -0.0180838303844153,
    -0.018087112334806976,
    -0.1524948975843936,
    -0.15249213948455775,
    0.0636435949408869,
    0.0031387220085454803,
    -0.007946566877010675,
    -0.018106997701023753,
    -0.010155777461581028,
    0.009809130388374276,
    0.08567104124810176,
    0.0931974077803438,
    0.08597460021923342,
    0.07451981162991705,
    0.05957970738990492,
    0.0732869360897096,
    0.0885989486899027,
    0.06364575500014769,
    0.0031388939358303336,
    -0.007943451517066658,
    -0.01810872245397821,
    -0.010154994470506162,
    0.009805784091662773,
    0.08567040424135164,
    0.09319768569775722,
    0.08597403128188297,
    0.07452021907362849,
    0.05958066993577238,
    0.07328779993794454,
    0.08859730021501366,
    -0.07603137515507141,
    -0.019285679959070157,
    -0.01928450029753992,
    0.10005223267859353,
    0.107291855400522,
    0.08734280136961148,
    0.0873426286304031,
    0.10338520833452103,
    0.103384911221027,
    -0.08468594491504433,
    -0.007818223076561104,
    -0.00781835346703641,
    0.08879594189662376,
    0.08903320972176965,
    0.07623233923050932,
    0.07623244016372932,
    0.07098234539773673,
    0.07098248893102532
  ],
  "dipole_vec_eA": [
    0.22119386658162793,
    2.855994377836882e-07,
    -0.8909200391403292
  ],
  "dipole_mag_D": 4.409187800922876,
  "HOMO_eV": -15.632675261009114,
  "LUMO_eV": -13.854155347462525,
  "gap_eV": 1.7785199135465888
}