{
  "tag": "RMC-Ag_2-Fe_2-A2-B5-NNNNOS",
  "energy_eV": -2038.970340574339,
  "multiplicity": 2,
  "charge": 2,
  "sym1": "Ag",
  "ox1": 2,
  "sym2": "Fe",
  "ox2": 2,
  "acid": "A2",
  "base": "B5",
  "bridge": [
    "O",
    "S"
  ],
  "S1_ref": 0.5,
  "S2_ref": 0.0,
  "mulliken_q_e": [
    0.3621552735686355,
    0.7754498441939949,
    -0.3417915424378286,
    0.20350692215420882,
    -0.17277806090860803,
    -0.19649580463443383,
    -0.30911708742403654,
    -0.33142935123569717,
    0.014964459923876072,
    0.009851624980258933,
    -0.005284499517959729,
    -0.011607669145105248,
    -0.002226080654424978,
    0.005985853268705377,
    0.09252400346655942,
    0.09849741228581554,
    0.09344952081287927,
    0.09194656869094642,
    0.059041035241581996,
    0.08956793268723484,
    0.0919389305465882,
    0.2169878168142063,
    -0.002515345001232072,
    -0.011543480539877748,
    -0.020182788911710103,
    -0.004049683290564321,
    -0.015981376623233512,
    0.09275518983620024,
    0.09929738302411084,
    0.09422134612837385,
    0.09981752166358127,
    0.09827334037221269,
    0.0977010170535374,
    0.18194792359495215,
    -0.020263781590702523,
    -0.022171834335714236,
    0.15007915300580088,
    0.1909448148469799,
    -0.05487880923513622,
    -0.0612890014208991,
    0.13806000765038307,
    0.13464130320331014
  ],
  "dipole_vec_eA": [
    0.07783166306288834,
    -0.06436402906581261,
    -8.679672901553984e-16
  ],
  "dipole_mag_D": 0.485111647191995,
  "solvation_E_eV": null
}