{
  "tag": "RMC-V_2-V_3-A2-B1-NNNNNO",
  "energy_eV": -2475.566207246027,
  "multiplicity": 2,
  "charge": 2,
  "sym1": "V",
  "ox1": 2,
  "sym2": "V",
  "ox2": 3,
  "acid": "A2",
  "base": "B1",
  "bridge": [
    "N",
    "O"
  ],
  "S1_ref": 0.5,
  "S2_ref": 1.0,
  "mulliken_q_e": [
    0.31927779314927507,
    0.3300313855275021,
    -0.21309277412946193,
    -0.2323850515600172,
    -0.08499549088153802,
    -0.12879776897530415,
    -0.12089404824657124,
    -0.10134624773448908,
    0.1672601705097092,
    0.0015992680313952068,
    -0.008485383068248753,
    -0.01591608117061738,
    -0.008979763508536687,
    -0.0049085552725389725,
    0.09454511711761793,
    0.10067723264871176,
    0.09051967680593553,
    0.057857038900512636,
    0.07309046534205166,
    0.0884170349828366,
    0.07535830647232988,
    0.10631699093804259,
    0.009386698213391442,
    -0.0031417906666035833,
    -0.012759422393485265,
    -0.0037128399575871995,
    0.017322234882998,
    0.09442688694183976,
    0.1030715192868068,
    0.09797097861141879,
    0.07095337009033598,
    0.05598357484185379,
    0.09089344789025589,
    0.10275245953089363,
    -0.028652944837970207,
    0.06477123104713689,
    0.06773995188347404,
    -0.028954031527273605,
    -0.01079329166604337,
    -0.009660724812003751,
    0.07978969991146312,
    0.07316778522539957,
    0.09345755599124361,
    0.09506577533077964,
    -0.029549071221563805,
    0.06687223159194455,
    0.06542918931551833,
    -0.0278462079463353,
    -0.011272204815356401,
    -0.009698990818489017,
    0.07621358960478186,
    0.07697391543777266,
    0.09422864619612936,
    0.0944214620651207
  ],
  "dipole_vec_eA": [
    -0.03704499965299615,
    -0.30229050491238685,
    2.331127313152931e-12
  ],
  "dipole_mag_D": 1.4628251565783577,
  "HOMO_eV": -15.232832381039055,
  "LUMO_eV": -15.195311584626943,
  "gap_eV": 0.037520796412112034
}