{
  "tag": "RMC-Ru_3-Ta_3-A2-B4-NNNNNN",
  "energy_eV": -2005.1452249292897,
  "multiplicity": 2,
  "charge": 2,
  "sym1": "Ru",
  "ox1": 3,
  "sym2": "Ta",
  "ox2": 3,
  "acid": "A2",
  "base": "B4",
  "bridge": [
    "N",
    "N"
  ],
  "S1_ref": 0.5,
  "S2_ref": 1.0,
  "mulliken_q_e": [
    -0.004126568132680419,
    0.8041036394024415,
    -0.14026104020374053,
    -0.14025772642572631,
    0.036513431452345646,
    0.03651087744892001,
    -0.275934403087301,
    -0.2759337734978371,
    0.08130238450667138,
    0.009076001563410152,
    -0.00315444472072679,
    -0.013934390407636776,
    0.001795445101755666,
    0.004300571195680503,
    0.08923613138794984,
    0.09716774008397511,
    0.09578094176229324,
    0.11097253069268942,
    0.015347655053586928,
    0.11925654672053987,
    0.1002982335672632,
    0.08130487567524147,
    0.009076177198985125,
    -0.0031559520890251935,
    -0.013932412000511096,
    0.0017967419614475233,
    0.0042996922865594644,
    0.08923806318836691,
    0.09716574892601515,
    0.09577858085540392,
    0.11097386500342465,
    0.015347779858799981,
    0.11925767421589295,
    0.10030008470678176,
    -0.060149510843274356,
    -0.06014867445452898,
    0.12198162227407794,
    0.11927011129845644,
    0.1219807744882615,
    0.11926926100440705,
    -0.07374744148608592,
    -0.07374756242714087,
    0.08252259355359748,
    0.08236800252936582,
    0.08252236038030825,
    0.08236776754482356
  ],
  "dipole_vec_eA": [
    0.2538228015700214,
    1.8967458521186494e-05,
    -0.32047939119971924
  ],
  "dipole_mag_D": 1.9636416386446345,
  "HOMO_eV": -16.134293447447607,
  "LUMO_eV": -15.474792074935127,
  "gap_eV": 0.6595013725124801
}