{
  "tag": "RMC-Ga_3-In_3-A2-B6-NNNNSS",
  "energy_eV": -2094.187917876064,
  "multiplicity": 1,
  "charge": 4,
  "sym1": "Ga",
  "ox1": 3,
  "sym2": "In",
  "ox2": 3,
  "acid": "A2",
  "base": "B6",
  "bridge": [
    "S",
    "S"
  ],
  "S1_ref": 0.5,
  "S2_ref": 0.5,
  "mulliken_q_e": [
    0.2714927149698596,
    0.9999891790396378,
    0.1846558865990051,
    0.18467682654250855,
    -0.13619974128002466,
    -0.13619319335498115,
    0.029210184592663113,
    0.02921970676497465,
    0.026724950132690717,
    0.025454531385375567,
    0.007620878000554443,
    -0.002536994211212784,
    0.0024503616663948957,
    0.010669275645958987,
    0.1287603209505327,
    0.129323549623391,
    0.11558968166000971,
    0.04031263290747522,
    0.07004961775096707,
    0.14502475995678143,
    0.09653221726700911,
    0.026729111899982838,
    0.025447466460539747,
    0.007624595010799817,
    -0.002536691891884768,
    0.0024499634712547014,
    0.010674573655670372,
    0.1287597332294217,
    0.12931914062773597,
    0.11559497207048486,
    0.04032082194165598,
    0.07004343436326566,
    0.14502352292300769,
    0.09653898565468222,
    -0.07997334190887218,
    -0.01696817027893771,
    -0.016970449355360406,
    0.10976126712824841,
    0.08279515627283074,
    0.09278654436380007,
    0.09278652593635095,
    0.10549851415514144,
    0.10549688800087231,
    -0.08935800086197343,
    -0.04574413311380576,
    -0.04574503695316379,
    0.12423082986549094,
    0.08665681845964557,
    0.12640183122979654,
    0.12640303558794486,
    0.11156205694696275,
    0.11156268849873141
  ],
  "dipole_vec_eA": [
    2.766674535464129,
    8.035884653204549e-05,
    8.795112047571543
  ],
  "dipole_mag_D": 44.28556522891823,
  "solvation_E_eV": null
}