{
  "tag": "RMC-Cr_2-Mg_2-A2-B7-NNNNOS",
  "energy_eV": -2097.6171731997824,
  "multiplicity": 1,
  "charge": 2,
  "sym1": "Cr",
  "ox1": 2,
  "sym2": "Mg",
  "ox2": 2,
  "acid": "A2",
  "base": "B7",
  "bridge": [
    "O",
    "S"
  ],
  "S1_ref": 0.0,
  "S2_ref": 0.0,
  "mulliken_q_e": [
    0.5595841875023887,
    0.4877185369295005,
    -0.36626899685103,
    -0.0985514052517379,
    -0.16255725144565325,
    -0.15172121258087223,
    -0.11002751506377728,
    -0.1082442260205787,
    0.046674424206863296,
    0.0058635610455282094,
    -0.009024921550029097,
    -0.01671396546507853,
    -0.010125067636397311,
    0.005223955200781338,
    0.08789701174735032,
    0.094606544393677,
    0.08660130793703769,
    0.06171704778368303,
    0.03440620630858704,
    0.0892555818624915,
    0.07995870426443386,
    0.18420898825485765,
    -0.01663272371885638,
    -0.011111284474266458,
    -0.02274299451932582,
    -0.011306506849317222,
    -0.014441974824566328,
    0.08709708286614282,
    0.09571451330253944,
    0.08648204466295861,
    0.06939898311131065,
    0.049626216762244324,
    0.09332287470004197,
    0.07659399259418231,
    0.018161703159964127,
    -0.05425368529630448,
    0.08578469012567469,
    0.10291198089478215,
    -0.003275015047361718,
    0.10663125656723971,
    0.10663121151882582,
    0.013324863511664509,
    -0.04530493060339835,
    0.08551080158627389,
    0.10754834345427922,
    -0.024822896983830223,
    0.11433497667900216,
    0.114334981248156
  ],
  "dipole_vec_eA": [
    0.04779284934737151,
    0.2631606395847546,
    -1.0219371296226808e-06
  ],
  "dipole_mag_D": 1.2846903989556413,
  "HOMO_eV": -14.704587883612374,
  "LUMO_eV": -14.619220969196027,
  "gap_eV": 0.08536691441634758
}