{
  "tag": "RMC-Ir_2-Pb_2-A2-B4-NNNNOO",
  "energy_eV": -2094.2379359263878,
  "multiplicity": 2,
  "charge": 2,
  "sym1": "Ir",
  "ox1": 2,
  "sym2": "Pb",
  "ox2": 2,
  "acid": "A2",
  "base": "B4",
  "bridge": [
    "O",
    "O"
  ],
  "S1_ref": 0.5,
  "S2_ref": 0.0,
  "mulliken_q_e": [
    0.21089100572343134,
    0.6554728911068624,
    -0.11435576498920108,
    -0.1178053576585929,
    -0.16702539719235254,
    -0.16699376388086673,
    -0.08519243808916266,
    -0.08350113224345845,
    0.14642461744201185,
    -0.0018809154986525467,
    -0.016345657732424357,
    -0.016398264715269617,
    -0.017514430607100673,
    0.0008950191459240475,
    0.08794361319801192,
    0.09350244796174367,
    0.08608025482004888,
    0.039561016684585004,
    0.06524633828943194,
    0.08859344563726945,
    0.09370387479250575,
    0.14649558366961468,
    -0.0011723936051568629,
    -0.01569087933709179,
    -0.017340778247336486,
    -0.01717963261502864,
    0.0002657371106340456,
    0.08821929257569261,
    0.09319915831497438,
    0.08613642097990026,
    0.04062634149746347,
    0.06461770433686032,
    0.0864419073338254,
    0.09427244399174806,
    -0.04393778829635053,
    -0.045850556292337696,
    0.12055602766604112,
    0.12055602766609341,
    0.12098730396615764,
    0.12098730396621193,
    -0.0777826790489784,
    -0.07510506220380186,
    0.08233547400362584,
    0.08233547400517904,
    0.08236308173407303,
    0.08236308173566464
  ],
  "dipole_vec_eA": [
    0.7620444669585491,
    -0.02016352838507503,
    3.554568077135608e-11
  ],
  "dipole_mag_D": 3.6615363222358894,
  "solvation_E_eV": null
}