{
  "tag": "RMC-Fe_3-Ru_2-A2-B6-NNNNSS",
  "energy_eV": -2216.536906702968,
  "multiplicity": 2,
  "charge": 3,
  "sym1": "Fe",
  "ox1": 3,
  "sym2": "Ru",
  "ox2": 2,
  "acid": "A2",
  "base": "B6",
  "bridge": [
    "S",
    "S"
  ],
  "S1_ref": 0.5,
  "S2_ref": 0.0,
  "mulliken_q_e": [
    0.6870467812217729,
    -0.08950722927580879,
    -0.022031128312343967,
    -0.022030769541206058,
    -0.1360176905629238,
    -0.13602394609765578,
    -0.0276624365725322,
    -0.027658304700912906,
    0.058876739230698805,
    0.019505933637757877,
    0.00025810908429302337,
    -0.0025384463219613185,
    0.0010490200370243397,
    0.009195172453205336,
    0.11207772089181811,
    0.1242024812120417,
    0.1127495765597285,
    0.06216207237815863,
    0.05799219533922262,
    0.11638200255264941,
    0.1230749931324776,
    0.05887684097167911,
    0.01950825500690656,
    0.00025708965628190583,
    -0.002538436004979161,
    0.0010500754296329795,
    0.009192174416834176,
    0.11207870653070284,
    0.12420240683974448,
    0.11274841210522879,
    0.06215907381124541,
    0.05799587862632882,
    0.11638247905769405,
    0.12307447864194954,
    -0.10406743576555777,
    -0.04169538017579755,
    -0.04169356166623395,
    0.13111607589215524,
    0.10051166315590232,
    0.11992903515745357,
    0.11992927482702176,
    0.11768772520378967,
    0.11768738435850301,
    -0.060543898645034844,
    -0.004457343075196629,
    -0.004458336540709595,
    0.12497896089062177,
    0.1339625009889749,
    0.11248996408100975,
    0.11248978249201524,
    0.12502152132636601,
    0.1250217863397266
  ],
  "dipole_vec_eA": [
    0.12650519770672417,
    -2.6983905911969383e-06,
    0.17599941344562445
  ],
  "dipole_mag_D": 1.0410811860169504,
  "HOMO_eV": -18.377974992714897,
  "LUMO_eV": -18.1063464493422,
  "gap_eV": 0.27162854337269593
}