{
  "tag": "RMC-Cr_2-Rh_2-A2-B10-NNNNOO",
  "energy_eV": -3315.532250319498,
  "multiplicity": 2,
  "charge": 2,
  "sym1": "Cr",
  "ox1": 2,
  "sym2": "Rh",
  "ox2": 2,
  "acid": "A2",
  "base": "B10",
  "bridge": [
    "O",
    "O"
  ],
  "S1_ref": 0.0,
  "S2_ref": 0.5,
  "mulliken_q_e": [
    0.6063853432682123,
    0.012383915199194462,
    -0.28113013304465806,
    -0.28113056671014625,
    -0.15121155187296664,
    -0.1512087637422015,
    -0.03625030601804102,
    -0.03624320876115483,
    0.18782678215730053,
    -0.007660625303896884,
    -0.01587511251290885,
    -0.021052680129441503,
    -0.015054130056164405,
    -0.021134766964289398,
    0.07925859716063333,
    0.09117130781003402,
    0.07826211018005669,
    0.05592883678281835,
    0.05666272345159351,
    0.09399315764377203,
    0.09214142419006821,
    0.18782602383119262,
    -0.007655336631977816,
    -0.015876265142460877,
    -0.0210539012804829,
    -0.015053586091055893,
    -0.02113325072033745,
    0.07926013499963902,
    0.09117268290353875,
    0.07826179563966618,
    0.05592394528714961,
    0.056662667526710564,
    0.09399592285750202,
    0.09214169212397272,
    0.06711428117856366,
    0.006191369297774196,
    0.02258794232923056,
    -0.01830299747207209,
    -0.01363934220359675,
    -0.04619412019405589,
    0.08450769197606078,
    0.08180743190260165,
    0.06299428629524795,
    -0.01829580290293098,
    0.02259361985246766,
    0.00618721924681731,
    0.06711311751511384,
    -0.0461948000135366,
    -0.013641662562182244,
    0.08450124735817877,
    0.06299338592782011,
    0.08181018381772132,
    0.06502640184550934,
    0.016900388047891957,
    0.023545869526821583,
    -0.017583969816209466,
    -0.012922272502938537,
    -0.04487876424062698,
    0.08363428311386378,
    0.08149569010792868,
    0.06244865156538215,
    -0.017589030961574492,
    0.023543494086461836,
    0.016903447703557672,
    0.06502291325808485,
    -0.04487712288999535,
    -0.01292047010194386,
    0.0836393527474395,
    0.062449192919344476,
    0.08149401490751707
  ],
  "dipole_vec_eA": [
    -0.2605061706492466,
    1.9504677390953295e-06,
    -6.371735500273707e-08
  ],
  "dipole_mag_D": 1.2512643512589194,
  "HOMO_eV": -14.866800401228103,
  "LUMO_eV": -14.804238414577796,
  "gap_eV": 0.06256198665030688
}