{
  "tag": "RMC-Rh_3-Zr_2-A2-B7-NNNNOO",
  "energy_eV": -2187.5206079817717,
  "multiplicity": 3,
  "charge": 3,
  "sym1": "Rh",
  "ox1": 3,
  "sym2": "Zr",
  "ox2": 2,
  "acid": "A2",
  "base": "B7",
  "bridge": [
    "O",
    "O"
  ],
  "S1_ref": 0.0,
  "S2_ref": 1.0,
  "mulliken_q_e": [
    0.08588301516109043,
    1.0764551098722064,
    -0.3047475805509283,
    -0.29785391696837626,
    -0.0041314195817001576,
    0.012438764564220994,
    -0.1686624304757982,
    -0.15412101175750714,
    0.17803683353588462,
    -0.00689546717360523,
    0.001370603425662864,
    -0.00593023467370557,
    -0.005814905768397605,
    0.010500015378586802,
    0.11706961348448641,
    0.12778308840644126,
    0.11543313668572752,
    0.04625345232107936,
    0.057047471451452836,
    0.11870023914882877,
    0.11901305451977517,
    0.17650435338771797,
    -0.009319689315170132,
    -0.0011349105258315895,
    -0.007816736959077364,
    -0.006533047548416215,
    0.00578445033894015,
    0.11488741774258415,
    0.1265025275110252,
    0.1133253448571876,
    0.04859242750366377,
    0.05686336246128865,
    0.11693919162890032,
    0.11394097418212135,
    0.021796498784476537,
    -0.008197600683822914,
    0.11549583184182532,
    0.13816308452603843,
    -0.03214561545807215,
    0.15221356912840678,
    0.15221356912840633,
    0.016728788614580825,
    -0.042200912232141397,
    0.11948332610649104,
    0.13882586104955486,
    -0.023989220295989266,
    0.14262486187673729,
    0.1426248618767405
  ],
  "dipole_vec_eA": [
    0.4333963547808078,
    0.2502030075770652,
    3.693935947590877e-15
  ],
  "dipole_mag_D": 2.403685559399633,
  "HOMO_eV": -17.594185067953276,
  "LUMO_eV": -17.431459306169558,
  "gap_eV": 0.16272576178371878
}