{
  "tag": "RMC-Mg_2-Pb_2-A2-B6-NNNNNN",
  "energy_eV": -2143.6423838007317,
  "multiplicity": 1,
  "charge": 0,
  "sym1": "Mg",
  "ox1": 2,
  "sym2": "Pb",
  "ox2": 2,
  "acid": "A2",
  "base": "B6",
  "bridge": [
    "N",
    "N"
  ],
  "S1_ref": 0.0,
  "S2_ref": 0.0,
  "mulliken_q_e": [
    0.3913633391503061,
    0.3842254475773317,
    -0.3559789285930468,
    -0.35600713742946066,
    -0.17788603324609253,
    -0.17790073971956666,
    -0.18848240325829346,
    -0.1884873241790026,
    0.10703407641682805,
    -0.03689938128713499,
    -0.026178826896951612,
    -0.05664040549879901,
    -0.025662367102388117,
    -0.03765013573172449,
    0.021870293100950233,
    0.021111279608017508,
    0.022300680124439753,
    0.06917389926539297,
    0.0635414725398653,
    0.00854477672485221,
    0.01319843922330144,
    0.10703465251294642,
    -0.03689574054929201,
    -0.026161895257727386,
    -0.05667203071950211,
    -0.02564750318654374,
    -0.03764741576021269,
    0.02186920205552989,
    0.021114557705186332,
    0.02230044416342092,
    0.06916650940776403,
    0.06353403964039095,
    0.008544621637336935,
    0.013198186463822537,
    -0.06928807141825888,
    0.006156431179889399,
    0.006159385928784067,
    0.04457458200864961,
    0.05996596584454983,
    0.02830289434539246,
    0.02830188824511648,
    0.045241258250579786,
    0.04523927046046394,
    -0.06713859399624322,
    0.015944249110698472,
    0.015947999777401467,
    0.04104247904163405,
    0.06522552519854952,
    0.024682280078992203,
    0.02468108272257763,
    0.03331794958792211,
    0.03331577226667071
  ],
  "dipole_vec_eA": [
    -0.0424385007167842,
    3.9580194906509833e-05,
    -0.3645686753915124
  ],
  "dipole_mag_D": 1.762922196911057,
  "HOMO_eV": -8.19456361847664,
  "LUMO_eV": -7.191524685947546,
  "gap_eV": 1.0030389325290932
}