{
  "tag": "RMC-Mg_2-Ni_2-A2-B10-NNNNSS",
  "energy_eV": -3251.7430637524,
  "multiplicity": 1,
  "charge": 2,
  "sym1": "Mg",
  "ox1": 2,
  "sym2": "Ni",
  "ox2": 2,
  "acid": "A2",
  "base": "B10",
  "bridge": [
    "S",
    "S"
  ],
  "S1_ref": 0.0,
  "S2_ref": 0.0,
  "mulliken_q_e": [
    0.46392326192642697,
    -0.20297788014709606,
    -0.01464210445690739,
    -0.0146413632317694,
    -0.12376311370466042,
    -0.12376147811192695,
    -0.016858323012391097,
    -0.016879177394054867,
    0.05923352319677999,
    0.008532143424312855,
    -0.010835929827509139,
    -0.02092125837932768,
    -0.012199765415850328,
    0.00011786392051460481,
    0.07653159037220836,
    0.08505169985310157,
    0.07522815473046551,
    0.05696849137427429,
    0.061107201235282016,
    0.09230140894429939,
    0.08937349477477508,
    0.059239814680311254,
    0.008523574874307105,
    -0.010832039701551555,
    -0.020924812450809682,
    -0.012202152948371126,
    0.00011502772648097626,
    0.07652992036016804,
    0.08505127066602203,
    0.07522845486344865,
    0.056984607323798286,
    0.06111141686807886,
    0.09229591137496906,
    0.08937253633589792,
    0.06197956447940056,
    -0.006621199997869143,
    0.02102298400702418,
    -0.01996002774014638,
    -0.014524077493731635,
    -0.04331757376702994,
    0.08294843789966877,
    0.08089495555109738,
    0.06489774294880202,
    -0.01994742705225705,
    0.021027677969620573,
    -0.0066255172809319696,
    0.061984395426344596,
    -0.04332221844260964,
    -0.014531352617600302,
    0.08294018184779206,
    0.06489812432611686,
    0.08089870883330363,
    0.0653983689709614,
    0.01750483332895536,
    0.018819461683141636,
    -0.02001611943453674,
    -0.014934998273615996,
    -0.04726150083361724,
    0.07922173457642556,
    0.07682914202361679,
    0.061426391907759115,
    -0.020014367762323237,
    0.018815943597561002,
    0.01750719532097622,
    0.06540724310924384,
    -0.04727084129464587,
    -0.014936117214617184,
    0.0792207442098436,
    0.06142825714872868,
    0.07682927999542344
  ],
  "dipole_vec_eA": [
    -0.6486491615833196,
    3.0248896004325323e-05,
    2.8344878904904364e-15
  ],
  "dipole_mag_D": 3.115594426036662,
  "HOMO_eV": -14.775329494545385,
  "LUMO_eV": -14.498258953986412,
  "gap_eV": 0.27707054055897373
}