{
  "tag": "RMC-Rh_3-Y_3-A2-B1-NNNNOS",
  "energy_eV": -2481.344835518111,
  "multiplicity": 1,
  "charge": 4,
  "sym1": "Rh",
  "ox1": 3,
  "sym2": "Y",
  "ox2": 3,
  "acid": "A2",
  "base": "B1",
  "bridge": [
    "O",
    "S"
  ],
  "S1_ref": 0.0,
  "S2_ref": 0.0,
  "mulliken_q_e": [
    0.16516986936663425,
    0.5669976984352016,
    -0.30774807348254796,
    0.032215062765297536,
    0.04645142955730597,
    0.03023857627157933,
    -0.08632805965248314,
    -0.10684215654219242,
    0.07445426531939914,
    0.023043840474685995,
    0.015451370675743759,
    0.003044143795881915,
    0.014766737488496107,
    0.02603386960292009,
    0.13772449109668883,
    0.15126530257847226,
    0.1375157437957134,
    0.07857129986960909,
    0.0650275962671818,
    0.14036796204446955,
    0.16558538231268094,
    0.19811865426140507,
    0.0052149969354597925,
    0.010867049206364943,
    -0.00030357691112237184,
    0.007985671904754854,
    0.014957466789125684,
    0.13630669707219212,
    0.151742097434161,
    0.13337485025393603,
    0.08647810858927985,
    0.07215250539165474,
    0.1522726898427369,
    0.17097499059543386,
    -0.0018446258717772501,
    0.08410056461164683,
    0.08410144026704036,
    -0.0035431421366656224,
    0.015429307140139903,
    0.01572519986382903,
    0.13481382173806378,
    0.13439098484962164,
    0.16169038870713293,
    0.16284562220069132,
    -0.0006364056266763285,
    0.06801109730404242,
    0.06481949328407843,
    -0.0036852296507494664,
    0.014071125636505588,
    0.014111200941697932,
    0.12348862035779684,
    0.1187528570555636,
    0.14916706535030855,
    0.15104206057267489
  ],
  "dipole_vec_eA": [
    -0.6732598006696395,
    -0.05006731930070406,
    1.5045904994436044e-11
  ],
  "dipole_mag_D": 3.2427338641480055,
  "HOMO_eV": -22.013704263234867,
  "LUMO_eV": -21.522197071544017,
  "gap_eV": 0.4915071916908502
}