{
  "tag": "RMC-Au_3-Cu_2-A2-B2-NNNNNS",
  "energy_eV": -3076.1928285986337,
  "multiplicity": 2,
  "charge": 2,
  "sym1": "Au",
  "ox1": 3,
  "sym2": "Cu",
  "ox2": 2,
  "acid": "A2",
  "base": "B2",
  "bridge": [
    "N",
    "S"
  ],
  "S1_ref": 0.0,
  "S2_ref": 0.5,
  "mulliken_q_e": [
    0.3879763922382567,
    0.3634450633474228,
    -0.2953920796018481,
    -0.2595541855575546,
    -0.1343273756871639,
    -0.12122894152532071,
    -0.15843557574786815,
    -0.08077873709587502,
    0.093001203301879,
    0.00923948112458639,
    -0.006893339118882125,
    -0.017822442557322793,
    -0.008696467379471828,
    0.002875711111783197,
    0.08490589553491046,
    0.09331208147152337,
    0.08079311878018103,
    0.05782504188236892,
    0.06074878581506016,
    0.09422807561826751,
    0.09394420458869557,
    0.13499450592046114,
    -0.0038632859745115766,
    -0.004801866806124266,
    -0.023877041161781687,
    -0.00618419546283544,
    -0.014078091876786436,
    0.07624461657628878,
    0.08550089196880828,
    0.07383967907368516,
    0.06329850690199024,
    0.056556186427695554,
    0.08791451281163498,
    0.09290538115795066,
    -0.01204546732200562,
    0.027854132983819113,
    0.004116049651200271,
    0.06620087755919513,
    -0.029642485830149612,
    -0.01716567654627954,
    0.08641244023866812,
    0.06668673877077058,
    0.08277914770684003,
    0.06875368890141997,
    -0.01650604740341577,
    -0.016200483834673207,
    -0.030967284355169156,
    0.0844023142710455,
    0.08307973685776682,
    0.06726199857875059,
    -0.011974531102303843,
    0.0282261626888769,
    0.006765543454379852,
    0.06714107051593965,
    -0.028635098743903242,
    -0.017254996387621624,
    0.08655753346443007,
    0.07093545076233432,
    0.0839137478197719,
    0.0684399557225186,
    -0.015887821290632376,
    -0.017187104618478388,
    -0.03144704156506806,
    0.08543636321835302,
    0.0839072194481445,
    0.06842815641141864
  ],
  "dipole_vec_eA": [
    -0.1469391589105238,
    -0.3229751479724459,
    -2.3803993002233454e-15
  ],
  "dipole_mag_D": 1.704319168917503,
  "HOMO_eV": -15.012719762831887,
  "LUMO_eV": -14.023049361683704,
  "gap_eV": 0.9896704011481834
}