{
  "tag": "RMC-Nb_3-Nb_3-A2-B5-NNNNNS",
  "energy_eV": -1901.9248296218643,
  "multiplicity": 1,
  "charge": 3,
  "sym1": "Nb",
  "ox1": 3,
  "sym2": "Nb",
  "ox2": 3,
  "acid": "A2",
  "base": "B5",
  "bridge": [
    "N",
    "S"
  ],
  "S1_ref": 1.0,
  "S2_ref": 1.0,
  "mulliken_q_e": [
    0.3492453360035246,
    0.3647061284411972,
    -0.09274923486058162,
    0.24274931733103383,
    -0.12400481904007932,
    -0.18563652073064296,
    -0.032559228517049954,
    -0.22649391371828065,
    0.02981153364238276,
    0.021298843947739954,
    0.015368724032075454,
    0.0018604184089361375,
    0.016591376266520852,
    0.02084607021707008,
    0.12356185926089869,
    0.1315999934394383,
    0.12647562308637406,
    0.11433144945217255,
    0.08397660277118546,
    0.1308731574702059,
    0.1216969842174227,
    0.09586338202479094,
    0.02335015847449773,
    0.026717516076522285,
    0.0033205113327559044,
    0.012427404837629386,
    0.029977410109734315,
    0.13310006342018454,
    0.13459458690791748,
    0.12279193235582886,
    0.05241085524269962,
    0.10918260783427947,
    0.128270544688607,
    0.1652546824046346,
    0.0033277653537471252,
    -0.002362369708406975,
    0.1839291467164138,
    0.19710211780619713,
    -0.001773963973435766,
    -0.01133127502386766,
    0.1801360035553251,
    0.18016121853577505
  ],
  "dipole_vec_eA": [
    -0.3527532773236128,
    -0.31243401436321994,
    1.545786890600751e-15
  ],
  "dipole_mag_D": 2.2633740685236563,
  "solvation_E_eV": null
}