{
  "tag": "RMC-Co_2-Pd_2-A2-B2-NNNNNO",
  "energy_eV": -3126.4872148292166,
  "multiplicity": 2,
  "charge": 1,
  "sym1": "Co",
  "ox1": 2,
  "sym2": "Pd",
  "ox2": 2,
  "acid": "A2",
  "base": "B2",
  "bridge": [
    "N",
    "O"
  ],
  "S1_ref": 0.5,
  "S2_ref": 0.0,
  "mulliken_q_e": [
    0.14826159963342667,
    0.06521964571716277,
    -0.1805373017421401,
    -0.2303597769560628,
    -0.081808145285591,
    -0.09248228754512855,
    -0.06765576421984876,
    -0.06503872528419996,
    0.1848701005601241,
    -0.02134166134401716,
    -0.024240874565629733,
    -0.034174424141586,
    -0.0223784832365459,
    -0.024674799131406466,
    0.05665571991317109,
    0.06339538625919772,
    0.05730329291652003,
    0.05966302937268453,
    0.05259533909451508,
    0.06469303473879018,
    0.06321123934695316,
    0.10972460181125188,
    -0.008761219030140266,
    -0.020223468057455563,
    -0.032880413113260065,
    -0.018651321539336463,
    -0.012219001798871254,
    0.05242826904996667,
    0.059357642016020784,
    0.0540783611311646,
    0.04819455922578908,
    0.04137476754998359,
    0.07092337010230432,
    0.07047963019633408,
    -0.02688459624625139,
    0.0193644773871966,
    0.004873043039560265,
    0.06555786614052472,
    -0.04389132159618048,
    -0.02640515592630477,
    0.0605119534198858,
    0.0519498850072011,
    0.05605636300963868,
    0.06651120819101974,
    -0.02896027091536446,
    -0.02565342331663434,
    -0.044521088426514366,
    0.05987533671506873,
    0.05700886251073001,
    0.05522543558917137,
    -0.02656772173712052,
    0.019486735460472193,
    0.007069352257232708,
    0.06727433536439076,
    -0.043083318333878795,
    -0.025486771407443154,
    0.06159228617999979,
    0.05323157404501344,
    0.05794663319913829,
    0.06794669316454471,
    -0.029334075317491104,
    -0.024940260967161176,
    -0.04533201296876732,
    0.060785283670948154,
    0.05846217779401097,
    0.055328593378813684
  ],
  "dipole_vec_eA": [
    0.2061822328969747,
    -0.31304048533771944,
    2.9266540787425646e-17
  ],
  "dipole_mag_D": 1.8004358629447141,
  "HOMO_eV": -11.625335200316385,
  "LUMO_eV": -10.963588376272975,
  "gap_eV": 0.6617468240434103
}