{
  "tag": "RMC-V_3-Y_3-A2-B7-NNNNOS",
  "energy_eV": -2075.297127170609,
  "multiplicity": 3,
  "charge": 4,
  "sym1": "V",
  "ox1": 3,
  "sym2": "Y",
  "ox2": 3,
  "acid": "A2",
  "base": "B7",
  "bridge": [
    "O",
    "S"
  ],
  "S1_ref": 1.0,
  "S2_ref": 0.0,
  "mulliken_q_e": [
    0.3148878929939529,
    0.5795220851359051,
    -0.32577042765983255,
    0.04887887310485195,
    -0.046192376647860245,
    -0.025128980919131072,
    -0.06718712124590698,
    -0.07341145367018531,
    0.06749451213425761,
    0.029060205898582492,
    0.019083139450085218,
    0.013913619876022798,
    0.01826986604920333,
    0.03794708683560355,
    0.14473191041464928,
    0.16113169631826008,
    0.14708478006337322,
    0.07436167645717551,
    0.06678507333534811,
    0.14908225126483776,
    0.1542856322306757,
    0.21785506984406156,
    0.0008458398326169903,
    0.022011101901119767,
    0.005322032314796443,
    0.012257335445120532,
    0.020531876436189256,
    0.144048651948107,
    0.15850775874946565,
    0.1412577363730092,
    0.08346281119668197,
    0.0829647648724614,
    0.15699224203829076,
    0.14857977258901756,
    0.024960923678747138,
    -0.010944495235117646,
    0.14891906674725364,
    0.1667249174219393,
    -0.02497241166983155,
    0.1738399004671508,
    0.17383990046715292,
    0.024859549942817027,
    -0.016527385145691298,
    0.1522404039688532,
    0.17500350832784883,
    -0.032457409111270596,
    0.18052329758219965,
    0.18052329758219732
  ],
  "dipole_vec_eA": [
    0.18510445579191698,
    0.11607840211966435,
    3.228338454395526e-14
  ],
  "dipole_mag_D": 1.0494518249771512,
  "HOMO_eV": -22.233309374687767,
  "LUMO_eV": -22.075187855294065,
  "gap_eV": 0.15812151939370267
}