{
  "tag": "RMC-Cr_3-Mn_3-A2-B10-NNNNSS",
  "energy_eV": -3201.6866845524673,
  "multiplicity": 2,
  "charge": 4,
  "sym1": "Cr",
  "ox1": 3,
  "sym2": "Mn",
  "ox2": 3,
  "acid": "A2",
  "base": "B10",
  "bridge": [
    "S",
    "S"
  ],
  "S1_ref": 0.5,
  "S2_ref": 0.0,
  "mulliken_q_e": [
    0.589920812612373,
    0.2812591633216158,
    -0.03570949879010468,
    -0.0357096178952644,
    -0.14564282969929554,
    -0.1456426129287336,
    -0.09305450259816062,
    -0.09305454704367855,
    0.05950168758897356,
    0.016968729044419595,
    0.004466016013348284,
    0.0007415244348594197,
    0.001935390920774438,
    0.01324767506889879,
    0.11263349838236136,
    0.131635752593802,
    0.11077306559630407,
    0.06247892892732776,
    0.058325045519838525,
    0.11730979165145738,
    0.11743616980843674,
    0.0595016993239057,
    0.016968768328537553,
    0.004466043889449267,
    0.0007415077660981595,
    0.0019353902134433554,
    0.013247810035522223,
    0.11263348697764786,
    0.1316357824501706,
    0.11077311441021986,
    0.06247892909220121,
    0.0583253892051625,
    0.11730981365778781,
    0.11743625339098673,
    0.0749929265501561,
    0.01518572076511826,
    0.04922620654990206,
    0.0029078928951047356,
    0.009805302875272703,
    -0.024234653725323074,
    0.1331050009767989,
    0.13064272840275737,
    0.10053969335833246,
    0.0029097465128409272,
    0.049229209865996104,
    0.015183556421810573,
    0.07499415006760923,
    -0.024237688394310508,
    0.009807314376544252,
    0.13310129843273077,
    0.10053937816616976,
    0.13064445641670897,
    0.08507858303204108,
    0.03238523648062319,
    0.052696969703191376,
    0.0037285961956330382,
    0.013001524305451762,
    -0.021137787003090214,
    0.13551828163617075,
    0.1339266034969343,
    0.10399396450525389,
    0.003728800134269239,
    0.0526972921459985,
    0.03238501043010822,
    0.08507874320220621,
    -0.02113808920903959,
    0.013001763839301406,
    0.1355179180809365,
    0.1039939465604891,
    0.13392677071742143
  ],
  "dipole_vec_eA": [
    -0.12127573048256754,
    -7.755746336633468e-06,
    -6.864061581734206e-09
  ],
  "dipole_mag_D": 0.5825121076924101,
  "HOMO_eV": -20.22181851944272,
  "LUMO_eV": -19.90870003822277,
  "gap_eV": 0.3131184812199521
}