{
  "tag": "RMC-Cr_3-Cu_2-A2-B2-NNNNOO",
  "energy_eV": -3066.9747980931907,
  "multiplicity": 1,
  "charge": 3,
  "sym1": "Cr",
  "ox1": 3,
  "sym2": "Cu",
  "ox2": 2,
  "acid": "A2",
  "base": "B2",
  "bridge": [
    "O",
    "O"
  ],
  "S1_ref": 0.5,
  "S2_ref": 0.5,
  "mulliken_q_e": [
    0.6286387758403796,
    0.4421065398104568,
    -0.2869775356310784,
    -0.3404232953617421,
    -0.1123987643141946,
    -0.15427659405812832,
    -0.11543638134990553,
    -0.1282163185038916,
    0.18997207840368624,
    -0.012884253845921512,
    -0.0016414858456237358,
    -0.01348287010324567,
    -0.008403028204337026,
    -0.011432982817852544,
    0.10252744138508807,
    0.11626041684414112,
    0.09712250907468978,
    0.060090701285412385,
    0.05725498880002955,
    0.10592251791154839,
    0.1083481193232183,
    0.17167134873241618,
    -0.0017376844198571106,
    -0.008667892739596228,
    -0.006372888338785465,
    -0.003708588404768509,
    0.005260345683289591,
    0.10310194014169938,
    0.12257377055214735,
    0.1112122744144669,
    0.04948311879843281,
    0.04106046371585048,
    0.11136107618557978,
    0.10975412182450017,
    -0.0007231534139695572,
    0.03521339392634881,
    0.009682340432952463,
    0.07071927965208014,
    -0.024447439926662762,
    -0.009820480592753311,
    0.11119089747211108,
    0.0845906425951447,
    0.1054719362217118,
    0.07131027350469243,
    0.0021419039344934276,
    -0.00886299317310435,
    -0.021066843963178705,
    0.11237696684465182,
    0.1078594475972372,
    0.08805740384579575,
    -0.0017462094804536754,
    0.03558106127556404,
    0.01143887212273853,
    0.0725487879371336,
    -0.020404049362583,
    -0.008362745470047006,
    0.10899086389025425,
    0.08510611801177148,
    0.11021923472495132,
    0.06996839213450956,
    0.0010614775089707873,
    -0.009173099774210103,
    -0.0223381024540652,
    0.11059618157595008,
    0.108795874316716,
    0.08636180919407244
  ],
  "dipole_vec_eA": [
    -0.02503345560130866,
    0.047315373687409366,
    1.0869191080210886e-07
  ],
  "dipole_mag_D": 0.2571136217027814,
  "HOMO_eV": -18.032533125187047,
  "LUMO_eV": -17.95662637668179,
  "gap_eV": 0.07590674850525758
}