{
  "tag": "RMC-Pd_2-Pt_2-A2-B1-NNNNSS",
  "energy_eV": -2598.9541238435636,
  "multiplicity": 1,
  "charge": 2,
  "sym1": "Pd",
  "ox1": 2,
  "sym2": "Pt",
  "ox2": 2,
  "acid": "A2",
  "base": "B1",
  "bridge": [
    "S",
    "S"
  ],
  "S1_ref": 0.0,
  "S2_ref": 0.0,
  "mulliken_q_e": [
    0.029731658702751407,
    0.017080384329027698,
    0.039138605479792976,
    0.03913894408404822,
    -0.050462571940958156,
    -0.05046276605437594,
    -0.03346702533498758,
    -0.033466728704130144,
    0.057162294823431825,
    0.004928908670339904,
    -0.006033570435722835,
    -0.02326697602024419,
    -0.005607088469444799,
    0.0057937795124956,
    0.08524816967365478,
    0.09207471979829629,
    0.0850009086329141,
    0.05493542115417238,
    0.06189368377641791,
    0.09339613110248124,
    0.09033279524136961,
    0.05716232761529283,
    0.0049290088599718285,
    -0.006033572160664358,
    -0.023266904655240728,
    -0.005607232057815104,
    0.0057938066037257485,
    0.08524831399487243,
    0.09207464166367274,
    0.08500101289375517,
    0.054935430121925366,
    0.06189349445590331,
    0.09339605513735072,
    0.0903327996553549,
    -0.0274359556920587,
    0.07186680812296431,
    0.07186682020827995,
    -0.02743596503646506,
    -0.009783263284693033,
    -0.00978332341077115,
    0.08010163947566806,
    0.08010162198327564,
    0.09500430645027724,
    0.09500436198075313,
    -0.026318280915757608,
    0.07170173967584703,
    0.07170162746267028,
    -0.026318274909394868,
    -0.009373156961390405,
    -0.009373169569639517,
    0.08256508373934934,
    0.08256516073160003,
    0.09719665795643107,
    0.0971967018172104
  ],
  "dipole_vec_eA": [
    -0.08439436096185887,
    2.1411732415756093e-07,
    3.4016323083449785e-15
  ],
  "dipole_mag_D": 0.40536335493722647,
  "HOMO_eV": -15.295884198263018,
  "LUMO_eV": -14.371542362223243,
  "gap_eV": 0.9243418360397744
}