{
  "tag": "RMC-Re_2-V_2-A2-B5-NNNNNS",
  "energy_eV": -1971.6111223248474,
  "multiplicity": 1,
  "charge": 1,
  "sym1": "Re",
  "ox1": 2,
  "sym2": "V",
  "ox2": 2,
  "acid": "A2",
  "base": "B5",
  "bridge": [
    "N",
    "S"
  ],
  "S1_ref": 0.5,
  "S2_ref": 0.5,
  "mulliken_q_e": [
    0.0938445831138337,
    0.2765401206281245,
    -0.19357169138695673,
    0.29122395953023716,
    -0.04636865492897346,
    -0.20070212503019902,
    -0.19180278186006006,
    -0.24803803777600142,
    -0.0056993133732690104,
    -0.006986496837859235,
    -0.017342341978048514,
    -0.020337540570081858,
    -0.015864499612671557,
    0.0019401922691646423,
    0.06581063965765377,
    0.07044768405404811,
    0.06936038704694403,
    0.05908490577454706,
    0.0696285262991918,
    0.06432687211258259,
    0.07262135959245797,
    0.10749105545296023,
    0.010700259392772749,
    -0.01993778437603222,
    -0.019344822652157978,
    -0.018857618526810338,
    0.016832592526951018,
    0.07804470448447598,
    0.08262893933958848,
    0.08170784460487257,
    0.08452865682096866,
    0.04930372490565005,
    0.10231901712230962,
    0.10504444587679518,
    -0.07426267102355388,
    -0.07430619579156983,
    0.0846201247610604,
    0.10063665973436797,
    -0.05516772798718095,
    -0.054166914122239174,
    0.09857634363211798,
    0.12549361910047596
  ],
  "dipole_vec_eA": [
    0.9468121278959707,
    -0.7467654632882734,
    1.098117204722731e-06
  ],
  "dipole_mag_D": 5.792018833677495,
  "solvation_E_eV": null
}