{
  "tag": "RMC-Cr_2-Sn_2-A2-B7-NNNNOO",
  "energy_eV": -2163.8876388658123,
  "multiplicity": 1,
  "charge": 2,
  "sym1": "Cr",
  "ox1": 2,
  "sym2": "Sn",
  "ox2": 2,
  "acid": "A2",
  "base": "B7",
  "bridge": [
    "O",
    "O"
  ],
  "S1_ref": 0.0,
  "S2_ref": 0.0,
  "mulliken_q_e": [
    0.5392188997026155,
    0.5444719100996276,
    -0.3422863605319695,
    -0.3442201870965804,
    -0.15022244640963023,
    -0.13188977833417326,
    -0.11232333089236013,
    -0.0947217942956029,
    0.1677929241986431,
    -0.01672891573349955,
    -0.009907554168518962,
    -0.018865150634611583,
    -0.00863879685090052,
    -0.008994246633157843,
    0.0910780259609858,
    0.10038095538583947,
    0.09353112994182788,
    0.05987268029468429,
    0.04809323553945699,
    0.0898354412409551,
    0.08243736008273106,
    0.16706508945630572,
    -0.01892080397238427,
    -0.010158567077690028,
    -0.019802230249500452,
    -0.008026255784402192,
    -0.010037476884267482,
    0.08994623631343379,
    0.10036309824280032,
    0.09356817710049858,
    0.06501971662053663,
    0.0447576744650815,
    0.0872888696186882,
    0.07737058451941703,
    0.020715049944312947,
    -0.03967308377106349,
    0.08119114830047414,
    0.10543698907663135,
    -0.006401884023262472,
    0.1078918348324841,
    0.10948647442230408,
    0.019199039587418865,
    -0.03135436057396701,
    0.08550681417852646,
    0.10755982205754111,
    -0.018130281492073852,
    0.1031221545950235,
    0.11910216963054587
  ],
  "dipole_vec_eA": [
    0.4400716465325296,
    0.2656764073218742,
    -0.8043418399149163
  ],
  "dipole_mag_D": 4.585017136818257,
  "solvation_E_eV": null
}