{
  "tag": "RMC-Cu_1-Pd_2-A2-B6-NNNNOO",
  "energy_eV": -2350.222748627304,
  "multiplicity": 1,
  "charge": 1,
  "sym1": "Cu",
  "ox1": 1,
  "sym2": "Pd",
  "ox2": 2,
  "acid": "A2",
  "base": "B6",
  "bridge": [
    "O",
    "O"
  ],
  "S1_ref": 0.0,
  "S2_ref": 0.0,
  "mulliken_q_e": [
    0.2551428630777772,
    0.12998904835724368,
    -0.2897492459923492,
    -0.2897426818698552,
    -0.1403769341455572,
    -0.14037745356625675,
    -0.06737588392455973,
    -0.06735989241434126,
    0.19209426416958353,
    -0.029138001750548925,
    -0.02267121537495398,
    -0.03787001748378738,
    -0.01876555338451591,
    -0.02397315710623782,
    0.056738794643077295,
    0.06219549795839918,
    0.06109875572053236,
    0.06311050132458895,
    0.07177361108813063,
    0.06344305487569235,
    0.0411104270241347,
    0.19209620374306047,
    -0.02913372673413428,
    -0.022669581681246997,
    -0.037848461063493044,
    -0.01877221127368789,
    -0.02397038199689594,
    0.05673811177166799,
    0.062189474248698695,
    0.06110210095472357,
    0.0631035862758027,
    0.07177309451140301,
    0.06344774735470882,
    0.041110969316067614,
    -0.07379131652449877,
    -0.0024833447184828827,
    -0.0024832743446294714,
    0.06671506928701998,
    0.06589491389332203,
    0.04860066835710497,
    0.04860062035951329,
    0.065002617447249,
    0.06500207324943474,
    -0.07238555846943595,
    -0.010648281858794295,
    -0.010650604108523698,
    0.07823486539313862,
    0.08922678697196995,
    0.06755098533654569,
    0.06755121848525758,
    0.08079887419993548,
    0.0807999803867131
  ],
  "dipole_vec_eA": [
    0.5132313827272826,
    6.170870755939572e-05,
    0.030061825981061028
  ],
  "dipole_mag_D": 2.46938037974548,
  "HOMO_eV": -11.030423983760954,
  "LUMO_eV": -10.615514341984158,
  "gap_eV": 0.4149096417767968
}