{
  "tag": "RMC-Cu_2-W_2-A2-B2-NNNNOO",
  "energy_eV": -3094.7405966689353,
  "multiplicity": 2,
  "charge": 2,
  "sym1": "Cu",
  "ox1": 2,
  "sym2": "W",
  "ox2": 2,
  "acid": "A2",
  "base": "B2",
  "bridge": [
    "O",
    "O"
  ],
  "S1_ref": 0.5,
  "S2_ref": 0.0,
  "mulliken_q_e": [
    0.35686481172543305,
    0.31105049511553107,
    -0.2507441992001449,
    -0.2507679562207954,
    -0.14452131082536201,
    -0.14455032941785428,
    -0.08457262083869876,
    -0.08458981155351308,
    0.17063325178028332,
    -0.0027125891881771835,
    -0.016453234874773903,
    -0.018957155049050822,
    -0.015934704696634938,
    -0.010600099360904558,
    0.0836735597386028,
    0.09477519931110756,
    0.08348060839062243,
    0.04081336745525732,
    0.058438939622444286,
    0.0922432015051573,
    0.07487665120580411,
    0.17062207092620163,
    -0.0027059464101115704,
    -0.01646284111407681,
    -0.018952997341933564,
    -0.01594490210817967,
    -0.010591820571762556,
    0.08368163290740338,
    0.09478208456592385,
    0.08348052105026948,
    0.040775834542219114,
    0.05843579634575802,
    0.09224942109376388,
    0.07488824505214886,
    -0.014056210637173105,
    0.025791228139893096,
    0.006412804463851618,
    0.06652943357530061,
    -0.031173060505711447,
    -0.01900423264545892,
    0.08275505356710999,
    0.06582968518553389,
    0.0787715110192665,
    0.06653447757210462,
    -0.014051377283869071,
    -0.01900414649831217,
    -0.031175760126414875,
    0.08275940386434344,
    0.07877019656574136,
    0.06582951821422744,
    -0.01424112353944329,
    0.028030080759431808,
    0.008448721119862945,
    0.0680924960397955,
    -0.032620002359389666,
    -0.018306120727150876,
    0.08793427035786128,
    0.07331761290842143,
    0.08347072418543611,
    0.06809440720549831,
    -0.014238402524819671,
    -0.018307191848643267,
    -0.032622944263496434,
    0.08793805599789062,
    0.08347216799715695,
    0.07331555190862882
  ],
  "dipole_vec_eA": [
    0.17014973167685513,
    0.0023535863046003297,
    6.41536462477373e-09
  ],
  "dipole_mag_D": 0.8173421001797252,
  "HOMO_eV": -14.693278295553537,
  "LUMO_eV": -13.988556756256555,
  "gap_eV": 0.7047215392969814
}