{
  "tag": "RMC-Cr_2-Sc_3-A2-B2-NNNNNO",
  "energy_eV": -2974.4767409457577,
  "multiplicity": 1,
  "charge": 2,
  "sym1": "Cr",
  "ox1": 2,
  "sym2": "Sc",
  "ox2": 3,
  "acid": "A2",
  "base": "B2",
  "bridge": [
    "N",
    "O"
  ],
  "S1_ref": 0.0,
  "S2_ref": 0.0,
  "mulliken_q_e": [
    0.6084989681522225,
    0.5769598348484737,
    -0.31916032181054055,
    -0.35811138999004566,
    -0.13207552553931978,
    -0.16615607198749904,
    -0.160771884984255,
    -0.1355452805633297,
    0.16724835409958194,
    -0.023820727002505704,
    -0.01665209273624546,
    -0.025269204702296433,
    -0.014170925119426192,
    -0.019332529229194595,
    0.07742261501807812,
    0.08887034406771033,
    0.07889384720331494,
    0.055227207148063506,
    0.036406965614471654,
    0.08844055049341559,
    0.07543874481557833,
    0.10236469433573148,
    -0.015055228037691215,
    -0.015396192042888668,
    -0.02210688497145563,
    -0.010456891682998792,
    0.0005269160122967076,
    0.07436119857873458,
    0.08873283187069769,
    0.08273794781730093,
    0.05225136720677215,
    0.02284367631051465,
    0.09134767447386105,
    0.08934204030145221,
    -0.01745113906260065,
    0.02576258614009652,
    0.002102604724978141,
    0.0650852616204276,
    -0.035820571199822515,
    -0.02152214890263804,
    0.08135406826780534,
    0.06460746297221698,
    0.07579349380427436,
    0.06421859613010228,
    -0.017228962749551435,
    -0.02075573139499065,
    -0.03450331255845529,
    0.08220579774229553,
    0.07817104642333506,
    0.07020415038987582,
    -0.015674322367287274,
    0.027211064989613787,
    0.009813342333287123,
    0.07214869220895404,
    -0.03260745678171073,
    -0.018972366300943566,
    0.08427409313103895,
    0.06905665202266864,
    0.08026421522641569,
    0.07360925128435958,
    -0.01682069012106302,
    -0.018639723360699634,
    -0.03364378835853987,
    0.08421102163320604,
    0.08067827363724112,
    0.06903390990144209
  ],
  "dipole_vec_eA": [
    0.656867778399211,
    -0.22664758457335563,
    -6.67024050237884e-08
  ],
  "dipole_mag_D": 3.337602858668261,
  "HOMO_eV": -14.186317396550114,
  "LUMO_eV": -14.115299637984082,
  "gap_eV": 0.07101775856603254
}