{
  "tag": "RMC-Cd_2-Mg_2-A2-B2-NNNNOS",
  "energy_eV": -2929.4934400719058,
  "multiplicity": 1,
  "charge": 2,
  "sym1": "Cd",
  "ox1": 2,
  "sym2": "Mg",
  "ox2": 2,
  "acid": "A2",
  "base": "B2",
  "bridge": [
    "O",
    "S"
  ],
  "S1_ref": 0.0,
  "S2_ref": 0.0,
  "mulliken_q_e": [
    0.41509569913596756,
    0.48535081989231676,
    -0.3969963498409097,
    -0.16602715714640381,
    -0.1283403022249836,
    -0.14496811292230216,
    -0.11330195464940096,
    -0.1135362703902949,
    0.0693544009772964,
    0.0026646447578138055,
    -0.011592066621962438,
    -0.022271488802554806,
    -0.011269843999533347,
    0.0010152386101631716,
    0.0772458270702655,
    0.08650757101376505,
    0.07689871049450292,
    0.05590361706802294,
    0.06476255921438878,
    0.08820924258724949,
    0.07753740343259286,
    0.20409462426958647,
    -0.018844719923550635,
    -0.011566020139329503,
    -0.02834806264039602,
    -0.013205750399614136,
    -0.02180216535874746,
    0.07585306414481163,
    0.08464824446526831,
    0.07375866843160894,
    0.06355454092217161,
    0.07020431752275869,
    0.08832362010120443,
    0.08027703716611723,
    -0.016215648613308042,
    0.027341009676786987,
    0.003683519294419124,
    0.06536027159446967,
    -0.03003291247799278,
    -0.01917092556613187,
    0.08384055289295456,
    0.06955415046374724,
    0.08083095726236444,
    0.06398089123302864,
    -0.017201909869281717,
    -0.019041817783855386,
    -0.03041391627976675,
    0.08357125660156717,
    0.08113462174846986,
    0.06987350548637461,
    -0.016848647957451224,
    0.02715400046923433,
    -0.001369700668418794,
    0.055066003144627285,
    -0.031907415868879685,
    -0.02031913744008418,
    0.08391502216814384,
    0.07078544714595769,
    0.08033183849989456,
    0.05200875312792297,
    -0.018291708594114553,
    -0.019917411029924725,
    -0.03295291200877659,
    0.08394676123348987,
    0.08139689882185985,
    0.07071901707474448
  ],
  "dipole_vec_eA": [
    -0.13974564485274382,
    -0.0881250408359012,
    1.500715706333732e-14
  ],
  "dipole_mag_D": 0.7935449942966236,
  "HOMO_eV": -15.134692431229407,
  "LUMO_eV": -13.660814807314928,
  "gap_eV": 1.473877623914479
}