{
  "tag": "RMC-Cu_1-Ir_3-A2-B7-NNNNOS",
  "energy_eV": -2236.874414573701,
  "multiplicity": 1,
  "charge": 2,
  "sym1": "Cu",
  "ox1": 1,
  "sym2": "Ir",
  "ox2": 3,
  "acid": "A2",
  "base": "B7",
  "bridge": [
    "O",
    "S"
  ],
  "S1_ref": 0.0,
  "S2_ref": 0.0,
  "mulliken_q_e": [
    0.33832079248954305,
    0.21063562253401413,
    -0.3045914412104478,
    -0.03752261543230212,
    -0.13809325091459512,
    -0.10870529855275701,
    -0.05356633268406208,
    -0.031694678840939794,
    0.05528881054990098,
    0.015158180865151749,
    -0.009883718045041512,
    -0.009078853762802375,
    -0.005283853683858641,
    0.012637425307902683,
    0.09101637930335271,
    0.10008701597562053,
    0.09287109869482213,
    0.042493689611818874,
    0.06748739273026705,
    0.09477529116686123,
    0.08168280226836344,
    0.20052322671295508,
    -0.009615998661198777,
    -0.011212755306489797,
    -0.016892239078269755,
    -0.005850038975676153,
    -0.010660731816135582,
    0.08740549543199083,
    0.09727465352278164,
    0.08956600540293702,
    0.058797891066000973,
    0.0787456267151736,
    0.08470952211993332,
    0.07478387153591959,
    0.023486265631773362,
    -0.037110609039989306,
    0.0776587825056827,
    0.10161615137744962,
    -0.011035277711450409,
    0.10493523063596377,
    0.1049352306359621,
    0.01803443883732947,
    -0.02627740049657601,
    0.09053524453369366,
    0.11022803249631741,
    -0.017454378422065986,
    0.1194196509875961,
    0.11941965098759555
  ],
  "dipole_vec_eA": [
    0.09581895514020165,
    0.11907695969618774,
    -2.489551264877351e-15
  ],
  "dipole_mag_D": 0.7341300511955327,
  "HOMO_eV": -15.576401045989565,
  "LUMO_eV": -15.485643650004363,
  "gap_eV": 0.09075739598520194
}