{
  "tag": "RMC-Cd_2-V_3-A2-B7-NNNNOS",
  "energy_eV": -2077.332091854242,
  "multiplicity": 3,
  "charge": 3,
  "sym1": "Cd",
  "ox1": 2,
  "sym2": "V",
  "ox2": 3,
  "acid": "A2",
  "base": "B7",
  "bridge": [
    "O",
    "S"
  ],
  "S1_ref": 0.0,
  "S2_ref": 1.0,
  "mulliken_q_e": [
    0.44502354188470705,
    0.30785348768543275,
    -0.3337341906155584,
    0.01728093410527652,
    -0.09312724994428923,
    -0.1019370078973525,
    -0.06712825909456832,
    -0.05291287532940192,
    0.06347993816405584,
    0.026506103782630408,
    0.003302286193912485,
    0.0017556632535347116,
    0.00677908857708287,
    0.023121162404352358,
    0.11809644661459084,
    0.1306974339528164,
    0.11986660226985435,
    0.06374036390813598,
    0.07147377702164048,
    0.12426598393980992,
    0.11099718149810245,
    0.2154733209280637,
    0.008227824906256398,
    -8.625858757027594e-05,
    -0.005703183583995575,
    0.008221073499743659,
    -0.005117671806646129,
    0.11448058768115776,
    0.12829881161798662,
    0.11708692772458684,
    0.07702119453833944,
    0.08022540024870772,
    0.12045962709099234,
    0.11456480276985825,
    0.02474043783413049,
    -0.02570077549671157,
    0.11023692141393848,
    0.13819075457917152,
    -0.02561013679964197,
    0.14451332229468983,
    0.14451332229468794,
    0.02154207866300384,
    -0.024670272957553863,
    0.12009752871090351,
    0.13764577018593782,
    -0.015637728514905858,
    0.14579295418471516,
    0.14579295418471605
  ],
  "dipole_vec_eA": [
    0.22631017309336315,
    0.12079232877854126,
    -1.1265403068796036e-14
  ],
  "dipole_mag_D": 1.2321607509427022,
  "HOMO_eV": -18.990652840181287,
  "LUMO_eV": -18.464531766801734,
  "gap_eV": 0.5261210733795529
}