{
  "tag": "RMC-Co_3-In_1-A2-B1-NNNNSS",
  "energy_eV": -2482.9579303573523,
  "multiplicity": 1,
  "charge": 2,
  "sym1": "Co",
  "ox1": 3,
  "sym2": "In",
  "ox2": 1,
  "acid": "A2",
  "base": "B1",
  "bridge": [
    "S",
    "S"
  ],
  "S1_ref": 0.0,
  "S2_ref": 0.0,
  "mulliken_q_e": [
    -0.11796668108293717,
    0.3336046897718641,
    -0.0012140197591422597,
    -0.001212859171555114,
    -0.03268304674457423,
    -0.03267796188991823,
    -0.10590361453150798,
    -0.10591475578477594,
    0.06619389687913624,
    0.009964538058172767,
    -0.010792317236071325,
    -0.019426760090136996,
    -0.00473219960998672,
    0.014258751422665084,
    0.08381814137968413,
    0.09321431847081729,
    0.08791252158064378,
    0.06838511625370547,
    0.05485635104570963,
    0.09514087944236993,
    0.08550630519412394,
    0.06620673109076924,
    0.009967049179149257,
    -0.010778702187832945,
    -0.019434795331090937,
    -0.004729199343576962,
    0.014252630884150186,
    0.08381645902884638,
    0.09321390149820241,
    0.08791178627845364,
    0.0684281035559875,
    0.05487157137901555,
    0.09513604879364479,
    0.08550446561721681,
    -0.027431770046994375,
    0.07470933958839998,
    0.07470555853574012,
    -0.027431998311930883,
    -0.00965859491106702,
    -0.00965273309820458,
    0.07786675982188263,
    0.07786705957205775,
    0.09315194764880075,
    0.0931511542684238,
    -0.024542702013766515,
    0.054297902877344706,
    0.05429045164921931,
    -0.024552326339599917,
    -0.009587636878802819,
    -0.009581413865422217,
    0.08231838133954616,
    0.08231959607817252,
    0.09653273278970198,
    0.09653094832005937
  ],
  "dipole_vec_eA": [
    0.7495152121819754,
    0.00020160287347651564,
    3.463863614753557e-13
  ],
  "dipole_mag_D": 3.6000747978133183,
  "HOMO_eV": -15.071833117971204,
  "LUMO_eV": -14.423348167094568,
  "gap_eV": 0.6484849508766359
}