{
  "tag": "RMC-Hf_2-Sc_3-A2-B7-NNNNOO",
  "energy_eV": -2102.7366833377264,
  "multiplicity": 3,
  "charge": 3,
  "sym1": "Hf",
  "ox1": 2,
  "sym2": "Sc",
  "ox2": 3,
  "acid": "A2",
  "base": "B7",
  "bridge": [
    "O",
    "O"
  ],
  "S1_ref": 1.0,
  "S2_ref": 0.0,
  "mulliken_q_e": [
    0.5439075764165242,
    0.6043524455294981,
    -0.34969938412285595,
    -0.3465835472458978,
    -0.08670510731771719,
    -0.07301245409311696,
    -0.10772236717775585,
    -0.10049723551031953,
    0.18963420334767345,
    0.0008059225921579483,
    0.002678185238013553,
    -0.008255589490679727,
    0.0006470606398598644,
    -1.684246057576111e-05,
    0.11615459390453475,
    0.1273744830455058,
    0.11476476021334192,
    0.08014868136618869,
    0.06987098472088937,
    0.12211749911034897,
    0.12343302784351817,
    0.1904979472838606,
    -0.002043743791727559,
    0.0024252852731991847,
    -0.008768451124161025,
    0.0005009824433035437,
    -0.0024941817870240968,
    0.11562466447405428,
    0.12785447222382973,
    0.1143614861829777,
    0.08442438223266047,
    0.07048460548847957,
    0.12069232620326553,
    0.12101411335880274,
    0.019589817226205897,
    -0.025482061560193392,
    0.12193066927595508,
    0.14311980889616993,
    -0.02419405388027407,
    0.14532221202898077,
    0.14532221202898055,
    0.020969574964267323,
    -0.026366095554884117,
    0.1192434898325232,
    0.14001751172494192,
    -0.025205993905573987,
    0.14388106196322525,
    0.14388106196322714
  ],
  "dipole_vec_eA": [
    0.03416879292276802,
    0.3357335973725045,
    -1.0868837380585484e-15
  ],
  "dipole_mag_D": 1.6209270539100122,
  "HOMO_eV": -17.865094430904207,
  "LUMO_eV": -17.85828844235013,
  "gap_eV": 0.006805988554077658
}