{
  "tag": "RMC-Pt_2-Sc_3-A2-B5-NNNNOO",
  "energy_eV": -2005.5350689185739,
  "multiplicity": 1,
  "charge": 3,
  "sym1": "Pt",
  "ox1": 2,
  "sym2": "Sc",
  "ox2": 3,
  "acid": "A2",
  "base": "B5",
  "bridge": [
    "O",
    "O"
  ],
  "S1_ref": 0.0,
  "S2_ref": 0.0,
  "mulliken_q_e": [
    0.21791124368913783,
    0.7257930011015234,
    -0.10966813014292764,
    -0.10972424443550088,
    -0.08779128030617289,
    -0.08777725573479223,
    -0.09041623010490762,
    -0.09036579558232849,
    0.14080910223150034,
    0.010376505319944718,
    0.004626940492702403,
    -0.0055668335201681796,
    0.0023558188934627022,
    0.007013261850786767,
    0.12434147358030201,
    0.12966995958976535,
    0.12056139007762279,
    0.06792462055406712,
    0.08056954546738693,
    0.13038196220372955,
    0.1482019753451177,
    0.14083884717951722,
    0.010377788797142573,
    0.0046215978892159,
    -0.00557877214507152,
    0.0023578067051972518,
    0.007028934309908363,
    0.12435629948887261,
    0.12965476057383218,
    0.12057710576484815,
    0.06792350930337365,
    0.08055428980193446,
    0.1303691189907903,
    0.1482039530564937,
    -0.027216973057824,
    -0.02722703751700628,
    0.1406133726878811,
    0.14061357046551515,
    0.01667658579092346,
    0.0167628400871489,
    0.2246442792146438,
    0.22462109168218813
  ],
  "dipole_vec_eA": [
    1.3685174743540476,
    -5.4263653518562574e-05,
    -6.365749790539333e-16
  ],
  "dipole_mag_D": 6.573268981554337,
  "solvation_E_eV": null
}