{
  "tag": "RMC-Cr_2-Y_3-A2-B7-NNNNNS",
  "energy_eV": -2082.528888610547,
  "multiplicity": 1,
  "charge": 2,
  "sym1": "Cr",
  "ox1": 2,
  "sym2": "Y",
  "ox2": 3,
  "acid": "A2",
  "base": "B7",
  "bridge": [
    "N",
    "S"
  ],
  "S1_ref": 0.0,
  "S2_ref": 0.0,
  "mulliken_q_e": [
    0.5918845653313523,
    0.41631496386545386,
    -0.32305915642871286,
    -0.15890088417223308,
    -0.14251081689657008,
    -0.1628766071208012,
    -0.11078690877527309,
    -0.1156595161230507,
    0.07136401683865534,
    0.006362667760842156,
    -0.006253672815584199,
    -0.017382576028766694,
    -0.004742971568140408,
    0.005641553846968073,
    0.08812203493944792,
    0.09491095668342919,
    0.08913605081155873,
    0.06776221653261083,
    0.06295065851401405,
    0.08546692844248327,
    0.07007722103784175,
    0.10442151828248414,
    -0.0068892074080875165,
    -0.009521811026866889,
    -0.01926135405324403,
    -0.00604504730849853,
    0.004396762616180494,
    0.08367136692018473,
    0.09504294620301346,
    0.08997916658365546,
    0.06756001282000557,
    0.02557663875382188,
    0.0974079708777883,
    0.0802718416065975,
    0.026512265055743,
    -0.044360522151077664,
    0.06961227985906293,
    0.09939600551386629,
    -0.011299206750832846,
    0.11181513641128571,
    0.11181513577961755,
    0.0287442929653543,
    -0.04027005061559441,
    0.08953603910119345,
    0.1114097223807542,
    -0.013092069973718479,
    0.122874723142397,
    0.1228747197291733
  ],
  "dipole_vec_eA": [
    0.48339474771916574,
    0.02285264234276432,
    3.142891688716793e-07
  ],
  "dipole_mag_D": 2.3244368776009985,
  "HOMO_eV": -14.768064239543559,
  "LUMO_eV": -14.671566962851964,
  "gap_eV": 0.09649727669159525
}