{
  "tag": "RMC-V_2-V_2-A2-B10-NNNNNS",
  "energy_eV": -3213.5099616886787,
  "multiplicity": 1,
  "charge": 1,
  "sym1": "V",
  "ox1": 2,
  "sym2": "V",
  "ox2": 2,
  "acid": "A2",
  "base": "B10",
  "bridge": [
    "N",
    "S"
  ],
  "S1_ref": 0.5,
  "S2_ref": 0.5,
  "mulliken_q_e": [
    0.25444991495776625,
    0.2547436549286487,
    -0.2548257568534744,
    -0.1357458744476514,
    -0.1250267546989985,
    -0.16971972843644378,
    -0.12502144114686686,
    -0.16971087978495425,
    0.06965233917187397,
    0.00014978889704164722,
    -0.020691275836703937,
    -0.02734082387815251,
    -0.020694077478745854,
    0.00015521450997102448,
    0.05839169188347537,
    0.06448237057963879,
    0.058393916501667475,
    0.06847557190729336,
    0.06846554145396855,
    0.04904542938972156,
    0.049055422282413996,
    0.10778041893516832,
    -0.009541870639911298,
    -0.0266791085354654,
    -0.029581495343923292,
    -0.026679218470608168,
    -0.009540709331848252,
    0.054407647582814245,
    0.06281318819427728,
    0.054408292045624806,
    0.04197724026111693,
    0.04194503377348102,
    0.07274791680557247,
    0.07274898700199628,
    0.0720511987426673,
    0.006595245637249558,
    0.013239130921869569,
    -0.029430325147526304,
    -0.02257816040566296,
    -0.0489773120756023,
    0.06176177893600954,
    0.05949316346885092,
    0.053685783058794456,
    -0.02816324542364801,
    0.010338059828967072,
    0.007275995657173073,
    0.07570579414904888,
    -0.04775331698531171,
    -0.022917706223219758,
    0.05921060280568968,
    0.047339954819972,
    0.056378299523901276,
    0.07205006785162493,
    0.006596935473560883,
    0.013237876689460304,
    -0.0294282292701058,
    -0.022578265139534315,
    -0.0489771924056448,
    0.06176071723962506,
    0.05949316142977468,
    0.053685273454422644,
    -0.02815934624416605,
    0.01033882223085647,
    0.007276201729940368,
    0.0757023971975832,
    -0.047753468663535914,
    -0.022918474577260595,
    0.05920835045331663,
    0.04734058068357616,
    0.05637908439747619
  ],
  "dipole_vec_eA": [
    0.000593579826315208,
    -0.107415795281751,
    1.1929039626233782e-15
  ],
  "dipole_mag_D": 0.5159478840527807,
  "HOMO_eV": -11.464163410109652,
  "LUMO_eV": -11.15253686493494,
  "gap_eV": 0.3116265451747129
}