{
  "tag": "RMC-Mg_2-Ta_3-A2-B6-NNNNOO",
  "energy_eV": -2158.956862394188,
  "multiplicity": 3,
  "charge": 3,
  "sym1": "Mg",
  "ox1": 2,
  "sym2": "Ta",
  "ox2": 3,
  "acid": "A2",
  "base": "B6",
  "bridge": [
    "O",
    "O"
  ],
  "S1_ref": 0.0,
  "S2_ref": 1.0,
  "mulliken_q_e": [
    0.4875676197178889,
    0.8709760484633668,
    -0.38338834175890124,
    -0.3833860319881697,
    -0.08270463936960248,
    -0.08270176335021628,
    -0.15256985286078972,
    -0.15257380745804894,
    0.1772792315125995,
    -0.007460574875557402,
    -0.0002235742485512393,
    -0.008047049887090596,
    0.0011108782781652504,
    -0.003436317141261913,
    0.11442824963781817,
    0.12771353535668095,
    0.11551857937969556,
    0.061372122129925266,
    0.07296915338405152,
    0.12138698378773238,
    0.11936992661778345,
    0.17728093228640995,
    -0.007465962582024144,
    -0.0002182666959826829,
    -0.008044477656740767,
    0.0011164472095817057,
    -0.003440250264170386,
    0.11442526222820149,
    0.12771103753163193,
    0.11551985402707887,
    0.06137990867632581,
    0.07297113162495039,
    0.12138531110222883,
    0.11936974595459593,
    -0.09364513579847955,
    -0.04133350115425549,
    -0.04133291161559027,
    0.13276884044723103,
    0.1043483682536901,
    0.1137917775856363,
    0.11379175034492417,
    0.12260782457648856,
    0.12260782563505268,
    -0.09396829261749118,
    -0.029333697104794387,
    -0.02933253313297679,
    0.13587629082217145,
    0.10645958296594893,
    0.11596974176937369,
    0.11596961964406949,
    0.11978178090089753,
    0.1197816202275066
  ],
  "dipole_vec_eA": [
    0.12789880944620224,
    3.331419673061978e-05,
    0.11562154164160061
  ],
  "dipole_mag_D": 0.8281377117868334,
  "HOMO_eV": -18.174785905935256,
  "LUMO_eV": -17.517987095980263,
  "gap_eV": 0.6567988099549922
}