{
  "tag": "RMC-Bi_3-Fe_3-A2-B1-NNNNOS",
  "energy_eV": -2490.1864915886363,
  "multiplicity": 1,
  "charge": 4,
  "sym1": "Bi",
  "ox1": 3,
  "sym2": "Fe",
  "ox2": 3,
  "acid": "A2",
  "base": "B1",
  "bridge": [
    "O",
    "S"
  ],
  "S1_ref": 0.5,
  "S2_ref": 0.5,
  "mulliken_q_e": [
    0.9237693244991543,
    0.8507111732836277,
    -0.4263063342632998,
    -0.08968605413783988,
    -0.12779823168558524,
    -0.13382265710973584,
    -0.11834101770270178,
    -0.13853797290266145,
    0.043422327530799665,
    0.021532597535446563,
    0.00984143946255589,
    0.005087153779620657,
    0.012719949590660029,
    0.014995501794905275,
    0.1361811291103493,
    0.1508563175823805,
    0.13604113882643876,
    0.05440088539566079,
    0.06194157361761188,
    0.15030601126361265,
    0.13624918873656922,
    0.1961600702736297,
    0.004856019647089926,
    0.008999953142277528,
    0.005094166593502036,
    0.010554498649156141,
    -0.004214125959021819,
    0.13729109197641465,
    0.1514985018378453,
    0.13330932450796162,
    0.06185223781385951,
    0.06578139764450652,
    0.15165512823810012,
    0.13275641796536952,
    -0.015746862723530652,
    0.046320097958351125,
    0.05089701585226436,
    -0.014304870305313022,
    0.014383943621022466,
    0.01385266310225508,
    0.10747896733941897,
    0.11005872882125767,
    0.14659644537478678,
    0.1459373739716927,
    -0.003250732734016104,
    0.05006741782417423,
    0.04835831936374979,
    -0.004062742831580035,
    0.014122717354307923,
    0.01147357555134687,
    0.12232727774741559,
    0.12068579982521588,
    0.15249083067160207,
    0.15315590987693117
  ],
  "dipole_vec_eA": [
    -0.15545453220079514,
    -0.06444510498820191,
    -1.612587202734721
  ],
  "dipole_mag_D": 7.787647021214712,
  "solvation_E_eV": null
}