{
  "tag": "RMC-Ag_1-Nb_3-A2-B7-NNNNNO",
  "energy_eV": -2187.3321103577505,
  "multiplicity": 3,
  "charge": 1,
  "sym1": "Ag",
  "ox1": 1,
  "sym2": "Nb",
  "ox2": 3,
  "acid": "A2",
  "base": "B7",
  "bridge": [
    "N",
    "O"
  ],
  "S1_ref": 0.0,
  "S2_ref": 1.0,
  "mulliken_q_e": [
    0.3312544748093166,
    0.2480250263229451,
    -0.2724349243073796,
    -0.3323951459458978,
    -0.14166206537980996,
    -0.13730243472704529,
    -0.12234529731004917,
    -0.12946135786336166,
    0.1885248864837099,
    -0.01603454447871444,
    -0.020668030098135892,
    -0.030341947790045065,
    -0.02341705325125809,
    -0.02155391278223262,
    0.06303128745152853,
    0.06679726962141386,
    0.061581375838277275,
    0.05801968023514603,
    0.07623771950044866,
    0.04326684690721827,
    0.0541393979934931,
    0.11759025547695412,
    -0.0019261893847142275,
    -0.017853691599378108,
    -0.03187053174573773,
    -0.01921555278668241,
    -0.016005307893866005,
    0.06414730727338125,
    0.06633502120162238,
    0.06069845630450843,
    0.04783224957054655,
    0.06982857311926471,
    0.06008458585098919,
    0.06328232079412843,
    0.031282575490279685,
    -0.03936171967462365,
    0.056310675951259936,
    0.08158346049412046,
    0.0012337986375863252,
    0.09108564204116221,
    0.09108564204116176,
    0.03435294193449345,
    -0.047097396565510596,
    0.046895167943469374,
    0.06956747605859592,
    0.009097024243198915,
    0.08388798136118947,
    0.08388798136119124
  ],
  "dipole_vec_eA": [
    -0.19693256848563323,
    -0.02128860535528021,
    6.16145578534542e-15
  ],
  "dipole_mag_D": 0.9514181543642076,
  "HOMO_eV": -11.371283320417811,
  "LUMO_eV": -11.11790705269019,
  "gap_eV": 0.2533762677276208
}