{
  "tag": "RMC-Hg_2-V_3-A2-B4-NNNNNS",
  "energy_eV": -1948.2726641874285,
  "multiplicity": 3,
  "charge": 2,
  "sym1": "Hg",
  "ox1": 2,
  "sym2": "V",
  "ox2": 3,
  "acid": "A2",
  "base": "B4",
  "bridge": [
    "N",
    "S"
  ],
  "S1_ref": 0.0,
  "S2_ref": 1.0,
  "mulliken_q_e": [
    0.21293566460036784,
    0.286203346632125,
    -0.05864441246067531,
    0.13306547224808712,
    -0.038430364212898915,
    -0.2156704315901552,
    -0.13053453762223177,
    -0.17220628952312356,
    0.03355798058575865,
    0.010435114432370884,
    0.0003683924635511371,
    -0.012201809983737322,
    0.0026979904944093303,
    0.008926954489137273,
    0.09606408083928342,
    0.09931809061917118,
    0.09364774321749603,
    0.0707540681945733,
    0.10436237634536738,
    0.10498303728755454,
    0.08965515059637486,
    0.06490986011491517,
    0.02526905957382053,
    0.0003271017034667256,
    -0.011691815229305735,
    0.0017558586422881106,
    0.007981198702436076,
    0.10438183522150535,
    0.10404504504459411,
    0.09657603540917414,
    0.08030587010768775,
    0.038948694612912726,
    0.138431968197546,
    0.09340943731627582,
    -0.03862191937591852,
    -0.03937786860046,
    0.1202023852822598,
    0.12020238528225957,
    0.1132280273873364,
    0.11322802738733362,
    -0.06868577702132073,
    -0.06669364439340875,
    0.066569842358569,
    0.06656984235856833,
    0.0747204647607449,
    0.07472046476074434
  ],
  "dipole_vec_eA": [
    -1.8930965705970586,
    -0.28142359675496487,
    1.1162589742222931e-15
  ],
  "dipole_mag_D": 9.192853476038682,
  "HOMO_eV": -15.391574429898135,
  "LUMO_eV": -15.14613055716063,
  "gap_eV": 0.24544387273750523
}