{
  "tag": "RMC-Co_3-Cr_3-A2-B7-NNNNNO",
  "energy_eV": -2156.409674225683,
  "multiplicity": 2,
  "charge": 3,
  "sym1": "Co",
  "ox1": 3,
  "sym2": "Cr",
  "ox2": 3,
  "acid": "A2",
  "base": "B7",
  "bridge": [
    "N",
    "O"
  ],
  "S1_ref": 0.0,
  "S2_ref": 0.5,
  "mulliken_q_e": [
    0.2787261318984964,
    0.6292751041880505,
    -0.21667027716742293,
    -0.22895520607900655,
    -0.05635493805707159,
    -0.05714311032975128,
    -0.11607671651461526,
    -0.1129854163126438,
    0.17253640525964786,
    0.004875179094090187,
    0.005060586186903526,
    0.002368584582880029,
    0.0027156621698511962,
    0.009679607586996264,
    0.12498251460785137,
    0.13600446602336458,
    0.12443651256873456,
    0.06823400939391866,
    0.061926570241186196,
    0.11179185986752405,
    0.11444352501956467,
    0.11523580718523752,
    0.017104514808511606,
    0.00875364359419617,
    0.006078334734804791,
    0.006824665600209778,
    0.020199680936691555,
    0.1264237295960261,
    0.1373865436964008,
    0.12555768912342802,
    0.0673454781853784,
    0.05912361901368568,
    0.1201407679848705,
    0.12207328795786421,
    0.024200261339998974,
    -0.012676360029397982,
    0.10516280328180616,
    0.13566792990364784,
    -0.025993094169352693,
    0.14318543300089281,
    0.1431854330008907,
    0.024649829093723152,
    -0.02157112436611075,
    0.09984698414687787,
    0.13222040408459712,
    -0.018975540354247977,
    0.13998911221112553,
    0.13998911221112054
  ],
  "dipole_vec_eA": [
    0.1408880328656067,
    0.15233374580718997,
    -8.313191834339708e-15
  ],
  "dipole_mag_D": 0.9966505100627658,
  "HOMO_eV": -19.422718265640693,
  "LUMO_eV": -19.222459606865375,
  "gap_eV": 0.20025865877531857
}