{
  "tag": "RMC-Fe_2-W_2-A2-B5-NNNNNS",
  "energy_eV": -1983.7692441062775,
  "multiplicity": 1,
  "charge": 1,
  "sym1": "Fe",
  "ox1": 2,
  "sym2": "W",
  "ox2": 2,
  "acid": "A2",
  "base": "B5",
  "bridge": [
    "N",
    "S"
  ],
  "S1_ref": 0.0,
  "S2_ref": 0.0,
  "mulliken_q_e": [
    0.5403378638331225,
    -0.013470609774759668,
    -0.05751146973014931,
    0.2613041575638224,
    -0.12810479591653534,
    -0.25559425148207593,
    -0.13986761376514578,
    -0.20480805050641804,
    0.0035021748262851204,
    0.0019721971268022997,
    -0.01907003680630348,
    -0.020813276840261352,
    -0.020791413935303815,
    -0.0016896812924231952,
    0.06968935803048348,
    0.07139037077892607,
    0.06757882848372532,
    0.07850306784837202,
    0.03810303976232032,
    0.07565171737609644,
    0.06513553433028219,
    0.07112228509242025,
    0.007284466952413471,
    -0.02164152518949125,
    -0.02359726952647767,
    -0.022150359917588514,
    -0.004953474481503628,
    0.06959876330627401,
    0.06968308843803617,
    0.06568132566908014,
    0.08264457985160756,
    0.010203832777395672,
    0.0814995029169806,
    0.06800074516982357,
    -0.07372141692920708,
    -0.0851254777368382,
    0.12623435822880413,
    0.13166238847553835,
    -0.07144297559670054,
    -0.06683054179980519,
    0.08194537698355198,
    0.0924552174047717
  ],
  "dipole_vec_eA": [
    -1.2153520888767915,
    -0.5273131930056884,
    -4.1602441327133097e-07
  ],
  "dipole_mag_D": 6.363366345006873,
  "solvation_E_eV": null
}