{
  "tag": "RMC-Nb_3-Ni_2-A2-B10-NNNNOS",
  "energy_eV": -3293.38722150301,
  "multiplicity": 3,
  "charge": 3,
  "sym1": "Nb",
  "ox1": 3,
  "sym2": "Ni",
  "ox2": 2,
  "acid": "A2",
  "base": "B10",
  "bridge": [
    "O",
    "S"
  ],
  "S1_ref": 1.0,
  "S2_ref": 0.0,
  "mulliken_q_e": [
    0.3108689666574431,
    -0.15583508512592437,
    -0.2513612466412787,
    0.08517219432756383,
    -0.07965188701502424,
    -0.11972696207538691,
    -0.005663373182543063,
    0.011178626167267058,
    0.060510054939653335,
    0.020746231666725512,
    -0.001075825508420003,
    -0.009575140985689012,
    -0.006563728734412022,
    0.01008725523371945,
    0.10054919920531658,
    0.11130130316753772,
    0.0902444517331834,
    0.06100812813468948,
    0.06793913929257678,
    0.10345327911453195,
    0.10282951445656463,
    0.1925347354322089,
    0.006710647401138692,
    -0.010057143413778391,
    -0.009720676979850795,
    -0.0033982943087889073,
    0.005959677442126443,
    0.0962948718422596,
    0.11501830439134986,
    0.10369388275954783,
    0.06117215341275983,
    0.07575066379979556,
    0.10169096030569047,
    0.10473268013696135,
    0.07939238082075661,
    0.021172063901271132,
    0.03572291171599029,
    -0.005872979442705484,
    0.0010027997861992155,
    -0.028269685653955046,
    0.10909867568913412,
    0.10850382493417787,
    0.08375147322454779,
    -0.0076102703868052846,
    0.037500481280613895,
    0.020646648788394728,
    0.07600941649830939,
    -0.03407991777795161,
    -0.0003809769695974907,
    0.10966269195880296,
    0.08122162316329651,
    0.10560640511458663,
    0.08627699509068343,
    0.03976803459905143,
    0.0367579616346998,
    -0.006930389926294023,
    0.0002768682543439205,
    -0.03301763468328911,
    0.11029490823606347,
    0.1075758097024676,
    0.08633861587071257,
    -0.006350374806509906,
    0.03463594258961766,
    0.037875553051684996,
    0.08438749619169394,
    -0.02839671969223656,
    0.0012510982008442362,
    0.10985059181049162,
    0.08868554045899357,
    0.11082458125345784
  ],
  "dipole_vec_eA": [
    -0.10010768731422849,
    -0.06131502821648486,
    -2.2186780908641e-15
  ],
  "dipole_mag_D": 0.5638618488919309,
  "HOMO_eV": -17.203856739042884,
  "LUMO_eV": -17.16015971536183,
  "gap_eV": 0.043697023681055214
}