{
  "tag": "RMC-Ru_3-V_2-A2-B1-NNNNSS",
  "energy_eV": -2475.934204375122,
  "multiplicity": 1,
  "charge": 3,
  "sym1": "Ru",
  "ox1": 3,
  "sym2": "V",
  "ox2": 2,
  "acid": "A2",
  "base": "B1",
  "bridge": [
    "S",
    "S"
  ],
  "S1_ref": 0.5,
  "S2_ref": 0.5,
  "mulliken_q_e": [
    -0.09629463808192817,
    0.20447451161397912,
    0.05933359782869829,
    0.05932846863535948,
    -0.0036125537038216304,
    -0.003588577853089081,
    -0.06385465334157625,
    -0.06385054420981007,
    0.0658688724376344,
    0.027421328561683778,
    -0.002558869137134101,
    -9.189998521152987e-05,
    -0.0020607822026648126,
    0.02617366517077291,
    0.11334752182702279,
    0.12542452395234172,
    0.1113843797569678,
    0.06339397915715494,
    0.05983218395261036,
    0.11616019366156427,
    0.12176935365216357,
    0.0658820996914582,
    0.02742447737381415,
    -0.0025588868369306184,
    -9.405742921364535e-05,
    -0.002061499828609703,
    0.026190486993608486,
    0.11334550334853266,
    0.12542399694031847,
    0.11138506561805184,
    0.06340069912041213,
    0.059817214379674466,
    0.1161607401868675,
    0.12177094524108745,
    -0.013720287350367233,
    0.10009101121762631,
    0.10005978295779538,
    -0.013716291687107196,
    0.0031087660139266227,
    0.0031173535074420222,
    0.10853010485659387,
    0.10852821714692262,
    0.1292399175892467,
    0.12924081195430293,
    -0.016590800145756868,
    0.07535970762859634,
    0.07535158764915817,
    -0.01659025286189686,
    0.006872107506455505,
    0.006875241109882024,
    0.10615939296737398,
    0.10615910844267196,
    0.12891868790584682,
    0.1289189870994779
  ],
  "dipole_vec_eA": [
    -0.09376091692153102,
    3.717031169042444e-05,
    1.5627971061434497e-09
  ],
  "dipole_mag_D": 0.450352871905883,
  "HOMO_eV": -18.29606748276942,
  "LUMO_eV": -18.064041758294206,
  "gap_eV": 0.2320257244752142
}