{
  "tag": "RMC-Cr_2-Sn_2-A2-B4-NNNNNO",
  "energy_eV": -2023.6149076990785,
  "multiplicity": 1,
  "charge": 1,
  "sym1": "Cr",
  "ox1": 2,
  "sym2": "Sn",
  "ox2": 2,
  "acid": "A2",
  "base": "B4",
  "bridge": [
    "N",
    "O"
  ],
  "S1_ref": 0.0,
  "S2_ref": 0.0,
  "mulliken_q_e": [
    0.5479655904865198,
    0.6294815052780901,
    -0.17186135522351464,
    -0.37706966611123827,
    -0.08680844723111814,
    -0.2635090743941306,
    -0.3015040140919145,
    -0.25938806768225864,
    0.1743318032805763,
    -0.016005435016542613,
    -0.022150024221611497,
    -0.027835991761212986,
    -0.02040421019147698,
    -0.008746783794920221,
    0.07061691720902774,
    0.07578741872685679,
    0.07364129605595682,
    0.09710578826780303,
    0.07921649322131685,
    0.0893369238715308,
    0.07998067153189503,
    0.07713185814496537,
    -0.00710485466858124,
    -0.019971546292863795,
    -0.022951592191242876,
    -0.020385280881136447,
    -0.0011939538561587248,
    0.06236364978554898,
    0.0660890416837886,
    0.06524360896048786,
    0.09917861892378044,
    0.020054582813847865,
    0.07628928756935993,
    0.08043414266393112,
    -0.07680264085409938,
    -0.08113070783638676,
    0.04587475851451284,
    0.04587476970406401,
    0.04322616497833931,
    0.04322617659830519,
    -0.07514189343141897,
    -0.07415124440848264,
    0.07694556086326076,
    0.07694558989543687,
    0.0688872674357367,
    0.06888729788398096
  ],
  "dipole_vec_eA": [
    0.38362749587745604,
    -0.012653377514457073,
    1.1623710517871227e-06
  ],
  "dipole_mag_D": 1.843643268918233,
  "solvation_E_eV": null
}