{
  "tag": "RMC-Ga_3-Mn_2-A2-B7-NNNNOO",
  "energy_eV": -2139.294723699042,
  "multiplicity": 1,
  "charge": 3,
  "sym1": "Ga",
  "ox1": 3,
  "sym2": "Mn",
  "ox2": 2,
  "acid": "A2",
  "base": "B7",
  "bridge": [
    "O",
    "O"
  ],
  "S1_ref": 0.5,
  "S2_ref": 0.5,
  "mulliken_q_e": [
    0.3716211910113656,
    0.49889354768846217,
    -0.31356210290828246,
    -0.26174077400636553,
    -0.08519007414049162,
    -0.08398852371387178,
    -0.10513204991330372,
    -0.05858075578121569,
    0.1768542719392434,
    0.016330894321235023,
    0.005854389554776018,
    0.004289850883579138,
    0.0037950752991711134,
    0.013643732459966085,
    0.12386924312425829,
    0.14218833360817662,
    0.11830915305829504,
    0.054088695889101146,
    0.06286204436274123,
    0.12741597493167123,
    0.11392052018784726,
    0.18984437544151933,
    0.011152546513685246,
    0.00500037318272506,
    0.0012181421000767578,
    0.006251741031971791,
    -0.004617268948772457,
    0.12098857184854728,
    0.14031653808719813,
    0.11572029303665365,
    0.0628402317985095,
    0.07820344059053852,
    0.11863045360241642,
    0.11266723805516166,
    0.02799149715935778,
    -0.01637042135201594,
    0.11085488953592504,
    0.12786036717961302,
    -0.0034757329268892967,
    0.15203100523897928,
    0.15203100523905688,
    0.028074120698623473,
    -0.011743600618500327,
    0.12218660043429308,
    0.14639966584038788,
    -0.015709262765816412,
    0.14795527607035364,
    0.14795527607038372
  ],
  "dipole_vec_eA": [
    -0.41444124034529756,
    0.28008622657953336,
    -4.595153505476479e-12
  ],
  "dipole_mag_D": 2.4026098088581893,
  "solvation_E_eV": null
}