{
  "tag": "RMC-Ni_2-Sc_3-A2-B5-NNNNOS",
  "energy_eV": -1990.293958650682,
  "multiplicity": 1,
  "charge": 3,
  "sym1": "Ni",
  "ox1": 2,
  "sym2": "Sc",
  "ox2": 3,
  "acid": "A2",
  "base": "B5",
  "bridge": [
    "O",
    "S"
  ],
  "S1_ref": 0.0,
  "S2_ref": 0.0,
  "mulliken_q_e": [
    -0.13454612077050498,
    0.6580569634551248,
    -0.0861129548559012,
    0.21508511975172173,
    -0.04748359098673993,
    -0.06151552909333091,
    -0.026941600600132842,
    -0.2681315819787027,
    0.028159002840343783,
    0.011898175803992883,
    0.004281023902546366,
    -0.005517183996867292,
    0.007725179700664109,
    0.014260843694800851,
    0.10672052677512867,
    0.11750664608816941,
    0.11410667114947126,
    0.11445405983783696,
    0.058722391383747796,
    0.11982533576871601,
    0.12409011889073995,
    0.15230218338128232,
    0.014913802240397622,
    0.0011286094719760165,
    -0.002335414865044738,
    0.003912709362891675,
    0.019528791395866163,
    0.12304322646976995,
    0.13099266257486986,
    0.12318426660624582,
    0.06758956323978715,
    0.07806304859928415,
    0.14375591606538984,
    0.140715343130696,
    0.03665442894041626,
    0.02905798179151109,
    0.1959424861097242,
    0.19004056191767538,
    0.00930125655393943,
    -0.006947257474860358,
    0.24485686624428482,
    0.23965548264962888
  ],
  "dipole_vec_eA": [
    2.162404078823397,
    0.6017010541555758,
    4.964204287975116e-16
  ],
  "dipole_mag_D": 10.781065159382495,
  "solvation_E_eV": null
}