{
  "tag": "RMC-Rh_2-V_3-A2-B2-NNNNNN",
  "energy_eV": -3034.4121235408984,
  "multiplicity": 2,
  "charge": 1,
  "sym1": "Rh",
  "ox1": 2,
  "sym2": "V",
  "ox2": 3,
  "acid": "A2",
  "base": "B2",
  "bridge": [
    "N",
    "N"
  ],
  "S1_ref": 0.5,
  "S2_ref": 1.0,
  "mulliken_q_e": [
    -0.08135762926375345,
    0.29908080753566957,
    -0.1399599575944801,
    -0.1399799171429048,
    -0.057499793087904205,
    -0.05753670854434301,
    -0.14312521087426489,
    -0.1431334912659783,
    0.10180386636929484,
    -0.005893848481270059,
    -0.01960054306316583,
    -0.02965637566981716,
    -0.020510814397918242,
    -0.002100296540005875,
    0.05664028561196932,
    0.06292558191400399,
    0.0574390482616941,
    0.06128994106505736,
    0.0450555521803937,
    0.05952896133729024,
    0.06289033265652877,
    0.10181947698688854,
    -0.005912457077597022,
    -0.019596145062614534,
    -0.029659464825721127,
    -0.02050602874720453,
    -0.002123470430677399,
    0.056636265684514964,
    0.06292206805538936,
    0.057433175893432775,
    0.061307199241359855,
    0.045067537524202006,
    0.0595186334707255,
    0.06288825061367798,
    -0.02648778903162685,
    0.01822720438359271,
    0.009056604143230285,
    0.06804282545290774,
    -0.043467851108688116,
    -0.026232962868800502,
    0.059486371091569845,
    0.053769491055181695,
    0.05550762069966708,
    0.06804738042782033,
    -0.026493308975327867,
    -0.02623958840974927,
    -0.043471903408929036,
    0.059497298132456744,
    0.05551450015528314,
    0.05377204920535794,
    -0.026882847067214,
    0.016886274968518133,
    0.004249340408678748,
    0.07055299994275854,
    -0.04384909327936937,
    -0.026544512895968486,
    0.058330973673810904,
    0.051200676913170984,
    0.05430386440322332,
    0.07056134980921946,
    -0.026882728644769704,
    -0.02653641501704751,
    -0.04385377470100815,
    0.0583352182326754,
    0.05430369214714326,
    0.051202203168068894
  ],
  "dipole_vec_eA": [
    0.24852130985264453,
    0.0012489414920666805,
    -2.7165066975545488e-15
  ],
  "dipole_mag_D": 1.193713690335686,
  "HOMO_eV": -11.589080105683003,
  "LUMO_eV": -11.352614333203,
  "gap_eV": 0.23646577248000256
}