{
  "tag": "RMC-Mn_2-Mo_2-A2-B1-NNNNNN",
  "energy_eV": -2497.029783189459,
  "multiplicity": 2,
  "charge": 0,
  "sym1": "Mn",
  "ox1": 2,
  "sym2": "Mo",
  "ox2": 2,
  "acid": "A2",
  "base": "B1",
  "bridge": [
    "N",
    "N"
  ],
  "S1_ref": 0.5,
  "S2_ref": 0.0,
  "mulliken_q_e": [
    0.028152416212975928,
    0.3100869881097409,
    -0.21714753360799577,
    -0.21714577673714675,
    -0.11907462563594562,
    -0.1190730418891337,
    -0.1490729058646343,
    -0.14906951623299713,
    0.10024124080587682,
    -0.011112988250707945,
    -0.039268550045593376,
    -0.03722902684262164,
    -0.04087022882003932,
    -0.010779164971101318,
    0.032112352352391516,
    0.033921039334270486,
    0.03055709226191261,
    0.03262708622173727,
    0.04484089123396284,
    0.03421651995797348,
    0.027291458641627075,
    0.10024051101894726,
    -0.011114867126635675,
    -0.03928188322966841,
    -0.03722791584557106,
    -0.04088392336958169,
    -0.01078041327965984,
    0.03211350040773686,
    0.03392099497955714,
    0.030558256047191867,
    0.03261035857830086,
    0.04482935736463589,
    0.03421751103854376,
    0.027291823545615213,
    -0.047434548978277036,
    0.06807151551637403,
    0.06807272420876309,
    -0.04743384604058076,
    -0.03460501083801959,
    -0.03460462888779192,
    0.03562490989562073,
    0.035625111226003314,
    0.036030614894406066,
    0.03603028072821335,
    -0.04703275263556428,
    0.06551463573996208,
    0.06551512191381792,
    -0.047031194908592866,
    -0.035708615561990564,
    -0.035707892453445744,
    0.03988216397907718,
    0.0398823831330517,
    0.039306044992634126,
    0.03930595604055975
  ],
  "dipole_vec_eA": [
    -0.10529294912073006,
    -0.00020296832575570896,
    -4.208686848449551e-09
  ],
  "dipole_mag_D": 0.5057444824498167,
  "HOMO_eV": -8.318103060531154,
  "LUMO_eV": -8.01292356197637,
  "gap_eV": 0.305179498554784
}