{
  "tag": "RMC-Ag_1-Cr_3-A2-B4-NNNNNS",
  "energy_eV": -2048.223159422522,
  "multiplicity": 2,
  "charge": 1,
  "sym1": "Ag",
  "ox1": 1,
  "sym2": "Cr",
  "ox2": 3,
  "acid": "A2",
  "base": "B4",
  "bridge": [
    "N",
    "S"
  ],
  "S1_ref": 0.0,
  "S2_ref": 0.5,
  "mulliken_q_e": [
    0.2726570490771053,
    0.5102470937478207,
    -0.28120854058892886,
    0.1316670129404336,
    -0.22029534809341578,
    -0.2501301316675508,
    -0.223121226156336,
    -0.3203489425051562,
    0.012691378003002018,
    -0.0008475299953758508,
    -0.011951075224942542,
    -0.021213644125211983,
    -0.01178676911246912,
    -0.0040738557503452455,
    0.07014853729887738,
    0.07226301636298449,
    0.07028806211798533,
    0.09096439868566497,
    0.06820267987575068,
    0.06528841018545395,
    0.07131147426422069,
    0.11775996614375517,
    0.0070046159922219076,
    -0.019880811945106158,
    -0.024679606099027973,
    -0.019073793266239925,
    -0.006832979523762273,
    0.07421150852864233,
    0.07275859250068717,
    0.07156931119474286,
    0.06766843067588213,
    0.0870052146773701,
    0.09876879607833422,
    0.1275349246456483,
    -0.061473229161293386,
    -0.06246892394991965,
    0.07533750330235567,
    0.0753375006508763,
    0.10212301773207189,
    0.10212301496231202,
    -0.07493110398108849,
    -0.07509491673571445,
    0.04217103297765368,
    0.04217102702816766,
    0.04506943194307822,
    0.04506942628730504
  ],
  "dipole_vec_eA": [
    -0.1864816351292453,
    -0.6214098191740506,
    -4.2204957600022266e-07
  ],
  "dipole_mag_D": 3.1162601616647527,
  "solvation_E_eV": null
}