{
  "tag": "RMC-Co_2-Sc_3-A2-B2-NNNNOO",
  "energy_eV": -3034.9780643481604,
  "multiplicity": 2,
  "charge": 3,
  "sym1": "Co",
  "ox1": 2,
  "sym2": "Sc",
  "ox2": 3,
  "acid": "A2",
  "base": "B2",
  "bridge": [
    "O",
    "O"
  ],
  "S1_ref": 0.5,
  "S2_ref": 0.0,
  "mulliken_q_e": [
    0.2233988443001379,
    0.7719777873875164,
    -0.3305378587580532,
    -0.3305195977648141,
    -0.044170408700006325,
    -0.044182677403453274,
    -0.14410590664814027,
    -0.1441392217741897,
    0.18997621379662255,
    -0.015326380017928853,
    -0.005142204246709969,
    -0.013513866743412484,
    -0.006677934815630948,
    -0.0019389998596115454,
    0.10000228850095572,
    0.1152790279806184,
    0.10061280846238396,
    0.06303845938619346,
    0.05346930439063735,
    0.1138473004354873,
    0.11265551258378748,
    0.18998065833013,
    -0.015333015399175753,
    -0.0051426143912642885,
    -0.013512564019793727,
    -0.006681089802687001,
    -0.0019410819134166868,
    0.09999782443832461,
    0.11528325570258657,
    0.1006052221498479,
    0.0630376784258988,
    0.0534768525745164,
    0.11383792545585414,
    0.1126521387302275,
    0.0009260920207061485,
    0.03544097870311713,
    0.016448172471149602,
    0.07000344316369489,
    -0.02498866747660866,
    -0.008189017353359862,
    0.11092031230646127,
    0.08689793376505117,
    0.10684653996731563,
    0.07001695580472922,
    0.0009212119314676581,
    -0.008188542625868989,
    -0.024992710282089936,
    0.11091747717766487,
    0.10684714993415534,
    0.08688715084774556,
    -0.004102515451513522,
    0.034508504639827686,
    0.0106857783589962,
    0.06796642664866259,
    -0.024032722607350898,
    -0.011256007361526432,
    0.1074507447494445,
    0.08403721711487311,
    0.10384146079988954,
    0.06799035256589159,
    -0.0041020170271857115,
    -0.01125435351578763,
    -0.02403676108484354,
    0.10745304875734107,
    0.10383915320470016,
    0.08403352907985895
  ],
  "dipole_vec_eA": [
    0.2656943323053103,
    0.003699254235871367,
    -2.0172741635600214e-15
  ],
  "dipole_mag_D": 1.2763078390215046,
  "HOMO_eV": -17.830468384910517,
  "LUMO_eV": -17.62887850881952,
  "gap_eV": 0.2015898760909991
}