{
  "tag": "RMC-Cu_1-Pb_2-A2-B7-NNNNNS",
  "energy_eV": -2183.319080836899,
  "multiplicity": 1,
  "charge": 0,
  "sym1": "Cu",
  "ox1": 1,
  "sym2": "Pb",
  "ox2": 2,
  "acid": "A2",
  "base": "B7",
  "bridge": [
    "N",
    "S"
  ],
  "S1_ref": 0.0,
  "S2_ref": 0.0,
  "mulliken_q_e": [
    0.25086387153949585,
    0.4884872772054696,
    -0.3690551953878203,
    -0.3298809676835435,
    -0.18572064477102046,
    -0.12773197437063089,
    -0.23124640191746382,
    -0.20317311710627917,
    0.09060007027300965,
    -0.007933699342371092,
    -0.03865713451218,
    -0.03849023712935806,
    -0.03743719408786039,
    -0.005055543723748723,
    0.03290117086892874,
    0.03459795386230846,
    0.03463877849130903,
    0.06673727025427856,
    0.055967872486323955,
    0.011847503168135765,
    0.02540221661063935,
    0.11690741865110565,
    -0.031947640698093194,
    -0.025296120854790605,
    -0.049779862915208195,
    -0.0260233289456282,
    -0.02362845779085765,
    0.025041965128151378,
    0.025716308874018323,
    0.025156079540574194,
    0.07076002477938803,
    0.07084652850074624,
    0.00648526955980222,
    0.015100524471003407,
    0.03128935246255837,
    -0.05998436217772407,
    0.02260921714001285,
    0.04209854752938025,
    0.017726932082439584,
    0.047821471850238884,
    0.04782147186631436,
    0.03172216722911969,
    -0.07382673117713434,
    0.019631042558007183,
    0.041004966161568346,
    0.0186389793118531,
    0.04822318106260992,
    0.04822318107289547
  ],
  "dipole_vec_eA": [
    0.24252937198022417,
    0.10085997951665927,
    -7.335528529052031e-10
  ],
  "dipole_mag_D": 1.2616366624130813,
  "HOMO_eV": -7.925767542961576,
  "LUMO_eV": -7.862781210604412,
  "gap_eV": 0.06298633235716355
}