{
  "tag": "RMC-Ni_3-Sc_3-A2-B2-NNNNNS",
  "energy_eV": -3009.077047866173,
  "multiplicity": 2,
  "charge": 3,
  "sym1": "Ni",
  "ox1": 3,
  "sym2": "Sc",
  "ox2": 3,
  "acid": "A2",
  "base": "B2",
  "bridge": [
    "N",
    "S"
  ],
  "S1_ref": 0.5,
  "S2_ref": 0.0,
  "mulliken_q_e": [
    -0.10201618327546569,
    0.6686174886937689,
    -0.26138900451208813,
    -0.032232053510875686,
    0.028275134107326183,
    0.026957353116081828,
    -0.1680079876751157,
    -0.15250489316734117,
    0.06650981931748778,
    0.005266248817543673,
    -0.003147893714723571,
    -0.009455956093265439,
    -0.0026311597319121915,
    0.018682921243108552,
    0.09522083438013351,
    0.11056458058648622,
    0.09892744009454302,
    0.06491832598357794,
    0.05099665167192846,
    0.10274595187275215,
    0.11275057401750932,
    0.14406653418994098,
    -0.0014311609950152793,
    -0.0005038206132708112,
    -0.007841521849070832,
    -0.003985412651565268,
    0.020448845388243653,
    0.09491814481939043,
    0.10970893337785947,
    0.0954135981653862,
    0.06544176113716227,
    0.05365857297416543,
    0.10544957925605103,
    0.1162503254911661,
    0.0018756952447762654,
    0.03530390243433601,
    0.023694084730950138,
    0.07774399776527341,
    -0.023046318403185273,
    -0.007106017200702475,
    0.11088934931492445,
    0.09111101041041803,
    0.10864803609054541,
    0.07753888124822805,
    0.0031577842920988974,
    -0.006912671362482969,
    -0.02414782979886887,
    0.11215345670493981,
    0.10976969938475023,
    0.09149252490236237,
    -0.0034658236580269453,
    0.034409086873194106,
    0.005929454125742195,
    0.06984221877548946,
    -0.02205343847755703,
    -0.010742467600047823,
    0.1067362832526273,
    0.0861536796681216,
    0.10368195144624037,
    0.07397117406922105,
    -0.0037706483649664335,
    -0.00983728188322086,
    -0.02122958737414682,
    0.1069062968632396,
    0.10518860978422462,
    0.08547234024931938
  ],
  "dipole_vec_eA": [
    0.4469571251270015,
    -0.03489115993942503,
    1.3642262560419754e-15
  ],
  "dipole_mag_D": 2.1533577658068954,
  "HOMO_eV": -17.67919024571332,
  "LUMO_eV": -17.27873215072823,
  "gap_eV": 0.4004580949850869
}