{
  "tag": "RMC-Cd_2-Rh_2-A2-B6-NNNNNS",
  "energy_eV": -2189.8922036870676,
  "multiplicity": 2,
  "charge": 1,
  "sym1": "Cd",
  "ox1": 2,
  "sym2": "Rh",
  "ox2": 2,
  "acid": "A2",
  "base": "B6",
  "bridge": [
    "N",
    "S"
  ],
  "S1_ref": 0.0,
  "S2_ref": 0.5,
  "mulliken_q_e": [
    0.3579255610438006,
    -0.1025310309509565,
    -0.23157510376143997,
    -0.05213091136462436,
    -0.1560378247847063,
    -0.18569073277859882,
    -0.03916121427996955,
    -0.06131332627041819,
    0.05731582878155539,
    0.0015892230168730315,
    -0.02083707097898091,
    -0.029231879537611638,
    -0.01888654105935217,
    -0.001623991344736675,
    0.05930352640708825,
    0.06289193148754402,
    0.05954757425584445,
    0.05678638897987853,
    0.07469915977472796,
    0.047629719656792524,
    0.031036448503492298,
    0.11081042197915458,
    -0.00531971242846252,
    -0.018695121362223954,
    -0.032394732196828535,
    -0.01809597513823702,
    -0.017002690778749496,
    0.055543651391724014,
    0.05873486272951978,
    0.053703578898806725,
    0.05121856036329997,
    0.06870136105589397,
    0.049466956040907784,
    0.04985912474160992,
    -0.07058944132697809,
    -0.002144376196343778,
    0.004412928448837228,
    0.0752382368772927,
    0.07797115045447622,
    0.05674464253480793,
    0.047229525765700275,
    0.08406684649746321,
    0.07602501142852514,
    -0.06721754247127754,
    -0.007201659878533162,
    -0.004467420533781352,
    0.06751464411838393,
    0.0837648940636807,
    0.056525642846680046,
    0.05202048903920853,
    0.07660909651290126,
    0.0772613117247396
  ],
  "dipole_vec_eA": [
    -0.3020580407939246,
    -0.12429272078571431,
    0.6851521982759671
  ],
  "dipole_mag_D": 3.645759476289951,
  "solvation_E_eV": null
}