{
  "tag": "RMC-Cr_3-Ni_3-A2-B4-NNNNSS",
  "energy_eV": -2032.1815728265942,
  "multiplicity": 1,
  "charge": 4,
  "sym1": "Cr",
  "ox1": 3,
  "sym2": "Ni",
  "ox2": 3,
  "acid": "A2",
  "base": "B4",
  "bridge": [
    "S",
    "S"
  ],
  "S1_ref": 0.5,
  "S2_ref": 0.5,
  "mulliken_q_e": [
    0.6116779473533567,
    0.03701718084682393,
    0.29374952674692734,
    0.2937514660545506,
    -0.2639378451058336,
    -0.2639382597325852,
    -0.05675671302201679,
    -0.056756751178222986,
    0.025515738269616728,
    0.030372083464859534,
    0.03188992598086049,
    0.01163363963202979,
    0.020048018870926887,
    0.03131350979414993,
    0.15353019573831594,
    0.15702213530676967,
    0.1413396472168026,
    0.05901257995738329,
    0.10639412641292023,
    0.16528869033569504,
    0.15630247653344664,
    0.02551571549128484,
    0.030372031430139668,
    0.03189018649447717,
    0.011633654717763342,
    0.020047750662928854,
    0.03131152686254479,
    0.15352965381757588,
    0.15702178333659,
    0.14133883226990884,
    0.05901277433137375,
    0.10639557521016019,
    0.16528840641473352,
    0.1563021023404172,
    -0.05386012314082933,
    -0.05386037189930848,
    0.15580544375695737,
    0.1558050826346289,
    0.15580515046089882,
    0.1558047893316037,
    -0.01937708963924445,
    -0.01937695739584333,
    0.18728119273093846,
    0.1872811529351751,
    0.18728122858202112,
    0.18728118878630218
  ],
  "dipole_vec_eA": [
    -0.3158598099075722,
    -1.1567217374910874e-05,
    -2.622423661256183e-05
  ],
  "dipole_mag_D": 1.5171391939157,
  "HOMO_eV": -22.424569703155335,
  "LUMO_eV": -22.366410324684864,
  "gap_eV": 0.05815937847047081
}