{
  "tag": "RMC-Ag_2-Ag_2-A2-B2-NNNNOO",
  "energy_eV": -3131.7842385101126,
  "multiplicity": 1,
  "charge": 2,
  "sym1": "Ag",
  "ox1": 2,
  "sym2": "Ag",
  "ox2": 2,
  "acid": "A2",
  "base": "B2",
  "bridge": [
    "O",
    "O"
  ],
  "S1_ref": 0.5,
  "S2_ref": 0.5,
  "mulliken_q_e": [
    0.39557464705695866,
    0.3956161490616259,
    -0.3561929667792114,
    -0.35619391016854496,
    -0.12323639182375645,
    -0.1232310191881485,
    -0.12322360630909146,
    -0.12321832880437955,
    0.20020273187434579,
    -0.0172326330195407,
    -0.012060439897242592,
    -0.026150384423739848,
    -0.012061660996361745,
    -0.017233145383852344,
    0.07788889389705245,
    0.08866942367391273,
    0.077888831784103,
    0.06746522183191273,
    0.06746326362310628,
    0.09057005723801348,
    0.0905683100845307,
    0.2002084223295637,
    -0.017241859161411854,
    -0.012052445192137995,
    -0.026144711382423136,
    -0.012053748116081842,
    -0.017242465386824835,
    0.0778853814696765,
    0.08866756006235388,
    0.0778854373648834,
    0.0674631709013307,
    0.06746126871666736,
    0.09057083522583631,
    0.09056915101991392,
    -0.0150965888172776,
    0.028193013995172933,
    0.009371976363402812,
    0.07129380100622562,
    -0.028940810515929005,
    -0.01783832411830888,
    0.08543270745205456,
    0.06859639289022934,
    0.08330698173668205,
    0.07129656897694936,
    -0.015099523756674005,
    -0.017837546986042785,
    -0.02894948074953163,
    0.08543843477834645,
    0.08330716261426874,
    0.06859769697532525,
    -0.015096336024657875,
    0.02820106968424274,
    0.009375190544911316,
    0.07129719310147364,
    -0.0289369268317754,
    -0.01784691084640988,
    0.08543122144597626,
    0.06859624827077992,
    0.08330708914529117,
    0.07129984698199232,
    -0.015099233300363446,
    -0.017846120387253528,
    -0.02894566777970864,
    0.08543697803583772,
    0.08330727393539272,
    0.06859758100387159
  ],
  "dipole_vec_eA": [
    0.0001733102088884132,
    0.0025014261517361555,
    4.994862744969865e-16
  ],
  "dipole_mag_D": 0.012043664017593367,
  "HOMO_eV": -14.858413418301085,
  "LUMO_eV": -14.353551703333517,
  "gap_eV": 0.5048617149675678
}