{
  "tag": "RMC-Co_3-Nb_3-A2-B1-NNNNNS",
  "energy_eV": -2476.4451549181636,
  "multiplicity": 3,
  "charge": 3,
  "sym1": "Co",
  "ox1": 3,
  "sym2": "Nb",
  "ox2": 3,
  "acid": "A2",
  "base": "B1",
  "bridge": [
    "N",
    "S"
  ],
  "S1_ref": 0.0,
  "S2_ref": 1.0,
  "mulliken_q_e": [
    0.19991938251114838,
    0.2886199885302967,
    -0.21307905879899636,
    0.05349254504020967,
    -0.016870332979462166,
    -0.048464519180975385,
    -0.10555422486053812,
    -0.11319272717195772,
    0.061554274600149395,
    0.022879459743541997,
    0.0034651099256048923,
    -0.0013572540913380227,
    0.006178320724944397,
    0.024667093157042297,
    0.11393436719769423,
    0.12774523277313365,
    0.11865544947617379,
    0.08130225866296326,
    0.05848319149292358,
    0.10732331939721951,
    0.1177819159289546,
    0.13023719564336234,
    0.018412412305863546,
    0.008185892246984183,
    0.00162548079516589,
    0.004754143745507422,
    0.027397484557028395,
    0.11568632140050394,
    0.12979994413401585,
    0.11852269249796965,
    0.08814544868762453,
    0.05921736119006793,
    0.11259924640789198,
    0.12851746088205862,
    -0.01409387143262153,
    0.07003736525461934,
    0.07195404239236747,
    -0.014817943818370427,
    0.00650450161085514,
    0.0033580826948189646,
    0.10305855682284615,
    0.10159517196956092,
    0.12596665609742486,
    0.12613514949454996,
    -0.014799551419455437,
    0.08296888024380134,
    0.0770403250265852,
    -0.016050268965893677,
    0.00567775083319777,
    0.007173232573498556,
    0.10226043302653598,
    0.09721578436250045,
    0.1234527250454992,
    0.12477811012871898
  ],
  "dipole_vec_eA": [
    0.9644669730464326,
    -0.19893246974684287,
    2.465070595114202e-12
  ],
  "dipole_mag_D": 4.730048339367701,
  "HOMO_eV": -18.880961325130976,
  "LUMO_eV": -18.108188312494633,
  "gap_eV": 0.7727730126363426
}