{
  "tag": "RMC-Ag_1-V_2-A2-B2-NNNNNN",
  "energy_eV": -3045.4198416373774,
  "multiplicity": 2,
  "charge": -1,
  "sym1": "Ag",
  "ox1": 1,
  "sym2": "V",
  "ox2": 2,
  "acid": "A2",
  "base": "B2",
  "bridge": [
    "N",
    "N"
  ],
  "S1_ref": 0.0,
  "S2_ref": 0.5,
  "mulliken_q_e": [
    0.270192419580807,
    0.24286980157012716,
    -0.2644552420725861,
    -0.26438896702206116,
    -0.1900849623456793,
    -0.190015170419364,
    -0.16724792113895925,
    -0.1671821583168318,
    0.10023606859151735,
    -0.02198556760363335,
    -0.05951775749041377,
    -0.04790493234514237,
    -0.06119330299292991,
    -0.037103787331919325,
    0.005287430672319848,
    0.0038565204480508486,
    0.0010072863259622533,
    0.01072513030514699,
    0.02861272002473858,
    0.0258027825982442,
    0.030490220142722735,
    0.10022699914999156,
    -0.02200615803619388,
    -0.0594849733670928,
    -0.04792235748848439,
    -0.06116313738126511,
    -0.03711895255172548,
    0.00529677134891493,
    0.0038705382473380734,
    0.001031003066236491,
    0.010904084633099442,
    0.02855034688351643,
    0.025800493212198017,
    0.030462986628847943,
    -0.06255764645619832,
    0.005324702357448308,
    -0.01010988566703852,
    0.06896987731418935,
    -0.07204468983982859,
    -0.039460952163836716,
    0.006085143227926526,
    0.015390375006249402,
    0.0039524285272485304,
    0.06893691650994827,
    -0.06257744075212401,
    -0.039457468891755054,
    -0.07204238956269648,
    0.0060673204012108295,
    0.003926313742966148,
    0.015349289896894991,
    -0.05432627190740713,
    0.006803349648637269,
    -0.010929967130288043,
    0.07529571128141344,
    -0.06308824023211135,
    -0.03879816168369943,
    0.013820331479890924,
    0.026822017750967375,
    0.011286737213955234,
    0.07527678771762991,
    -0.054332198489928984,
    -0.0387991921981059,
    -0.06307298773527492,
    0.01380335191770976,
    0.011265876504683359,
    0.02677270768119555
  ],
  "dipole_vec_eA": [
    0.1410819282718819,
    -0.0008259172227489315,
    1.6228335944818122e-15
  ],
  "dipole_mag_D": 0.6776569320806638,
  "HOMO_eV": -5.374756070022054,
  "LUMO_eV": -5.069177413310251,
  "gap_eV": 0.30557865671180284
}