{
  "tag": "RMC-Pd_2-Sc_3-A2-B6-NNNNNS",
  "energy_eV": -2204.24169866455,
  "multiplicity": 1,
  "charge": 2,
  "sym1": "Pd",
  "ox1": 2,
  "sym2": "Sc",
  "ox2": 3,
  "acid": "A2",
  "base": "B6",
  "bridge": [
    "N",
    "S"
  ],
  "S1_ref": 0.0,
  "S2_ref": 0.0,
  "mulliken_q_e": [
    -0.0034453306853203802,
    0.6439446508857236,
    -0.24342526714970214,
    -0.15076907342987123,
    -0.03160132616081435,
    -0.04677061535461613,
    -0.19894339047711584,
    -0.16455633209714615,
    0.07619815279867415,
    -0.003014398924608752,
    -0.009077851321379615,
    -0.02081238275599251,
    -0.0071932590726149215,
    0.006238520064111741,
    0.08176620657363676,
    0.0900936774024953,
    0.08510882991611857,
    0.07777367059281715,
    0.06598315330347715,
    0.07652218908477215,
    0.0785415477983844,
    0.13035039457303488,
    -0.016741837463391418,
    -0.009035355574571913,
    -0.027266754084327438,
    -0.007388169636989517,
    -0.001325575462181261,
    0.07758311768079162,
    0.08522761121216038,
    0.0804499583742403,
    0.07349621459156785,
    0.05953440979739999,
    0.088536097746715,
    0.08722197862166459,
    -0.0734012129110484,
    -0.01790903521669951,
    -0.015366690447535802,
    0.09832985251768711,
    0.10963945318126811,
    0.08787677496348256,
    0.08232906036043663,
    0.10145056309486389,
    0.10389747986832609,
    -0.08322729566382225,
    -0.008697282393398842,
    -0.01197009734363963,
    0.1122539840627843,
    0.09995092739083222,
    0.09525681969140898,
    0.09291493224055081,
    0.09931635476097578,
    0.10415195047624226
  ],
  "dipole_vec_eA": [
    0.7937116813469056,
    -0.2900549587777177,
    0.18892601596694125
  ],
  "dipole_mag_D": 4.159150995459949,
  "HOMO_eV": -15.224568800962777,
  "LUMO_eV": -14.785169348493907,
  "gap_eV": 0.43939945246886936
}