{
  "tag": "RMC-Ni_3-Ti_3-A2-B4-NNNNOS",
  "energy_eV": -2042.7472033400888,
  "multiplicity": 1,
  "charge": 4,
  "sym1": "Ni",
  "ox1": 3,
  "sym2": "Ti",
  "ox2": 3,
  "acid": "A2",
  "base": "B4",
  "bridge": [
    "O",
    "S"
  ],
  "S1_ref": 0.5,
  "S2_ref": 0.5,
  "mulliken_q_e": [
    0.039949051096954236,
    0.9923094574155659,
    -0.08729976322292021,
    0.28985678383889696,
    0.09274659655487105,
    -0.05957914449644153,
    -0.3301316586994558,
    -0.35111854343874493,
    0.025062108638282288,
    0.015743661976827417,
    0.01695038071220578,
    0.007035086049040684,
    0.021033788167639678,
    0.02728151779905974,
    0.1331144444342518,
    0.14832330479192246,
    0.14459120292852745,
    0.1153810137744018,
    0.055128514465403455,
    0.13683131762839496,
    0.15761916247177943,
    0.15398515926120449,
    0.006475319010702307,
    0.011698592023456467,
    0.00475968349798328,
    0.02163772452852264,
    0.02364535534913159,
    0.1338261988601076,
    0.15289862773969842,
    0.14989018786301678,
    0.12203965505392045,
    0.04851931042103619,
    0.14175331439420558,
    0.1681716551096707,
    -0.01259935606556506,
    -0.03232351388763033,
    0.1782853916391811,
    0.17828539163926582,
    0.18168194500644919,
    0.18168194500654322,
    -0.06868832096687649,
    -0.06781663813467631,
    0.18313812396074147,
    0.18313812396172302,
    0.18254392088568983,
    0.18254392088668447
  ],
  "dipole_vec_eA": [
    1.4136101094615716,
    -0.08197078812896065,
    6.18459612763341e-11
  ],
  "dipole_mag_D": 6.801263894751155,
  "solvation_E_eV": null
}