{
  "tag": "RMC-Ag_1-Y_3-A2-B10-NNNNNS",
  "energy_eV": -3249.7908479598877,
  "multiplicity": 1,
  "charge": 1,
  "sym1": "Ag",
  "ox1": 1,
  "sym2": "Y",
  "ox2": 3,
  "acid": "A2",
  "base": "B10",
  "bridge": [
    "N",
    "S"
  ],
  "S1_ref": 0.0,
  "S2_ref": 0.0,
  "mulliken_q_e": [
    0.26287550059657516,
    0.4659504884540009,
    -0.34013396522962114,
    -0.25769438149349827,
    -0.13372238071804432,
    -0.13299709249807345,
    -0.16391373501866435,
    -0.1645127336790564,
    0.08487083235040283,
    -0.007673130660760696,
    -0.02120030325031541,
    -0.030210282495908736,
    -0.017575437091679857,
    0.0025479192069495227,
    0.053248904504559436,
    0.06231309096539084,
    0.059871025632132424,
    0.06958344069380429,
    0.06835406157723933,
    0.05595763360289019,
    0.048963756393424984,
    0.13016919746070665,
    -0.028051213906921113,
    -0.016695203860000785,
    -0.03881873709561279,
    -0.01462185734342869,
    -0.010141524124432255,
    0.04599407027793623,
    0.05390887908090658,
    0.05127364243336918,
    0.057565488216907434,
    0.06697390396860459,
    0.06092552061352574,
    0.06303175758247359,
    0.07174781255396301,
    -0.0012274680221973089,
    0.014186577949523826,
    -0.030310910090955545,
    -0.022491697139562783,
    -0.04568168009957563,
    0.062034016412027215,
    0.06029455946763962,
    0.054029157446639275,
    -0.02852237514748568,
    0.013886728525512204,
    0.007043217768815113,
    0.07598731646421042,
    -0.044968229432738704,
    -0.023339628222218467,
    0.06084218897944227,
    0.050206535864153135,
    0.05738223328654202,
    0.0737421795173896,
    -0.011748759232013795,
    0.011042345824394895,
    -0.03127000986633255,
    -0.02143911812991739,
    -0.047381502137556986,
    0.058087345350428476,
    0.05781384392663114,
    0.05108121591403747,
    -0.02928886860036095,
    0.01188452780163507,
    -0.0017161439252715294,
    0.06838005532155633,
    -0.04806238671366203,
    -0.022578491396678002,
    0.0593775712330884,
    0.048096968631208714,
    0.056463734771839524
  ],
  "dipole_vec_eA": [
    0.9081429363059342,
    -0.3498430822568101,
    3.579130837036212e-15
  ],
  "dipole_mag_D": 4.674467377017469,
  "HOMO_eV": -11.382606887049926,
  "LUMO_eV": -11.203481557096794,
  "gap_eV": 0.17912532995313235
}