{
  "tag": "RMC-Os_3-V_2-A2-B7-NNNNNO",
  "energy_eV": -2161.6639119210354,
  "multiplicity": 1,
  "charge": 2,
  "sym1": "Os",
  "ox1": 3,
  "sym2": "V",
  "ox2": 2,
  "acid": "A2",
  "base": "B7",
  "bridge": [
    "N",
    "O"
  ],
  "S1_ref": 0.5,
  "S2_ref": 0.5,
  "mulliken_q_e": [
    0.3665014258076382,
    0.3090921878689217,
    -0.17674982773772308,
    -0.22785096980847164,
    -0.075137521114097,
    -0.09629753760642767,
    -0.09909564466131493,
    -0.09991189577190962,
    0.17424318625875013,
    -0.004560032035506589,
    -0.009332130435511843,
    -0.016125006158919986,
    -0.011308953678399458,
    -0.007544776311442236,
    0.09224754650009248,
    0.0987722231566629,
    0.09081652034865573,
    0.06823972318240012,
    0.057203002238577216,
    0.0758098592453833,
    0.07790114071284493,
    0.10027016845811776,
    0.010113900302057388,
    -0.005060377237581459,
    -0.012159162489571607,
    -0.006700106882052692,
    0.009920736900090432,
    0.09603669429211481,
    0.10273502769418408,
    0.09565932696771384,
    0.06100821273967649,
    0.044798679618786474,
    0.08915053141418361,
    0.09222886010037212,
    0.019152322963890134,
    -0.033376887552285295,
    0.07175464392116826,
    0.10091945179934259,
    -0.01867047349657769,
    0.11299269530107492,
    0.11299269824789249,
    0.02595500934054984,
    -0.029990747511115412,
    0.06811553137468607,
    0.09724393893269467,
    -0.008961836092241438,
    0.1084793267651899,
    0.10847932617449252
  ],
  "dipole_vec_eA": [
    -0.013960816066099896,
    -0.00022559763550893496,
    -4.0413612279220546e-09
  ],
  "dipole_mag_D": 0.06706540583426597,
  "HOMO_eV": -15.630436522996998,
  "LUMO_eV": -15.550016838409624,
  "gap_eV": 0.08041968458737436
}