{
  "tag": "RMC-Sc_3-Ta_3-A2-B6-NNNNNO",
  "energy_eV": -2139.4361458539565,
  "multiplicity": 3,
  "charge": 3,
  "sym1": "Sc",
  "ox1": 3,
  "sym2": "Ta",
  "ox2": 3,
  "acid": "A2",
  "base": "B6",
  "bridge": [
    "N",
    "O"
  ],
  "S1_ref": 0.0,
  "S2_ref": 1.0,
  "mulliken_q_e": [
    0.631640682449831,
    0.7176054213460421,
    -0.35612581411883903,
    -0.3971059231016545,
    -0.13254923073413072,
    -0.11941742732187954,
    -0.11460298245192546,
    -0.15662102005790723,
    0.18909025473079066,
    -0.0101020152021154,
    5.9279199631223634e-05,
    -0.010209621745624231,
    0.0013046674476089315,
    -0.0072214290299681405,
    0.10975061814726472,
    0.12332207522541772,
    0.11210953697490211,
    0.07733554419289224,
    0.08603393118591995,
    0.10297470823829358,
    0.1160072496757909,
    0.12616297458592807,
    0.008669488624588606,
    0.004690167237807907,
    -0.006605792452685222,
    0.004806606736488028,
    0.0015497749440878117,
    0.11525447663935684,
    0.12578803059407107,
    0.11236902560516715,
    0.05883760282754791,
    0.08109426342885229,
    0.12903139528624108,
    0.12184229457367246,
    -0.08893674683372343,
    -0.03104479267635951,
    -0.030168582409158207,
    0.14136945502409792,
    0.11506614845662588,
    0.12386510147856766,
    0.12235785482791639,
    0.12994078685031896,
    0.13069451547035238,
    -0.08893891747674365,
    -0.030091838607341215,
    -0.018770201087948024,
    0.1279038483543392,
    0.10079328619286909,
    0.1168088524449794,
    0.10193327668764685,
    0.11961381900269741,
    0.11083532228999216
  ],
  "dipole_vec_eA": [
    -0.35110970439510797,
    -0.23371406030326325,
    0.16714124316521892
  ],
  "dipole_mag_D": 2.1791756206080994,
  "HOMO_eV": -18.066868651778645,
  "LUMO_eV": -18.02506036963232,
  "gap_eV": 0.041808282146323705
}