{
  "tag": "RMC-Cr_3-Sc_3-A2-B7-NNNNOO",
  "energy_eV": -2097.6155545626452,
  "multiplicity": 2,
  "charge": 4,
  "sym1": "Cr",
  "ox1": 3,
  "sym2": "Sc",
  "ox2": 3,
  "acid": "A2",
  "base": "B7",
  "bridge": [
    "O",
    "O"
  ],
  "S1_ref": 0.5,
  "S2_ref": 0.0,
  "mulliken_q_e": [
    0.7026358643921512,
    0.798327319381509,
    -0.35523499283703375,
    -0.3375387369352303,
    -0.1085050234810927,
    -0.08613252139205763,
    -0.10760652351108013,
    -0.10143465971282972,
    0.1914931707359524,
    0.00607442546251713,
    0.018654753889304265,
    0.00982258466211916,
    0.012463207809589871,
    0.018620768240019014,
    0.14783829382609726,
    0.16489553231288445,
    0.14837130348551353,
    0.07568558205387266,
    0.06680161617913605,
    0.1526978814480595,
    0.1484224970877236,
    0.1942210303992955,
    0.0015081974386847996,
    0.01816375348343069,
    0.006716253826395624,
    0.011637505420128313,
    0.012474962601169315,
    0.14618360405615693,
    0.16293565202599292,
    0.14512821690596056,
    0.08208956015372326,
    0.06767959024533887,
    0.1525878555229978,
    0.14235218437930364,
    0.020209088238104966,
    -0.01402328446747414,
    0.14678212236253663,
    0.17332757753998196,
    -0.034242699864421855,
    0.18015983027599103,
    0.18015983352049614,
    0.022930748245893362,
    -0.014069986862252915,
    0.14752663982601544,
    0.16994816058935036,
    -0.03180082673936169,
    0.17153104383641626,
    0.1715310439437706
  ],
  "dipole_vec_eA": [
    0.10465264877824806,
    0.29179457531413333,
    -6.522519362869274e-08
  ],
  "dipole_mag_D": 1.4889642801376288,
  "HOMO_eV": -22.360397000291574,
  "LUMO_eV": -22.23563635943633,
  "gap_eV": 0.12476064085524285
}