{
  "tag": "RMC-Ga_3-In_3-A2-B2-NNNNOO",
  "energy_eV": -2951.8573422852055,
  "multiplicity": 1,
  "charge": 4,
  "sym1": "Ga",
  "ox1": 3,
  "sym2": "In",
  "ox2": 3,
  "acid": "A2",
  "base": "B2",
  "bridge": [
    "O",
    "O"
  ],
  "S1_ref": 0.5,
  "S2_ref": 0.5,
  "mulliken_q_e": [
    0.3739477777696335,
    0.49988418420473135,
    -0.2785453098201387,
    -0.2785593455003583,
    -0.03755280263715299,
    -0.03754859811376443,
    -0.057951712361771435,
    -0.05798504035068297,
    0.18551699550154144,
    0.006536677167853,
    0.005198908886940412,
    -0.004314674317295042,
    0.005690496423068847,
    0.008594800762617316,
    0.12180508397177714,
    0.1409629804173752,
    0.1221879769289288,
    0.06515302690244962,
    0.06721468994821622,
    0.13472733009951643,
    0.1366301021222669,
    0.18550971503631164,
    0.006543217742823071,
    0.005200389041145614,
    -0.004319874712388927,
    0.005683576484079467,
    0.008597338334505489,
    0.12180078958575813,
    0.1409626399676609,
    0.12219177595109276,
    0.06516521880807269,
    0.06721875457162296,
    0.1347273023042207,
    0.1366270484220582,
    0.013132873182841509,
    0.04254442204325137,
    0.020735301445094168,
    0.07385854731812502,
    -0.01661443997881351,
    0.0030691048308311153,
    0.13495853169794159,
    0.10076791400407681,
    0.13296148776004457,
    0.07385815833433695,
    0.013133801390078359,
    0.00307107889339564,
    -0.016607753601780573,
    0.13496018331247828,
    0.13296453650443885,
    0.10076285659889839,
    0.01209583962817029,
    0.042201633970218255,
    0.01649464763276698,
    0.07028197516961487,
    -0.013360363759409966,
    0.002311347132594399,
    0.13386059001253026,
    0.09946489599633024,
    0.13344973712113584,
    0.0702927519758807,
    0.012095018759115561,
    0.002316790935213975,
    -0.013339669228672468,
    0.13386342009503271,
    0.13345122916800622,
    0.09946213851034769
  ],
  "dipole_vec_eA": [
    0.12432670490480947,
    0.0051756226714093564,
    -3.0298066734020005e-15
  ],
  "dipole_mag_D": 0.597683778094277,
  "HOMO_eV": -20.745545476162032,
  "LUMO_eV": -19.871066870118646,
  "gap_eV": 0.874478606043386
}