{
  "tag": "RMC-Bi_3-Cu_2-A2-B4-NNNNOO",
  "energy_eV": -2082.833736731918,
  "multiplicity": 1,
  "charge": 3,
  "sym1": "Bi",
  "ox1": 3,
  "sym2": "Cu",
  "ox2": 2,
  "acid": "A2",
  "base": "B4",
  "bridge": [
    "O",
    "O"
  ],
  "S1_ref": 0.5,
  "S2_ref": 0.5,
  "mulliken_q_e": [
    0.7424542437829535,
    0.2967376550418282,
    -0.14243042006782702,
    -0.14243481856284856,
    -0.1095645749381573,
    -0.1095776553535095,
    -0.025547310524739686,
    -0.02555266090514996,
    0.13457453364345273,
    0.01600575411231908,
    0.012574508523109706,
    -0.003987038569657875,
    0.0016145902816835367,
    -0.0050303288252184775,
    0.12995632455583617,
    0.13262110891234713,
    0.1183559973378937,
    0.060701808412134683,
    0.05496392031807429,
    0.13775132339381657,
    0.12794936037666949,
    0.13457245508127924,
    0.016004438713209,
    0.012568462123811797,
    -0.00398363129631929,
    0.001610410760756853,
    -0.005038048597167499,
    0.12995700208098782,
    0.1326214247861156,
    0.11835731915012249,
    0.060700366279974105,
    0.05499815982019651,
    0.13775169524357533,
    0.1279409292357565,
    -0.037285040300354844,
    -0.037282191322161484,
    0.12796120326524552,
    0.1279612094251804,
    0.1279571367081146,
    0.12795714286835658,
    -0.07956152428234331,
    -0.0795647079705688,
    0.10041485394424732,
    0.10041485551140705,
    0.10041487812940864,
    0.10041487969650864
  ],
  "dipole_vec_eA": [
    -0.482191800305839,
    7.402328203107122e-06,
    4.032331175896355e-07
  ],
  "dipole_mag_D": 2.3160657144617125,
  "solvation_E_eV": null
}