{
  "tag": "RMC-Cu_1-Mg_2-A2-B5-NNNNNO",
  "energy_eV": -1983.826833663493,
  "multiplicity": 1,
  "charge": 0,
  "sym1": "Cu",
  "ox1": 1,
  "sym2": "Mg",
  "ox2": 2,
  "acid": "A2",
  "base": "B5",
  "bridge": [
    "N",
    "O"
  ],
  "S1_ref": 0.0,
  "S2_ref": 0.0,
  "mulliken_q_e": [
    0.27777242237545974,
    0.39372380145883945,
    -0.12264129119716483,
    -0.37067656749828637,
    -0.06200158277985368,
    -0.27903359137256056,
    -0.27623101456596544,
    -0.22974310976553736,
    0.18964155887981837,
    -0.028192706937753664,
    -0.028372288742514407,
    -0.044366669974292394,
    -0.028532628705405516,
    -0.036347987015093786,
    0.04391007984878159,
    0.038670405201081115,
    0.0420502486452049,
    0.08764795319321328,
    0.09185207493256242,
    0.06320295765607309,
    0.06178720604167931,
    0.05916756342696239,
    -0.014005387744110642,
    -0.03131299248587083,
    -0.03688983219650277,
    -0.030866888113227686,
    -0.017502908112077664,
    0.036371997653558585,
    0.03356275606064951,
    0.034057874003557975,
    0.08092768109628357,
    0.005418336506579413,
    0.03972011713824364,
    0.039821275396055955,
    -0.0848024114403585,
    -0.085612348861132,
    0.09439026394785044,
    0.07422423212142393,
    -0.08167154833591361,
    -0.07225150754354859,
    0.07403962908542694,
    0.0990948287178719
  ],
  "dipole_vec_eA": [
    -0.29548393330423395,
    -0.15264952351326902,
    8.21327308603367e-16
  ],
  "dipole_mag_D": 1.5974726064198137,
  "solvation_E_eV": null
}