{
  "tag": "RMC-Ir_2-Re_3-A2-B6-NNNNNN",
  "energy_eV": -2253.0026259047413,
  "multiplicity": 2,
  "charge": 1,
  "sym1": "Ir",
  "ox1": 2,
  "sym2": "Re",
  "ox2": 3,
  "acid": "A2",
  "base": "B6",
  "bridge": [
    "N",
    "N"
  ],
  "S1_ref": 0.5,
  "S2_ref": 0.0,
  "mulliken_q_e": [
    0.16372834449725726,
    0.0704517962629092,
    -0.12342845881714593,
    -0.12343079329030227,
    -0.09229953508642885,
    -0.09228105908155149,
    -0.08771642878760533,
    -0.08771942193020732,
    0.09281092710146499,
    -0.005955856177232821,
    -0.02243907900444264,
    -0.028866175251287096,
    -0.022437399543022707,
    -0.009335893224056369,
    0.059535984543834686,
    0.06327262829374092,
    0.059320628084955085,
    0.04467672474903139,
    0.05071500850521948,
    0.04894961780930562,
    0.0531932553790232,
    0.09280597116521183,
    -0.0059547597749265435,
    -0.022437309262315797,
    -0.028867308806573178,
    -0.02244289226644769,
    -0.0093242913794922,
    0.05953336331400405,
    0.06327492798383227,
    0.059323621303446816,
    0.044675122736203665,
    0.050698843472509525,
    0.048950172376405865,
    0.05320349673455249,
    -0.07295858227077034,
    -0.007467521046233605,
    -0.007472597726120078,
    0.06782188131417877,
    0.07533739588611132,
    0.054847341230113145,
    0.054848398917749286,
    0.06911031789997335,
    0.06911268384760494,
    -0.06676680288353354,
    0.0006760810490133995,
    0.0006763867956105507,
    0.06298259524883976,
    0.07395870881675137,
    0.05067280123803708,
    0.05067225269801656,
    0.06488269595968232,
    0.06488219064216094
  ],
  "dipole_vec_eA": [
    0.004233961855432781,
    -3.7486149246717354e-05,
    0.035265603998650405
  ],
  "dipole_mag_D": 0.17060442439371346,
  "HOMO_eV": -11.57816008778645,
  "LUMO_eV": -10.993540340742577,
  "gap_eV": 0.5846197470438739
}