{
  "tag": "RMC-Ag_2-V_3-A2-B6-NNNNOS",
  "energy_eV": -2224.640539653958,
  "multiplicity": 2,
  "charge": 3,
  "sym1": "Ag",
  "ox1": 2,
  "sym2": "V",
  "ox2": 3,
  "acid": "A2",
  "base": "B6",
  "bridge": [
    "O",
    "S"
  ],
  "S1_ref": 0.5,
  "S2_ref": 1.0,
  "mulliken_q_e": [
    0.4096812558428028,
    0.28306684217109224,
    -0.3368269120060903,
    -0.06767840041437265,
    -0.07696658741382745,
    -0.059985756661179224,
    -0.09889193788512607,
    -0.10274594073844856,
    0.0688787080237292,
    0.020079333936666943,
    0.003074371953836863,
    9.491616865942021e-05,
    0.004458304155493753,
    0.0188851259484919,
    0.11416651941121758,
    0.12781332351326513,
    0.1162620479407227,
    0.07655278036617319,
    0.07231818724122441,
    0.10742704982132523,
    0.1306766568481985,
    0.21232887948879697,
    0.0035482152042052295,
    0.0011338768559323587,
    -0.006518281349229715,
    0.005379897992695337,
    -0.007068518673966073,
    0.11251669851066282,
    0.125614454809856,
    0.11379274506627801,
    0.08592023875787747,
    0.07680586572425008,
    0.10670992002237356,
    0.13476747937379818,
    -0.09560728624647785,
    -0.0357588971823275,
    -0.039036779354331586,
    0.14610144401833047,
    0.12532716038469427,
    0.136679754802415,
    0.13552343481770057,
    0.1395053600486007,
    0.1415131943023823,
    -0.0679399269142158,
    -0.007417948669072638,
    -0.00744586641648981,
    0.11907105437472676,
    0.10483532527184403,
    0.10231212341945195,
    0.10118533957760167,
    0.11202153907448775,
    0.11385961517421717
  ],
  "dipole_vec_eA": [
    0.47112031290066997,
    -0.24777490865384666,
    0.24414761196016324
  ],
  "dipole_mag_D": 2.812868997509093,
  "HOMO_eV": -18.741769797073022,
  "LUMO_eV": -18.698969932232774,
  "gap_eV": 0.04279986484024789
}