{
  "tag": "RMC-Hg_2-Ir_3-A2-B7-NNNNNN",
  "energy_eV": -2123.9937216032654,
  "multiplicity": 1,
  "charge": 1,
  "sym1": "Hg",
  "ox1": 2,
  "sym2": "Ir",
  "ox2": 3,
  "acid": "A2",
  "base": "B7",
  "bridge": [
    "N",
    "N"
  ],
  "S1_ref": 0.0,
  "S2_ref": 0.0,
  "mulliken_q_e": [
    0.2841810441673738,
    0.18026300132127382,
    -0.22729036465401453,
    -0.22218650303159881,
    -0.15731194936358506,
    -0.1397136926648559,
    -0.08320308691158762,
    -0.06286357199044668,
    0.1149903158961989,
    -0.011281696917217143,
    -0.013212481860945813,
    -0.03510624554462827,
    -0.013269895490241934,
    -0.016975520544836087,
    0.06215125804687727,
    0.06274994822287772,
    0.06020032931428809,
    0.05196978951207787,
    0.06486389667700965,
    0.06265678465988311,
    0.06094559875043659,
    0.11442644250634904,
    -0.014236044846854146,
    -0.013225171773690425,
    -0.03718716653302412,
    -0.013027004670674414,
    -0.020739092435103634,
    0.06073282972103289,
    0.06193964744413527,
    0.05884866040374037,
    0.05437666473501346,
    0.0699555722337124,
    0.05791927023578358,
    0.057906970653040735,
    0.03255766590924458,
    -0.045757184153383035,
    0.05464823740260383,
    0.07304441206932544,
    0.009641581206853989,
    0.07656036417238776,
    0.07656036417238721,
    0.02065038500349048,
    -0.045203654439060825,
    0.05560556192904642,
    0.07260297310485331,
    0.00034048887360027535,
    0.07925013474019649,
    0.07925013474019815
  ],
  "dipole_vec_eA": [
    -0.0125477741700615,
    0.1787224931518836,
    -2.607052209532329e-15
  ],
  "dipole_mag_D": 0.860553747077661,
  "HOMO_eV": -11.948318507412557,
  "LUMO_eV": -11.727250110618144,
  "gap_eV": 0.22106839679441315
}