{
  "tag": "RMC-In_1-Ru_3-A2-B10-NNNNNS",
  "energy_eV": -3229.793519830289,
  "multiplicity": 2,
  "charge": 1,
  "sym1": "In",
  "ox1": 1,
  "sym2": "Ru",
  "ox2": 3,
  "acid": "A2",
  "base": "B10",
  "bridge": [
    "N",
    "S"
  ],
  "S1_ref": 0.0,
  "S2_ref": 0.5,
  "mulliken_q_e": [
    0.36376310455573657,
    -0.08199688443045594,
    -0.2069543087518717,
    -0.07330747313901453,
    -0.17410809302625552,
    -0.1512378313191618,
    -0.06966239354969939,
    -0.1267916101153561,
    0.06562937759374199,
    0.0017725580131155994,
    -0.01865656798060855,
    -0.028163771103046686,
    -0.019676002828953987,
    0.0003416311460100463,
    0.05956983763759238,
    0.06531133287487179,
    0.05966719126858977,
    0.06433736822849201,
    0.06800579825287367,
    0.05400622971910529,
    0.05630317605584656,
    0.12049959181499226,
    -0.0026724932511474897,
    -0.017367046011937726,
    -0.0340202657904487,
    -0.01842526781202558,
    -0.011118546758653869,
    0.056427790478098316,
    0.06105643306828756,
    0.055028014751178134,
    0.05406159491877305,
    0.06878282879249653,
    0.06725054107532502,
    0.05470765413955392,
    0.07204840977269678,
    -0.007389031099936938,
    0.011312652910478338,
    -0.029640837280086707,
    -0.02169639088677977,
    -0.04528398501956432,
    0.060059821636911925,
    0.059393376882113436,
    0.04969008422370247,
    -0.028420764828860356,
    0.012811077162300899,
    -0.0002571013404573108,
    0.07198454982514146,
    -0.04596924617992304,
    -0.02248490040210105,
    0.06056135069087343,
    0.04975908592178102,
    0.05802373605051492,
    0.07616183552919531,
    0.012460829494975956,
    0.011604141740981122,
    -0.029156120058601687,
    -0.021710409282950538,
    -0.04878873507127279,
    0.059979724559327985,
    0.05835775115643116,
    0.05189567488905167,
    -0.028311892207875555,
    0.010669912476073184,
    0.014526351612197841,
    0.07582808798547913,
    -0.0493086953372488,
    -0.022485926743725848,
    0.059011995641834014,
    0.04670975763388152,
    0.05569032942787211
  ],
  "dipole_vec_eA": [
    -0.2819000185895621,
    -0.2455471886837106,
    3.1759721262394334e-06
  ],
  "dipole_mag_D": 1.795660056716372,
  "HOMO_eV": -11.495966778339401,
  "LUMO_eV": -11.150401963668369,
  "gap_eV": 0.3455648146710324
}