{
  "tag": "RMC-Cu_2-In_3-A2-B1-NNNNOS",
  "energy_eV": -2496.856162463302,
  "multiplicity": 1,
  "charge": 3,
  "sym1": "Cu",
  "ox1": 2,
  "sym2": "In",
  "ox2": 3,
  "acid": "A2",
  "base": "B1",
  "bridge": [
    "O",
    "S"
  ],
  "S1_ref": 0.5,
  "S2_ref": 0.5,
  "mulliken_q_e": [
    0.5285292316726935,
    0.37141195873056876,
    -0.31687418948718293,
    -0.11052639309306686,
    -0.15999526007069753,
    -0.09182354348104771,
    -0.0463771383752003,
    -0.08343669789088337,
    0.0868716083722576,
    0.01891915514979048,
    0.0023316179626815536,
    -0.008055327773682786,
    0.008037329106774127,
    0.019081227800914702,
    0.11333133978483723,
    0.1252345995401528,
    0.11745622041453585,
    0.07776210669634165,
    0.07126639369058974,
    0.12120928374204121,
    0.12465604457476298,
    0.19575846259709495,
    0.00587332860317602,
    -8.00864312897609e-05,
    -0.01171597419143433,
    0.005681382929740408,
    0.0009118175762174996,
    0.11332685824219524,
    0.12510354528893908,
    0.11525792523542377,
    0.08340537133144066,
    0.07920555657940787,
    0.12866244983421982,
    0.11462452845799154,
    -0.01611228795462205,
    0.05467672096045639,
    0.058761857849413346,
    -0.01453183949733905,
    0.0023785047489970346,
    0.0030977926454309745,
    0.09251418717662829,
    0.09658859233334716,
    0.12360304298706304,
    0.12350767409969643,
    -0.013737377851348986,
    0.05973667290274576,
    0.062424703809954796,
    -0.014654921733814996,
    0.004058615412922739,
    0.004356241304681596,
    0.10118083181330406,
    0.09922105890422894,
    0.1236376584816643,
    0.12426754562493514
  ],
  "dipole_vec_eA": [
    0.4967328302375888,
    -0.07036486825560496,
    -2.548646856754067e-13
  ],
  "dipole_mag_D": 2.4097284694811583,
  "HOMO_eV": -18.3280135823832,
  "LUMO_eV": -17.539044868005483,
  "gap_eV": 0.7889687143777167
}