{
  "tag": "RMC-Nb_3-Ru_3-A2-B4-NNNNNO",
  "energy_eV": -2016.2242063693632,
  "multiplicity": 4,
  "charge": 3,
  "sym1": "Nb",
  "ox1": 3,
  "sym2": "Ru",
  "ox2": 3,
  "acid": "A2",
  "base": "B4",
  "bridge": [
    "N",
    "O"
  ],
  "S1_ref": 1.0,
  "S2_ref": 0.5,
  "mulliken_q_e": [
    0.3593656031826389,
    0.07136125865947185,
    -0.06253472388287773,
    -0.25966707657477817,
    -0.11077205011845037,
    -0.11714221174530115,
    -0.014485029860875853,
    -0.06305491950908326,
    0.2178257724600221,
    0.023219124362984234,
    0.005725972709698102,
    0.0022521671675299615,
    0.010612139120258934,
    0.012529484805365643,
    0.13002848795288968,
    0.14211787304717338,
    0.12964188593346082,
    0.0969928032344296,
    0.11571215371389254,
    0.17123625537135578,
    0.17196131195651343,
    0.08766817658335868,
    0.01828109270319378,
    0.018597345710292368,
    0.0016952973689274842,
    0.016152626554709837,
    0.031097707541985153,
    0.12829544426023054,
    0.13752753467679413,
    0.1298131063659037,
    0.04711750837142592,
    0.11107994683145184,
    0.11749071876428141,
    0.17388509049795264,
    -0.03593358300308891,
    -0.03651544294431752,
    0.1180469929329484,
    0.1180474456275884,
    0.1202675659222785,
    0.12026718111105827,
    -0.007489902289006256,
    -0.05002525299269922,
    0.15236805644355111,
    0.15236805607124593,
    0.14848550279782158,
    0.14848550210830425
  ],
  "dipole_vec_eA": [
    0.6252947239350567,
    -0.289111479884541,
    -9.010394530380927e-08
  ],
  "dipole_mag_D": 3.308912534292908,
  "HOMO_eV": -19.55354310492296,
  "LUMO_eV": -18.92068031155189,
  "gap_eV": 0.6328627933710678
}