{
  "tag": "RMC-Ni_3-Ru_3-A2-B7-NNNNNS",
  "energy_eV": -2194.1597092861352,
  "multiplicity": 1,
  "charge": 3,
  "sym1": "Ni",
  "ox1": 3,
  "sym2": "Ru",
  "ox2": 3,
  "acid": "A2",
  "base": "B7",
  "bridge": [
    "N",
    "S"
  ],
  "S1_ref": 0.5,
  "S2_ref": 0.5,
  "mulliken_q_e": [
    -0.08454850283597382,
    -0.0011662908736100874,
    -0.04412290511028916,
    0.2898078315799539,
    0.021053127276460915,
    0.018934011833368736,
    -0.011157339066713456,
    -0.05496069018015004,
    0.03880443122049915,
    0.024549621271628963,
    0.004562184265678448,
    0.0035936013622970275,
    0.007371547076116425,
    0.02177246264329047,
    0.12164962254674216,
    0.13063662037511548,
    0.12144365311798844,
    0.058411964206634526,
    0.05149937857976106,
    0.1087995761333963,
    0.12787864784963732,
    0.1263297800407408,
    0.036722411785830245,
    0.006019571661804113,
    0.008502767286597601,
    0.006277148571507185,
    0.027876489376194025,
    0.12979766846592433,
    0.13564112481624713,
    0.12385620798627706,
    0.055694742652495854,
    0.06137396959957786,
    0.11818940696639402,
    0.12893025035488004,
    0.025124727900786015,
    -0.010685646227347023,
    0.12206464416286766,
    0.13723782959888575,
    -0.025758453350578137,
    0.14775527213610296,
    0.14775527214109951,
    0.036372315642493325,
    -0.011651565069212166,
    0.09970521217029249,
    0.1295799187154738,
    -0.014086284005634386,
    0.14828133179057845,
    0.14828133175918667
  ],
  "dipole_vec_eA": [
    -0.11876320892559941,
    0.1520743380901461,
    -1.0647151285828554e-10
  ],
  "dipole_mag_D": 0.9267981984094851,
  "HOMO_eV": -19.463635877718513,
  "LUMO_eV": -18.745955967196046,
  "gap_eV": 0.7176799105224667
}