{
  "tag": "RMC-Cu_1-Re_2-A2-B5-NNNNNO",
  "energy_eV": -2059.511638816848,
  "multiplicity": 2,
  "charge": 0,
  "sym1": "Cu",
  "ox1": 1,
  "sym2": "Re",
  "ox2": 2,
  "acid": "A2",
  "base": "B5",
  "bridge": [
    "N",
    "O"
  ],
  "S1_ref": 0.0,
  "S2_ref": 0.5,
  "mulliken_q_e": [
    0.28618201655480735,
    0.044527467864990844,
    -0.04765147424996763,
    -0.32365919341760985,
    -0.07682761981542274,
    -0.2971977973383131,
    -0.12650405007703713,
    -0.13890529534126284,
    0.18120431257589842,
    -0.018372718476308725,
    -0.03155109355801855,
    -0.0394152501621019,
    -0.02949258999733173,
    -0.0320937536801571,
    0.04397406146188032,
    0.04118719738037746,
    0.04192112866255826,
    0.0694251787301019,
    0.09352169167705715,
    0.04924908537772488,
    0.047946215591707975,
    0.05798323768997582,
    0.0013518497652780237,
    -0.03085624802336584,
    -0.03241222284469325,
    -0.030147896098115412,
    -0.013989078102498276,
    0.04480066328389465,
    0.04106983963510924,
    0.03900492993636917,
    0.04562555010318814,
    0.019301932219455642,
    0.05244965225606668,
    0.046051236297356746,
    -0.08312207027391039,
    -0.08584646620855074,
    0.09455012042969779,
    0.07385388133085469,
    -0.07593640355372844,
    -0.07234496568727167,
    0.07773361547400481,
    0.09341132260752105
  ],
  "dipole_vec_eA": [
    -0.50998482895376,
    0.03614633674833397,
    6.604494944120698e-07
  ],
  "dipole_mag_D": 2.455706394278877,
  "solvation_E_eV": null
}