{
  "tag": "RMC-Au_3-Au_3-A2-B6-NNNNOO",
  "energy_eV": -2277.3607476473185,
  "multiplicity": 1,
  "charge": 4,
  "sym1": "Au",
  "ox1": 3,
  "sym2": "Au",
  "ox2": 3,
  "acid": "A2",
  "base": "B6",
  "bridge": [
    "O",
    "O"
  ],
  "S1_ref": 0.0,
  "S2_ref": 0.0,
  "mulliken_q_e": [
    0.5375766211231401,
    0.5375750600891623,
    -0.3350137718919557,
    -0.3350099030770146,
    -0.04681993448362132,
    -0.04680925480304543,
    -0.04681219433814676,
    -0.04680560680921397,
    0.1963571372663262,
    0.0038182009109488657,
    0.018398887331149583,
    0.004707257352704275,
    0.018399730969879124,
    0.0038198036156751325,
    0.14405973182476794,
    0.16155447218925645,
    0.14405896916900396,
    0.07525587109694087,
    0.07525312198624445,
    0.17523064555864776,
    0.17523065788974157,
    0.19636173754962227,
    0.003812429314064447,
    0.01841106812749227,
    0.004706846486827843,
    0.018413014465432864,
    0.003816184979876347,
    0.14405766947756515,
    0.1615531238935083,
    0.14405715480665549,
    0.07525413112155643,
    0.07525043792293928,
    0.17523037320581114,
    0.17523102670042456,
    -0.08927867313523596,
    -0.03460633300267135,
    -0.03460472882099741,
    0.15372473160133782,
    0.10104531148374285,
    0.1616167621530189,
    0.16161618718902104,
    0.13769984255414658,
    0.13769910215613257,
    -0.08927857181101762,
    -0.03460615816366985,
    -0.03460533405614208,
    0.15372463976082074,
    0.10104492269275134,
    0.1616148043266512,
    0.16161510097644394,
    0.13769885353805922,
    0.13769884315704317
  ],
  "dipole_vec_eA": [
    1.1128945329424573e-05,
    2.6765079296485663e-05,
    0.1624007851546014
  ],
  "dipole_mag_D": 0.7800441571312502,
  "HOMO_eV": -23.125291134661218,
  "LUMO_eV": -22.352683495079873,
  "gap_eV": 0.772607639581345
}