{
  "tag": "RMC-Cu_1-Fe_3-A2-B5-NNNNOO",
  "energy_eV": -2061.6290724663263,
  "multiplicity": 2,
  "charge": 2,
  "sym1": "Cu",
  "ox1": 1,
  "sym2": "Fe",
  "ox2": 3,
  "acid": "A2",
  "base": "B5",
  "bridge": [
    "O",
    "O"
  ],
  "S1_ref": 0.0,
  "S2_ref": 0.5,
  "mulliken_q_e": [
    0.22554203306301457,
    0.7997266451262077,
    -0.10948763762079672,
    -0.10948574190802596,
    -0.01708220340564659,
    -0.017072849327454342,
    -0.31690808864767206,
    -0.3168587633696782,
    0.14557727133455067,
    0.0012707964403797511,
    -0.008901999948915273,
    -0.014391796158492287,
    -0.005703553837600905,
    -0.00031668883534985426,
    0.09699013158996117,
    0.10253101348093341,
    0.09890032808075344,
    0.09555962971953558,
    0.04442870914925012,
    0.08929154388579952,
    0.10655051894330114,
    0.14557331048578948,
    0.001258043830307587,
    -0.00889640924648294,
    -0.014389743056794524,
    -0.005693729171726281,
    -0.0003115747816260228,
    0.09699027472044541,
    0.10252971921160337,
    0.09890160441689755,
    0.09554702523003566,
    0.04443296008046893,
    0.08929138948858095,
    0.10654940033353233,
    -0.0391320339814194,
    -0.03916920411339442,
    0.14487547180756433,
    0.14487753007433124,
    -0.05973513371288641,
    -0.05977812657179982,
    0.13305973009501337,
    0.13306019710754335
  ],
  "dipole_vec_eA": [
    -0.31465329487384613,
    -0.00011541925308112482,
    2.259216785915984e-15
  ],
  "dipole_mag_D": 1.5113441511852257,
  "solvation_E_eV": null
}