{
  "tag": "RMC-Mn_3-Ni_2-A2-B6-NNNNSS",
  "energy_eV": -2250.44095668684,
  "multiplicity": 1,
  "charge": 3,
  "sym1": "Mn",
  "ox1": 3,
  "sym2": "Ni",
  "ox2": 2,
  "acid": "A2",
  "base": "B6",
  "bridge": [
    "S",
    "S"
  ],
  "S1_ref": 0.0,
  "S2_ref": 0.0,
  "mulliken_q_e": [
    0.18696178036241273,
    -0.10024457156309241,
    0.078384771403775,
    0.07833706553773465,
    -0.08104796970386485,
    -0.0810106515226321,
    0.014753544555083487,
    0.014692824428067963,
    0.05427260109224297,
    0.019288931915261598,
    0.006101629117680307,
    -0.00016281696316933214,
    0.0015505988641373314,
    0.02037716267359735,
    0.11427053822546007,
    0.12497380797938507,
    0.11317996510322037,
    0.06397977244909092,
    0.06222049691558218,
    0.12477898171720236,
    0.11332840258111321,
    0.05427007725485833,
    0.019287464961225576,
    0.0061059720051770405,
    -0.00016869969907040705,
    0.0015499790182531559,
    0.02037505631089309,
    0.11427082635849051,
    0.12497463545556742,
    0.11317873399181422,
    0.06397264372832612,
    0.062233522798525565,
    0.12480562279067808,
    0.11331920752558589,
    -0.07644969328578632,
    -0.01749890789061692,
    -0.017509530166659237,
    0.125516520730095,
    0.12260450994191807,
    0.11090135525983058,
    0.11091419775233757,
    0.12132402973571599,
    0.12133010753731122,
    -0.057494361413946926,
    -0.012672406680942716,
    -0.012666691351181703,
    0.1240143931040204,
    0.13179278588909127,
    0.11473802394793853,
    0.11472380102821045,
    0.12463910452267923,
    0.1246308536665297
  ],
  "dipole_vec_eA": [
    0.3023444022458023,
    0.000324459257498422,
    0.19043923653981165
  ],
  "dipole_mag_D": 1.7162928008346205,
  "HOMO_eV": -18.622996792481306,
  "LUMO_eV": -18.40567330799078,
  "gap_eV": 0.21732348449052452
}