{
  "tag": "RMC-Hf_2-Hg_2-A2-B6-NNNNNN",
  "energy_eV": -2125.981148341992,
  "multiplicity": 3,
  "charge": 0,
  "sym1": "Hf",
  "ox1": 2,
  "sym2": "Hg",
  "ox2": 2,
  "acid": "A2",
  "base": "B6",
  "bridge": [
    "N",
    "N"
  ],
  "S1_ref": 1.0,
  "S2_ref": 0.0,
  "mulliken_q_e": [
    0.4094721173587488,
    0.2723773920967847,
    -0.36014868950285384,
    -0.3601488719873811,
    -0.189993847975799,
    -0.18999915434882908,
    -0.19029811913637928,
    -0.19029363684263734,
    0.11872104212691936,
    -0.03257167943097383,
    -0.03629046749550113,
    -0.04806887225252776,
    -0.03770016709175228,
    -0.032454220630191655,
    0.020770533591544238,
    0.022321794209745227,
    0.019709469520388656,
    0.06846743309354308,
    0.04761099321365103,
    0.017222229529798017,
    0.01872607816642613,
    0.11872110501181421,
    -0.0325706642946888,
    -0.0362972318526249,
    -0.04806497985133462,
    -0.03769634261218324,
    -0.03245649950053053,
    0.02077262299688598,
    0.022319390072768175,
    0.019706404811381528,
    0.06846020806826503,
    0.04761777300963521,
    0.017224590415012342,
    0.018724639444332558,
    -0.06757313170414214,
    0.015417943377070475,
    0.01541893408645123,
    0.05220499254738897,
    0.07388193251201369,
    0.03882071981156554,
    0.03882024270132467,
    0.04853012837400883,
    0.048529489643355905,
    -0.06552056298687159,
    0.015506539698939337,
    0.015505545205911186,
    0.049704920412958487,
    0.06293835854022878,
    0.03473901182009154,
    0.034739440300029734,
    0.047221245690178604,
    0.04722187787569432
  ],
  "dipole_vec_eA": [
    -0.3197950089075832,
    -1.485827650991784e-05,
    0.014709283428168475
  ],
  "dipole_mag_D": 1.537664742253251,
  "HOMO_eV": -7.471622662254508,
  "LUMO_eV": -7.419844642188106,
  "gap_eV": 0.05177802006640242
}