{
  "tag": "RMC-Cd_2-Cr_2-A2-B7-NNNNNS",
  "energy_eV": -2077.6107538773554,
  "multiplicity": 1,
  "charge": 1,
  "sym1": "Cd",
  "ox1": 2,
  "sym2": "Cr",
  "ox2": 2,
  "acid": "A2",
  "base": "B7",
  "bridge": [
    "N",
    "S"
  ],
  "S1_ref": 0.0,
  "S2_ref": 0.0,
  "mulliken_q_e": [
    0.4216004748593454,
    0.5491244968618465,
    -0.3905774572127598,
    -0.1719474153944465,
    -0.15631298186513498,
    -0.1564383694299638,
    -0.17814870962156748,
    -0.17767524327479145,
    0.05565130352913661,
    -0.002743341992635484,
    -0.023983586438097504,
    -0.02827778919933599,
    -0.02420902757546628,
    -0.00075838608197909,
    0.05828103557462061,
    0.06308839441075453,
    0.05909449712964587,
    0.029832606986708976,
    0.06701807419412864,
    0.046213012120504326,
    0.050723878028576586,
    0.11058641917246792,
    -0.01705346706869859,
    -0.01931100686116305,
    -0.035047931043658886,
    -0.019331087195323615,
    -0.022618312939213236,
    0.053808150743844374,
    0.05894311782817563,
    0.05267846467366433,
    0.03302928536164251,
    0.06789692072533793,
    0.04640455645505592,
    0.0576239936084183,
    0.03043579121126072,
    -0.05059179368392286,
    0.05260757189541776,
    0.07710278480405808,
    0.0009679680692866732,
    0.08710809577634704,
    0.08710809114016782,
    0.02444873813565085,
    -0.06590366140645232,
    0.05660093725545723,
    0.07256613513080934,
    0.005967988850917649,
    0.08220838628050264,
    0.08220839747085629
  ],
  "dipole_vec_eA": [
    -0.10911274340747869,
    0.061823477053287626,
    2.5877828005930353e-07
  ],
  "dipole_mag_D": 0.6023710920377842,
  "HOMO_eV": -11.214763819384894,
  "LUMO_eV": -11.134877232022275,
  "gap_eV": 0.07988658736261911
}