{
  "tag": "RMC-Os_3-Ru_2-A2-B6-NNNNSS",
  "energy_eV": -2220.9002065519207,
  "multiplicity": 2,
  "charge": 3,
  "sym1": "Os",
  "ox1": 3,
  "sym2": "Ru",
  "ox2": 2,
  "acid": "A2",
  "base": "B6",
  "bridge": [
    "S",
    "S"
  ],
  "S1_ref": 0.5,
  "S2_ref": 0.0,
  "mulliken_q_e": [
    0.240701940254213,
    -0.09589458085987568,
    0.09552270721098571,
    0.09552116795727345,
    -0.03999292129217413,
    -0.03999637893582442,
    -0.039018683608833316,
    -0.039020499222367944,
    0.04905474503067686,
    0.01886300809602015,
    0.0003440445142401938,
    0.0011458040499494615,
    -0.0006091890295361058,
    0.019391582730267087,
    0.11210614086553705,
    0.12590211282441732,
    0.11496358347682722,
    0.06185716724619139,
    0.04611775975064614,
    0.11518735851781103,
    0.11909999275723948,
    0.04905310452553846,
    0.018866483770023867,
    0.00034231580342103385,
    0.0011463871576138374,
    -0.0006114305052959956,
    0.019391694123713332,
    0.11210742615053582,
    0.12590219062941033,
    0.11496305864106315,
    0.06186281228606161,
    0.046117780233748906,
    0.11518671215754717,
    0.11909981150592452,
    -0.09391720039272355,
    -0.04052074794263305,
    -0.040520679854323394,
    0.13313956863136522,
    0.1165136852112112,
    0.12059345223232276,
    0.12059344168685882,
    0.13313983156504683,
    0.13314000946570737,
    -0.0575257015982209,
    0.001518504594898884,
    0.0015148403053635295,
    0.1245485760930386,
    0.13212662941822695,
    0.11170903895503881,
    0.1117091390063859,
    0.12378058394008318,
    0.12378181986957826
  ],
  "dipole_vec_eA": [
    0.7548610154856362,
    1.6031667730791113e-05,
    0.16318818356276896
  ],
  "dipole_mag_D": 3.7095092040045494,
  "HOMO_eV": -18.6254161777414,
  "LUMO_eV": -18.31729779138156,
  "gap_eV": 0.30811838635984046
}