{
  "tag": "RMC-Os_3-Y_3-A2-B4-NNNNOO",
  "energy_eV": -2013.3400013669475,
  "multiplicity": 2,
  "charge": 4,
  "sym1": "Os",
  "ox1": 3,
  "sym2": "Y",
  "ox2": 3,
  "acid": "A2",
  "base": "B4",
  "bridge": [
    "O",
    "O"
  ],
  "S1_ref": 0.5,
  "S2_ref": 0.0,
  "mulliken_q_e": [
    0.5068807656389642,
    0.623503595546153,
    -0.24933308024009726,
    -0.2493647950918627,
    -0.1607041134278504,
    -0.16067461756459744,
    -0.12076976468802791,
    -0.12082929856883085,
    0.23462082738769552,
    0.012555497056182974,
    0.026270749080184785,
    0.009549265637898596,
    0.009178876405564917,
    0.02470620932573553,
    0.15729605287815018,
    0.15894475286915766,
    0.15157783301107852,
    0.1132997473973607,
    0.10613349872612599,
    0.2146144251417268,
    0.17654260102379105,
    0.23460265776495692,
    0.012572180914494746,
    0.026264992041236113,
    0.00954139463923176,
    0.009184727975802609,
    0.024697960333798674,
    0.15730276402252408,
    0.15894370961282367,
    0.15158311007594638,
    0.11328561414907745,
    0.10613992177521236,
    0.2146272771316885,
    0.17653814046879246,
    -0.04563618172453743,
    -0.0456475837843584,
    0.16777160187932327,
    0.1677716025848267,
    0.16776975861690313,
    0.16776977376419777,
    -0.04379637965248451,
    -0.04381103479258486,
    0.16213489431001415,
    0.16213489283611304,
    0.1621275893927474,
    0.162127588106749
  ],
  "dipole_vec_eA": [
    0.3759715206765916,
    0.00014928731413579822,
    4.2977450101484805e-07
  ],
  "dipole_mag_D": 1.8058681558746645,
  "HOMO_eV": -22.00363809882001,
  "LUMO_eV": -21.809126730672844,
  "gap_eV": 0.19451136814716463
}