{
  "tag": "RMC-Hg_2-Hg_2-A2-B10-NNNNSS",
  "energy_eV": -3147.785843125935,
  "multiplicity": 1,
  "charge": 2,
  "sym1": "Hg",
  "ox1": 2,
  "sym2": "Hg",
  "ox2": 2,
  "acid": "A2",
  "base": "B10",
  "bridge": [
    "S",
    "S"
  ],
  "S1_ref": 0.0,
  "S2_ref": 0.0,
  "mulliken_q_e": [
    0.22092230598820184,
    0.2209213226512423,
    -0.2617225639608359,
    -0.2617225839128497,
    -0.07958609131504413,
    -0.0795800611355264,
    -0.07954819566965399,
    -0.07955400896589127,
    0.11178137005201516,
    0.01159775785559547,
    -0.008029612818934106,
    -0.018643475013325528,
    -0.008029818014507528,
    0.011612365802417202,
    0.07888080427499455,
    0.08917170055478119,
    0.078882401705473,
    0.07863390344740195,
    0.07862848725338956,
    0.0890442218554115,
    0.08904811226238651,
    0.11178132937832985,
    0.011593371359808868,
    -0.008029160659756451,
    -0.01864352598320762,
    -0.008030270288168051,
    0.011617005168500727,
    0.07888016777191409,
    0.08917171321805784,
    0.07888302580336604,
    0.07863568863907222,
    0.07862655411881425,
    0.08904309945044842,
    0.0890492680028957,
    0.07111396845991713,
    0.0020997367284887325,
    0.0229485491635939,
    -0.01797285894544509,
    -0.011709730192700496,
    -0.03902610604541601,
    0.08416107019168462,
    0.08233102107945922,
    0.06473563123530013,
    -0.0179718385230192,
    0.022949858479450524,
    0.0021010648675579002,
    0.07111036277667138,
    -0.039026836689026956,
    -0.011709495238723777,
    0.08416075953758018,
    0.06473584891709694,
    0.08233102802948589,
    0.07109033477318838,
    0.002110310053720754,
    0.022955107242470962,
    -0.017971679784456907,
    -0.011706866683660389,
    -0.03902890851255236,
    0.08416050238835415,
    0.08233031489611398,
    0.06473630205883163,
    -0.017972267822088828,
    0.02295408707793678,
    0.00210873021632052,
    0.07109400865415028,
    -0.039028500895861296,
    -0.011707268167504559,
    0.08416052186210166,
    0.06473616598035081,
    0.08233046395667576
  ],
  "dipole_vec_eA": [
    0.000125554777965352,
    -3.417402665243369e-07,
    3.100892753732296e-16
  ],
  "dipole_mag_D": 0.0006030674795194057,
  "HOMO_eV": -15.128943913928767,
  "LUMO_eV": -13.765934600587082,
  "gap_eV": 1.363009313341685
}