{
  "tag": "RMC-Pb_2-Y_3-A2-B5-NNNNOS",
  "energy_eV": -1927.9502256400472,
  "multiplicity": 1,
  "charge": 3,
  "sym1": "Pb",
  "ox1": 2,
  "sym2": "Y",
  "ox2": 3,
  "acid": "A2",
  "base": "B5",
  "bridge": [
    "O",
    "S"
  ],
  "S1_ref": 0.0,
  "S2_ref": 0.0,
  "mulliken_q_e": [
    0.8383350226772843,
    0.5491987622308148,
    -0.08750079652538356,
    0.1026940768591792,
    -0.08696222710999324,
    -0.25812804145421286,
    -0.21461607225861834,
    -0.2014673740697026,
    0.045012822380548156,
    0.009908224258336595,
    0.010505388564470142,
    -0.007188177276717056,
    0.009145690943314744,
    0.015475780205812084,
    0.1082608035071072,
    0.11596834874474493,
    0.11005724025697705,
    0.08557453834377204,
    0.08584785519643989,
    0.09473457063999735,
    0.09034098782659417,
    0.14898808069873914,
    0.004158612744349144,
    0.0034770081012960308,
    -0.006100326068526396,
    0.0004384460335948859,
    0.00825505133847071,
    0.11782859355897857,
    0.12392260149114509,
    0.1146219040972597,
    0.10713032854739213,
    0.048505436618619946,
    0.13166204723606456,
    0.10340980900531249,
    -0.048467841025285674,
    -0.03525830523345319,
    0.15951072363482066,
    0.15943118001393386,
    -0.003436243686990359,
    0.01658296301257689,
    0.21008653423976598,
    0.22005597170118518
  ],
  "dipole_vec_eA": [
    -0.2499739966037773,
    0.28711907463685155,
    -1.7521419951035504e-10
  ],
  "dipole_mag_D": 1.8285285903073765,
  "solvation_E_eV": null
}