{
  "tag": "RMC-Pb_2-V_2-A2-B5-NNNNSS",
  "energy_eV": -1941.4743189328065,
  "multiplicity": 2,
  "charge": 2,
  "sym1": "Pb",
  "ox1": 2,
  "sym2": "V",
  "ox2": 2,
  "acid": "A2",
  "base": "B5",
  "bridge": [
    "S",
    "S"
  ],
  "S1_ref": 0.0,
  "S2_ref": 0.5,
  "mulliken_q_e": [
    0.7473544418993179,
    0.23968520588463227,
    0.22841190542085338,
    0.09035589030288094,
    -0.20348765812716096,
    -0.26182186064768476,
    -0.19678950850716848,
    -0.20682039116291007,
    0.04358799799860513,
    0.0022227880742131667,
    -0.008846868356238158,
    -0.01696466189069934,
    -0.0069912126024676,
    0.005114703948143173,
    0.07956466456015054,
    0.0882501058389571,
    0.08453728120009751,
    0.0750348245104282,
    0.07182289027655653,
    0.07379348879850722,
    0.06581806071403795,
    0.02637260107797279,
    0.014333289193548815,
    -0.015290864438603613,
    -0.01407979226914935,
    -0.014950909250597721,
    0.009129619245407783,
    0.08394291212846161,
    0.09135050874394157,
    0.08671688562895363,
    0.06052041238700623,
    0.04458674619497249,
    0.09604393638502828,
    0.08882902922673419,
    -0.06015823267227316,
    -0.05622218237565013,
    0.12968339820489072,
    0.1314162434030599,
    -0.015036891789939721,
    -0.009805767683948918,
    0.16012338807624027,
    0.1686635824518279
  ],
  "dipole_vec_eA": [
    -0.36636393990804755,
    -0.19220410410797004,
    -1.6393431795103664e-10
  ],
  "dipole_mag_D": 1.987185825150291,
  "solvation_E_eV": null
}