{
  "tag": "RMC-Cu_2-V_3-A2-B5-NNNNSS",
  "energy_eV": -1967.1878784221053,
  "multiplicity": 4,
  "charge": 3,
  "sym1": "Cu",
  "ox1": 2,
  "sym2": "V",
  "ox2": 3,
  "acid": "A2",
  "base": "B5",
  "bridge": [
    "S",
    "S"
  ],
  "S1_ref": 0.5,
  "S2_ref": 1.0,
  "mulliken_q_e": [
    0.3717872466770664,
    0.30489013085956274,
    0.2310495549437508,
    0.23104800624770436,
    -0.1689356953957064,
    -0.1689352293102746,
    -0.18847753935020028,
    -0.18848179521822894,
    0.03069224203468135,
    0.024907292074613174,
    0.006847678040426297,
    -0.00028401763448560047,
    0.015347104144108892,
    0.018300828103852362,
    0.11657169140370927,
    0.1288385248750974,
    0.12365149942356168,
    0.10091433944983641,
    0.06592035406970242,
    0.14987994646559055,
    0.11896335310238704,
    0.030691460317238795,
    0.024906860617119442,
    0.0068477075102797436,
    -0.0002846946623638047,
    0.015344561264474255,
    0.018301405661498515,
    0.11657112350134058,
    0.12883905517950478,
    0.12365216847969718,
    0.10091489982459367,
    0.06591861915300834,
    0.14988111700966866,
    0.11896407216389371,
    -0.025869778774573637,
    -0.025870462650180892,
    0.1761989746360889,
    0.17619914763305689,
    0.021094574329001636,
    0.021091074365354512,
    0.21605552743901013,
    0.21605707203803926
  ],
  "dipole_vec_eA": [
    0.39286720124158675,
    -2.8289006040259525e-06,
    1.7859506483536733e-16
  ],
  "dipole_mag_D": 1.8870214185954592,
  "HOMO_eV": -18.680546225031467,
  "LUMO_eV": -18.592583386187428,
  "gap_eV": 0.08796283884403877
}