{
  "tag": "RMC-Mn_2-Sn_2-A2-B1-NNNNOO",
  "energy_eV": -2532.9466156677495,
  "multiplicity": 2,
  "charge": 2,
  "sym1": "Mn",
  "ox1": 2,
  "sym2": "Sn",
  "ox2": 2,
  "acid": "A2",
  "base": "B1",
  "bridge": [
    "O",
    "O"
  ],
  "S1_ref": 0.5,
  "S2_ref": 0.0,
  "mulliken_q_e": [
    0.2738132412544656,
    0.6081375533752061,
    -0.29220783248611726,
    -0.29220075199032003,
    -0.07104146135706135,
    -0.07104906131433752,
    -0.17249349196147334,
    -0.17250538605279364,
    0.1676619901909795,
    -0.018846197166042078,
    -0.013119843564524558,
    -0.020531423994345932,
    -0.01122807280917848,
    0.0035461478267697633,
    0.08553529116684977,
    0.09662805498462268,
    0.09203954107861922,
    0.06827863943918122,
    0.058426371110876785,
    0.08283444023425579,
    0.09692837045079572,
    0.16764006587106084,
    -0.01885048288691693,
    -0.013135470827937645,
    -0.02052224953697812,
    -0.011244825091030863,
    0.0035482707016212256,
    0.08553686006120498,
    0.09662889843784783,
    0.09204302460970504,
    0.06823274537289081,
    0.0583806959914801,
    0.08283705723916446,
    0.0969338436550029,
    -0.025046607587436265,
    0.06758534877813682,
    0.06759547435463209,
    -0.025044463594500632,
    -0.01033536951776437,
    -0.010345173747237313,
    0.08552141419137038,
    0.08552137522213077,
    0.09995408883956913,
    0.09995510619930792,
    -0.02456104799640535,
    0.05707904959095922,
    0.05710578778934505,
    -0.02457878947870129,
    -0.010031273817201924,
    -0.010039349713017343,
    0.07482808868639101,
    0.07483247157776463,
    0.09168797026158326,
    0.09168134798132832
  ],
  "dipole_vec_eA": [
    0.33973120631306947,
    -0.0003608667359551488,
    5.121564813419753e-09
  ],
  "dipole_mag_D": 1.6317993013902365,
  "HOMO_eV": -14.848898978057626,
  "LUMO_eV": -14.383749208593994,
  "gap_eV": 0.4651497694636326
}