{
  "tag": "RMC-Ni_2-Y_3-A2-B5-NNNNSS",
  "energy_eV": -1973.2051080541678,
  "multiplicity": 1,
  "charge": 3,
  "sym1": "Ni",
  "ox1": 2,
  "sym2": "Y",
  "ox2": 3,
  "acid": "A2",
  "base": "B5",
  "bridge": [
    "S",
    "S"
  ],
  "S1_ref": 0.0,
  "S2_ref": 0.0,
  "mulliken_q_e": [
    -0.04182308565024573,
    0.5525940727258067,
    0.22029265514950805,
    0.2203078109177327,
    -0.07945663823726501,
    -0.07946711659492722,
    -0.2106154272843963,
    -0.21044024514376325,
    0.026696159552862087,
    0.01550057577495223,
    0.004979056253790581,
    -0.003634673043516168,
    0.00884297357394681,
    0.014779294077857497,
    0.10979452053949523,
    0.12234035091017015,
    0.1169209068425856,
    0.1048099652906056,
    0.059265304579718014,
    0.13668811531438374,
    0.13050546498065596,
    0.026671981927298916,
    0.015457563836265287,
    0.004992906390083318,
    -0.0036532586614930196,
    0.00881603374223161,
    0.014776663508803356,
    0.10979567644138677,
    0.12234146332144424,
    0.11692560938235164,
    0.10479087817959454,
    0.0592376680449318,
    0.13665896674329514,
    0.13050790432791448,
    0.023593764212741064,
    0.023597470350608774,
    0.20079733752171391,
    0.20079536150971278,
    0.014915611841676446,
    0.014935242526354475,
    0.22758253023647046,
    0.22758261308122285
  ],
  "dipole_vec_eA": [
    1.6668496963341801,
    -0.000995524580236238,
    4.118241382229904e-16
  ],
  "dipole_mag_D": 8.006221006815926,
  "HOMO_eV": -19.11514017670062,
  "LUMO_eV": -18.739473638987523,
  "gap_eV": 0.3756665377130979
}