{
  "tag": "RMC-Ir_2-Y_3-A2-B1-NNNNSS",
  "energy_eV": -2471.787929748841,
  "multiplicity": 2,
  "charge": 3,
  "sym1": "Ir",
  "ox1": 2,
  "sym2": "Y",
  "ox2": 3,
  "acid": "A2",
  "base": "B1",
  "bridge": [
    "S",
    "S"
  ],
  "S1_ref": 0.5,
  "S2_ref": 0.0,
  "mulliken_q_e": [
    0.20249188109397354,
    0.42278097719708463,
    -0.0473825042269273,
    -0.04739081745184637,
    -0.0192084562190864,
    -0.019205803151763234,
    -0.14116637788584452,
    -0.14116536332056828,
    0.0714858429862335,
    0.014450689955588292,
    0.002175442806625405,
    -0.0054454295842902845,
    0.0020440662161762546,
    0.02232970280840707,
    0.10739525007437489,
    0.12097512258565146,
    0.11192209612908421,
    0.08845210400689973,
    0.049456820631361476,
    0.10967155967119391,
    0.11867561027921536,
    0.07150415937232801,
    0.014453828082443776,
    0.002177018828207311,
    -0.0054439620075315,
    0.002045477563533016,
    0.022336555272901792,
    0.10739413310333468,
    0.12097403299215059,
    0.1119210914268538,
    0.08846083089038226,
    0.049474653111086564,
    0.10967118140551657,
    0.11867414192839942,
    -0.01442011741184479,
    0.06951443262546131,
    0.06950741909746827,
    -0.014420671763242021,
    0.001536897325085107,
    0.0015432652658700086,
    0.10412347710368797,
    0.10412329912040219,
    0.12378095338602757,
    0.12378029408529112,
    -0.006722677507457142,
    0.06847380891809629,
    0.06846538145674064,
    -0.006722274080961377,
    0.0024276784092978065,
    0.0024342417462319688,
    0.10775070663564212,
    0.10775052902080717,
    0.12504403939362851,
    0.12504376201093526
  ],
  "dipole_vec_eA": [
    1.177999107480197,
    0.0001730558832314877,
    -1.999159393344789e-11
  ],
  "dipole_mag_D": 5.658170404161139,
  "HOMO_eV": -18.33683115704946,
  "LUMO_eV": -18.114539188845153,
  "gap_eV": 0.2222919682043063
}