{
  "tag": "RMC-Cu_2-Hf_2-A2-B4-NNNNNO",
  "energy_eV": -2059.937233948671,
  "multiplicity": 4,
  "charge": 1,
  "sym1": "Cu",
  "ox1": 2,
  "sym2": "Hf",
  "ox2": 2,
  "acid": "A2",
  "base": "B4",
  "bridge": [
    "N",
    "O"
  ],
  "S1_ref": 0.5,
  "S2_ref": 1.0,
  "mulliken_q_e": [
    0.23834575673266145,
    0.3893055624644981,
    -0.0975344035292045,
    -0.32786999467922984,
    -0.0657258363632538,
    -0.21019405678090086,
    -0.14806201344935177,
    -0.12304142654150962,
    0.1875501776390256,
    -0.025617534154438237,
    -0.026828661632306794,
    -0.03268776566493181,
    -0.02389250120773112,
    -0.01589420695260757,
    0.06223497924250543,
    0.06714925114405301,
    0.06408512701027724,
    0.04968312317684176,
    0.09932740866615908,
    0.061847214488098046,
    0.082984903272589,
    0.06041428755800626,
    -0.009431919907517239,
    -0.026507548211373688,
    -0.02762538521866209,
    -0.02335518489348898,
    -0.007740514098762974,
    0.05639949926319476,
    0.061075764585905246,
    0.05924304503283917,
    0.044199413813726496,
    0.015903187903532734,
    0.05768727797292883,
    0.06477645668662002,
    -0.06037052834944845,
    -0.07712279146865564,
    0.07959154077990205,
    0.07959154077990338,
    0.07583323865815916,
    0.07583323865816016,
    -0.0069389459806907805,
    -0.0035957609276102698,
    0.07773075427660026,
    0.07773075427660059,
    0.07575674405069421,
    0.07575674405069377
  ],
  "dipole_vec_eA": [
    0.0703835733460707,
    -0.15469491897779208,
    -7.931313764211029e-16
  ],
  "dipole_mag_D": 0.8163238242665866,
  "solvation_E_eV": null
}