{
  "tag": "RMC-Bi_3-Re_2-A2-B4-NNNNNS",
  "energy_eV": -2029.8192900837955,
  "multiplicity": 1,
  "charge": 2,
  "sym1": "Bi",
  "ox1": 3,
  "sym2": "Re",
  "ox2": 2,
  "acid": "A2",
  "base": "B4",
  "bridge": [
    "N",
    "S"
  ],
  "S1_ref": 0.5,
  "S2_ref": 0.5,
  "mulliken_q_e": [
    0.7965824773636148,
    0.0184551587192755,
    -0.26936255198874437,
    0.23776579078307486,
    -0.2958048562758415,
    -0.2586372869853011,
    0.029867374170708727,
    -0.04755533137599399,
    0.007622022649375282,
    0.01109330148685106,
    -0.007409052094484059,
    -0.01080733883832452,
    0.0018444746408838864,
    0.005322930199378906,
    0.09204235834039531,
    0.0998143881895408,
    0.09758725776387178,
    0.04025166746418929,
    0.07552322662550082,
    0.08879885696273138,
    0.09933568043458418,
    0.11077394141161556,
    0.013296756247088704,
    -0.00713119035666665,
    -0.007368268953013235,
    -0.005101785401728565,
    -0.0009411830641075092,
    0.09507820069759731,
    0.10516933888947244,
    0.09774928744114186,
    0.0298043721793253,
    0.09520099311318386,
    0.10450676882731458,
    0.10926972666572587,
    -0.0856167438146227,
    -0.08933991963660026,
    0.056007985038040276,
    0.056008234430003245,
    0.06611395449518942,
    0.06611414740011123,
    -0.028666072541352783,
    -0.041347473687639136,
    0.10738273117107222,
    0.1073827240560421,
    0.11666146872427985,
    0.11666145843411124
  ],
  "dipole_vec_eA": [
    0.5944522297483493,
    -0.28274647836340233,
    -1.08923249032084e-06
  ],
  "dipole_mag_D": 3.1618039306891497,
  "solvation_E_eV": null
}