{
  "tag": "RMC-Fe_3-Zn_2-A2-B2-NNNNOS",
  "energy_eV": -2982.7417798980605,
  "multiplicity": 2,
  "charge": 3,
  "sym1": "Fe",
  "ox1": 3,
  "sym2": "Zn",
  "ox2": 2,
  "acid": "A2",
  "base": "B2",
  "bridge": [
    "O",
    "S"
  ],
  "S1_ref": 0.5,
  "S2_ref": 0.0,
  "mulliken_q_e": [
    0.7422965544134039,
    0.2968256527584411,
    -0.3875223515274475,
    -0.05326678919859326,
    -0.14663438763684855,
    -0.1526593084831085,
    -0.08667543473793393,
    -0.10685197865814078,
    0.05156452590809235,
    0.01206386625897271,
    -0.0038066085849017828,
    -0.007968228657697418,
    -0.004794040878976169,
    0.006267648935400549,
    0.09971108966412334,
    0.1140934420887808,
    0.09892752660754689,
    0.05790374388480313,
    0.04049460964943763,
    0.09995175070863016,
    0.11942941734317014,
    0.20363720478508984,
    -0.01019653920410546,
    -0.004836823408745916,
    -0.013196143175157493,
    -0.007074712414756101,
    -0.013485431636104162,
    0.09754836072787465,
    0.11266658337357482,
    0.09628060386111803,
    0.0667299570882538,
    0.05090529734970439,
    0.10283327542681975,
    0.11752511430588952,
    -0.0025798160665506664,
    0.035280820562898274,
    0.0008746801719972108,
    0.05811699567149908,
    -0.022728261861752364,
    -0.010670439695119827,
    0.1106472284166985,
    0.08769995558428567,
    0.10876047013618229,
    0.05831989334579846,
    -0.003077517360018378,
    -0.010442097076920787,
    -0.02252624345497578,
    0.11041516395182616,
    0.10859799181746954,
    0.08660567292431942,
    0.0006209283295617318,
    0.03353161265766991,
    0.010982463002819465,
    0.0737570565990755,
    -0.02347975149065018,
    -0.008124238232864567,
    0.10806650608938717,
    0.08370198008532692,
    0.10419096995074795,
    0.07144900127355935,
    -0.0005306909084770162,
    -0.008149692658359298,
    -0.02429887107768902,
    0.107983161850003,
    0.10452000553610652,
    0.08379761500266003
  ],
  "dipole_vec_eA": [
    -0.38144385442794854,
    -0.055207895506424944,
    -2.997887934755719e-16
  ],
  "dipole_mag_D": 1.8512431971200178,
  "HOMO_eV": -17.783752316445433,
  "LUMO_eV": -17.441851081021838,
  "gap_eV": 0.3419012354235953
}