{
  "tag": "RMC-Cu_1-Hf_2-A2-B10-NNNNOO",
  "energy_eV": -3310.4475234545866,
  "multiplicity": 3,
  "charge": 1,
  "sym1": "Cu",
  "ox1": 1,
  "sym2": "Hf",
  "ox2": 2,
  "acid": "A2",
  "base": "B10",
  "bridge": [
    "O",
    "O"
  ],
  "S1_ref": 0.0,
  "S2_ref": 1.0,
  "mulliken_q_e": [
    0.25752324383861935,
    0.6024758041996789,
    -0.35158660298489486,
    -0.35158608374786016,
    -0.1355106748765238,
    -0.13551123593027659,
    -0.1586150723228581,
    -0.15860047519053055,
    0.184749882072335,
    -0.029709668506455067,
    -0.03095429262834304,
    -0.03306347543726895,
    -0.031193878280379783,
    -0.021940890850754347,
    0.05230320909173125,
    0.062037487284112625,
    0.05516090849553723,
    0.037085987589333236,
    0.06453511112952759,
    0.07150969400235618,
    0.06084991228423464,
    0.18474452340706238,
    -0.029704911590189065,
    -0.03095954801337575,
    -0.033063135428091694,
    -0.031193014495457527,
    -0.021940939966333728,
    0.05230437416563183,
    0.06203722968957193,
    0.05516019409349693,
    0.03706862490162033,
    0.06453951553321358,
    0.0715143074090413,
    0.06084937906531307,
    0.06415428105659804,
    -0.0012381189063399578,
    0.012412222794406125,
    -0.02875279628810712,
    -0.023838572739378394,
    -0.047377116839663724,
    0.05879588421754567,
    0.05666016597603596,
    0.04788494254352127,
    -0.028751589325526572,
    0.01241250049284548,
    -0.001236722785800115,
    0.06415400851036512,
    -0.04737869537457762,
    -0.023838760258012126,
    0.05879525680195696,
    0.04788457692079562,
    0.05666024522521029,
    0.06528613690065033,
    -0.007247944059609823,
    0.013140536761512722,
    -0.030398382371378263,
    -0.023815763868131334,
    -0.04935480418485061,
    0.0597872216543347,
    0.05855992514111463,
    0.049685322686721656,
    -0.030398448583223825,
    0.013141369110675427,
    -0.007245670831775408,
    0.06528007628536137,
    -0.04935093618811748,
    -0.02381708893892953,
    0.059788590779042194,
    0.04968275112067233,
    0.05855991044753828
  ],
  "dipole_vec_eA": [
    0.25661467697240736,
    -8.47716926516348e-05,
    6.795502551512786e-16
  ],
  "dipole_mag_D": 1.2325727794330252,
  "HOMO_eV": -10.85964259412671,
  "LUMO_eV": -10.642784496983218,
  "gap_eV": 0.2168580971434917
}