{
  "tag": "RMC-Pb_2-Y_3-A2-B1-NNNNNN",
  "energy_eV": -2441.576677016622,
  "multiplicity": 1,
  "charge": 1,
  "sym1": "Pb",
  "ox1": 2,
  "sym2": "Y",
  "ox2": 3,
  "acid": "A2",
  "base": "B1",
  "bridge": [
    "N",
    "N"
  ],
  "S1_ref": 0.0,
  "S2_ref": 0.0,
  "mulliken_q_e": [
    0.5465637207749408,
    0.49510942429861204,
    -0.36451173961070893,
    -0.3643840104431577,
    -0.18572880622362864,
    -0.18574805654986215,
    -0.15296398215120166,
    -0.15295395432857495,
    0.11974525392961732,
    -0.011934404130273801,
    -0.016861681472214674,
    -0.03387631604612884,
    -0.01599693205429986,
    -0.016327638336603778,
    0.05647274017382675,
    0.0609033119283795,
    0.05647860157353901,
    0.06532979159907448,
    0.06795826634224689,
    0.0601619133247282,
    0.044405809320164136,
    0.11973051742308716,
    -0.011970543862765748,
    -0.016880851830530563,
    -0.03387615630121932,
    -0.016007030525997612,
    -0.016350901995188183,
    0.0564774951081336,
    0.06090634948457696,
    0.05648273791831049,
    0.06528453046070748,
    0.06796481116578312,
    0.060167665312392926,
    0.04440609172398435,
    -0.03270491139809084,
    0.057544618993843555,
    0.05755341875196818,
    -0.03271200421145459,
    -0.024159522296951952,
    -0.024167881731816054,
    0.05538000956831646,
    0.05538042707106505,
    0.06170358894448291,
    0.06170365309453629,
    -0.03329546336022715,
    0.05906069156655214,
    0.05908345581688357,
    -0.033291035566536786,
    -0.023512148896424945,
    -0.023520839625045475,
    0.059423973955307074,
    0.059424068487597625,
    0.06646468265873395,
    0.06646519199666467
  ],
  "dipole_vec_eA": [
    0.34735220238361453,
    -0.0005835749947183868,
    -1.474531069719441e-07
  ],
  "dipole_mag_D": 1.6684059363204826,
  "HOMO_eV": -11.294042385395093,
  "LUMO_eV": -11.174686370256012,
  "gap_eV": 0.1193560151390809
}