{
  "tag": "RMC-Ti_3-V_3-A2-B10-NNNNNO",
  "energy_eV": -3199.4020485301326,
  "multiplicity": 2,
  "charge": 3,
  "sym1": "Ti",
  "ox1": 3,
  "sym2": "V",
  "ox2": 3,
  "acid": "A2",
  "base": "B10",
  "bridge": [
    "N",
    "O"
  ],
  "S1_ref": 0.5,
  "S2_ref": 1.0,
  "mulliken_q_e": [
    0.8668501239281796,
    0.31027207658477385,
    -0.23891380719425115,
    -0.37183228819667025,
    -0.16383287299142513,
    -0.12832268368860222,
    -0.05431504057159953,
    -0.14657539114438256,
    0.18584848751760674,
    -0.004544696142902094,
    -0.009381795697311457,
    -0.012869762005812913,
    -0.0056035094960682486,
    -0.011735866625717906,
    0.09442406946655624,
    0.1133415151289966,
    0.10045659426167375,
    0.07279164002697214,
    0.06626577093141006,
    0.08327067991773629,
    0.11423573605360737,
    0.11567953050841906,
    0.014550115148653342,
    0.001241221611572474,
    -0.008590268368530163,
    -0.007477464154004743,
    -0.0011880415313603176,
    0.10623292359493697,
    0.115943645980634,
    0.09429665626402117,
    0.04951341605762938,
    0.05515120855133793,
    0.11959659075818663,
    0.11682666969066524,
    0.06369004447301418,
    0.006548579142642286,
    0.031624558293045,
    -0.010988451892919082,
    -0.005761395506508338,
    -0.045874461459536775,
    0.10523309653104362,
    0.10020833003840945,
    0.07520257109064798,
    -0.009013928774951996,
    0.02974958448207432,
    0.005995102563552734,
    0.06773827840272295,
    -0.03911931305352012,
    -0.004908080017206329,
    0.10464525896172272,
    0.07695126579410427,
    0.10332533826495749,
    0.07206494097550897,
    0.020954715721557493,
    0.03249612953637615,
    -0.00858853735309939,
    -0.0029018174304642486,
    -0.03607431904104286,
    0.1053046605191511,
    0.10401956304007887,
    0.08079095918418511,
    -0.00931339476895432,
    0.031601828005433985,
    0.017952749963373593,
    0.07541547768334755,
    -0.03823168690411327,
    -0.0039018402707751143,
    0.10218062310926046,
    0.07183417825897698,
    0.09754420899245564
  ],
  "dipole_vec_eA": [
    -0.12625715487047473,
    -0.014715546792912995,
    3.509840884769799e-16
  ],
  "dipole_mag_D": 0.6105440685158097,
  "HOMO_eV": -17.3819183299744,
  "LUMO_eV": -17.33274325907211,
  "gap_eV": 0.04917507090229023
}