{
  "tag": "RMC-V_2-V_2-A2-B5-NNNNNN",
  "energy_eV": -1935.4361602354718,
  "multiplicity": 3,
  "charge": 0,
  "sym1": "V",
  "ox1": 2,
  "sym2": "V",
  "ox2": 2,
  "acid": "A2",
  "base": "B5",
  "bridge": [
    "N",
    "N"
  ],
  "S1_ref": 0.5,
  "S2_ref": 0.5,
  "mulliken_q_e": [
    0.3344072588944368,
    0.3343010735511246,
    -0.24057454502049036,
    -0.24047647874332911,
    -0.23885833930069156,
    -0.23854635997222196,
    -0.238808653408201,
    -0.23903570644957317,
    0.10301491723693679,
    -0.011355050111190534,
    -0.03054659172591201,
    -0.040476685864145656,
    -0.030573160939944444,
    -0.011272265016598837,
    0.039791049951859336,
    0.037254004878508606,
    0.03982296359343318,
    0.07723629140729726,
    0.07701115164072503,
    0.049097407378814295,
    0.04944947970287239,
    0.10302085637617386,
    -0.011312819443011435,
    -0.03052904768295228,
    -0.040485043572482615,
    -0.030567406190427526,
    -0.011315689290811504,
    0.03980354710122791,
    0.037272267243513846,
    0.03981682711582624,
    0.07715780180292398,
    0.07714003688051085,
    0.04925330407739126,
    0.04925684647340389,
    -0.06736097318302825,
    -0.06730786296280211,
    0.08484595342222168,
    0.08499855316428784,
    -0.06724740104141613,
    -0.06733186453670537,
    0.08512770433613959,
    0.08490264808955517
  ],
  "dipole_vec_eA": [
    0.000712527636128993,
    -3.445603454569774e-05,
    6.767822520506633e-14
  ],
  "dipole_mag_D": 0.003426415013271216,
  "HOMO_eV": -8.717828611611463,
  "LUMO_eV": -8.627026149599883,
  "gap_eV": 0.09080246201157927
}