{
  "tag": "RMC-Co_2-Sn_2-A2-B4-NNNNNO",
  "energy_eV": -2068.191227237377,
  "multiplicity": 2,
  "charge": 1,
  "sym1": "Co",
  "ox1": 2,
  "sym2": "Sn",
  "ox2": 2,
  "acid": "A2",
  "base": "B4",
  "bridge": [
    "N",
    "O"
  ],
  "S1_ref": 0.5,
  "S2_ref": 0.0,
  "mulliken_q_e": [
    0.20479470348574857,
    0.6006670048708184,
    -0.17769724504874596,
    -0.300289546278538,
    -0.03553653392266676,
    -0.06230638367352914,
    -0.26175173216917114,
    -0.25862211376140176,
    0.18858369525929053,
    -0.021649629982338547,
    -0.018259805971624576,
    -0.033071481072475706,
    -0.018919477091987602,
    -0.02245090355766588,
    0.06681290390743788,
    0.06867604368263791,
    0.06680787007223354,
    0.09885805125901226,
    0.0601830302133084,
    0.0925016977800428,
    0.07628465872434487,
    0.07027934424652171,
    -0.007459221596949561,
    -0.020697760669679877,
    -0.029014460509627638,
    -0.019532246846002632,
    -0.011421066488028098,
    0.05759801131070763,
    0.0597328658842019,
    0.05835048571541013,
    0.09394309256898348,
    0.00743991044946668,
    0.09252024301292416,
    0.06403991959938193,
    -0.007717347735253677,
    -0.13068624271674278,
    0.0729670246832923,
    0.07296702468329175,
    0.0752108562889553,
    0.07521085628895641,
    -0.0719700267484864,
    -0.07170294948542177,
    0.06280143301755614,
    0.06280143301755658,
    0.06536200765213929,
    0.06536200765213895
  ],
  "dipole_vec_eA": [
    -0.5143111581193595,
    -0.4925851221054718,
    1.7470921708387073e-14
  ],
  "dipole_mag_D": 3.420596684954674,
  "solvation_E_eV": null
}