{
  "tag": "RMC-Mg_2-Y_3-A2-B7-NNNNNO",
  "energy_eV": -2067.8618897442016,
  "multiplicity": 1,
  "charge": 2,
  "sym1": "Mg",
  "ox1": 2,
  "sym2": "Y",
  "ox2": 3,
  "acid": "A2",
  "base": "B7",
  "bridge": [
    "N",
    "O"
  ],
  "S1_ref": 0.0,
  "S2_ref": 0.0,
  "mulliken_q_e": [
    0.45826118809636507,
    0.5683836723711506,
    -0.3388377052932492,
    -0.3619756407354262,
    -0.11131694896817801,
    -0.08825509768155415,
    -0.12873148882891816,
    -0.1109008276477017,
    0.19438914929556717,
    -0.01578620054143065,
    -0.009812946797367772,
    -0.021856767914235853,
    -0.007031066093291294,
    -0.01016730870746474,
    0.08636675210503286,
    0.09545412847635504,
    0.08958650908095067,
    0.0762447163308404,
    0.06842717836594003,
    0.08912268994798411,
    0.08564081930006462,
    0.12299550450397523,
    -0.015259197460609997,
    -0.0056002659437615065,
    -0.025634295313978095,
    -0.002902102548176355,
    -0.009975187158884014,
    0.08127339546775281,
    0.0893939442278674,
    0.08364583902064981,
    0.06284013172786795,
    0.063808572696328,
    0.0979823283288811,
    0.086176680410322,
    0.011150661247255611,
    -0.03573696653889802,
    0.08066688602357075,
    0.10535094059340577,
    -0.021610119652508697,
    0.11079469101125317,
    0.11079469101125294,
    0.020448101799066087,
    -0.03640657566414229,
    0.08870418774211009,
    0.1104519940389106,
    -0.014639462552604954,
    0.11704040949599048,
    0.11704040949598982
  ],
  "dipole_vec_eA": [
    0.4321177675888364,
    -0.13372766306700157,
    2.6143960185732653e-15
  ],
  "dipole_mag_D": 2.1726674949720235,
  "HOMO_eV": -15.645962913611562,
  "LUMO_eV": -15.026943887968347,
  "gap_eV": 0.6190190256432153
}