{
  "tag": "RMC-Ni_3-Ru_2-A2-B6-NNNNOO",
  "energy_eV": -2305.0267937929834,
  "multiplicity": 2,
  "charge": 3,
  "sym1": "Ni",
  "ox1": 3,
  "sym2": "Ru",
  "ox2": 2,
  "acid": "A2",
  "base": "B6",
  "bridge": [
    "O",
    "O"
  ],
  "S1_ref": 0.5,
  "S2_ref": 0.0,
  "mulliken_q_e": [
    0.08717557855575653,
    0.166893216015934,
    -0.1926227785707435,
    -0.19260127637597102,
    -0.0020149919744039124,
    -0.0020043380128043076,
    -0.027388983426078095,
    -0.027383647152254387,
    0.20376449225688398,
    0.012486983128577211,
    0.0006036763737264916,
    0.005224528466019063,
    0.005396784307464708,
    0.006556998130900604,
    0.12027219114881549,
    0.13427280920331564,
    0.12042022725569534,
    0.07055514794939621,
    0.07131619088483143,
    0.11828922210422799,
    0.12623938114689504,
    0.20374639453343923,
    0.012463229587275304,
    0.0006056007538703945,
    0.005200250636341108,
    0.005391386182824975,
    0.006542960013143695,
    0.12027412231591872,
    0.13427512970940092,
    0.12042245408952101,
    0.0705531262307244,
    0.0713104935008324,
    0.11829162058149634,
    0.12623926296000132,
    -0.06904260082452884,
    -0.02109136767539921,
    -0.021088984707949177,
    0.12956234166167802,
    0.12689466550288098,
    0.11889472875329354,
    0.11889507839546176,
    0.12493053912528351,
    0.12492972702004912,
    -0.07986837851836959,
    -0.028322438381918058,
    -0.02832112300911027,
    0.12450263465540101,
    0.10518386509972388,
    0.11036587380271567,
    0.11036585508744612,
    0.12622111518459112,
    0.12622102632917853
  ],
  "dipole_vec_eA": [
    -0.7805211145299479,
    -0.0003515065575501603,
    0.11860831189212423
  ],
  "dipole_mag_D": 3.7920416011773646,
  "HOMO_eV": -19.40646434545743,
  "LUMO_eV": -19.04117398888479,
  "gap_eV": 0.36529035657263975
}