{
  "tag": "RMC-Ag_2-Rh_2-A2-B2-NNNNNO",
  "energy_eV": -3117.8744436390352,
  "multiplicity": 1,
  "charge": 1,
  "sym1": "Ag",
  "ox1": 2,
  "sym2": "Rh",
  "ox2": 2,
  "acid": "A2",
  "base": "B2",
  "bridge": [
    "N",
    "O"
  ],
  "S1_ref": 0.5,
  "S2_ref": 0.5,
  "mulliken_q_e": [
    0.3649123324880774,
    -0.056147087983151045,
    -0.15287143197111153,
    -0.2902902217637522,
    -0.1442820640074156,
    -0.1563882657624449,
    -0.03946675611570716,
    -0.051038757207339414,
    0.19186276563136206,
    -0.02033765468433768,
    -0.022252287608546473,
    -0.03557019912722903,
    -0.022011006932818322,
    -0.03280828648720191,
    0.0555155898045665,
    0.06142318939191216,
    0.054216390364502653,
    0.05404944776667642,
    0.06804182334664022,
    0.05797419259493697,
    0.059181533034566414,
    0.10768443081493073,
    0.0001674953895218767,
    -0.017990047611412763,
    -0.035430920415247424,
    -0.019488791275837247,
    -0.02262758586177238,
    0.059852806538722936,
    0.061645949585117266,
    0.05356133654501116,
    0.04076636619828222,
    0.046398653917817834,
    0.0678560118195447,
    0.08077437029606127,
    -0.027636430180629112,
    0.020372084375751776,
    0.004197999836744515,
    0.07367666306141074,
    -0.04148538801768287,
    -0.025170056629123305,
    0.060914098775438075,
    0.05210649593506844,
    0.05765837480343017,
    0.07434568943196207,
    -0.030064159456099526,
    -0.024933546455587985,
    -0.044190103184359675,
    0.0609202418205419,
    0.059118841186451165,
    0.052971052288131704,
    -0.026747699284340065,
    0.019060068116858897,
    0.00923312273432031,
    0.06644081068120244,
    -0.04272373606340163,
    -0.02593161722690196,
    0.060262464938995675,
    0.0528701061508835,
    0.05630317682366037,
    0.06650505597429146,
    -0.027830350561768524,
    -0.025473727541882818,
    -0.04379481162449128,
    0.060299004057973504,
    0.057137449726883505,
    0.0547055047936551
  ],
  "dipole_vec_eA": [
    -0.18943342058045196,
    -0.09658190642929781,
    2.434542618718676e-15
  ],
  "dipole_mag_D": 1.0213230405175722,
  "HOMO_eV": -11.779046129564431,
  "LUMO_eV": -11.399047412719264,
  "gap_eV": 0.37999871684516684
}