{
  "tag": "RMC-Cr_3-V_3-A2-B2-NNNNOO",
  "energy_eV": -2994.313864933054,
  "multiplicity": 2,
  "charge": 4,
  "sym1": "Cr",
  "ox1": 3,
  "sym2": "V",
  "ox2": 3,
  "acid": "A2",
  "base": "B2",
  "bridge": [
    "O",
    "O"
  ],
  "S1_ref": 0.5,
  "S2_ref": 1.0,
  "mulliken_q_e": [
    0.6593603192481563,
    0.3554653576197847,
    -0.2958001759699882,
    -0.295858080035599,
    -0.1307868718213705,
    -0.13091029628573692,
    -0.07535787700834451,
    -0.07515508995565989,
    0.18786015348915686,
    0.006653563179386035,
    0.012426697289414257,
    -6.356088459247289e-05,
    0.011391167713851846,
    -0.0006241604905827813,
    0.12704643153844264,
    0.1452664873674584,
    0.12557960751680264,
    0.06777157764716524,
    0.057971109583426994,
    0.12761101153079613,
    0.1228186232957087,
    0.1878409394019731,
    0.006636754112721244,
    0.01240361986465266,
    -7.092965755406411e-05,
    0.011398021076932663,
    -0.000598483826447227,
    0.12701784432443053,
    0.14525753096775984,
    0.12560098781054707,
    0.06781255786010498,
    0.05791421804412811,
    0.12758308636450377,
    0.12282686389074227,
    0.019169077417641178,
    0.04336052443217242,
    0.015449688151820462,
    0.08336539177423474,
    -0.014250753775705949,
    0.0030393228783061055,
    0.13934686258710316,
    0.10504619714121233,
    0.13360859530886604,
    0.08337225556942052,
    0.019185291701160345,
    0.00305055072099214,
    -0.01423962778943011,
    0.1393610976812233,
    0.13361503416433973,
    0.1050447386604978,
    0.018064138739509294,
    0.04432165101735319,
    0.02418457039284072,
    0.0845998746939125,
    -0.014605106124826461,
    0.003111896919275159,
    0.13942279546445602,
    0.1056623498697482,
    0.13361710673820448,
    0.08459103032677384,
    0.018058859179779896,
    0.003118316742896754,
    -0.014620999790786682,
    0.1394275566392068,
    0.13360331671861603,
    0.1056293910496986
  ],
  "dipole_vec_eA": [
    -0.2163928407400338,
    0.004975342153445187,
    -2.2142150840005828e-06
  ],
  "dipole_mag_D": 1.0396537091252616,
  "HOMO_eV": -20.810162999844284,
  "LUMO_eV": -20.73590041919058,
  "gap_eV": 0.07426258065370561
}