{
  "tag": "RMC-Co_2-Pt_2-A2-B4-NNNNNN",
  "energy_eV": -2110.703556232928,
  "multiplicity": 2,
  "charge": 0,
  "sym1": "Co",
  "ox1": 2,
  "sym2": "Pt",
  "ox2": 2,
  "acid": "A2",
  "base": "B4",
  "bridge": [
    "N",
    "N"
  ],
  "S1_ref": 0.5,
  "S2_ref": 0.0,
  "mulliken_q_e": [
    0.02419421400956434,
    0.1050545657905746,
    -0.15368333333408235,
    -0.14823301928320443,
    -0.013404070845293825,
    -0.009602713439361255,
    -0.16455113204139948,
    -0.16499008667959836,
    0.057279765700186,
    -0.01299719737415539,
    -0.03681514861849866,
    -0.03513420864339434,
    -0.033730755080715324,
    -0.029461589157951495,
    0.026461208098318756,
    0.030484084409708068,
    0.02781273744206869,
    0.07600146426537946,
    -0.021985116605203414,
    0.02008302471369683,
    0.01890122439380404,
    0.057220183890089205,
    -0.012929720239383657,
    -0.03683387215917344,
    -0.03538090841714747,
    -0.03371652249491186,
    -0.030031781066462093,
    0.026081349686201905,
    0.02982078896980722,
    0.02719523140845448,
    0.07600086414599816,
    -0.021974965369493393,
    0.021906330295908383,
    0.01772534197652209,
    -0.06906575558379568,
    -0.0701128466343437,
    0.07461519567735442,
    0.07461519567735453,
    0.07649161602902921,
    0.07649161602902987,
    -0.0636849387263938,
    -0.06261285952831375,
    0.07877953829160778,
    0.07877953829160689,
    0.07946873106509855,
    0.07946873106510122
  ],
  "dipole_vec_eA": [
    0.46579214910935435,
    -0.018526051877223025,
    -8.74647656775494e-15
  ],
  "dipole_mag_D": 2.2390637383725345,
  "solvation_E_eV": null
}