{
  "tag": "RMC-Hf_2-Y_3-A2-B5-NNNNSS",
  "energy_eV": -1883.5531679950097,
  "multiplicity": 3,
  "charge": 3,
  "sym1": "Hf",
  "ox1": 2,
  "sym2": "Y",
  "ox2": 3,
  "acid": "A2",
  "base": "B5",
  "bridge": [
    "S",
    "S"
  ],
  "S1_ref": 1.0,
  "S2_ref": 0.0,
  "mulliken_q_e": [
    0.7606943680123044,
    0.31259279203034795,
    0.12635026574082237,
    0.12634075436677727,
    -0.2774603590624036,
    -0.27745851259274223,
    -0.14239358344934971,
    -0.14240009068344595,
    0.04468325584777877,
    0.013428577364882344,
    0.007155499617680583,
    -0.006294509327880782,
    0.00824079236232178,
    0.011719922543289574,
    0.11157649330061736,
    0.118763480738871,
    0.11185228954965587,
    0.07403946657825089,
    0.10457763625457628,
    0.11572871904894355,
    0.10149842535697318,
    0.04468185576909889,
    0.0134275695170325,
    0.007152461314215763,
    -0.00629536299639355,
    0.008241385118588518,
    0.011719498811204376,
    0.11157305203465928,
    0.11876456591941786,
    0.11184944213912362,
    0.07403160503524742,
    0.10457970591031107,
    0.11572950701492757,
    0.10149713954931772,
    -0.012316233775772067,
    -0.01227091848341666,
    0.20533882460036534,
    0.2053372167859595,
    0.02298508331287219,
    0.02299939846662169,
    0.22386982598866734,
    0.22386868479167088
  ],
  "dipole_vec_eA": [
    0.294041141100498,
    1.5424526577133467e-06,
    -4.209030831380402e-15
  ],
  "dipole_mag_D": 1.4123396645090167,
  "HOMO_eV": -17.014633653327657,
  "LUMO_eV": -16.968104426427434,
  "gap_eV": 0.04652922690022265
}