{
  "tag": "RMC-Ru_2-Zr_2-A2-B5-NNNNNN",
  "energy_eV": -1962.8315314244776,
  "multiplicity": 3,
  "charge": 0,
  "sym1": "Ru",
  "ox1": 2,
  "sym2": "Zr",
  "ox2": 2,
  "acid": "A2",
  "base": "B5",
  "bridge": [
    "N",
    "N"
  ],
  "S1_ref": 0.0,
  "S2_ref": 1.0,
  "mulliken_q_e": [
    -0.2205575940028366,
    0.7905810090391527,
    -0.1420777376565212,
    -0.14207928725405483,
    -0.007476613027501466,
    -0.007474934657605292,
    -0.3506406671970881,
    -0.3506592123783421,
    0.06200072913076582,
    -0.021865926885634712,
    -0.03496269372500782,
    -0.038568999070954124,
    -0.035723878382468044,
    -0.017854864099218437,
    0.033616020236842736,
    0.030974133173954366,
    0.031263879292849905,
    0.09297438344112918,
    -1.3915506968276148e-05,
    0.02626553752586147,
    0.0459925404658732,
    0.062000911285910565,
    -0.021864218044912453,
    -0.03495622853360825,
    -0.0385726117263645,
    -0.03573204843854971,
    -0.017853332692731483,
    0.03361149305046118,
    0.030977148098764062,
    0.031269855276247815,
    0.0929726254412826,
    -1.0700290987264438e-05,
    0.02626859430077,
    0.04598982836134857,
    -0.051383216283377164,
    -0.051383317722491384,
    0.07682847917156188,
    0.07682855467285021,
    -0.07072952188199055,
    -0.07072945451805523,
    0.08637752762339612,
    0.08637772440999325
  ],
  "dipole_vec_eA": [
    -0.2747554905502248,
    4.3511534209954685e-05,
    -2.0084834021354313e-06
  ],
  "dipole_mag_D": 1.3197067620007294,
  "HOMO_eV": -7.741529347556357,
  "LUMO_eV": -7.574576548558738,
  "gap_eV": 0.1669527989976185
}