{
  "tag": "RMC-Mn_3-Rh_3-A2-B7-NNNNNO",
  "energy_eV": -2188.1958481193137,
  "multiplicity": 1,
  "charge": 3,
  "sym1": "Mn",
  "ox1": 3,
  "sym2": "Rh",
  "ox2": 3,
  "acid": "A2",
  "base": "B7",
  "bridge": [
    "N",
    "O"
  ],
  "S1_ref": 0.0,
  "S2_ref": 0.0,
  "mulliken_q_e": [
    0.5126724620790853,
    0.08337537370557213,
    -0.12938682214930308,
    -0.17383698520933377,
    -0.07980547175991837,
    -0.10931771779473443,
    -0.014172901913899638,
    -0.013544262746553848,
    0.1775395905799637,
    0.013660366753599718,
    0.0017888462770228042,
    0.0026409731857743868,
    0.007365627660226526,
    0.004557719287439754,
    0.12248776448240872,
    0.13421046704196227,
    0.12358681011990325,
    0.061533476694052514,
    0.07243637134257574,
    0.1141085130020768,
    0.1048440243351566,
    0.1150204944607447,
    0.028010655717887856,
    0.004803578633398642,
    0.009447238140580128,
    0.007697999093867258,
    0.021897109823997063,
    0.12630203433406229,
    0.1388439293465774,
    0.12824137064613172,
    0.05446081327368879,
    0.06389240170273736,
    0.11941830023107947,
    0.12524946096715162,
    0.02846629624189978,
    -0.019891310334613443,
    0.0974250362880893,
    0.13091276102994542,
    -0.021724585541447405,
    0.14454194518280217,
    0.1445419451828006,
    0.02715974597446813,
    -0.005184083278506613,
    0.1067266683846787,
    0.13639825725756605,
    -0.02675138915837172,
    0.14867455071287405,
    0.14867455071288405
  ],
  "dipole_vec_eA": [
    -0.05088974309431938,
    0.06355550477999301,
    4.567849223462278e-15
  ],
  "dipole_mag_D": 0.3910725184944737,
  "HOMO_eV": -19.568638786609878,
  "LUMO_eV": -19.457452822215107,
  "gap_eV": 0.11118596439477102
}