{
  "tag": "RMC-Re_3-Zn_2-A2-B4-NNNNNS",
  "energy_eV": -1979.20322548954,
  "multiplicity": 1,
  "charge": 2,
  "sym1": "Re",
  "ox1": 3,
  "sym2": "Zn",
  "ox2": 2,
  "acid": "A2",
  "base": "B4",
  "bridge": [
    "N",
    "S"
  ],
  "S1_ref": 0.0,
  "S2_ref": 0.0,
  "mulliken_q_e": [
    0.07960296102326103,
    0.2923165125265593,
    -0.021275348918484704,
    0.197994235118421,
    0.0030269398503766087,
    -0.15340637380484634,
    -0.05000886453147557,
    -0.21955185493695062,
    0.019961279938347953,
    0.00572157406106899,
    0.00031175034980779337,
    -0.011374132920713542,
    0.001984323994737247,
    0.012199436022134247,
    0.093102083177659,
    0.09977396631082158,
    0.09752211110268683,
    0.07986624705934542,
    0.07291727072405285,
    0.08927996044620423,
    0.101206724312503,
    0.06131252432277834,
    0.00891667317524325,
    -0.003840621562194446,
    -0.01003475618754135,
    -0.0020196776581333786,
    0.0308344945889254,
    0.09617626275547997,
    0.10561086078954107,
    0.10659557008073317,
    0.028104126281454977,
    0.046545803220606086,
    0.09198886431861575,
    0.14601559722905189,
    -0.07126344370212223,
    -0.07638129939688043,
    0.061484033325145515,
    0.06148397096668712,
    0.06854411154519602,
    0.06854406198018892,
    -0.04216921607082291,
    -0.05261975487652215,
    0.12362432514663035,
    0.12362433305965648,
    0.11887617396648376,
    0.11887618180291848
  ],
  "dipole_vec_eA": [
    2.2924717671703148,
    -0.44974749208304193,
    2.6099162093560427e-06
  ],
  "dipole_mag_D": 11.221111322082459,
  "solvation_E_eV": null
}