{
  "tag": "RMC-Sn_2-Sn_2-A2-B2-NNNNSS",
  "energy_eV": -2986.850034707907,
  "multiplicity": 1,
  "charge": 2,
  "sym1": "Sn",
  "ox1": 2,
  "sym2": "Sn",
  "ox2": 2,
  "acid": "A2",
  "base": "B2",
  "bridge": [
    "S",
    "S"
  ],
  "S1_ref": 0.0,
  "S2_ref": 0.0,
  "mulliken_q_e": [
    0.5589766710381654,
    0.5589861050905238,
    -0.2958923694448504,
    -0.2959454505443676,
    -0.16604290116280196,
    -0.16602789092998793,
    -0.16604429837858903,
    -0.16602929482561812,
    0.09316195246400438,
    0.009120324443070427,
    -0.01084899788633309,
    -0.02051622333215186,
    -0.010848851723928687,
    0.009119796571758432,
    0.07821716340177731,
    0.08757844964565753,
    0.07821709241706232,
    0.07896123448602532,
    0.07896288212695124,
    0.06903630976866226,
    0.06903585364928355,
    0.09316104693151672,
    0.009113029070710876,
    -0.010846266086181888,
    -0.02051191751417636,
    -0.010846109942698634,
    0.009112500296162951,
    0.07822464697675302,
    0.08758191269238536,
    0.07822457323051357,
    0.078976533022038,
    0.07897820638062503,
    0.06903473067027244,
    0.0690342785071758,
    -0.01708638420119013,
    0.028664357269836183,
    -0.01598197289354175,
    0.049388095680506616,
    -0.023569737644604682,
    -0.020449621786585714,
    0.08214738363005725,
    0.07161695408496072,
    0.08149651667956237,
    0.04942666227820025,
    -0.017088481241601228,
    -0.020448559047393955,
    -0.02358391427568063,
    0.08215189631109376,
    0.08149883086094745,
    0.07161130817078709,
    -0.017085286571292047,
    0.028661321262337225,
    -0.015979724136242046,
    0.04938780898541739,
    -0.023571106466247382,
    -0.02044758502517463,
    0.08214640721369826,
    0.0716171472546413,
    0.08149552802989157,
    0.049426387101382474,
    -0.01708741478880116,
    -0.020446580394277047,
    -0.0235852766571667,
    0.08215094747569851,
    0.08149787587055812,
    0.07161149586087401
  ],
  "dipole_vec_eA": [
    -1.0498171609355542e-05,
    0.00281661627963553,
    -7.466426933554938e-14
  ],
  "dipole_mag_D": 0.013528877313455494,
  "HOMO_eV": -15.218052207662755,
  "LUMO_eV": -13.656391435276758,
  "gap_eV": 1.5616607723859968
}