{
  "tag": "RMC-Ag_2-V_3-A2-B6-NNNNOO",
  "energy_eV": -2248.2284255684363,
  "multiplicity": 2,
  "charge": 3,
  "sym1": "Ag",
  "ox1": 2,
  "sym2": "V",
  "ox2": 3,
  "acid": "A2",
  "base": "B6",
  "bridge": [
    "O",
    "O"
  ],
  "S1_ref": 0.5,
  "S2_ref": 1.0,
  "mulliken_q_e": [
    0.39148111641476446,
    0.40162649062521794,
    -0.26467357930723323,
    -0.2646731892737735,
    -0.08059003582514257,
    -0.08059018642684967,
    -0.08690751340993952,
    -0.08690697671389636,
    0.1796265750435413,
    0.011238415549104763,
    0.003041086836057527,
    0.0043687664758029765,
    -0.0019033455217751793,
    0.006073321249238983,
    0.12308235539276036,
    0.13514119217307174,
    0.11959667300316645,
    0.07949162277927035,
    0.0700291239727393,
    0.11197619266463066,
    0.11995106267562228,
    0.17962651373904537,
    0.011238713986470028,
    0.0030407287006517514,
    0.004368629443142202,
    -0.0019032266811713772,
    0.006073325960761489,
    0.12308267244338644,
    0.13514140191860224,
    0.1195963741352375,
    0.0794914416847936,
    0.07002943448966192,
    0.11197640219850835,
    0.11995086614453054,
    -0.08254422169646447,
    -0.03168526901991786,
    -0.03168515759190038,
    0.13895139612208574,
    0.10715821670863312,
    0.11997081324014813,
    0.11997079865813731,
    0.1383956487712631,
    0.13839569339678914,
    -0.07573021783287204,
    -0.019916122901580513,
    -0.019916180562863373,
    0.11894027855722578,
    0.09834452220553391,
    0.0996596054256721,
    0.09965967717800095,
    0.11491901244368441,
    0.11491906037501254
  ],
  "dipole_vec_eA": [
    -0.1738643269390101,
    2.2087164036162538e-06,
    0.6541642170244178
  ],
  "dipole_mag_D": 3.251168398482616,
  "solvation_E_eV": null
}