{
  "tag": "RMC-In_1-Ir_2-A2-B6-NNNNNN",
  "energy_eV": -2210.7094841725357,
  "multiplicity": 2,
  "charge": -1,
  "sym1": "In",
  "ox1": 1,
  "sym2": "Ir",
  "ox2": 2,
  "acid": "A2",
  "base": "B6",
  "bridge": [
    "N",
    "N"
  ],
  "S1_ref": 0.0,
  "S2_ref": 0.5,
  "mulliken_q_e": [
    0.15884005631306286,
    0.0973775513977585,
    -0.2641050229118156,
    -0.2641190806807583,
    -0.19917028606850207,
    -0.19920049910626103,
    -0.15763504850284327,
    -0.1576484064748711,
    0.09251946478653172,
    -0.04063579511454174,
    -0.04567152136681529,
    -0.06634545040608764,
    -0.04254290317405607,
    -0.0384141507404927,
    -0.009561223123157658,
    -0.012244905788578064,
    -0.006626144766752606,
    0.03918096645267055,
    0.0623366123392044,
    -0.0189370178387942,
    -0.026295958377038797,
    0.09251293275720562,
    -0.04063092973137583,
    -0.04565924997415616,
    -0.06634941580976084,
    -0.04253305183635425,
    -0.03840044887866134,
    -0.009563461569014775,
    -0.012242547187357289,
    -0.006628659666471304,
    0.03919132660563873,
    0.0623528637128683,
    -0.018940364569504986,
    -0.026300413139498158,
    -0.05995235592399273,
    0.027220432713182197,
    0.027225712056863527,
    0.01634591920395334,
    0.044923480704829544,
    -0.0030056366988293615,
    -0.0030086131484221568,
    0.02498149043659481,
    0.024975608397692195,
    -0.05725614661392875,
    0.027140424313421008,
    0.027142546498547304,
    0.014611506150982612,
    0.05046575360065353,
    0.0045850632497661525,
    0.004584096015825656,
    0.02055614364027114,
    0.02055474624588749
  ],
  "dipole_vec_eA": [
    0.38053476305858897,
    0.0002586745042462602,
    0.10781066451527607
  ],
  "dipole_mag_D": 1.8997259597889893,
  "HOMO_eV": -4.158421601144266,
  "LUMO_eV": -3.9571563768578084,
  "gap_eV": 0.2012652242864572
}