{
  "tag": "RMC-Cr_2-Pd_2-A2-B4-NNNNOS",
  "energy_eV": -2085.595316521122,
  "multiplicity": 1,
  "charge": 2,
  "sym1": "Cr",
  "ox1": 2,
  "sym2": "Pd",
  "ox2": 2,
  "acid": "A2",
  "base": "B4",
  "bridge": [
    "O",
    "S"
  ],
  "S1_ref": 0.0,
  "S2_ref": 0.0,
  "mulliken_q_e": [
    0.5728150583861841,
    0.08493102056059532,
    -0.30750987623148873,
    0.24828755387016072,
    -0.118788352400929,
    -0.2903853701897656,
    -0.13572875819851182,
    -0.12071814188552454,
    0.01169348064759701,
    0.00782198424016145,
    -0.0015871809952978655,
    -0.011304249841973535,
    -0.005337320866293904,
    0.008277586505555767,
    0.09753701302099516,
    0.09988749760134163,
    0.09119685528886268,
    0.050507088632760544,
    0.09989096384876484,
    0.11034124037697635,
    0.09286596936739022,
    0.1666294648811384,
    0.006613972879695451,
    -0.017904251842641994,
    -0.013686432151460703,
    -0.016192139421524976,
    -0.001856664329026314,
    0.09169436793089192,
    0.1004358724200769,
    0.09269214077287913,
    0.08472661423530048,
    0.03603857570035007,
    0.1166660569573188,
    0.0907473294809591,
    -0.08229756210579176,
    -0.011440915715601685,
    0.10687532057228033,
    0.10687487614467661,
    0.10474467653918118,
    0.10474522815646314,
    -0.06388685285939455,
    -0.05675247639406478,
    0.11531825908205462,
    0.11531822399314706,
    0.11960114262960164,
    0.11960111070594992
  ],
  "dipole_vec_eA": [
    -0.006632562662304544,
    -0.3378159764434438,
    -1.3373183171272479e-05
  ],
  "dipole_mag_D": 1.6229118517863135,
  "solvation_E_eV": null
}