{
  "tag": "RMC-Cd_2-Ni_3-A2-B1-NNNNNO",
  "energy_eV": -2514.176794054699,
  "multiplicity": 2,
  "charge": 2,
  "sym1": "Cd",
  "ox1": 2,
  "sym2": "Ni",
  "ox2": 3,
  "acid": "A2",
  "base": "B1",
  "bridge": [
    "N",
    "O"
  ],
  "S1_ref": 0.0,
  "S2_ref": 0.5,
  "mulliken_q_e": [
    0.5015365737870267,
    0.017034900116300822,
    -0.20321115273915002,
    -0.28968405328136315,
    -0.13471055182348568,
    -0.14299583913082614,
    0.01000084272991697,
    -0.020180872052391274,
    0.19556985772584112,
    -0.008259074555311274,
    -0.008915662998698393,
    -0.023610940552378112,
    -0.007259983763894473,
    -0.016481769145453518,
    0.08554678254317083,
    0.0923991164966167,
    0.08567307907617638,
    0.0716984055171288,
    0.08160714125733826,
    0.09099979636018962,
    0.0800680183958179,
    0.12295753417153765,
    0.014387002470358956,
    -0.0055756687014214545,
    -0.007065894668459416,
    -0.005557323923837343,
    0.007962097243448651,
    0.09212547029140195,
    0.09934669491244741,
    0.09014158249723836,
    0.05571321009446617,
    0.07146436902622,
    0.1054373466651477,
    0.08529381971418093,
    -0.023900015415136977,
    0.0649238736251545,
    0.06491879374312282,
    -0.025292740721675422,
    -0.006351649982770491,
    -0.01016897846757625,
    0.07765092644142002,
    0.07819663935176324,
    0.09476913213021598,
    0.09417014703230842,
    -0.027392196436594185,
    0.0628413679961799,
    0.06671090663528334,
    -0.028149539108297317,
    -0.007350517373776899,
    -0.010958440729267327,
    0.0795158299333456,
    0.07967592217816011,
    0.09654304309792627,
    0.09619264231540137
  ],
  "dipole_vec_eA": [
    -0.11171872303874837,
    0.2115555619791296,
    2.7233070665575654e-15
  ],
  "dipole_mag_D": 1.1491291427600137,
  "HOMO_eV": -15.77935275352785,
  "LUMO_eV": -14.328348821702933,
  "gap_eV": 1.451003931824916
}