{
  "tag": "RMC-Sc_3-Zr_2-A2-B2-NNNNNS",
  "energy_eV": -2936.9220058074707,
  "multiplicity": 3,
  "charge": 2,
  "sym1": "Sc",
  "ox1": 3,
  "sym2": "Zr",
  "ox2": 2,
  "acid": "A2",
  "base": "B2",
  "bridge": [
    "N",
    "S"
  ],
  "S1_ref": 0.0,
  "S2_ref": 1.0,
  "mulliken_q_e": [
    0.5123300815247859,
    0.8563296980921198,
    -0.4067424382739204,
    -0.25863890665219624,
    -0.16673518321196146,
    -0.12349794324343732,
    -0.18908703468093058,
    -0.1884244027900237,
    0.0756443120372916,
    0.001359622787044712,
    -0.023444641508593156,
    -0.02132267153500922,
    -0.02404729057760968,
    0.00454639428972059,
    0.07000473591190526,
    0.08164008274923484,
    0.07116778958926806,
    0.02526070023734661,
    0.05950328837651342,
    0.08157714940810712,
    0.08796423039835521,
    0.13244853857790062,
    -0.018951680007333493,
    -0.019150458667044346,
    -0.02839350648762684,
    -0.017705529186975433,
    -0.010457362793560021,
    0.06576650485472235,
    0.07738907934847672,
    0.06683051455446654,
    0.03614130276289007,
    0.062488870107015426,
    0.08744172103237269,
    0.08825242294480229,
    -0.018278604424312173,
    0.028473488767669197,
    0.002470087669027121,
    0.06654389422404505,
    -0.03177233242607702,
    -0.02060225555519457,
    0.08343291633730232,
    0.07418327857473794,
    0.08020887666766463,
    0.06697608870895433,
    -0.022000139616065173,
    -0.019771904311179256,
    -0.033824728310314356,
    0.08257277222051962,
    0.08091830483873697,
    0.07124275991374573,
    -0.022498011437174226,
    0.028917005905779503,
    -0.008550589247861895,
    0.06159003213735992,
    -0.034907208846419735,
    -0.021403345429757303,
    0.08191488443340711,
    0.07430148612068843,
    0.07905141988239395,
    0.06513386367030671,
    -0.023109162708465636,
    -0.020609569667818572,
    -0.03394089397649713,
    0.08226709419255895,
    0.08069794279018727,
    0.07288456371578567
  ],
  "dipole_vec_eA": [
    0.3089385933756384,
    -0.048753003276310915,
    -8.766756935004042e-15
  ],
  "dipole_mag_D": 1.5022585542208626,
  "HOMO_eV": -13.668701255250689,
  "LUMO_eV": -13.641908562851135,
  "gap_eV": 0.026792692399553175
}