{
  "tag": "RMC-Cu_1-W_2-A2-B6-NNNNNO",
  "energy_eV": -2272.0795142574,
  "multiplicity": 1,
  "charge": 0,
  "sym1": "Cu",
  "ox1": 1,
  "sym2": "W",
  "ox2": 2,
  "acid": "A2",
  "base": "B6",
  "bridge": [
    "N",
    "O"
  ],
  "S1_ref": 0.0,
  "S2_ref": 0.0,
  "mulliken_q_e": [
    0.26593293252073225,
    -0.08117330717416549,
    -0.1996695590268367,
    -0.2370506583293368,
    -0.18667062966294168,
    -0.17914568950477472,
    -0.08241426246491845,
    -0.12573878550770368,
    0.1706551123624367,
    -0.027920605188887615,
    -0.040084282020386386,
    -0.04267397446426657,
    -0.04311598757630519,
    -0.03211381656826706,
    0.030094176668678307,
    0.0308448708103245,
    0.028951715804396816,
    0.035725959249159,
    0.07160948238991427,
    0.006989603085646889,
    0.014044032750779367,
    0.09760235179377652,
    -0.010040230685874452,
    -0.0373331591250623,
    -0.042473513637755644,
    -0.039031779769992614,
    -0.024308625564401387,
    0.030104438676641587,
    0.029130714091412546,
    0.026742738866495586,
    0.019681498700459654,
    0.06931354706070869,
    0.023989526974877218,
    0.014838772087286234,
    -0.06678177694249876,
    0.014112135429090955,
    0.012328632784333715,
    0.045596269535931655,
    0.06192558960795225,
    0.026728926209960258,
    0.027407468640546107,
    0.046216539256168976,
    0.047176494567200855,
    -0.0613473608990831,
    0.00882843414217982,
    0.020242810209116113,
    0.04236563158074658,
    0.07446017356777779,
    0.039254106249778986,
    0.026480835660811386,
    0.05445531207396648,
    0.04525717070412327
  ],
  "dipole_vec_eA": [
    -0.22159985105304775,
    -0.19913798455594595,
    0.02611535227698451
  ],
  "dipole_mag_D": 1.4365069695049089,
  "HOMO_eV": -7.732610001890279,
  "LUMO_eV": -7.623849734451982,
  "gap_eV": 0.10876026743829748
}