{
  "tag": "RMC-Cu_1-Ti_2-A2-B1-NNNNNN",
  "energy_eV": -2516.5358561119747,
  "multiplicity": 3,
  "charge": -1,
  "sym1": "Cu",
  "ox1": 1,
  "sym2": "Ti",
  "ox2": 2,
  "acid": "A2",
  "base": "B1",
  "bridge": [
    "N",
    "N"
  ],
  "S1_ref": 0.0,
  "S2_ref": 1.0,
  "mulliken_q_e": [
    0.38708405758880027,
    0.29564392810229645,
    -0.32438227373540074,
    -0.3243955476651639,
    -0.1820973676430444,
    -0.18216222289389195,
    -0.17756765287268284,
    -0.17756804258746883,
    0.11540897793371507,
    -0.02476491441309081,
    -0.07147919551240367,
    -0.04833581566894041,
    -0.07265249549283981,
    -0.03313385332146068,
    -0.003983675059525682,
    -0.005377716657988474,
    -0.007493958713196136,
    0.02319798625429237,
    0.014755863046316486,
    0.009858852298331167,
    0.021108211142989886,
    0.11540944320781121,
    -0.02475932056922403,
    -0.07138964631878286,
    -0.04834041584839466,
    -0.07251983413674323,
    -0.03312863576226133,
    -0.003988141208165263,
    -0.005381540431833143,
    -0.0075007074772368565,
    0.023109369053952555,
    0.014995612151384563,
    0.00986876858126462,
    0.02109502749661707,
    -0.05321312926963295,
    0.03734620024001667,
    0.0373288495288886,
    -0.053261700678121304,
    -0.05249213587144075,
    -0.052527583219524665,
    0.015638409188029057,
    0.015640374174623273,
    0.007235165764355234,
    0.007235536425728717,
    -0.05950670519190382,
    0.05718621271091129,
    0.05720659172037479,
    -0.05949341657847973,
    -0.05109588042849533,
    -0.051093009138414525,
    0.017369432103140237,
    0.0173676166511334,
    0.006997810022486339,
    0.006998238989446515
  ],
  "dipole_vec_eA": [
    -0.13059911052000592,
    0.0014616201212808806,
    -2.3361530628815757e-15
  ],
  "dipole_mag_D": 0.6273334893591939,
  "HOMO_eV": -4.86306448373079,
  "LUMO_eV": -4.550889946678659,
  "gap_eV": 0.3121745370521314
}