{
  "tag": "RMC-Ag_1-Ir_2-A2-B5-NNNNNS",
  "energy_eV": -2049.801734215851,
  "multiplicity": 2,
  "charge": 0,
  "sym1": "Ag",
  "ox1": 1,
  "sym2": "Ir",
  "ox2": 2,
  "acid": "A2",
  "base": "B5",
  "bridge": [
    "N",
    "S"
  ],
  "S1_ref": 0.0,
  "S2_ref": 0.5,
  "mulliken_q_e": [
    0.22677566664242854,
    0.1696811574767827,
    -0.25353898727702817,
    0.15934287493214527,
    -0.29649680683002666,
    -0.26174765276083245,
    -0.15847040685319702,
    -0.23283071137287292,
    0.008951341155932768,
    -0.005130072780800132,
    -0.03658600640730714,
    -0.03086371189761916,
    -0.0360398196198386,
    -0.016501484172499303,
    0.03792273230400689,
    0.03796298008301391,
    0.035244913496099484,
    0.05213815514520004,
    0.04907715327459883,
    0.039051601215408516,
    0.036274970387261796,
    0.1103003893187664,
    -0.017217504095698333,
    -0.028069180708270025,
    -0.048849659563738435,
    -0.02816346413424453,
    -0.03248418316522228,
    0.038798624400181225,
    0.0333290851613689,
    0.0346315936600724,
    0.060996632874583456,
    0.08524609336906308,
    0.0570642135064382,
    0.06863841669685122,
    -0.0552985410236313,
    -0.06026533773696485,
    0.08996880954656017,
    0.1650558400107116,
    -0.0844984005684064,
    -0.07702726432159857,
    0.07072863414123987,
    0.09289731646740584
  ],
  "dipole_vec_eA": [
    -0.3278412838723359,
    -1.0508423474680801,
    4.2454296748500345e-15
  ],
  "dipole_mag_D": 5.287343058117544,
  "solvation_E_eV": null
}