{
  "tag": "RMC-Ru_2-Sn_2-A2-B2-NNNNNS",
  "energy_eV": -3023.196230214597,
  "multiplicity": 1,
  "charge": 1,
  "sym1": "Ru",
  "ox1": 2,
  "sym2": "Sn",
  "ox2": 2,
  "acid": "A2",
  "base": "B2",
  "bridge": [
    "N",
    "S"
  ],
  "S1_ref": 0.0,
  "S2_ref": 0.0,
  "mulliken_q_e": [
    -0.06829845446502625,
    0.3491687227190713,
    -0.2789559220202855,
    -0.07955812147839028,
    -0.05808964290155072,
    -0.09177936700090483,
    -0.1319952568794438,
    -0.1286264650547102,
    0.057901058369747904,
    -0.003065401180584404,
    -0.020171226866750658,
    -0.027053494300503855,
    -0.016783625778703515,
    0.003635543464183044,
    0.057079978967304545,
    0.06542740678000125,
    0.06009860058977945,
    0.05386756714907981,
    0.04909660900471002,
    0.06695661890309013,
    0.05870586981693626,
    0.11928733254292112,
    -0.016630401422460528,
    -0.01671552622145822,
    -0.030345614572474533,
    -0.021021668071392385,
    -0.001787510359786415,
    0.053186966716464834,
    0.06036030018024474,
    0.051762448624951496,
    0.05438633085672895,
    0.04209462757205373,
    0.0602051326154448,
    0.06158730713518357,
    -0.024687901307577365,
    0.020174352525990757,
    0.009229943486126935,
    0.07553588754475982,
    -0.03914280804497006,
    -0.025041825143292673,
    0.062194809565980225,
    0.05468808117728896,
    0.05851560713440229,
    0.07721298799103349,
    -0.02595471800941329,
    -0.025185071162092898,
    -0.044838556407061025,
    0.06176197174791509,
    0.05861426948146864,
    0.06031565751762891,
    -0.02507560510608564,
    0.020510279078803206,
    -0.001189546924844631,
    0.06428204273281435,
    -0.04089584163344484,
    -0.025528143086410937,
    0.06227953892162519,
    0.05485019440009187,
    0.05880495507845385,
    0.06307661181649205,
    -0.0278054241289154,
    -0.02436729778897173,
    -0.041011684636878654,
    0.062131188111106406,
    0.059233508604568885,
    0.05338181305564249
  ],
  "dipole_vec_eA": [
    0.24254670940977005,
    -0.2636399459894584,
    0.25209009082766826
  ],
  "dipole_mag_D": 2.104024654196689,
  "solvation_E_eV": null
}