{
  "tag": "RMC-Ag_2-Re_3-A2-B10-NNNNNN",
  "energy_eV": -3295.7544557063693,
  "multiplicity": 2,
  "charge": 1,
  "sym1": "Ag",
  "ox1": 2,
  "sym2": "Re",
  "ox2": 3,
  "acid": "A2",
  "base": "B10",
  "bridge": [
    "N",
    "N"
  ],
  "S1_ref": 0.5,
  "S2_ref": 0.0,
  "mulliken_q_e": [
    0.25009151494286974,
    0.0582632153742213,
    -0.15794715423723238,
    -0.1579919121892439,
    -0.13707385030552133,
    -0.13708008484267942,
    -0.11208849426343837,
    -0.11210187624316026,
    0.10543199358509048,
    -0.004771640393189225,
    -0.017559196889109563,
    -0.028675153062609704,
    -0.0187162034900501,
    -0.006428995262169224,
    0.05669286900716353,
    0.06392765550844481,
    0.05754066381588807,
    0.058250176167319534,
    0.061187087047764654,
    0.05767025360045419,
    0.061138529901904715,
    0.1054442718800832,
    -0.004764811307097272,
    -0.01755742493928225,
    -0.028669050670253382,
    -0.018718672901847366,
    -0.006427102181622901,
    0.05669005089393253,
    0.06392271041054831,
    0.05754038693669361,
    0.058264099050989504,
    0.06119595429538971,
    0.05766553666509866,
    0.061133831409205364,
    0.07465967076642532,
    0.008124652823551237,
    0.013897371001946768,
    -0.02784534457225374,
    -0.02199610448919964,
    -0.046238208848023765,
    0.06134115010716301,
    0.059177243892061915,
    0.04919838101157814,
    -0.0278522391053313,
    0.013893616358951588,
    0.008130840503967285,
    0.07465954645486805,
    -0.046239230702768364,
    -0.021993428014479566,
    0.061347911366450125,
    0.04919856986911997,
    0.05917431718775901,
    0.06825363622978275,
    0.007017532024143014,
    0.009349091890322514,
    -0.0292221701943145,
    -0.02285179168905338,
    -0.051093512566873445,
    0.05637494879226779,
    0.05403731934657374,
    0.045076773808836346,
    -0.029216692952162893,
    0.009351595041542149,
    0.0070183477229806,
    0.06825368133252785,
    -0.05110366223148444,
    -0.022851978768780423,
    0.05636979641038342,
    0.045079941647336086,
    0.05403925125391873
  ],
  "dipole_vec_eA": [
    0.21668373898864557,
    0.0001888556963882411,
    -9.298525475776712e-07
  ],
  "dipole_mag_D": 1.0407766556667117,
  "HOMO_eV": -11.606833001894865,
  "LUMO_eV": -11.149047741158467,
  "gap_eV": 0.45778526073639725
}