{
  "tag": "RMC-Ta_3-V_3-A2-B2-NNNNOS",
  "energy_eV": -2967.703395802933,
  "multiplicity": 1,
  "charge": 4,
  "sym1": "Ta",
  "ox1": 3,
  "sym2": "V",
  "ox2": 3,
  "acid": "A2",
  "base": "B2",
  "bridge": [
    "O",
    "S"
  ],
  "S1_ref": 1.0,
  "S2_ref": 1.0,
  "mulliken_q_e": [
    0.8165151775443595,
    0.28694579904160566,
    -0.40115088936676124,
    -0.03966918906669292,
    -0.1462458025303066,
    -0.16786857402123467,
    -0.05924833134678731,
    -0.04418873913491295,
    0.050907277368605675,
    0.029179896448739306,
    0.010737225962935915,
    0.003175029892918735,
    0.010594832310600433,
    0.01545936613134602,
    0.12725750821559823,
    0.14356907221519954,
    0.1228613569941992,
    0.048901356948934493,
    0.06288666003829047,
    0.13384557627545313,
    0.12504469067801205,
    0.20475267577527,
    0.012416117414013828,
    0.003534802440727347,
    -0.002033019225835986,
    0.013156060907627998,
    -0.00480822583142837,
    0.12207811418335868,
    0.14456438862218024,
    0.128098567750643,
    0.07679024535272605,
    0.07232813429042562,
    0.1358499215334119,
    0.12848976667011303,
    0.010073818868666429,
    0.04222912166302484,
    0.005650468353338267,
    0.06422001159631519,
    -0.014687664206719298,
    -0.0013873051559214478,
    0.1333355529933048,
    0.09823697720658786,
    0.12960353122501866,
    0.06455002211363547,
    0.008506204120862781,
    -8.410228492317096e-05,
    -0.012974600416390425,
    0.13272920621338347,
    0.13097160006917552,
    0.09918357412262235,
    0.010329425272644022,
    0.04449312352095802,
    0.024650962754989347,
    0.07024801351609655,
    -0.011112349941908128,
    -0.00018481255632196714,
    0.1355939473068486,
    0.10599877556622195,
    0.13311015742568277,
    0.06814841090374357,
    0.008266495968578536,
    -0.002214287510741819,
    -0.013292271592887817,
    0.13496744781100767,
    0.13234134428972089,
    0.10377235030010423
  ],
  "dipole_vec_eA": [
    -0.2194523200715048,
    -0.020073042072041827,
    -1.7441099085588288e-14
  ],
  "dipole_mag_D": 1.058474615141009,
  "HOMO_eV": -20.74030791324976,
  "LUMO_eV": -20.533250477110894,
  "gap_eV": 0.20705743613886796
}