{
  "tag": "RMC-Fe_2-Ta_3-A2-B7-NNNNNO",
  "energy_eV": -2156.8800099239265,
  "multiplicity": 3,
  "charge": 2,
  "sym1": "Fe",
  "ox1": 2,
  "sym2": "Ta",
  "ox2": 3,
  "acid": "A2",
  "base": "B7",
  "bridge": [
    "N",
    "O"
  ],
  "S1_ref": 0.0,
  "S2_ref": 1.0,
  "mulliken_q_e": [
    0.7712229090698688,
    0.674901120981477,
    -0.3828191076996703,
    -0.38842367466343886,
    -0.1735914533214966,
    -0.16472685614048554,
    -0.1852879380550656,
    -0.16328009493877294,
    0.17300538967526613,
    -0.0145139601047104,
    -0.012584256756279277,
    -0.019115451505220094,
    -0.011536232219845788,
    -0.014817178188161195,
    0.09058267414818177,
    0.09991624459731596,
    0.09317590160438416,
    0.07485189581172325,
    0.05143137058611136,
    0.07912978530243364,
    0.0824641666492476,
    0.11150773300573813,
    -0.009223616132674417,
    -0.008453138476586908,
    -0.02051718648898171,
    -0.006063100730145932,
    -0.00865435322783692,
    0.08770131581350116,
    0.0969205710827985,
    0.09119959772480246,
    0.0668318009044293,
    0.04849616576517368,
    0.08862152227426146,
    0.08587247023993905,
    0.010143728143501285,
    -0.04191419027783927,
    0.07848921499542694,
    0.10609644798641882,
    -0.024903524518210096,
    0.11125479294826435,
    0.11125479294826346,
    0.026259682130441275,
    -0.037867106904729386,
    0.07123375684365763,
    0.09943984356424063,
    -0.00015935335804795336,
    0.10322344195341338,
    0.1032234419534157
  ],
  "dipole_vec_eA": [
    0.3707319140689473,
    -0.18393113405259234,
    1.7111075065381202e-15
  ],
  "dipole_mag_D": 1.9878118419414763,
  "HOMO_eV": -14.821882093532023,
  "LUMO_eV": -14.50524444461154,
  "gap_eV": 0.3166376489204836
}