{
  "tag": "RMC-Mo_2-Pb_2-A2-B4-NNNNOS",
  "energy_eV": -2025.8709630801493,
  "multiplicity": 1,
  "charge": 2,
  "sym1": "Mo",
  "ox1": 2,
  "sym2": "Pb",
  "ox2": 2,
  "acid": "A2",
  "base": "B4",
  "bridge": [
    "O",
    "S"
  ],
  "S1_ref": 0.0,
  "S2_ref": 0.0,
  "mulliken_q_e": [
    0.7096605523416726,
    0.6970569017283579,
    -0.34021225990306214,
    0.24390395983889174,
    -0.24959651877840394,
    -0.31194224858717856,
    -0.3473430970313809,
    -0.21087922500803935,
    0.02099963386366488,
    0.00950256781090264,
    -0.0032468548151400878,
    -0.00992447167340993,
    -0.002769595030744254,
    0.010905312962531388,
    0.09862478681304454,
    0.10435500590712898,
    0.10135024971360451,
    0.05865027543420509,
    0.10668198390690975,
    0.09754473301974609,
    0.1043110783459914,
    0.18500938125446642,
    -0.004323360600595683,
    -0.00974566623480877,
    -0.01588280833786082,
    -0.006799226462913754,
    -0.010350801951247712,
    0.09245051590150977,
    0.10262205407364566,
    0.09767139433885275,
    0.10915951665282564,
    0.11628837528323377,
    0.0479664901913297,
    0.11024167051975364,
    -0.07704292918447564,
    -0.0671801207253453,
    0.06342164643030723,
    0.06109152389564654,
    0.0716320668462389,
    0.06950356379208078,
    -0.07944434827746316,
    -0.06730777701990265,
    0.07551422385144768,
    0.08088688432619162,
    0.0781939838299136,
    0.08879097685921133
  ],
  "dipole_vec_eA": [
    1.8405333599634592,
    -0.431709966020537,
    0.37778042519311233
  ],
  "dipole_mag_D": 9.259918356983302,
  "solvation_E_eV": null
}