{
  "tag": "RMC-Hg_2-Zr_2-A2-B2-NNNNNS",
  "energy_eV": -2941.458420637669,
  "multiplicity": 3,
  "charge": 1,
  "sym1": "Hg",
  "ox1": 2,
  "sym2": "Zr",
  "ox2": 2,
  "acid": "A2",
  "base": "B2",
  "bridge": [
    "N",
    "S"
  ],
  "S1_ref": 0.0,
  "S2_ref": 1.0,
  "mulliken_q_e": [
    0.36411879263107894,
    0.8118757776621979,
    -0.40499745017428523,
    -0.29579422355959145,
    -0.18006961711463276,
    -0.14471119374441987,
    -0.19928879811204547,
    -0.20645579239002987,
    0.08125857491885302,
    -0.002206810827739325,
    -0.036750702830304904,
    -0.028205347669886027,
    -0.03698209592580537,
    -0.00025837231540615235,
    0.04875922971797908,
    0.05815611301297374,
    0.05064076431338782,
    0.014710735729598357,
    0.060254719374416066,
    0.060804875144820136,
    0.06395381330642136,
    0.12895535615367493,
    -0.021900328451252227,
    -0.03157571251370306,
    -0.035264009009974284,
    -0.02980098603080128,
    -0.01761665526880396,
    0.04388609983999647,
    0.052879853464151805,
    0.04491535493282939,
    0.023826729768042565,
    0.05866525932583766,
    0.06656156657511247,
    0.06307673741136077,
    -0.02867710870239848,
    0.021759188628120096,
    -0.0013348401423416423,
    0.06807158161859017,
    -0.03992002258215499,
    -0.026233816658850495,
    0.06045375187069668,
    0.05536540723859473,
    0.057120935930888184,
    0.06759868250137746,
    -0.03303829761152621,
    -0.02523114453191111,
    -0.043396982921170446,
    0.05963549198188689,
    0.057803466517322155,
    0.05316111439238125,
    -0.03504194897852164,
    0.021962985175420835,
    -0.015929686110984997,
    0.06231241086984762,
    -0.04551396287169207,
    -0.02758948046587495,
    0.05885693611392695,
    0.059534272916401565,
    0.05654043670766229,
    0.06547308493529669,
    -0.03483698450162809,
    -0.027069948415701095,
    -0.044214179630712724,
    0.05961997073842895,
    0.05832919358159572,
    0.059007233643792234
  ],
  "dipole_vec_eA": [
    0.6619809087447331,
    -0.09972542693803448,
    -4.155515715633705e-15
  ],
  "dipole_mag_D": 3.2155071857885513,
  "HOMO_eV": -10.891958913864471,
  "LUMO_eV": -10.716296351592666,
  "gap_eV": 0.1756625622718051
}