{
  "tag": "RMC-Hf_2-V_2-A2-B10-NNNNSS",
  "energy_eV": -3197.8318455979834,
  "multiplicity": 2,
  "charge": 2,
  "sym1": "Hf",
  "ox1": 2,
  "sym2": "V",
  "ox2": 2,
  "acid": "A2",
  "base": "B10",
  "bridge": [
    "S",
    "S"
  ],
  "S1_ref": 1.0,
  "S2_ref": 0.5,
  "mulliken_q_e": [
    0.5723052973465046,
    0.21796065550285726,
    -0.16245863404241828,
    -0.16246185107561378,
    -0.13391083328688125,
    -0.13391142086995367,
    -0.10794070059134664,
    -0.10793853683788868,
    0.06696572936404177,
    0.007213528812190395,
    -0.014676981283832768,
    -0.01920666488194578,
    -0.01783505758918391,
    0.0011495926328290995,
    0.07502848853254473,
    0.08478325290939115,
    0.07218411996493446,
    0.04885722555190086,
    0.04860368027289619,
    0.08360560792525895,
    0.0904560713321485,
    0.06696570618554354,
    0.007214473199420812,
    -0.01467648977782443,
    -0.019206629831310718,
    -0.017833830814873997,
    0.0011495562248244884,
    0.07502847794510681,
    0.08478319690885838,
    0.07218391898242482,
    0.04885393894199286,
    0.04860713860225063,
    0.08360680404523024,
    0.09045560347835746,
    0.0676769672969193,
    -0.011317528718852943,
    0.021697549095587076,
    -0.020567145683457966,
    -0.012985972920931399,
    -0.04405026344561458,
    0.08542920614378169,
    0.08383740988779365,
    0.06876256148571935,
    -0.020565311981900702,
    0.021699121171766977,
    -0.011319407532614845,
    0.06767713361040695,
    -0.044051254110835325,
    -0.012986571807326541,
    0.08542754557753207,
    0.06876258853852402,
    0.08383825401171319,
    0.07140352583487597,
    0.008705448355923684,
    0.02047778828539326,
    -0.020459735138051993,
    -0.015740867285539917,
    -0.04537140063379019,
    0.0817331460434989,
    0.0787446352256006,
    0.06407334988259583,
    -0.020461876273909718,
    0.020478364873166566,
    0.008706551757240444,
    0.07140015316210091,
    -0.045367450456095026,
    -0.01574008986506037,
    0.0817347755162553,
    0.06407053237006788,
    0.07874383191138623
  ],
  "dipole_vec_eA": [
    -1.0119795259038886,
    1.6051122523612725e-05,
    1.9167484383128885e-15
  ],
  "dipole_mag_D": 4.860744380585555,
  "HOMO_eV": -13.954170213908245,
  "LUMO_eV": -13.88536394539083,
  "gap_eV": 0.06880626851741489
}