{
  "tag": "RMC-Ir_3-Mn_3-A2-B4-NNNNNN",
  "energy_eV": -2048.5553233505048,
  "multiplicity": 1,
  "charge": 2,
  "sym1": "Ir",
  "ox1": 3,
  "sym2": "Mn",
  "ox2": 3,
  "acid": "A2",
  "base": "B4",
  "bridge": [
    "N",
    "N"
  ],
  "S1_ref": 0.0,
  "S2_ref": 0.0,
  "mulliken_q_e": [
    0.23114876686540975,
    0.27663925293908687,
    -0.05634759181531912,
    -0.05636068962926055,
    -0.12940461896504107,
    -0.12947712874856987,
    -0.037275459389466636,
    -0.03727401324539947,
    0.0711295668400247,
    0.01200493611262865,
    -0.004792543574249963,
    -0.00882799701906345,
    -0.01239358565933113,
    0.011929568801173351,
    0.09928224927054385,
    0.10095816476535868,
    0.08996278612505704,
    0.03557626580955131,
    0.06811265844552605,
    0.11258241742136166,
    0.1264565033668712,
    0.0711298526230586,
    0.0120069694198357,
    -0.004802451441721756,
    -0.008829471111698295,
    -0.01239401652792238,
    0.01194201370797554,
    0.09928339654512963,
    0.10096050270525136,
    0.08995661032520441,
    0.035575692725028585,
    0.06811985581642643,
    0.11258313797846309,
    0.12645937681264374,
    -0.03347246081025501,
    -0.0334757939088679,
    0.14083626511695302,
    0.14083626510853475,
    0.14083709311154502,
    0.14083709310313264,
    -0.07772093109454437,
    -0.07772011442234028,
    0.04835529733003974,
    0.04835529733073474,
    0.048355505422327805,
    0.0483555054230258
  ],
  "dipole_vec_eA": [
    -2.187665090404549,
    0.00010470438636872097,
    4.019005248502491e-11
  ],
  "dipole_mag_D": 10.507802315596175,
  "HOMO_eV": -15.68360798921836,
  "LUMO_eV": -15.469451964945042,
  "gap_eV": 0.21415602427331848
}