{
  "tag": "RMC-Hg_2-In_1-A2-B2-NNNNNS",
  "energy_eV": -2940.346352542972,
  "multiplicity": 1,
  "charge": 0,
  "sym1": "Hg",
  "ox1": 2,
  "sym2": "In",
  "ox2": 1,
  "acid": "A2",
  "base": "B2",
  "bridge": [
    "N",
    "S"
  ],
  "S1_ref": 0.0,
  "S2_ref": 0.0,
  "mulliken_q_e": [
    0.2614236022088824,
    0.2875106041636752,
    -0.3189940128292934,
    -0.25034950517402765,
    -0.17171254237539113,
    -0.15554665732676543,
    -0.14188359517587812,
    -0.12569080284903844,
    0.09359367756020176,
    -0.002323007373754793,
    -0.05522335608487272,
    -0.03311804294574561,
    -0.055670101457433896,
    -0.003130718829712942,
    0.028133434678544567,
    0.034766569119433544,
    0.028679264824208794,
    0.017366007488780255,
    0.04987132078622558,
    0.05450043975600738,
    0.04909515560003164,
    0.1356029219924697,
    -0.01977757708788852,
    -0.04278697246131857,
    -0.03991902890416554,
    -0.040551708054378244,
    -0.016756245146467785,
    0.024924515742086983,
    0.03057955451338079,
    0.026751963714932048,
    0.037413549334018414,
    0.05147476877216417,
    0.047175315544293106,
    0.04834383724556346,
    -0.042161931224148796,
    0.015204943211681421,
    -0.009059447326313697,
    0.06583939083058055,
    -0.05159118766636195,
    -0.03217157849638386,
    0.03768340164043926,
    0.04177609021334172,
    0.03508204102615664,
    0.06510497559531792,
    -0.04553119172578168,
    -0.031594509947736604,
    -0.0539878931458837,
    0.03694736202038118,
    0.03534171950067877,
    0.03917893895388902,
    -0.046875700163292455,
    0.013313899688705888,
    -0.012429431027303428,
    0.06128219368798793,
    -0.058349194542684835,
    -0.03235381642703228,
    0.033881820931383144,
    0.039588153662152514,
    0.03208281782664524,
    0.06144436645411666,
    -0.04621656051408185,
    -0.03244219185819319,
    -0.057962816509900206,
    0.035402531948993454,
    0.03353020532437179,
    0.03626996906479496
  ],
  "dipole_vec_eA": [
    0.0726253528747148,
    0.024333749525133182,
    4.7059746819956526e-14
  ],
  "dipole_mag_D": 0.36789450857227685,
  "HOMO_eV": -8.193433493325655,
  "LUMO_eV": -8.11450992126404,
  "gap_eV": 0.07892357206161549
}