{
  "tag": "RMC-Rh_3-V_3-A2-B10-NNNNOO",
  "energy_eV": -3277.8035466260217,
  "multiplicity": 3,
  "charge": 4,
  "sym1": "Rh",
  "ox1": 3,
  "sym2": "V",
  "ox2": 3,
  "acid": "A2",
  "base": "B10",
  "bridge": [
    "O",
    "O"
  ],
  "S1_ref": 0.0,
  "S2_ref": 1.0,
  "mulliken_q_e": [
    0.046906899845116645,
    0.46436686694207474,
    -0.20064044047905205,
    -0.20501013307468674,
    -0.027903963905944185,
    -0.0009107126153573564,
    -0.13528198953689574,
    -0.1389292904214845,
    0.18750114995748102,
    0.014139243499902587,
    6.318284578266109e-05,
    -0.0037879248769037144,
    -0.003357673833149999,
    0.008711051801890912,
    0.114436544932763,
    0.1310972380874118,
    0.10916009155712147,
    0.08632502679308018,
    0.048841511485982814,
    0.0861226135228842,
    0.12750676786823867,
    0.18716378931673927,
    0.013575905297624313,
    -0.0014158221799436266,
    -0.003949459621612084,
    -0.0015498209990387757,
    0.008372931260641758,
    0.1113519508395181,
    0.13084603839579567,
    0.11242389023414379,
    0.08278062707303802,
    0.062199336218246026,
    0.08879321102498827,
    0.11755762460981678,
    0.08616686220652725,
    0.04062223749877392,
    0.052873622334595805,
    0.004962033587801118,
    0.015620530872040739,
    -0.01807044882276254,
    0.134860770475568,
    0.13510806447781876,
    0.10698973820293012,
    0.004599392985297213,
    0.054190675451208925,
    0.04140400782359599,
    0.08247816446206269,
    -0.022621254898656407,
    0.014334962846036747,
    0.1361547029099428,
    0.10884022351073697,
    0.13436166644498648,
    0.10670018823555427,
    0.055377288727225915,
    0.06170062826333633,
    0.004476944723565968,
    0.025082976682327285,
    -0.008452665756005562,
    0.13743491459315327,
    0.13953733262431556,
    0.10963783754501,
    0.0044802575590627836,
    0.060278051970285906,
    0.05567128786427422,
    0.10828371773447354,
    -0.005712072073527308,
    0.026422431159667914,
    0.13686359820692784,
    0.11086987054160813,
    0.1409651971640229
  ],
  "dipole_vec_eA": [
    0.13822459886535202,
    0.05534420772080457,
    -8.564335950209893e-14
  ],
  "dipole_mag_D": 0.7151618096016342,
  "solvation_E_eV": null
}