{
  "tag": "RMC-Fe_3-Ru_2-A2-B4-NNNNNS",
  "energy_eV": -2047.8935040239032,
  "multiplicity": 2,
  "charge": 2,
  "sym1": "Fe",
  "ox1": 3,
  "sym2": "Ru",
  "ox2": 2,
  "acid": "A2",
  "base": "B4",
  "bridge": [
    "N",
    "S"
  ],
  "S1_ref": 0.5,
  "S2_ref": 0.0,
  "mulliken_q_e": [
    0.6815392555808837,
    -0.033987196149756094,
    -0.07491920027785226,
    0.23718646806828228,
    -0.2778498694175233,
    -0.21669346864807504,
    -0.0008200483701805705,
    -0.15562141654701112,
    0.018521659982146943,
    0.015467621107052798,
    -0.013205052344371415,
    -0.011351517202660366,
    -0.01253186861181832,
    0.008643374727436592,
    0.09028396402715388,
    0.09771417500635027,
    0.09274705064581101,
    0.060812558313055654,
    0.048522488278676335,
    0.10413209586265515,
    0.10170916838669908,
    0.07363066545446029,
    0.00459722765862014,
    -0.00795641487587928,
    -0.01275853027786833,
    -0.01906269017424589,
    0.007055519152763257,
    0.08876963724032161,
    0.09055150001501899,
    0.07763353613551427,
    0.016806712547161373,
    0.07374509378486827,
    0.08768655709589113,
    0.12077056123225283,
    -0.09502303797554701,
    -0.08073202847817784,
    0.08804026211850602,
    0.08804026207819016,
    0.09584247445454908,
    0.09584247442559068,
    -0.025762676663160677,
    -0.03489164434105296,
    0.12402324406067355,
    0.12402324561080069,
    0.12941390368668437,
    0.1294139059100805
  ],
  "dipole_vec_eA": [
    -0.20324800374515825,
    -0.4370889465783194,
    -3.99155441343507e-09
  ],
  "dipole_mag_D": 2.3153063774988816,
  "solvation_E_eV": null
}