{
  "tag": "RMC-Ir_2-Ti_3-A2-B5-NNNNOS",
  "energy_eV": -1979.828959944519,
  "multiplicity": 1,
  "charge": 3,
  "sym1": "Ir",
  "ox1": 2,
  "sym2": "Ti",
  "ox2": 3,
  "acid": "A2",
  "base": "B5",
  "bridge": [
    "O",
    "S"
  ],
  "S1_ref": 0.5,
  "S2_ref": 0.5,
  "mulliken_q_e": [
    0.2575723485704068,
    0.9863950801944112,
    -0.36490913647131107,
    0.28194715773418405,
    -0.1346419009869757,
    -0.13621907906370945,
    -0.3182934012592167,
    -0.2371429914009937,
    0.015992762975831853,
    0.01369355727824062,
    -0.0010058819913425499,
    -0.0026919623631931344,
    0.003647580129256589,
    0.019642436113630923,
    0.11034497351201233,
    0.12209904948641881,
    0.11328431423071539,
    0.05517785734630842,
    0.07316855228077057,
    0.1065885865106968,
    0.14381797797183338,
    0.18040691266613917,
    -0.003024067861487678,
    0.0031802306378081457,
    -0.0044884050419391475,
    -0.006509722864236345,
    0.011791992130175677,
    0.12424431206856656,
    0.13076665132305865,
    0.1107511672256769,
    0.11656529630849599,
    0.07299854232947633,
    0.14558478212723724,
    0.13660608210152014,
    0.030549499233376576,
    0.01765290090933025,
    0.202875761842793,
    0.20084366519889651,
    -0.06258033832334742,
    0.04011668755353437,
    0.21099471735282604,
    0.23220545230911604
  ],
  "dipole_vec_eA": [
    0.21526568714399053,
    -0.10743975938172469,
    5.790130158743145e-11
  ],
  "dipole_mag_D": 1.155593630473703,
  "solvation_E_eV": null
}