{
  "tag": "RMC-W_2-Zn_2-A2-B7-NNNNSS",
  "energy_eV": -2085.239119382751,
  "multiplicity": 1,
  "charge": 2,
  "sym1": "W",
  "ox1": 2,
  "sym2": "Zn",
  "ox2": 2,
  "acid": "A2",
  "base": "B7",
  "bridge": [
    "S",
    "S"
  ],
  "S1_ref": 0.0,
  "S2_ref": 0.0,
  "mulliken_q_e": [
    -0.12298866844879475,
    0.32624446404591867,
    -0.0388306721682498,
    -0.04308540467648703,
    -0.05136863569415806,
    -0.0381179426724938,
    -0.10437433469180113,
    -0.08956631203149357,
    0.06954079793735168,
    0.010660006345518891,
    -0.0037406317223143137,
    -0.014344048189225855,
    -0.0053332245974244685,
    0.017610754646862015,
    0.0916332161565,
    0.09830350355559825,
    0.09082792252516114,
    0.0660694839329381,
    0.050868105942252884,
    0.09650461109661368,
    0.0824318397388365,
    0.06639518370667385,
    0.008798656695242713,
    -0.0044238607969990795,
    -0.014966192734381378,
    -0.005255436724422413,
    0.017430934597590042,
    0.09061033904633942,
    0.0983720290822706,
    0.09067916649258756,
    0.07079795532532884,
    0.04348505022870297,
    0.0946357834980216,
    0.07840442790530933,
    0.056826243108029306,
    -0.018802875719676537,
    0.0892575209803067,
    0.10298318962842634,
    0.02848398058891366,
    0.11229854054835275,
    0.11229851205569319,
    0.018777353587688284,
    -0.04292914950032101,
    0.09108606758146931,
    0.11127382520582862,
    -0.016882135142451515,
    0.11571003168536775,
    0.11571002803898756
  ],
  "dipole_vec_eA": [
    -0.11024386959548961,
    0.20668498292779094,
    -4.2715850207041924e-07
  ],
  "dipole_mag_D": 1.1251437358113086,
  "HOMO_eV": -14.8272809860281,
  "LUMO_eV": -14.744937145619929,
  "gap_eV": 0.08234384040817133
}