{
  "tag": "RMC-Au_3-Mg_2-A2-B1-NNNNNO",
  "energy_eV": -2489.367052643902,
  "multiplicity": 1,
  "charge": 2,
  "sym1": "Au",
  "ox1": 3,
  "sym2": "Mg",
  "ox2": 2,
  "acid": "A2",
  "base": "B1",
  "bridge": [
    "N",
    "O"
  ],
  "S1_ref": 0.0,
  "S2_ref": 0.0,
  "mulliken_q_e": [
    0.532642551113122,
    0.4327190812174227,
    -0.3280249191186526,
    -0.317208626013741,
    -0.13329002130441703,
    -0.13717170161256664,
    -0.11012997044274186,
    -0.10040955386633721,
    0.18021300508594074,
    -0.0014618523338871814,
    -0.0050416387618203995,
    -0.020022747710582545,
    -0.00873079196325599,
    -0.015323251237312485,
    0.09519783891136135,
    0.10034274994512549,
    0.08944995108819875,
    0.07028545689068277,
    0.07460906804801781,
    0.088043254927341,
    0.1004030567991836,
    0.12514478958598563,
    -0.0007136556410578532,
    0.0005570352480825935,
    -0.022797950666860967,
    -0.0047699906856628616,
    -0.015557684910462832,
    0.08870860278075499,
    0.09233922572434794,
    0.08265694073802454,
    0.06767303489514553,
    0.05832789678642958,
    0.08931395112875284,
    0.10707952513894492,
    -0.027780223898189016,
    0.05738357821179685,
    0.0507511037945374,
    -0.024419128208889473,
    -0.012424025168582542,
    -0.006866128270895722,
    0.07669319751850312,
    0.0743698572394651,
    0.09573392481321419,
    0.09736008199904223,
    -0.02827910647230225,
    0.05624567652071755,
    0.04955825578994699,
    -0.026578950530385947,
    -0.01226031770794389,
    -0.008780576401118623,
    0.07609962561512662,
    0.07384157992527096,
    0.09163264810969829,
    0.0926662673374159
  ],
  "dipole_vec_eA": [
    -0.2837693406015146,
    -0.3342026605587822,
    -1.1662531382667264e-16
  ],
  "dipole_mag_D": 2.1058447026069977,
  "HOMO_eV": -15.77485378992357,
  "LUMO_eV": -14.511677549257627,
  "gap_eV": 1.2631762406659437
}