{
  "tag": "RMC-Ag_2-Ta_3-A2-B4-NNNNOS",
  "energy_eV": -2048.441491344464,
  "multiplicity": 2,
  "charge": 3,
  "sym1": "Ag",
  "ox1": 2,
  "sym2": "Ta",
  "ox2": 3,
  "acid": "A2",
  "base": "B4",
  "bridge": [
    "O",
    "S"
  ],
  "S1_ref": 0.5,
  "S2_ref": 1.0,
  "mulliken_q_e": [
    0.2740157383283909,
    0.8344942371009726,
    -0.11075819159687716,
    0.20421358125626443,
    -0.04138028602018462,
    -0.16899234451953737,
    -0.2751445779708557,
    -0.2989364142566564,
    0.02583412083869452,
    0.017533190747476946,
    0.006030246322140664,
    -0.002733977172644453,
    0.014329460694887164,
    0.015968867838862533,
    0.11281378900681871,
    0.12471455422091215,
    0.12075599184831698,
    0.11282770218606797,
    0.0650081015902062,
    0.14009551550292,
    0.12180181274963586,
    0.1511618457169175,
    0.008356717130265645,
    0.004726320238013448,
    -0.004542983664367339,
    0.009469088692140692,
    0.009088780967587029,
    0.12066275149885819,
    0.12973915592227814,
    0.12355453932253035,
    0.12009321085291025,
    0.05792474293976735,
    0.14666359449346755,
    0.12686693668382276,
    -0.057467995648633474,
    -0.06218338217100339,
    0.1374386500309508,
    0.13743865003095235,
    0.12715431056522852,
    0.12715431056523152,
    -0.06401512140492516,
    -0.06244422725698984,
    0.10465873354618949,
    0.10465873354619148,
    0.10567576537244205,
    0.10567576537244405
  ],
  "dipole_vec_eA": [
    0.1469506254296193,
    0.17222341750541337,
    -1.1838220173989055e-14
  ],
  "dipole_mag_D": 1.0874288120202686,
  "solvation_E_eV": null
}