{
  "tag": "RMC-Ag_1-V_2-A2-B7-NNNNNS",
  "energy_eV": -2175.150852955016,
  "multiplicity": 2,
  "charge": 0,
  "sym1": "Ag",
  "ox1": 1,
  "sym2": "V",
  "ox2": 2,
  "acid": "A2",
  "base": "B7",
  "bridge": [
    "N",
    "S"
  ],
  "S1_ref": 0.0,
  "S2_ref": 0.5,
  "mulliken_q_e": [
    0.2309802104423065,
    0.234706441831521,
    -0.2602986372203169,
    -0.3065183503080543,
    -0.16002685354204038,
    -0.15062876359875332,
    -0.1412992673675051,
    -0.1763203162000606,
    0.07961337511514777,
    -0.01121443906763897,
    -0.03100361377738836,
    -0.04097415101510404,
    -0.031062651279774256,
    -0.0073848573527832695,
    0.029597475548489016,
    0.031043879760920712,
    0.032367215484748635,
    0.06412404474937472,
    0.0681068671340812,
    0.00011428263783708204,
    0.014006075578847255,
    0.09985838788623491,
    -0.005557856387911508,
    -0.03522160976636757,
    -0.042116013923455764,
    -0.04032087159540865,
    -0.017835727491469555,
    0.032222989192033924,
    0.030943649110069305,
    0.02691919363426265,
    0.00804929530230547,
    0.06792962253134283,
    0.018608692206470656,
    0.03039375594336169,
    0.04022944303307652,
    -0.05534637104357176,
    0.026387724629400977,
    0.05100494447465653,
    0.011935816930603194,
    0.06342688284382603,
    0.06342688284381226,
    0.043100807626661686,
    -0.057252389463770426,
    0.004547500876085908,
    0.03361337232666817,
    0.020276064771293845,
    0.05642392297850052,
    0.056423922978499075
  ],
  "dipole_vec_eA": [
    -0.007353031831939537,
    -0.12775642851122504,
    1.220908253055633e-13
  ],
  "dipole_mag_D": 0.6146557511200901,
  "HOMO_eV": -7.96321793529985,
  "LUMO_eV": -7.8587524905368635,
  "gap_eV": 0.10446544476298669
}