{
  "tag": "RMC-Pt_2-V_2-A2-B10-NNNNNS",
  "energy_eV": -3285.5896870337056,
  "multiplicity": 2,
  "charge": 1,
  "sym1": "Pt",
  "ox1": 2,
  "sym2": "V",
  "ox2": 2,
  "acid": "A2",
  "base": "B10",
  "bridge": [
    "N",
    "S"
  ],
  "S1_ref": 0.0,
  "S2_ref": 0.5,
  "mulliken_q_e": [
    -0.009561129603927188,
    0.24316831974098496,
    -0.18763204743042583,
    -0.020794589644781383,
    -0.05007515019610165,
    -0.09070093903529552,
    -0.13373704068723047,
    -0.19047803446946054,
    0.054345748030581564,
    -0.0017883652096819525,
    -0.018505033764965706,
    -0.02797506695030827,
    -0.02200526435159178,
    -0.001116385762312433,
    0.05967448029351308,
    0.06422221472424838,
    0.05652607418652622,
    0.06729381121172184,
    0.05536928560603194,
    0.040100937817668325,
    0.06834665912577065,
    0.1045060205060726,
    -0.011018383868431014,
    -0.020076759548315115,
    -0.032144288039738456,
    -0.0229087000315642,
    -0.008044311643046642,
    0.05589688385826763,
    0.062359166649117226,
    0.054990307446993625,
    0.0316808673307758,
    0.05393909735175528,
    0.06668245422301489,
    0.07752583207161656,
    0.06586790612535731,
    0.008349805381877129,
    0.013042550043812051,
    -0.02809452893580522,
    -0.021828438504018832,
    -0.049252961918959004,
    0.06200014412992638,
    0.06067341957926453,
    0.05236803325725936,
    -0.02766031620288123,
    0.012705382461153159,
    0.010135440854852629,
    0.06759026804342683,
    -0.04997372313371695,
    -0.022553917721094052,
    0.06120623623295829,
    0.04907580538082357,
    0.05834704379545452,
    0.07400297540918399,
    0.006382763517245982,
    0.012518200770832655,
    -0.030303020310540774,
    -0.02305522965875051,
    -0.04925239678725868,
    0.059768005928001466,
    0.05736271318297237,
    0.05192429721734426,
    -0.0286144477442003,
    0.008905166740461157,
    0.007965317947850048,
    0.07777537774112075,
    -0.0480416860325954,
    -0.023497043442201937,
    0.05711609118025651,
    0.04482979101466167,
    0.054148304520971635
  ],
  "dipole_vec_eA": [
    -0.2063568425392701,
    -0.1816957957491267,
    -3.2086782286553075e-16
  ],
  "dipole_mag_D": 1.320632333089156,
  "HOMO_eV": -11.392836507464663,
  "LUMO_eV": -11.061460663844985,
  "gap_eV": 0.33137584361967853
}