{
  "tag": "RMC-Ag_2-Os_3-A2-B6-NNNNSS",
  "energy_eV": -2239.351529731575,
  "multiplicity": 1,
  "charge": 3,
  "sym1": "Ag",
  "ox1": 2,
  "sym2": "Os",
  "ox2": 3,
  "acid": "A2",
  "base": "B6",
  "bridge": [
    "S",
    "S"
  ],
  "S1_ref": 0.5,
  "S2_ref": 0.5,
  "mulliken_q_e": [
    0.3135529384593012,
    0.23771422964360867,
    0.0076693009853220084,
    0.007671624828696766,
    -0.10928931297634814,
    -0.1092904966900321,
    -0.07449329458698828,
    -0.07449609893505937,
    0.05688277832271127,
    0.02112989934186471,
    -0.004379510626541849,
    0.0034037847145864664,
    0.005854764452719152,
    0.02223236738425438,
    0.11000365177228444,
    0.12634678190005877,
    0.1183305804101421,
    0.06163393622260238,
    0.06717533372106144,
    0.11498484518211893,
    0.09963500380357726,
    0.05687893934092747,
    0.021128597480589484,
    -0.0043788155638844195,
    0.0034025185756259013,
    0.005855043286715711,
    0.02223176038982677,
    0.11000370127846992,
    0.1263474557285148,
    0.11833052610794326,
    0.06163451246495888,
    0.06717546223232573,
    0.11498485761511923,
    0.09963477970395818,
    -0.0809716827405369,
    -0.03242478570651941,
    -0.03242452207911972,
    0.14123373642589798,
    0.11698610435982948,
    0.11151610199104023,
    0.11151603007273858,
    0.13618670142558198,
    0.13618666628267995,
    -0.07496128001667013,
    -0.009862024356196208,
    -0.009862615721497159,
    0.12160541246128254,
    0.10933785173782706,
    0.10969906491903125,
    0.10969904050566281,
    0.11551900619332756,
    0.11551874828967634
  ],
  "dipole_vec_eA": [
    1.1301394511625422,
    -8.884089231455344e-06,
    0.7777727771335436
  ],
  "dipole_mag_D": 6.5895790666436325,
  "HOMO_eV": -18.955461637949362,
  "LUMO_eV": -18.618624152614476,
  "gap_eV": 0.3368374853348861
}