{
  "tag": "RMC-Os_2-V_3-A2-B10-NNNNSS",
  "energy_eV": -3231.6790272156636,
  "multiplicity": 3,
  "charge": 3,
  "sym1": "Os",
  "ox1": 2,
  "sym2": "V",
  "ox2": 3,
  "acid": "A2",
  "base": "B10",
  "bridge": [
    "S",
    "S"
  ],
  "S1_ref": 0.0,
  "S2_ref": 1.0,
  "mulliken_q_e": [
    0.2580761586033613,
    0.2406695884597133,
    -0.007333365663668989,
    -0.007333375050256358,
    -0.07132326930367827,
    -0.07132339392726039,
    -0.09995346708610175,
    -0.09995296059059067,
    0.05749488231597932,
    0.012960736503071058,
    -0.006405198956636715,
    -0.007178810674800085,
    -0.006363659383090026,
    0.011308081918333546,
    0.09528921937468249,
    0.1109782973131005,
    0.09527578342201404,
    0.06080273198530106,
    0.049432607525699224,
    0.10441698690507328,
    0.10869539293847874,
    0.057494358074168916,
    0.012960015060805796,
    -0.006407663410601838,
    -0.007178689075222788,
    -0.006362420268975821,
    0.01130893991295312,
    0.09528955480185686,
    0.11097837449937209,
    0.09527561151459218,
    0.06079850652403285,
    0.04943506643289797,
    0.1044174544892672,
    0.10869526021481657,
    0.07219432589702124,
    0.0192236809662385,
    0.035317179529224196,
    -0.008143427714920382,
    -0.0018106638503647687,
    -0.0366183421188202,
    0.10885227207382475,
    0.1068314869255299,
    0.08236153051332784,
    -0.008136521897673,
    0.0353261751067373,
    0.019216329285899114,
    0.07219566233101005,
    -0.0366297770195374,
    -0.0018061733971936889,
    0.10884365466409562,
    0.08236181420087874,
    0.10683436442193517,
    0.07442836241093809,
    0.015710631216378834,
    0.03210870861437076,
    -0.008483418615180982,
    -0.003345166094888663,
    -0.03724698342918309,
    0.1064085797453802,
    0.10394159668960312,
    0.08080088839492572,
    -0.00848613060008474,
    0.03210448569948676,
    0.015712488525861712,
    0.07442869846801092,
    -0.03723944119362743,
    -0.003347231156095809,
    0.10641242890211722,
    0.08080044578873868,
    0.10394015131799317
  ],
  "dipole_vec_eA": [
    0.04863152916353941,
    -1.9584001973510545e-05,
    -3.778858504240213e-08
  ],
  "dipole_mag_D": 0.23358718747527557,
  "HOMO_eV": -17.500234896082368,
  "LUMO_eV": -17.45995870359291,
  "gap_eV": 0.040276192489457685
}