{
  "tag": "RMC-Os_3-Sc_3-A2-B6-NNNNNS",
  "energy_eV": -2153.6474756379453,
  "multiplicity": 2,
  "charge": 3,
  "sym1": "Os",
  "ox1": 3,
  "sym2": "Sc",
  "ox2": 3,
  "acid": "A2",
  "base": "B6",
  "bridge": [
    "N",
    "S"
  ],
  "S1_ref": 0.5,
  "S2_ref": 0.0,
  "mulliken_q_e": [
    0.3118907997769099,
    0.6582566053270287,
    -0.29562754302008476,
    -0.07335110243087738,
    -0.043607192221441826,
    -0.06617095507305293,
    -0.16831200267710678,
    -0.14034668298168462,
    0.06416627344666126,
    0.00882364283124204,
    0.0016726157074598014,
    -0.005911577046246785,
    -0.00024237398231186091,
    0.014221734505959871,
    0.11013778345675396,
    0.12115243629850858,
    0.10972104284517636,
    0.07863384042442201,
    0.053910775154103474,
    0.10618507299864954,
    0.11386158052406004,
    0.13687855081933265,
    -0.002921194336136912,
    0.00465455619032018,
    -0.00603113019354673,
    -0.0017219745403316278,
    0.011922148696377644,
    0.10761338450646274,
    0.11969880869897809,
    0.10677175213700663,
    0.07977867326689214,
    0.05157172269904975,
    0.11777011004010962,
    0.11934279719425689,
    -0.08639637028849534,
    -0.02616661004877252,
    -0.024946778311734752,
    0.1288542374082421,
    0.11759403189323325,
    0.12102441192632762,
    0.11498363051236316,
    0.12530771272434849,
    0.12080028506451079,
    -0.08895796509702047,
    -0.020382081051666834,
    -0.025015332523089295,
    0.13750167704174832,
    0.11365543220169905,
    0.11936158885837189,
    0.11771690920288957,
    0.1236528521936161,
    0.12701938982587235
  ],
  "dipole_vec_eA": [
    0.17902799310436798,
    -0.15505837037669784,
    0.25790677132201256
  ],
  "dipole_mag_D": 1.6818762737200486,
  "HOMO_eV": -18.22339788052598,
  "LUMO_eV": -18.009411629114755,
  "gap_eV": 0.21398625141122452
}