{
  "tag": "RMC-Ta_3-V_3-A2-B1-NNNNOO",
  "energy_eV": -2468.8410441257925,
  "multiplicity": 1,
  "charge": 4,
  "sym1": "Ta",
  "ox1": 3,
  "sym2": "V",
  "ox2": 3,
  "acid": "A2",
  "base": "B1",
  "bridge": [
    "O",
    "O"
  ],
  "S1_ref": 1.0,
  "S2_ref": 1.0,
  "mulliken_q_e": [
    0.9593533722487779,
    0.325435160290828,
    -0.3344377079380678,
    -0.3344373673094847,
    -0.15809955568100853,
    -0.1581000343283916,
    -0.049088882634311215,
    -0.049088129022168525,
    0.18385818248158592,
    0.026151533246845826,
    0.0158451362342944,
    0.008949141681952266,
    0.018459191137782938,
    0.009554699377307907,
    0.14830710800662683,
    0.16279264652879233,
    0.14693247544897758,
    0.0785014307709393,
    0.08088367123073303,
    0.1508162117040034,
    0.14277853052694967,
    0.1838586757128835,
    0.02615135003346092,
    0.015845333411094398,
    0.008949065276332657,
    0.01845939657155249,
    0.009554824638811299,
    0.1483070185535854,
    0.16279260208303892,
    0.14693264118137883,
    0.07850217728697562,
    0.08088388566338889,
    0.15081593391297665,
    0.14277870406971815,
    -0.009770989230875271,
    0.07020284549733469,
    0.07020289609082431,
    -0.009771046146062057,
    0.019971741801195986,
    0.01997182296630373,
    0.11725985076565648,
    0.11725976970470775,
    0.15301309095657956,
    0.15301312205354367,
    -0.005444037395302415,
    0.07227774209964322,
    0.07227772848292258,
    -0.005444049205574508,
    0.01997381630473183,
    0.01997390356141393,
    0.1283002217920476,
    0.12830030912306356,
    0.15961643143611404,
    0.15961640546147615
  ],
  "dipole_vec_eA": [
    0.030379973492885695,
    1.030072638812438e-06,
    1.8792349600901083e-15
  ],
  "dipole_mag_D": 0.14592121848739364,
  "HOMO_eV": -22.008645446511927,
  "LUMO_eV": -21.83794755446099,
  "gap_eV": 0.17069789205093855
}