{
  "tag": "RMC-Cr_2-Cr_3-A2-B6-NNNNSS",
  "energy_eV": -2154.5313629603856,
  "multiplicity": 2,
  "charge": 3,
  "sym1": "Cr",
  "ox1": 2,
  "sym2": "Cr",
  "ox2": 3,
  "acid": "A2",
  "base": "B6",
  "bridge": [
    "S",
    "S"
  ],
  "S1_ref": 0.0,
  "S2_ref": 0.5,
  "mulliken_q_e": [
    0.5677900090426146,
    0.5678494676331897,
    -0.06524006183171455,
    -0.06524004081141327,
    -0.14892782223306633,
    -0.14893270218849874,
    -0.14894271878742704,
    -0.14893782744664708,
    0.05172048790876538,
    0.013025902168430692,
    -0.001958402674710369,
    -0.0035734790040691244,
    -0.001957054186438434,
    0.013023357269144942,
    0.11124349255277477,
    0.12325599869818538,
    0.11124189260613104,
    0.053795531572708555,
    0.05379800431386039,
    0.10877462843179087,
    0.10877352792909367,
    0.05172047451011852,
    0.013028282709550254,
    -0.0019599965143128895,
    -0.003573474719800629,
    -0.001955380633131387,
    0.013020933407560165,
    0.11124518161678987,
    0.1232559913141974,
    0.11124018915527445,
    0.053792272147625164,
    0.05380134047033369,
    0.10877587339198869,
    0.10877227631061948,
    -0.09764910577483787,
    -0.026961196019227307,
    -0.02696006409338736,
    0.13001073007718356,
    0.11489390832915725,
    0.11275305700177485,
    0.11275300776691877,
    0.11764328322197593,
    0.11764303803669873,
    -0.097649203053642,
    -0.026956965138008382,
    -0.026958090407372737,
    0.13000879360395123,
    0.11489346516096766,
    0.1127521988583291,
    0.11275224626292313,
    0.11764224875023621,
    0.11764249324214349
  ],
  "dipole_vec_eA": [
    7.520922318701049e-05,
    2.594139244477638e-07,
    0.2031215632483132
  ],
  "dipole_mag_D": 0.9756344268027762,
  "HOMO_eV": -18.3119122533392,
  "LUMO_eV": -17.775931296742005,
  "gap_eV": 0.5359809565971965
}