{
  "tag": "RMC-In_1-Ir_2-A2-B4-NNNNNN",
  "energy_eV": -2034.2673228701744,
  "multiplicity": 2,
  "charge": -1,
  "sym1": "In",
  "ox1": 1,
  "sym2": "Ir",
  "ox2": 2,
  "acid": "A2",
  "base": "B4",
  "bridge": [
    "N",
    "N"
  ],
  "S1_ref": 0.0,
  "S2_ref": 0.5,
  "mulliken_q_e": [
    0.25161940832863666,
    0.012329014590425125,
    -0.12385184021961093,
    -0.12385031810273661,
    -0.38469435817386044,
    -0.38461586406007164,
    -0.03364763938112558,
    -0.033649395794774106,
    0.056190208458120505,
    -0.03198340896735541,
    -0.05006708983274244,
    -0.051970183174521845,
    -0.047154835441599374,
    -0.02787141338791921,
    -0.0025996821260394487,
    -0.0052460034216708085,
    0.002090984105177607,
    -0.02323124158589618,
    0.08441329371671635,
    0.010910853975436785,
    -0.02931493264580287,
    0.0561893177264543,
    -0.03198358268767376,
    -0.05006629514995686,
    -0.05197044272063844,
    -0.04715397384659736,
    -0.027879157159532042,
    -0.0025999503674136726,
    -0.005244997369060256,
    0.002091222502941803,
    -0.023232616674483175,
    0.08441610101778707,
    0.010910957976033808,
    -0.029322534879407502,
    -0.06955681392252466,
    -0.06955471533652191,
    0.046604181408269274,
    0.04660418140826772,
    0.046603094653541954,
    0.04660309465354162,
    -0.07494153033739925,
    -0.07495353792559789,
    0.03865773375735626,
    0.03865773375735282,
    0.03865848632249269,
    0.038658486322490915
  ],
  "dipole_vec_eA": [
    1.0437215291937239,
    -0.00022975733336594732,
    4.435660660725428e-15
  ],
  "dipole_mag_D": 5.0132078271803495,
  "HOMO_eV": -4.694838210732097,
  "LUMO_eV": -4.0139287545312285,
  "gap_eV": 0.6809094562008688
}