{
  "tag": "RMC-Ag_2-Ti_3-A2-B7-NNNNNS",
  "energy_eV": -2143.0888302318504,
  "multiplicity": 1,
  "charge": 2,
  "sym1": "Ag",
  "ox1": 2,
  "sym2": "Ti",
  "ox2": 3,
  "acid": "A2",
  "base": "B7",
  "bridge": [
    "N",
    "S"
  ],
  "S1_ref": 0.5,
  "S2_ref": 0.5,
  "mulliken_q_e": [
    0.35077335731970083,
    0.6510910459548654,
    -0.35275785854109487,
    -0.23782652025191914,
    -0.11295274542340539,
    -0.10168696167371882,
    -0.16753179269046714,
    -0.1655057125718482,
    0.08731865513374326,
    0.004480407699979594,
    -0.008741017698590037,
    -0.01631385824719489,
    -0.004331107923417177,
    0.012318648323196069,
    0.08527963868030608,
    0.09512508766917571,
    0.09094361180774646,
    0.07995774151852597,
    0.07347595862752354,
    0.07403974808495184,
    0.080377025916326,
    0.1374877274540216,
    -0.00894745221567339,
    -0.005930333966111645,
    -0.022446592681532485,
    -0.0025950036586095404,
    -0.004808265245302756,
    0.08523647460571282,
    0.09350213672769891,
    0.0863239743574662,
    0.0693415980599772,
    0.07166060398497343,
    0.08784069466862976,
    0.09546582461190856,
    0.03135276713727686,
    -0.03456487633135996,
    0.08740266209813796,
    0.11235296875916356,
    -0.014018235735404616,
    0.1206913186236852,
    0.12069131862368687,
    0.029063607448724715,
    -0.04533584821925696,
    0.07492293790453886,
    0.10193325174673806,
    0.002400723116987802,
    0.10672133319961108,
    0.10672133319960664
  ],
  "dipole_vec_eA": [
    0.7159926822086735,
    0.050254660267861045,
    -2.820022671719477e-15
  ],
  "dipole_mag_D": 3.4475199052048566,
  "HOMO_eV": -14.804376457241226,
  "LUMO_eV": -14.585689393405671,
  "gap_eV": 0.2186870638355547
}