{
  "tag": "RMC-Os_3-Re_2-A2-B5-NNNNOO",
  "energy_eV": -2032.9519229788125,
  "multiplicity": 3,
  "charge": 3,
  "sym1": "Os",
  "ox1": 3,
  "sym2": "Re",
  "ox2": 2,
  "acid": "A2",
  "base": "B5",
  "bridge": [
    "O",
    "O"
  ],
  "S1_ref": 0.5,
  "S2_ref": 0.5,
  "mulliken_q_e": [
    0.46729830600998534,
    0.4144203501909207,
    -0.20717045041068793,
    -0.20207338082070692,
    -0.20231668566712813,
    -0.20368722505432446,
    -0.05328910357553318,
    -0.01514280288778802,
    0.19149382025564687,
    0.009142731405168414,
    0.005741222652898781,
    0.004248065747031182,
    0.0023822812604734622,
    0.01569209793444659,
    0.12894998766551835,
    0.1358634751420219,
    0.1244848438580799,
    0.06376484438018837,
    0.09598677529836075,
    0.13548313190530625,
    0.13652240119989367,
    0.18742046588970052,
    0.015163842489597679,
    0.01064104747079897,
    0.005487880209326335,
    0.0020923281670104377,
    0.013123397035007978,
    0.13210260090887238,
    0.14129150574377036,
    0.12272315340518969,
    0.07753454840307317,
    0.09492969858220346,
    0.1504643660216416,
    0.1295615374944441,
    0.0042767673253136795,
    0.036298035274299645,
    0.21913406893654785,
    0.2143915877693685,
    0.031540022821358704,
    0.004845664902117575,
    0.17367937220454965,
    0.18550342272302922
  ],
  "dipole_vec_eA": [
    -0.7410308975665746,
    0.016541590555032314,
    -0.003228532509654926
  ],
  "dipole_mag_D": 3.5602432204972834,
  "solvation_E_eV": null
}