{
  "tag": "RMC-Mg_2-Ti_2-A2-B10-NNNNOS",
  "energy_eV": -3187.9246806344813,
  "multiplicity": 3,
  "charge": 2,
  "sym1": "Mg",
  "ox1": 2,
  "sym2": "Ti",
  "ox2": 2,
  "acid": "A2",
  "base": "B10",
  "bridge": [
    "O",
    "S"
  ],
  "S1_ref": 0.0,
  "S2_ref": 1.0,
  "mulliken_q_e": [
    0.49091582125807337,
    0.6186173248399943,
    -0.40292242863268024,
    -0.17197300747311992,
    -0.12088290667490575,
    -0.12094538417747658,
    -0.14608220271952788,
    -0.168704546252338,
    0.05533976410469066,
    -0.000648967608097184,
    -0.0167611621640138,
    -0.02056668042449661,
    -0.01649995868136056,
    0.0021012185871607247,
    0.0721200069061021,
    0.08534550721154988,
    0.07580512535284789,
    0.042873547304638215,
    0.058957261433266295,
    0.08630490395680013,
    0.08808808619233477,
    0.18678131989951874,
    -0.02040955324893101,
    -0.015340720578635558,
    -0.025657654522046158,
    -0.022023743246881278,
    -0.01654709867122861,
    0.07585800418118216,
    0.08497179395066912,
    0.07143178611655587,
    0.04440158344444867,
    0.062183221195052596,
    0.08702397846220333,
    0.09494826793083733,
    0.05850768631639891,
    -0.008506745979273367,
    0.02312657547463326,
    -0.02036200644701114,
    -0.01490426082258578,
    -0.043228910226155604,
    0.0837276548617164,
    0.08151499305804843,
    0.06511598702492205,
    -0.019341856565190385,
    0.021293149334368877,
    -0.007454690200630276,
    0.06168134547294657,
    -0.041007333035039784,
    -0.014759393974966173,
    0.0829927764104832,
    0.06488183313544538,
    0.08177757317390477,
    0.06858346853586195,
    -0.0033257440102569813,
    0.02020612589101467,
    -0.021426944283639893,
    -0.015609784452604192,
    -0.045020612890746214,
    0.08075893861719041,
    0.07941770827355765,
    0.0638520942731855,
    -0.02149347549376901,
    0.021150258751193807,
    -0.0011163138541807616,
    0.06586990664924364,
    -0.04778839411850311,
    -0.0163996257082184,
    0.08078971448869121,
    0.061325733984655684,
    0.07707006107517778
  ],
  "dipole_vec_eA": [
    -0.3313137547180226,
    -0.10312560848508377,
    -1.9798882799568462e-16
  ],
  "dipole_mag_D": 1.6666751664695691,
  "HOMO_eV": -13.672007870599407,
  "LUMO_eV": -13.57094653166246,
  "gap_eV": 0.10106133893694746
}