{
  "tag": "RMC-Ag_2-V_3-A2-B2-NNNNSS",
  "energy_eV": -3016.408378009795,
  "multiplicity": 2,
  "charge": 3,
  "sym1": "Ag",
  "ox1": 2,
  "sym2": "V",
  "ox2": 3,
  "acid": "A2",
  "base": "B2",
  "bridge": [
    "S",
    "S"
  ],
  "S1_ref": 0.5,
  "S2_ref": 1.0,
  "mulliken_q_e": [
    0.37542114658876735,
    0.24209370754757054,
    -0.11830285683861336,
    -0.11829644995916644,
    -0.06529983304098663,
    -0.06529952632376967,
    -0.10845369242040115,
    -0.10845493317145505,
    0.07384304051703805,
    0.019421607758689063,
    -0.003095736573371921,
    -0.0058090946899069795,
    -0.0014305031742123386,
    0.018615584729960277,
    0.0990525398539116,
    0.11448798865076615,
    0.10119804452352066,
    0.06513352064231848,
    0.06055531205583309,
    0.09496227327861528,
    0.1234753391257426,
    0.0738419110203381,
    0.019417977347260473,
    -0.003092649680175752,
    -0.005805506036445918,
    -0.0014325479603554125,
    0.018615823801985343,
    0.09904905937293007,
    0.11448884528504233,
    0.10119950597386418,
    0.06513373197960926,
    0.06055245115388286,
    0.09496079664312906,
    0.12347435503654347,
    -0.0013381379390697834,
    0.04053270854439539,
    0.01703963341280179,
    0.0710385601570227,
    -0.016454921517342846,
    -0.008623684927116182,
    0.1160395834884449,
    0.09563582525813763,
    0.11645412535422295,
    0.0710409662188114,
    -0.001335218332159993,
    -0.008625431940368244,
    -0.016454681701808305,
    0.11604177197498677,
    0.11645192230777501,
    0.09563760200377658,
    -0.005726988791532328,
    0.02987442540529428,
    0.010496096237119001,
    0.06528483389667983,
    -0.02516386429018702,
    -0.013101437050259124,
    0.10197214709454205,
    0.07894420399071445,
    0.09895388872972044,
    0.06528765916740342,
    -0.005725457878205331,
    -0.013103483446085029,
    -0.025167802499440395,
    0.10197287994758208,
    0.09895257914181321,
    0.07894846488292706
  ],
  "dipole_vec_eA": [
    0.14441195723032715,
    0.003756661018229114,
    4.239628744908454e-15
  ],
  "dipole_mag_D": 0.693874783882475,
  "HOMO_eV": -17.68429171041633,
  "LUMO_eV": -17.313434967867366,
  "gap_eV": 0.3708567425489626
}