{
  "tag": "RMC-Au_3-Co_3-A2-B1-NNNNSS",
  "energy_eV": -2516.0434087409753,
  "multiplicity": 1,
  "charge": 4,
  "sym1": "Au",
  "ox1": 3,
  "sym2": "Co",
  "ox2": 3,
  "acid": "A2",
  "base": "B1",
  "bridge": [
    "S",
    "S"
  ],
  "S1_ref": 0.0,
  "S2_ref": 0.0,
  "mulliken_q_e": [
    0.4851939220274062,
    0.10868256586775638,
    -0.00046504099100527774,
    -0.0007566987458069718,
    -0.11463633042497423,
    -0.11467833726588061,
    -0.028204468871283916,
    -0.028657909102030477,
    0.07881356731443079,
    0.050819011076695064,
    0.013707361187767164,
    0.009778324509318814,
    0.017335849642372114,
    0.03348078691951706,
    0.1423275658017059,
    0.15592162740343896,
    0.13717814757325564,
    0.07112296743366331,
    0.07600868893322543,
    0.1458302504891491,
    0.15642433681187162,
    0.07889983461419958,
    0.050879959900860916,
    0.013593222291565121,
    0.009778212318777957,
    0.017423880110840173,
    0.03338578113384316,
    0.1422839286147548,
    0.15588287372848653,
    0.1371644640674312,
    0.07071817375796541,
    0.0758230718549826,
    0.14575549101488894,
    0.15618010004078253,
    0.004271352138079054,
    0.0741042523094253,
    0.07408401333771653,
    0.004338113793398435,
    0.018626244472714326,
    0.018630840050519293,
    0.12446072136712016,
    0.12469222344517883,
    0.15252900045616957,
    0.152525263663994,
    0.006152321780617642,
    0.08186064677818439,
    0.08187538124587013,
    0.0064724999743750455,
    0.017098558624853988,
    0.016641902337920067,
    0.12874540401252754,
    0.12920268590442086,
    0.15042043514796832,
    0.15027295813018815
  ],
  "dipole_vec_eA": [
    -0.4602970148281597,
    -0.006332184768972747,
    4.871876041558447e-12
  ],
  "dipole_mag_D": 2.2111097812306593,
  "solvation_E_eV": null
}