{
  "tag": "RMC-Cu_2-V_3-A2-B6-NNNNNN",
  "energy_eV": -2215.00677436528,
  "multiplicity": 2,
  "charge": 1,
  "sym1": "Cu",
  "ox1": 2,
  "sym2": "V",
  "ox2": 3,
  "acid": "A2",
  "base": "B6",
  "bridge": [
    "N",
    "N"
  ],
  "S1_ref": 0.5,
  "S2_ref": 1.0,
  "mulliken_q_e": [
    0.3200275424141692,
    0.2712227623001875,
    -0.26261296670742884,
    -0.2626038384531495,
    -0.15181996577272416,
    -0.1518205444284082,
    -0.13661035947152955,
    -0.13661141198803284,
    0.1154257942379906,
    -0.008718524008791917,
    -0.016299766868716814,
    -0.032744853374159666,
    -0.017385951420136436,
    -0.015315607678584309,
    0.06077243951703393,
    0.06318929440762977,
    0.05907815659648685,
    0.06946621559029342,
    0.07035407691350803,
    0.045864990057667754,
    0.05204692826348811,
    0.1154250906792269,
    -0.00872170698718322,
    -0.016298691452464542,
    -0.03274251465630118,
    -0.017385353130374925,
    -0.015317699497202852,
    0.060772255407560816,
    0.06318809918076451,
    0.05907876937684431,
    0.06946666956880021,
    0.07035483399080089,
    0.045864406798401425,
    0.05204638890079061,
    -0.07141016533081102,
    -2.315838698230266e-05,
    -2.2966714929850696e-05,
    0.06969592572744077,
    0.06675626066953633,
    0.053528854561816885,
    0.05352884600041341,
    0.06674672266923076,
    0.06674660074554772,
    -0.06467785508686341,
    0.005444861993314953,
    0.005445072224474989,
    0.06459619842631559,
    0.07559453106081115,
    0.04802719722983495,
    0.04802709044640552,
    0.0656805940552494,
    0.06568042894063841
  ],
  "dipole_vec_eA": [
    0.058976062211889974,
    -1.4956227224189341e-05,
    0.025008028018620246
  ],
  "dipole_mag_D": 0.30768929169838716,
  "HOMO_eV": -11.374169455444642,
  "LUMO_eV": -11.313795622693528,
  "gap_eV": 0.06037383275111452
}