{
  "tag": "RMC-Cd_2-Cu_1-A2-B2-NNNNNO",
  "energy_eV": -3033.4111626610274,
  "multiplicity": 1,
  "charge": 0,
  "sym1": "Cd",
  "ox1": 2,
  "sym2": "Cu",
  "ox2": 1,
  "acid": "A2",
  "base": "B2",
  "bridge": [
    "N",
    "O"
  ],
  "S1_ref": 0.0,
  "S2_ref": 0.0,
  "mulliken_q_e": [
    0.42945514248081695,
    0.27205699901315084,
    -0.3302261230035999,
    -0.3730790584365382,
    -0.18476888339125197,
    -0.17728908993742754,
    -0.1761637404079135,
    -0.14481803258593318,
    0.19806156266050845,
    -0.035276105086602616,
    -0.04036661149327192,
    -0.043956217218708016,
    -0.04087946711274637,
    -0.03738586876147898,
    0.031374634351406194,
    0.034428888600887886,
    0.030836925806577264,
    0.052862232792185715,
    0.05189938672995642,
    0.04425490909992158,
    0.040416130657888516,
    0.11643483206777439,
    -0.027333120321576754,
    -0.026891191743172227,
    -0.04719582575476,
    -0.02799163117821779,
    -0.029557117121063126,
    0.028332211643229965,
    0.030211138091695844,
    0.02822435395451628,
    0.05312495462647715,
    0.050666362281415855,
    0.040411435757844116,
    0.04008086232503194,
    -0.0437727722370731,
    0.012512205796205933,
    -0.005728674879307949,
    0.06798315394688381,
    -0.05567864739501793,
    -0.03307752508250017,
    0.03467874453791886,
    0.03588096245853434,
    0.03162407697506808,
    0.07063184168352499,
    -0.04462673793198246,
    -0.03263025755301707,
    -0.05603828890250573,
    0.03437877477579199,
    0.0318792300722468,
    0.035949752239043176,
    -0.04257754225883059,
    0.01239767600113817,
    -0.004769761210434931,
    0.0670757820160226,
    -0.05474233999301226,
    -0.03290737065928684,
    0.03454202285998931,
    0.03635266150557792,
    0.03146216062098717,
    0.07015288580841705,
    -0.0437667931346315,
    -0.032618913917466186,
    -0.05533895804605082,
    0.034212171639781075,
    0.031579180952833075,
    0.03502641874271717
  ],
  "dipole_vec_eA": [
    -0.125315698039972,
    -0.0867988084923139,
    -4.274175395665334e-16
  ],
  "dipole_mag_D": 0.7322020931365049,
  "HOMO_eV": -8.096365421699215,
  "LUMO_eV": -7.919336250165711,
  "gap_eV": 0.17702917153350395
}