{
  "tag": "RMC-Ag_1-Pt_2-A2-B10-NNNNOO",
  "energy_eV": -3393.6834798577274,
  "multiplicity": 1,
  "charge": 1,
  "sym1": "Ag",
  "ox1": 1,
  "sym2": "Pt",
  "ox2": 2,
  "acid": "A2",
  "base": "B10",
  "bridge": [
    "O",
    "O"
  ],
  "S1_ref": 0.0,
  "S2_ref": 0.0,
  "mulliken_q_e": [
    0.27748384130436987,
    0.12784223694208252,
    -0.3003596329436762,
    -0.3003592125699557,
    -0.15685709600716535,
    -0.15686777895529547,
    -0.06334492726066965,
    -0.06333265775933805,
    0.19718252766169875,
    -0.027718741881707976,
    -0.022177044497571075,
    -0.03667953908860877,
    -0.01849361407804806,
    -0.02480589952482326,
    0.0535091324272603,
    0.06223271058065449,
    0.05822813068844446,
    0.0594179640460184,
    0.07121321980412709,
    0.08078959793341633,
    0.050497265725466534,
    0.1971827095586287,
    -0.027715739047766474,
    -0.022184366687486134,
    -0.03667868048366563,
    -0.018488763437832123,
    -0.024810063232024948,
    0.0535117412341064,
    0.06223297287450291,
    0.058226546001191704,
    0.0594107133759032,
    0.07122477589554355,
    0.08079246813192431,
    0.05048891749549922,
    0.07236793437956424,
    0.003594694108753682,
    0.012112464494413944,
    -0.028949653304835454,
    -0.023465931450619815,
    -0.04622294979589969,
    0.0581215711100741,
    0.05586172197630024,
    0.046282532932940934,
    -0.0289592428449037,
    0.012104662493195084,
    0.003600690253128036,
    0.07237076396230435,
    -0.04622065824593524,
    -0.02346109126791407,
    0.05813036510726899,
    0.0462812221822505,
    0.055857509659961724,
    0.06321299903228117,
    0.005619064075388369,
    0.014698472522292949,
    -0.02678070906693275,
    -0.022107218767920767,
    -0.04828599047861881,
    0.0637628500935018,
    0.062389248800988284,
    0.05249126934004822,
    -0.02678551360000614,
    0.014695733052360493,
    0.005621576528561434,
    0.06320768432433344,
    -0.048277819954958945,
    -0.0221065942123575,
    0.06376745329487343,
    0.05248956105729863,
    0.062387613014413645
  ],
  "dipole_vec_eA": [
    0.5185481604892062,
    -9.101339972726559e-06,
    5.749473377075502e-16
  ],
  "dipole_mag_D": 2.490692739046039,
  "HOMO_eV": -11.472173775610829,
  "LUMO_eV": -10.897444115673983,
  "gap_eV": 0.5747296599368461
}