{
  "tag": "RMC-Pb_2-V_3-A2-B4-NNNNOO",
  "energy_eV": -2022.9891791499495,
  "multiplicity": 3,
  "charge": 3,
  "sym1": "Pb",
  "ox1": 2,
  "sym2": "V",
  "ox2": 3,
  "acid": "A2",
  "base": "B4",
  "bridge": [
    "O",
    "O"
  ],
  "S1_ref": 0.0,
  "S2_ref": 1.0,
  "mulliken_q_e": [
    0.8563055575753906,
    0.18549686014158728,
    -0.11589985695533245,
    -0.1158992246899313,
    -0.28257142036912875,
    -0.2825567630176635,
    0.012462918975207238,
    0.012463640276121346,
    0.14585472259077115,
    0.013173251554764898,
    -0.00032997093990472237,
    -0.00402131994516397,
    0.0021757076068262826,
    0.0048101848761448185,
    0.11886314306541002,
    0.12751327075792596,
    0.11879261860176293,
    0.04001830296655129,
    0.10808181111931647,
    0.13563066270712465,
    0.1498078152011404,
    0.14585573357118897,
    0.013173018084418064,
    -0.00032693540002126653,
    -0.004022337236747164,
    0.0021763459644994487,
    0.004807612375608672,
    0.11886208791427344,
    0.12751302862383607,
    0.11879332218605332,
    0.04002147492186392,
    0.10808244363732555,
    0.13563044633961796,
    0.1498048925754808,
    -0.0600664783929834,
    -0.06006697978486808,
    0.12237425833451454,
    0.12237425833834359,
    0.12237390376294077,
    0.1223739037667726,
    -0.04780354898367278,
    -0.04780231413752434,
    0.13392504468586763,
    0.13392504468639232,
    0.13392493103362102,
    0.13392493103414693
  ],
  "dipole_vec_eA": [
    0.40222427275431316,
    -3.8663373130151856e-05,
    1.936664082411986e-10
  ],
  "dipole_mag_D": 1.9319653533166559,
  "HOMO_eV": -18.38794161785423,
  "LUMO_eV": -17.840318697691554,
  "gap_eV": 0.5476229201626772
}