{
  "tag": "RMC-Hf_2-Ni_3-A2-B1-NNNNOO",
  "energy_eV": -2555.96385680085,
  "multiplicity": 2,
  "charge": 3,
  "sym1": "Hf",
  "ox1": 2,
  "sym2": "Ni",
  "ox2": 3,
  "acid": "A2",
  "base": "B1",
  "bridge": [
    "O",
    "O"
  ],
  "S1_ref": 1.0,
  "S2_ref": 0.5,
  "mulliken_q_e": [
    0.6445874069394946,
    0.13865408221048336,
    -0.2675820689234958,
    -0.2675865195931302,
    -0.12048388807767396,
    -0.12047420258741148,
    0.013866115287944458,
    0.01387568423761354,
    0.18450192955741485,
    0.005093828016310642,
    0.0014768082785849845,
    -0.008991656018846772,
    0.0006088517580542518,
    -0.0034493316624182313,
    0.11708727869731383,
    0.1272956314073208,
    0.11502845503971648,
    0.06342465613023651,
    0.08223170312326222,
    0.1357546921206796,
    0.11863583504975472,
    0.18451796752114102,
    0.005086094727557944,
    0.0014733709057761502,
    -0.009002010863755183,
    0.000635399351015753,
    -0.0034475200601360445,
    0.11708820825170951,
    0.1272949467707858,
    0.11502416431143692,
    0.06342925222281792,
    0.082291294400205,
    0.13575485748461524,
    0.11862790395213252,
    -0.01780205166104354,
    0.06425281870519273,
    0.06423970248461686,
    -0.017807395644950264,
    0.0027540724022752094,
    0.0027739465582146128,
    0.09692824313643633,
    0.09692882597952279,
    0.12286453665085284,
    0.12286210294696498,
    -0.019136196497412605,
    0.06354213937785902,
    0.0635348634505215,
    -0.01913443104542245,
    0.002826565550853477,
    0.0028338784842669718,
    0.10128979087522616,
    0.10128942498466575,
    0.12631513437476138,
    0.12631479403045098
  ],
  "dipole_vec_eA": [
    -0.37317860053867397,
    0.00019958220240156037,
    4.324463287811609e-15
  ],
  "dipole_mag_D": 1.7924533039267947,
  "HOMO_eV": -17.785370659450283,
  "LUMO_eV": -17.652364588486996,
  "gap_eV": 0.13300607096328676
}