{
  "tag": "RMC-Mn_3-Zn_2-A2-B5-NNNNNN",
  "energy_eV": -1912.9288977694177,
  "multiplicity": 1,
  "charge": 1,
  "sym1": "Mn",
  "ox1": 3,
  "sym2": "Zn",
  "ox2": 2,
  "acid": "A2",
  "base": "B5",
  "bridge": [
    "N",
    "N"
  ],
  "S1_ref": 0.0,
  "S2_ref": 0.0,
  "mulliken_q_e": [
    0.18172356338594042,
    0.2609481838901351,
    -0.050960689339490495,
    -0.05096088922217423,
    -0.03459642165322041,
    -0.034602477866968684,
    -0.21597174431974886,
    -0.21601683689017803,
    0.0704996720234754,
    5.692878804586243e-06,
    -0.017318731628578554,
    -0.016754969881091375,
    -0.016552032572736408,
    0.0037557402381354077,
    0.0728300580552198,
    0.07602220694445927,
    0.07423993296672782,
    0.09320812177642002,
    0.0279987867143785,
    0.09476258080263034,
    0.08816380716957795,
    0.07049199137941065,
    1.8961803687211898e-06,
    -0.017316362398609453,
    -0.0167471342097818,
    -0.01653924630998338,
    0.0037614321591692423,
    0.07283364938910752,
    0.0760225444466055,
    0.07425157733732268,
    0.09316292156562356,
    0.02803247621018956,
    0.09478990074610927,
    0.08816759710878763,
    -0.0783110424897766,
    -0.07800421688055925,
    0.07895247712680509,
    0.07894187568849598,
    -0.06683592613235478,
    -0.0668044255549678,
    0.09535048684909553,
    0.0953739852560006
  ],
  "dipole_vec_eA": [
    -0.4122437708256096,
    0.00015034923242739965,
    -7.118731616352276e-14
  ],
  "dipole_mag_D": 1.9800911719994314,
  "solvation_E_eV": null
}