{
  "tag": "RMC-Rh_3-Sc_3-A2-B10-NNNNNO",
  "energy_eV": -3242.1705341713214,
  "multiplicity": 1,
  "charge": 3,
  "sym1": "Rh",
  "ox1": 3,
  "sym2": "Sc",
  "ox2": 3,
  "acid": "A2",
  "base": "B10",
  "bridge": [
    "N",
    "O"
  ],
  "S1_ref": 0.0,
  "S2_ref": 0.0,
  "mulliken_q_e": [
    0.030865149711701068,
    0.7587500648995245,
    -0.1803766345893285,
    -0.32684847573401554,
    -0.01989111782626929,
    -0.06998113603071765,
    -0.15568805907555183,
    -0.1185668951055403,
    0.20025240453159632,
    -0.01831476764490292,
    -0.004692806461176646,
    -0.015991931795359182,
    -0.00758198497629925,
    -0.005353068276372497,
    0.09435029288590746,
    0.1084897556569665,
    0.0918023758269757,
    0.06967213989685916,
    0.07411567992214674,
    0.10497943868268322,
    0.0915256466118165,
    0.12010300022604392,
    -0.0013123829839278844,
    -0.003008367300114667,
    -0.007624997355555774,
    -0.003415584228722901,
    0.015929484070646094,
    0.09301780956341399,
    0.11073469941858394,
    0.09639182557380122,
    0.05991507714878974,
    0.05285423179007753,
    0.10779214904034828,
    0.10692677026238939,
    0.07980851336647476,
    0.038296483997141806,
    0.0371960415447512,
    -0.009418736789575055,
    0.0049833299732278125,
    -0.037441068611566486,
    0.10905456781577738,
    0.10790336479335849,
    0.08313745625762858,
    -0.008467601384097634,
    0.039972841470476306,
    0.03222292610249866,
    0.08012812438258776,
    -0.03454251961556398,
    0.005184313283007835,
    0.10902392111893111,
    0.0804903987943858,
    0.10629732921655743,
    0.07429273351298193,
    0.015146035101948563,
    0.032847088475294495,
    -0.010589311947071023,
    -0.0010562469506554262,
    -0.03936978399585134,
    0.10579290429631827,
    0.10342113547473064,
    0.07836577314226556,
    -0.009319168080764051,
    0.035104095365742216,
    0.01335815824578912,
    0.07341496108329193,
    -0.03475364179008711,
    -0.0005592793012381136,
    0.10601889676525011,
    0.08022455940961393,
    0.10401162124824048
  ],
  "dipole_vec_eA": [
    0.2284596415548689,
    -0.034762683287925346,
    -1.3817926558463782e-15
  ],
  "dipole_mag_D": 1.109968981505851,
  "HOMO_eV": -17.58937502439689,
  "LUMO_eV": -17.453720731669417,
  "gap_eV": 0.1356542927274731
}