{
  "tag": "RMC-Ir_3-Nb_3-A2-B2-NNNNNS",
  "energy_eV": -3004.7445310605563,
  "multiplicity": 3,
  "charge": 3,
  "sym1": "Ir",
  "ox1": 3,
  "sym2": "Nb",
  "ox2": 3,
  "acid": "A2",
  "base": "B2",
  "bridge": [
    "N",
    "S"
  ],
  "S1_ref": 0.0,
  "S2_ref": 1.0,
  "mulliken_q_e": [
    0.2355097503307897,
    0.30823079014690125,
    -0.26993406480766846,
    0.031399398190608135,
    -0.004487975461073379,
    -0.027811838134492728,
    -0.12139222690425178,
    -0.1171086792713012,
    0.051958455351818866,
    0.013682669521355217,
    -0.0013039279989432995,
    -0.00607095305943095,
    -0.0018803295183653645,
    0.018276113592542886,
    0.10063996667590303,
    0.11638611702728519,
    0.10310835948743968,
    0.06841756682356603,
    0.03647643126593536,
    0.09977911289113794,
    0.11419726655729012,
    0.13453382746527454,
    0.0027888366148396404,
    0.0020661486414239594,
    -0.007370086333897019,
    -0.003250461148759154,
    0.015329083664534338,
    0.09837562035474778,
    0.1148507535072234,
    0.09924670755825571,
    0.07677514886509385,
    0.04017590756340761,
    0.09520479074053179,
    0.1184151492018295,
    0.0028334864976553575,
    0.03784581274014176,
    0.019209742508676797,
    0.07209423611146448,
    -0.02098799203576518,
    -0.007114508490598581,
    0.11493004222058611,
    0.09211182467421275,
    0.1113421663538422,
    0.07321879438301315,
    0.003986758727327677,
    -0.0064058273879821215,
    -0.019703586150521923,
    0.11595506387392618,
    0.11314772399707829,
    0.09443327555131731,
    -0.0034780161246183994,
    0.0306840792918599,
    0.008922096406137836,
    0.06732630950028784,
    -0.024340200830034187,
    -0.01198786849029898,
    0.10424478116347913,
    0.07983494636829036,
    0.10064262286367032,
    0.0707842400419032,
    -0.005967853543154211,
    -0.010585238268273844,
    -0.023348058352690382,
    0.10335995917291763,
    0.10162381195142711,
    0.0801739462231752
  ],
  "dipole_vec_eA": [
    0.20454684849581892,
    -0.1964352962511679,
    -5.020661817855508e-15
  ],
  "dipole_mag_D": 1.3621656872763566,
  "HOMO_eV": -17.871585640076727,
  "LUMO_eV": -17.506806580151665,
  "gap_eV": 0.36477905992506265
}