{
  "tag": "RMC-Os_3-Os_3-A2-B6-NNNNOS",
  "energy_eV": -2226.915678101148,
  "multiplicity": 1,
  "charge": 4,
  "sym1": "Os",
  "ox1": 3,
  "sym2": "Os",
  "ox2": 3,
  "acid": "A2",
  "base": "B6",
  "bridge": [
    "O",
    "S"
  ],
  "S1_ref": 0.5,
  "S2_ref": 0.5,
  "mulliken_q_e": [
    0.40231045464252324,
    0.4025350642707942,
    -0.30158043051258066,
    0.17482105176319374,
    -0.03267259768190156,
    -0.04564639797531034,
    -0.032682737510074444,
    -0.04563092751394682,
    0.029594910718978573,
    0.02541280017237546,
    0.009494470343750505,
    0.01672351476927103,
    0.009497330470095378,
    0.02540959643753693,
    0.14081259738809215,
    0.15911401014828774,
    0.14081331132552322,
    0.04847344473006854,
    0.04847570786776467,
    0.15182071347296755,
    0.1518209585527488,
    0.2119250402151971,
    0.006423793202642081,
    0.006441864511736783,
    0.01055755588536833,
    0.0064487961127128735,
    0.006411849839235373,
    0.137770307694141,
    0.15668319486120563,
    0.13776961622447426,
    0.0657663511378066,
    0.06575924621660723,
    0.15649384193766414,
    0.15649668428541708,
    -0.09654494673659952,
    -0.0384295255254965,
    -0.04164424969570568,
    0.15588361126625538,
    0.12840292919324936,
    0.1501100188412644,
    0.14688123309084578,
    0.1471698314898331,
    0.14624063658441322,
    -0.0965425449038011,
    -0.03843187634386602,
    -0.04164432244354521,
    0.15588324719712154,
    0.12840320368533997,
    0.15010792233232406,
    0.14687925457631734,
    0.14716986119750453,
    0.1462407281902971
  ],
  "dipole_vec_eA": [
    0.00041554635682617915,
    -0.18050741801901743,
    0.17748220460139935
  ],
  "dipole_mag_D": 1.215913240956413,
  "HOMO_eV": -22.27298850638048,
  "LUMO_eV": -21.838078089611567,
  "gap_eV": 0.4349104167689113
}