{
  "tag": "RMC-Ti_2-Y_3-A2-B6-NNNNNO",
  "energy_eV": -2153.272121983731,
  "multiplicity": 3,
  "charge": 2,
  "sym1": "Ti",
  "ox1": 2,
  "sym2": "Y",
  "ox2": 3,
  "acid": "A2",
  "base": "B6",
  "bridge": [
    "N",
    "O"
  ],
  "S1_ref": 1.0,
  "S2_ref": 0.0,
  "mulliken_q_e": [
    0.6254135983237262,
    0.40688088888486085,
    -0.34424382391953423,
    -0.3618037851450857,
    -0.15367099782114102,
    -0.15866713575668645,
    -0.12127451399701417,
    -0.11718539157276697,
    0.18884928396329625,
    -0.017978316175196074,
    -0.01361604128742444,
    -0.022743913073462574,
    -0.011807020354207998,
    -0.018548656973637723,
    0.0835657387308657,
    0.09271229188456886,
    0.08490759073412979,
    0.07795961973480714,
    0.07132785565687794,
    0.0805198755077633,
    0.07508666158191124,
    0.12023440496528504,
    -0.016581567941134967,
    -0.0071452389999084875,
    -0.02567943549740903,
    -0.007156967613599852,
    -0.015104727036604704,
    0.08008434052209146,
    0.08824188490115492,
    0.08138864809096058,
    0.06890588228063765,
    0.062386946179849634,
    0.08596033238338341,
    0.0867292077307188,
    -0.0759805083225975,
    -0.016689603111581297,
    -0.012873997154568162,
    0.104431921618231,
    0.09477354808635852,
    0.08922832985305151,
    0.081878370874225,
    0.09769260146831682,
    0.0955565404435802,
    -0.07807460702763414,
    -0.02088941884273221,
    -0.020073395400508787,
    0.11137342454261623,
    0.10604711840257364,
    0.09040421468907534,
    0.08682348143135221,
    0.1090309884266889,
    0.10939347113155029
  ],
  "dipole_vec_eA": [
    0.10647974306517204,
    -0.33463112684011576,
    0.6687252027709629
  ],
  "dipole_mag_D": 3.6279594960600066,
  "HOMO_eV": -14.066749146945867,
  "LUMO_eV": -14.054302780610234,
  "gap_eV": 0.012446366335632675
}