{
  "tag": "RMC-Pt_2-Re_3-A2-B4-NNNNNN",
  "energy_eV": -2094.051665779562,
  "multiplicity": 1,
  "charge": 1,
  "sym1": "Pt",
  "ox1": 2,
  "sym2": "Re",
  "ox2": 3,
  "acid": "A2",
  "base": "B4",
  "bridge": [
    "N",
    "N"
  ],
  "S1_ref": 0.0,
  "S2_ref": 0.0,
  "mulliken_q_e": [
    0.1958385137839712,
    -0.034038079013686495,
    0.029815798061367582,
    0.029806911008370962,
    -0.1409786084585618,
    -0.14103556371625592,
    -0.00341664042855383,
    -0.0034139086489668458,
    0.05613822749661024,
    0.002150477432563802,
    -0.020675897085747907,
    -0.020462600853291324,
    -0.023841943355282114,
    0.0036068097431731783,
    0.07027213049631509,
    0.0720187253496174,
    0.06718314799869984,
    0.01232663342811624,
    0.06880789829463296,
    0.08491093248332904,
    0.08933203698861625,
    0.056135488843690684,
    0.0021528737007479037,
    -0.02067431231766692,
    -0.020462007427415108,
    -0.023845284519069088,
    0.003621593680385393,
    0.07026860525139977,
    0.07201822230785138,
    0.06718404321308302,
    0.012320907708732953,
    0.06880240753598543,
    0.08491353799410861,
    0.08933839172111657,
    -0.062366645032506884,
    -0.06236141196437561,
    0.06607507683140235,
    0.06607508217791425,
    0.06607546012428511,
    0.06607545480107102,
    -0.07794475103741005,
    -0.07794316374682064,
    0.04004874649617307,
    0.040048757091488585,
    0.040048978351055586,
    0.04004896778823119
  ],
  "dipole_vec_eA": [
    -0.5884971741463435,
    0.00010270270634304054,
    1.4164623580355681e-09
  ],
  "dipole_mag_D": 2.8266721827874264,
  "HOMO_eV": -12.10120405765526,
  "LUMO_eV": -11.878565446695003,
  "gap_eV": 0.2226386109602565
}