{
  "tag": "RMC-Fe_2-Fe_2-A2-B2-NNNNNS",
  "energy_eV": -3049.949469446021,
  "multiplicity": 1,
  "charge": 1,
  "sym1": "Fe",
  "ox1": 2,
  "sym2": "Fe",
  "ox2": 2,
  "acid": "A2",
  "base": "B2",
  "bridge": [
    "N",
    "S"
  ],
  "S1_ref": 0.0,
  "S2_ref": 0.0,
  "mulliken_q_e": [
    0.596719617447022,
    0.5966189403688311,
    -0.3940861963830311,
    -0.1496129750838268,
    -0.18384399633847748,
    -0.1978257960547678,
    -0.18384568575223126,
    -0.19782706142485318,
    0.02774880142274494,
    -0.009950680718472604,
    -0.02379164466987138,
    -0.03213363745166942,
    -0.02379157650987196,
    -0.009950306053694957,
    0.05314090077995681,
    0.05910239293675856,
    0.05314099036305242,
    0.03515328592718303,
    0.03515376280887983,
    0.05752893373728529,
    0.057528993574104126,
    0.10555214250297418,
    -0.022392537779300392,
    -0.024488374088967424,
    -0.03695250854648768,
    -0.024488745494825492,
    -0.022391957867262224,
    0.04982963696698628,
    0.055910967707484605,
    0.04982980986081054,
    0.032108461622058604,
    0.03210755375351204,
    0.06423138409913776,
    0.0642319152652131,
    -0.02997104492274394,
    0.017985677341442408,
    -0.005631442638197148,
    0.06380585126489424,
    -0.04565923339569111,
    -0.028249383774116454,
    0.057707228851269665,
    0.050459423651407764,
    0.05362392412440742,
    0.06353620335063548,
    -0.031657148637807886,
    -0.027906471092888907,
    -0.04622366843618897,
    0.057464479436283966,
    0.054731943776822445,
    0.051851467208613666,
    -0.02997323229301907,
    0.017986207485485517,
    -0.005631712507874642,
    0.06380574860920807,
    -0.045658273034104635,
    -0.02825248791984647,
    0.057709576790471395,
    0.050458832410370524,
    0.05362699066801346,
    0.06353566114318032,
    -0.031656369562769626,
    -0.027904351612163092,
    -0.04622457193496987,
    0.05746339224906216,
    0.054730005969976125,
    0.051851966504389946
  ],
  "dipole_vec_eA": [
    -0.00017591726943185423,
    -0.1811300967680938,
    2.877493868765129e-10
  ],
  "dipole_mag_D": 0.8700052645463712,
  "HOMO_eV": -11.146922667031282,
  "LUMO_eV": -11.111470569328134,
  "gap_eV": 0.035452097703148056
}