{
  "tag": "RMC-Pd_2-V_3-A2-B4-NNNNNN",
  "energy_eV": -2054.1492835721187,
  "multiplicity": 3,
  "charge": 1,
  "sym1": "Pd",
  "ox1": 2,
  "sym2": "V",
  "ox2": 3,
  "acid": "A2",
  "base": "B4",
  "bridge": [
    "N",
    "N"
  ],
  "S1_ref": 0.0,
  "S2_ref": 1.0,
  "mulliken_q_e": [
    0.14090989674439192,
    0.1942872916534345,
    -0.13562846409927776,
    -0.1356289403503863,
    -0.14277028616882892,
    -0.14277235161903556,
    -0.045321800799949186,
    -0.04532316430088512,
    0.07566983767556712,
    -0.00936329717780593,
    -0.024983459935292274,
    -0.02752572785686147,
    -0.023699076452485812,
    0.0020928933684809525,
    0.0530855995095999,
    0.05705866504990276,
    0.054612097357883194,
    -0.0047665510456571525,
    0.07946861794575355,
    0.053239104450392705,
    0.07254572989854502,
    0.07566968642813832,
    -0.009363357479697854,
    -0.02498335967809928,
    -0.027525943715024592,
    -0.023698998879397415,
    0.0020926374394434344,
    0.05308543786539088,
    0.057058709614746794,
    0.05461202986392688,
    -0.004767013480309279,
    0.07946909761597487,
    0.05323985173343493,
    0.07254606003890995,
    -0.06326522260816403,
    -0.06326495288496115,
    0.09945061296595992,
    0.09945061296595958,
    0.09945070410544243,
    0.09945070410544177,
    -0.04895155976592136,
    -0.04895336754619084,
    0.10600257078502684,
    0.10600257078502717,
    0.1060029379772065,
    0.1060029379772055
  ],
  "dipole_vec_eA": [
    0.5866050182832052,
    7.444075519368882e-06,
    -5.485825353579295e-15
  ],
  "dipole_mag_D": 2.8175837288481893,
  "HOMO_eV": -11.925564780888605,
  "LUMO_eV": -11.700319775790973,
  "gap_eV": 0.2252450050976318
}