{
  "tag": "RMC-Hf_2-Ir_3-A2-B10-NNNNOO",
  "energy_eV": -3280.831307714512,
  "multiplicity": 3,
  "charge": 3,
  "sym1": "Hf",
  "ox1": 2,
  "sym2": "Ir",
  "ox2": 3,
  "acid": "A2",
  "base": "B10",
  "bridge": [
    "O",
    "O"
  ],
  "S1_ref": 1.0,
  "S2_ref": 0.0,
  "mulliken_q_e": [
    0.8189416137858823,
    0.2502973932860151,
    -0.3314323275158184,
    -0.33143313204402647,
    -0.13714982205581694,
    -0.1371527246269848,
    -0.031171672705735398,
    -0.031168870899163093,
    0.17955576132683215,
    -0.006360876797204096,
    -0.010677049478006184,
    -0.015130993566824902,
    -0.009523160154149446,
    -0.017551724928599022,
    0.0947608648527809,
    0.11116989062174987,
    0.09396402186429054,
    0.047495083194833976,
    0.055176678809262025,
    0.11558940888575508,
    0.1097176668847264,
    0.17955552917248552,
    -0.006359887006024856,
    -0.010677200645180962,
    -0.01513109821163705,
    -0.009522512693640905,
    -0.01755270106758733,
    0.09476110593324594,
    0.11117018143536928,
    0.09396395962962745,
    0.047494150821344894,
    0.055178800416895823,
    0.11558981975866478,
    0.1097169772016573,
    0.06576934737092244,
    0.002782331036700336,
    0.03237075215692453,
    -0.01008081707197106,
    -0.0042683970404098215,
    -0.03978949784353958,
    0.1051111365752424,
    0.10250979977144292,
    0.07684214008821588,
    -0.010079435496423539,
    0.03237195690669603,
    0.002780351353666166,
    0.0657705754522917,
    -0.03979015163934263,
    -0.00426852244462661,
    0.10510937145113552,
    0.07684202836994314,
    0.10251043768174828,
    0.06449542988021317,
    0.020126792382592962,
    0.040185668800166496,
    -0.006825141904213128,
    -0.0009425874031627757,
    -0.03336609651579847,
    0.11068394427777695,
    0.10829718830835722,
    0.08304680328503222,
    -0.006823512794049691,
    0.04018760877668193,
    0.02012546434258522,
    0.06449442702156993,
    -0.03336635441541724,
    -0.0009425849764661542,
    0.11068187337071633,
    0.08304635338290867,
    0.10829816415477689
  ],
  "dipole_vec_eA": [
    -0.3181495550717547,
    8.459936635663136e-06,
    -1.5453359398998288e-13
  ],
  "dipole_mag_D": 1.5281373019595137,
  "HOMO_eV": -16.566143337260257,
  "LUMO_eV": -16.543935719195375,
  "gap_eV": 0.022207618064882695
}