{
  "tag": "RMC-In_3-Rh_2-A2-B1-NNNNNN",
  "energy_eV": -2492.247250719018,
  "multiplicity": 1,
  "charge": 1,
  "sym1": "In",
  "ox1": 3,
  "sym2": "Rh",
  "ox2": 2,
  "acid": "A2",
  "base": "B1",
  "bridge": [
    "N",
    "N"
  ],
  "S1_ref": 0.5,
  "S2_ref": 0.5,
  "mulliken_q_e": [
    0.3449273989036268,
    0.004407028306573912,
    -0.2039068535671884,
    -0.20392666530803716,
    -0.12563359694972998,
    -0.1256333151293736,
    -0.04820070269361776,
    -0.04819893977703038,
    0.10969795475554145,
    -0.0014683182972998754,
    -0.01582170841543995,
    -0.031097196847021724,
    -0.017222835324013364,
    -0.011862020799930262,
    0.060652023455454285,
    0.06316030660276373,
    0.057676317684336564,
    0.05474689679521272,
    0.061596363023214806,
    0.058998770185191174,
    0.062114640888545236,
    0.1096944502426287,
    -0.001452206892177843,
    -0.015823240641695602,
    -0.031096069396769455,
    -0.0172226543665146,
    -0.011849779406134964,
    0.06065150568499722,
    0.06316095238704045,
    0.057675288690111515,
    0.054747174555188405,
    0.06160048854262978,
    0.059001301346313095,
    0.062114804248936006,
    -0.03587905961981641,
    0.05781127342257686,
    0.057805637234966456,
    -0.03587940580410165,
    -0.0231422776436101,
    -0.023143954780007858,
    0.057164120113777805,
    0.05716371454521296,
    0.0656097993744279,
    0.06561106769221059,
    -0.03605276675106417,
    0.06345347176126404,
    0.0634459798883722,
    -0.03605196832160207,
    -0.02248938162563241,
    -0.02249140893665813,
    0.05887521491019754,
    0.058874753843612404,
    0.066552827246676,
    0.06655480131137947
  ],
  "dipole_vec_eA": [
    -0.20211472061817243,
    0.00011932511467284079,
    -1.0713323857711877e-12
  ],
  "dipole_mag_D": 0.9707984582899883,
  "HOMO_eV": -12.063284160969392,
  "LUMO_eV": -11.191341951210461,
  "gap_eV": 0.8719422097589309
}