{
  "tag": "RMC-Fe_2-Fe_3-A2-B7-NNNNNN",
  "energy_eV": -2171.095613470033,
  "multiplicity": 2,
  "charge": 1,
  "sym1": "Fe",
  "ox1": 2,
  "sym2": "Fe",
  "ox2": 3,
  "acid": "A2",
  "base": "B7",
  "bridge": [
    "N",
    "N"
  ],
  "S1_ref": 0.0,
  "S2_ref": 0.5,
  "mulliken_q_e": [
    0.6425107524747558,
    0.6426907189030574,
    -0.3520543878141651,
    -0.35099869557629493,
    -0.19416146250089317,
    -0.1744477654636123,
    -0.19413210034486306,
    -0.17444101249214383,
    0.09624062321476057,
    -0.016018386292540487,
    -0.02286162707879158,
    -0.03192471500472105,
    -0.022862290966906285,
    -0.016016198226761924,
    0.05970268565690984,
    0.06279247991794401,
    0.0597031509673881,
    0.04642470532982523,
    0.04642169891694148,
    0.0500426383592274,
    0.050044696039238334,
    0.09540785961476939,
    -0.01804056355097239,
    -0.023240914943543522,
    -0.03323597477652385,
    -0.023245881292655257,
    -0.018027269884498764,
    0.05858803072720842,
    0.06229070321399943,
    0.05859182045233258,
    0.0479897221451695,
    0.047974601189832766,
    0.045721763262744464,
    0.0457298072196336,
    0.02028918745542585,
    -0.05480977850713087,
    0.045020422607261246,
    0.06681007047725185,
    0.002331699385375252,
    0.07188976633897237,
    0.07188976633897293,
    0.020289743057989362,
    -0.05481004995590566,
    0.045019973125197676,
    0.06681159403259107,
    0.002328166699039791,
    0.07189011377359067,
    0.07189011377358778
  ],
  "dipole_vec_eA": [
    0.00031733085436462614,
    0.19643360387628916,
    -1.4687618081872277e-16
  ],
  "dipole_mag_D": 0.9435119560561847,
  "HOMO_eV": -11.163860961365268,
  "LUMO_eV": -11.144085391164943,
  "gap_eV": 0.019775570200325276
}