{
  "tag": "RMC-Co_3-Os_3-A2-B7-NNNNNS",
  "energy_eV": -2166.6976210376356,
  "multiplicity": 2,
  "charge": 3,
  "sym1": "Co",
  "ox1": 3,
  "sym2": "Os",
  "ox2": 3,
  "acid": "A2",
  "base": "B7",
  "bridge": [
    "N",
    "S"
  ],
  "S1_ref": 0.0,
  "S2_ref": 0.5,
  "mulliken_q_e": [
    0.19040217006384919,
    0.3453269117138321,
    -0.15019080990926126,
    0.16013374607225045,
    -0.04025436844511332,
    -0.08517351087631408,
    -0.048900220727494004,
    -0.0943724020947534,
    0.04419975143686061,
    0.01996492915168213,
    0.0028704245680444274,
    0.0036755688374214834,
    0.00526140534796915,
    0.021385475252821973,
    0.1197396120682821,
    0.12961897946777934,
    0.12040211024851,
    0.056919008787236436,
    0.06093271060039118,
    0.10796031774586112,
    0.10805096355949784,
    0.11387718785089085,
    0.022650623445497287,
    0.004914202621796315,
    0.006607857257747707,
    0.006087254209524495,
    0.021811189083420723,
    0.12434527823253338,
    0.13494100174108647,
    0.1244566943094717,
    0.05411042857564485,
    0.0551899125243851,
    0.12143743751539171,
    0.12329099109618835,
    0.030766348804585508,
    -0.019672370384850257,
    0.10255027196840227,
    0.12955859316409735,
    -0.024323372813848998,
    0.14323078288597224,
    0.14323077495633274,
    0.028023130781630767,
    -0.021512214977373434,
    0.09937914543140136,
    0.13063012058418344,
    -0.023983182192895303,
    0.1452245779626703,
    0.14522456215239465
  ],
  "dipole_vec_eA": [
    0.10513814445822638,
    0.12693705443658054,
    -5.081270576463485e-07
  ],
  "dipole_mag_D": 0.7916847136446891,
  "HOMO_eV": -19.337814771218067,
  "LUMO_eV": -18.487501021121947,
  "gap_eV": 0.8503137500961202
}