{
  "tag": "RMC-Sn_2-Zn_2-A2-B7-NNNNSS",
  "energy_eV": -2073.921086286528,
  "multiplicity": 1,
  "charge": 2,
  "sym1": "Sn",
  "ox1": 2,
  "sym2": "Zn",
  "ox2": 2,
  "acid": "A2",
  "base": "B7",
  "bridge": [
    "S",
    "S"
  ],
  "S1_ref": 0.0,
  "S2_ref": 0.0,
  "mulliken_q_e": [
    0.5457494703027382,
    0.2924392582269423,
    -0.22997049331076685,
    -0.23494338930841388,
    -0.1476705563748426,
    -0.1383941289950903,
    -0.10296349821637008,
    -0.08851286512995538,
    0.09434806748292712,
    0.012842385984089155,
    -0.0060808304087982545,
    -0.017113624719902187,
    -0.004004490796724713,
    0.013493857813001053,
    0.08855987211926908,
    0.0962882301602489,
    0.09063373270438801,
    0.0758029681281609,
    0.08610248904180784,
    0.09226568139501456,
    0.0815139287795641,
    0.0942469569902391,
    0.010837013935830031,
    -0.006138642252790927,
    -0.017452267325046122,
    -0.004078238802447398,
    0.012258435140486634,
    0.0881112126092004,
    0.09678985715533306,
    0.09040184324176737,
    0.08014754990006412,
    0.08881056432595757,
    0.08973430047762332,
    0.08042553328584612,
    0.020995925036632945,
    -0.06984050043753465,
    0.08492104494513641,
    0.09691421776081877,
    -0.01885416569088627,
    0.10223816465934621,
    0.10223816465967106,
    0.023061015083177594,
    -0.040302147925033394,
    0.08255269467908277,
    0.10395665751974281,
    -0.009304438788003022,
    0.108471592469226,
    0.10847159246924254
  ],
  "dipole_vec_eA": [
    -0.020515461331059397,
    0.2842820626280159,
    -6.385273053486031e-12
  ],
  "dipole_mag_D": 1.3690158102706484,
  "HOMO_eV": -15.918883756595243,
  "LUMO_eV": -14.256281932798071,
  "gap_eV": 1.6626018237971714
}