{
  "tag": "RMC-Mg_2-Ru_3-A2-B7-NNNNSS",
  "energy_eV": -2088.739601670232,
  "multiplicity": 2,
  "charge": 3,
  "sym1": "Mg",
  "ox1": 2,
  "sym2": "Ru",
  "ox2": 3,
  "acid": "A2",
  "base": "B7",
  "bridge": [
    "S",
    "S"
  ],
  "S1_ref": 0.0,
  "S2_ref": 0.5,
  "mulliken_q_e": [
    0.5003065860516684,
    -0.06696462003184789,
    0.010735162584390695,
    0.02083868063871426,
    -0.08523965612115902,
    -0.07607083194509445,
    -0.026866799871388958,
    -0.014628917414459153,
    0.06637588098583724,
    0.024990733658019515,
    0.0017877090883269275,
    3.9256978909607554e-05,
    0.006050659023301375,
    0.021099749646802834,
    0.11457990231961601,
    0.1273984091868302,
    0.11860399371416652,
    0.06456039024400195,
    0.06639417049425167,
    0.12122312987427963,
    0.12213299028275826,
    0.06631716935774845,
    0.023589264120092546,
    0.0013235914410074656,
    -0.0013086333031058217,
    0.0054773608695459775,
    0.01784212139761987,
    0.1137324086214846,
    0.12710211724257992,
    0.11745362151784222,
    0.06045377360004145,
    0.07044673905517418,
    0.1174746408063927,
    0.1209730277118849,
    0.005301742587863423,
    -0.042044812389871344,
    0.11641751816226309,
    0.13798868806827158,
    -0.04180488008735206,
    0.14428337245989242,
    0.1442833724598922,
    0.048015899737753776,
    -0.006869497838088323,
    0.11607994894669948,
    0.130218876472889,
    0.011212410218161217,
    0.13934678974323678,
    0.13934678974323478
  ],
  "dipole_vec_eA": [
    0.3085957221384041,
    0.24672053095036206,
    -4.560505414421342e-15
  ],
  "dipole_mag_D": 1.8977358567070102,
  "HOMO_eV": -18.688154132590967,
  "LUMO_eV": -17.774227653998118,
  "gap_eV": 0.9139264785928489
}