{
  "tag": "RMC-Cu_1-Mo_2-A2-B10-NNNNNS",
  "energy_eV": -3282.80890261735,
  "multiplicity": 1,
  "charge": 0,
  "sym1": "Cu",
  "ox1": 1,
  "sym2": "Mo",
  "ox2": 2,
  "acid": "A2",
  "base": "B10",
  "bridge": [
    "N",
    "S"
  ],
  "S1_ref": 0.0,
  "S2_ref": 0.0,
  "mulliken_q_e": [
    0.15808282479554026,
    0.31744243853534815,
    -0.3051558972917361,
    -0.21182112806184872,
    -0.12636793606394048,
    -0.13280405969708942,
    -0.14678928652411516,
    -0.18779658109722908,
    0.050019131576811704,
    -0.010315620951464544,
    -0.03562639822769231,
    -0.03690871198138446,
    -0.03799126509678952,
    -0.004138046601164014,
    0.028649130844886073,
    0.034505289415412754,
    0.03263116989733594,
    0.020507448920805693,
    0.05350305577658809,
    0.03558507475826589,
    0.036900195146213566,
    0.11356735868667522,
    -0.010664670400590825,
    -0.032277762845965174,
    -0.039351579213839694,
    -0.037560198632177855,
    -0.0145667324268548,
    0.03337612858700778,
    0.03437875382913713,
    0.029372964517229927,
    0.02489306949609027,
    0.04854681351141288,
    0.041922692260096706,
    0.05213751468814598,
    0.06182833633393647,
    -0.009803980619768726,
    0.0067398216927363475,
    -0.03870087601802141,
    -0.031102818097380913,
    -0.050060520674447107,
    0.039791459219637226,
    0.038423309874721756,
    0.04058340801522908,
    -0.038205892661336005,
    0.0047825525059221885,
    -0.008918203626576249,
    0.06466010714326575,
    -0.048599383295403475,
    -0.03104872452687024,
    0.03855325096765305,
    0.03735773874403403,
    0.03752213696075701,
    0.07208851519918924,
    -0.005629388333340479,
    0.0032935163739569173,
    -0.040247835662294174,
    -0.03131067930383158,
    -0.050963944160080654,
    0.03702163363736388,
    0.037165818659787186,
    0.03864792573947062,
    -0.041046840443767385,
    0.0039293663660360245,
    -0.006717023750039575,
    0.0729152922765357,
    -0.05332230340903066,
    -0.031860925983914434,
    0.036026738170090944,
    0.035862185090688836,
    0.034461044139311836
  ],
  "dipole_vec_eA": [
    -0.07535131772835525,
    -0.12221336443079771,
    2.691535847135227e-06
  ],
  "dipole_mag_D": 0.6896225104671387,
  "HOMO_eV": -8.193967680300478,
  "LUMO_eV": -8.121212727887487,
  "gap_eV": 0.0727549524129909
}