{
  "tag": "RMC-Hf_2-Mn_3-A2-B1-NNNNOS",
  "energy_eV": -2476.373465792641,
  "multiplicity": 3,
  "charge": 3,
  "sym1": "Hf",
  "ox1": 2,
  "sym2": "Mn",
  "ox2": 3,
  "acid": "A2",
  "base": "B1",
  "bridge": [
    "O",
    "S"
  ],
  "S1_ref": 1.0,
  "S2_ref": 0.0,
  "mulliken_q_e": [
    0.5809334222786484,
    0.23746408949009945,
    -0.32703079370519905,
    -0.01687144412429184,
    -0.10372585074989393,
    -0.12892932165181215,
    -0.051699108252455606,
    -0.05703361334660473,
    0.06359431650170788,
    0.021981457068057875,
    0.0030192954987633414,
    -0.00522047333244835,
    0.0003877214101686288,
    0.014484527079862142,
    0.11451835688566725,
    0.12385429298974449,
    0.1104973314272012,
    0.04928990337267192,
    0.0761522283741054,
    0.12019243648806399,
    0.11595012030178531,
    0.18813439971151813,
    0.009172583619381669,
    -0.0037724539849441907,
    -0.00970556959476876,
    -0.0028826229386766933,
    -0.005057125813853203,
    0.11213368226978981,
    0.12512776398588077,
    0.11186180942013091,
    0.06335353131666377,
    0.0783289020204403,
    0.11922291167561028,
    0.12531397783859444,
    -0.014059768251121207,
    0.06477662936685058,
    0.06108613943503105,
    -0.016546218631056986,
    0.001961642593196977,
    0.0025241759727570034,
    0.10284750874739268,
    0.09836445251455672,
    0.12368948586059325,
    0.12506548125121275,
    -0.01460152475947396,
    0.07703913210792002,
    0.07816628658428937,
    -0.014724196464406925,
    0.0009268897908309981,
    0.0007486194659898082,
    0.10653475177912575,
    0.10822556104890602,
    0.1276350815673013,
    0.12729919883082408
  ],
  "dipole_vec_eA": [
    -0.13480798387109075,
    -0.011213081647079447,
    1.9982051043184953e-12
  ],
  "dipole_mag_D": 0.6497463577982154,
  "HOMO_eV": -17.7598760971244,
  "LUMO_eV": -17.698984960976347,
  "gap_eV": 0.060891136148054414
}