{
  "tag": "RMC-Zn_2-Zr_2-A2-B6-NNNNOS",
  "energy_eV": -2141.677954575929,
  "multiplicity": 3,
  "charge": 2,
  "sym1": "Zn",
  "ox1": 2,
  "sym2": "Zr",
  "ox2": 2,
  "acid": "A2",
  "base": "B6",
  "bridge": [
    "O",
    "S"
  ],
  "S1_ref": 0.0,
  "S2_ref": 1.0,
  "mulliken_q_e": [
    0.3378185702419919,
    0.7907075902242647,
    -0.42186488461165395,
    -0.17122633209470325,
    -0.1101955181024572,
    -0.1356987533354308,
    -0.18343969118247405,
    -0.21080626707675343,
    0.06808625909722354,
    0.002130383520027479,
    -0.020984051533257997,
    -0.018960992271353838,
    -0.02209036905571593,
    0.003134359404848519,
    0.07692585849863076,
    0.08674619643675485,
    0.07811947891391058,
    0.035834487878680266,
    0.07443118599471021,
    0.07408206495746161,
    0.0828065965312551,
    0.18353480100229347,
    -0.019292965413518992,
    -0.021493974759456025,
    -0.02497209358211716,
    -0.02484927865357278,
    -0.015266826607776895,
    0.0776592410634751,
    0.08633161748106666,
    0.07533998440032186,
    0.0385417586197756,
    0.07151371839614717,
    0.08615305849575083,
    0.09012233292575589,
    -0.08446978767488456,
    -0.021105447571788893,
    -0.015275861161315962,
    0.10400253779523028,
    0.08376779295938852,
    0.08898170083265922,
    0.08446720089724191,
    0.09423755890975882,
    0.09367816230458437,
    -0.08837362354304035,
    -0.01733038286813171,
    -0.018620774826428654,
    0.12668537116932632,
    0.1125467231868913,
    0.10922698896919625,
    0.10442268831076107,
    0.11449175246545507,
    0.10978985404099295
  ],
  "dipole_vec_eA": [
    0.6302533902095537,
    -0.0011029969100336751,
    0.4224435408559755
  ],
  "dipole_mag_D": 3.6443601333359905,
  "HOMO_eV": -13.783585487418556,
  "LUMO_eV": -13.673552728791115,
  "gap_eV": 0.11003275862744033
}