{
  "tag": "RMC-Cd_2-Ti_3-A2-B1-NNNNOS",
  "energy_eV": -2417.978799780462,
  "multiplicity": 2,
  "charge": 3,
  "sym1": "Cd",
  "ox1": 2,
  "sym2": "Ti",
  "ox2": 3,
  "acid": "A2",
  "base": "B1",
  "bridge": [
    "O",
    "S"
  ],
  "S1_ref": 0.0,
  "S2_ref": 0.5,
  "mulliken_q_e": [
    0.505885488686622,
    0.6588022476450999,
    -0.3763857705265874,
    -0.15524614826864186,
    -0.11252234745046774,
    -0.1379368018312377,
    -0.12717247152598232,
    -0.14974055590267743,
    0.08668946301137481,
    0.01581792068847543,
    0.0018863396958026524,
    -0.007432362140727955,
    0.006011058840091232,
    0.017418434420001017,
    0.11012971710780295,
    0.12213968181686963,
    0.11313334751110948,
    0.08264401823626444,
    0.08080856859463359,
    0.1124984896224378,
    0.10310685546668352,
    0.19132024148526305,
    0.0013461758882733488,
    9.30541642554239e-05,
    -0.009972094873438087,
    0.0008785444962216005,
    -0.0011464212630176718,
    0.1130811896655497,
    0.1250678949416264,
    0.11286725564215061,
    0.0889138997425234,
    0.07947177200223576,
    0.1212701634608857,
    0.11380735943003972,
    -0.011594664616469741,
    0.05999897785199271,
    0.06321128648749763,
    -0.01342606693949433,
    0.003172307852029599,
    0.0019032962175213886,
    0.10066885455239749,
    0.0989474435080141,
    0.12068289569028146,
    0.12097718217247044,
    -0.012338990256686166,
    0.06186839331456828,
    0.062322166785537814,
    -0.014797887164023082,
    0.003299159043996358,
    0.0028724594310214346,
    0.10691935907973227,
    0.10398132509956448,
    0.12647266085903197,
    0.12732563348026593
  ],
  "dipole_vec_eA": [
    0.5658268532856204,
    0.11028683895623659,
    2.2595592500813775e-11
  ],
  "dipole_mag_D": 2.7689263030238065,
  "HOMO_eV": -18.0232089732705,
  "LUMO_eV": -17.767569621856644,
  "gap_eV": 0.25563935141385485
}