{
  "tag": "RMC-Nb_3-Sn_2-A2-B10-NNNNSS",
  "energy_eV": -3199.076368594543,
  "multiplicity": 3,
  "charge": 3,
  "sym1": "Nb",
  "ox1": 3,
  "sym2": "Sn",
  "ox2": 2,
  "acid": "A2",
  "base": "B10",
  "bridge": [
    "S",
    "S"
  ],
  "S1_ref": 1.0,
  "S2_ref": 0.0,
  "mulliken_q_e": [
    0.25202714335175913,
    0.6049354650711507,
    -0.1457875629264102,
    -0.14579050980514754,
    -0.10134399111684322,
    -0.10134329494378647,
    -0.12906110093322742,
    -0.1290527873468803,
    0.08181551589134006,
    0.01634791707227401,
    -0.0016499734052668469,
    -0.009416403307391574,
    -0.005321145139221883,
    0.01378078022143403,
    0.09969344748360365,
    0.11129515141356083,
    0.0941052127742058,
    0.07679980579866075,
    0.06660555104755073,
    0.09362519360878907,
    0.10319829885512732,
    0.08181632249765447,
    0.01635191128933222,
    -0.0016506146395376398,
    -0.00941731207183838,
    -0.005319145882451526,
    0.013780702812852486,
    0.09969500711178447,
    0.11129574894351024,
    0.09410460420698874,
    0.07679338025760041,
    0.06660642692818675,
    0.09363195679077041,
    0.10319830228346083,
    0.07586661800085781,
    0.014199693062384888,
    0.031922426932714965,
    -0.009276432088133335,
    -0.002917903103597297,
    -0.03617235794295337,
    0.10619285584256888,
    0.10353004661081355,
    0.07939357547414216,
    -0.009281178565508474,
    0.03191857199002013,
    0.014204153609054915,
    0.0758639803342358,
    -0.036168986026353434,
    -0.0029175579471540924,
    0.10619804406090116,
    0.07939334150206079,
    0.10352757994378625,
    0.06791335418389499,
    -0.011714887004005359,
    0.03398027561880279,
    -0.009070821623911485,
    -0.002341986308352473,
    -0.02849654130668089,
    0.10585699943500504,
    0.10473631208156575,
    0.08322464495759374,
    -0.009073538910119527,
    0.033978591790253754,
    -0.011710916008794703,
    0.06790768476932985,
    -0.028493401357477355,
    -0.0023419086294109714,
    0.10586030558391335,
    0.08322465710618554,
    0.10473470008869912
  ],
  "dipole_vec_eA": [
    0.025147955603896637,
    4.0804621635327236e-05,
    2.1563934235612917e-14
  ],
  "dipole_mag_D": 0.1207909267456106,
  "HOMO_eV": -17.09243152197771,
  "LUMO_eV": -16.87577751071952,
  "gap_eV": 0.21665401125818917
}