{
  "tag": "RMC-Cu_1-Pt_2-A2-B5-NNNNOO",
  "energy_eV": -2111.9847271912076,
  "multiplicity": 1,
  "charge": 1,
  "sym1": "Cu",
  "ox1": 1,
  "sym2": "Pt",
  "ox2": 2,
  "acid": "A2",
  "base": "B5",
  "bridge": [
    "O",
    "O"
  ],
  "S1_ref": 0.0,
  "S2_ref": 0.0,
  "mulliken_q_e": [
    0.19581338089460498,
    0.070994295831593,
    -0.08626561508456132,
    -0.08625661102086157,
    -0.018675916379643054,
    -0.018605300867694963,
    -0.15835121604470448,
    -0.15863095787632897,
    0.14054796188084473,
    -0.0007752704597003834,
    -0.02415250128468882,
    -0.023393803273678015,
    -0.02652300670856622,
    -0.010390537638228725,
    0.07203322865947681,
    0.07205274409850382,
    0.06751565469030496,
    0.0603624416624311,
    0.03461232298756567,
    0.05921294081807893,
    0.08231109540295012,
    0.1405667244932154,
    -0.0007269503688842605,
    -0.02414385662819618,
    -0.02339980741714842,
    -0.026538355262689217,
    -0.010391501498290046,
    0.07202516876181764,
    0.07204480325090712,
    0.06751809055129299,
    0.06043441909921454,
    0.03460363846943393,
    0.05921278534199648,
    0.08229893621082218,
    -0.04475745512316487,
    -0.04487165510077995,
    0.13118969966547933,
    0.1311995970006793,
    -0.057410954828198024,
    -0.05729798591496582,
    0.09750487568485477,
    0.09750445308563482
  ],
  "dipole_vec_eA": [
    -1.5673845066546344,
    0.0005218922894378505,
    -4.3868935902542536e-16
  ],
  "dipole_mag_D": 7.52846837243274,
  "HOMO_eV": -11.710616058249071,
  "LUMO_eV": -11.03188210950411,
  "gap_eV": 0.6787339487449611
}