{
  "tag": "RMC-Mn_3-Rh_3-A2-B7-NNNNNN",
  "energy_eV": -2174.0529813400035,
  "multiplicity": 1,
  "charge": 2,
  "sym1": "Mn",
  "ox1": 3,
  "sym2": "Rh",
  "ox2": 3,
  "acid": "A2",
  "base": "B7",
  "bridge": [
    "N",
    "N"
  ],
  "S1_ref": 0.0,
  "S2_ref": 0.0,
  "mulliken_q_e": [
    0.3717964019247625,
    0.019090205967593032,
    -0.12540568172269495,
    -0.12228501817946147,
    -0.12216207202142138,
    -0.10174043458530146,
    -0.03812133339339896,
    -0.021618275208295623,
    0.10842032977308325,
    0.01542392977424556,
    -0.006722484561521025,
    -0.00776423762543943,
    -0.0048891326971767235,
    0.009191435453972163,
    0.09560147642891936,
    0.10277514589134173,
    0.09496967933246603,
    0.05348676674409791,
    0.06615476252887675,
    0.08902691235818694,
    0.0827739669949017,
    0.10854214360027048,
    0.012346606900270896,
    -0.006176624948952103,
    -0.009690492594928157,
    -0.004294226066587248,
    0.006087979747261274,
    0.09473767669183764,
    0.10246031219354179,
    0.09419542269775927,
    0.055216033818054955,
    0.06967347367261345,
    0.08471425642412922,
    0.07834515777593432,
    0.02630795215556536,
    -0.03238435214077828,
    0.06993077257636238,
    0.09547775527390356,
    0.002724890378341227,
    0.10064373027577356,
    0.10064373027577644,
    0.02171287606052119,
    -0.02317401102952621,
    0.07899083712730648,
    0.10264804684660589,
    -0.013155573416866018,
    0.11273664126403016,
    0.11273664126403005
  ],
  "dipole_vec_eA": [
    -0.19891218299654087,
    0.2763433917402533,
    7.828500437637923e-15
  ],
  "dipole_mag_D": 1.635430936623418,
  "HOMO_eV": -15.914272139476903,
  "LUMO_eV": -15.770456419052145,
  "gap_eV": 0.1438157204247581
}