{
  "tag": "RMC-Co_3-Cu_1-A2-B2-NNNNNO",
  "energy_eV": -3108.3211343062894,
  "multiplicity": 1,
  "charge": 1,
  "sym1": "Co",
  "ox1": 3,
  "sym2": "Cu",
  "ox2": 1,
  "acid": "A2",
  "base": "B2",
  "bridge": [
    "N",
    "O"
  ],
  "S1_ref": 0.0,
  "S2_ref": 0.0,
  "mulliken_q_e": [
    0.11348100493558233,
    0.3710970624569393,
    -0.20777464882867092,
    -0.31153428242925774,
    -0.07725517062337861,
    -0.08704588479789432,
    -0.16853969209848474,
    -0.13839762507472253,
    0.18727508546769855,
    -0.03239085997525182,
    -0.02189634326412504,
    -0.03389555135681155,
    -0.022452175806930486,
    -0.02171067014764061,
    0.056848061339475287,
    0.06412296743319501,
    0.057044854502960485,
    0.06230297498602355,
    0.05367534831280363,
    0.06685420990494395,
    0.06195846098980673,
    0.11106954301296779,
    -0.022379866389372394,
    -0.017023862281774216,
    -0.03606921392605944,
    -0.015340336919297926,
    -0.008539094604882003,
    0.052484715740874543,
    0.06061079359579924,
    0.05858513890745565,
    0.049979379493580334,
    0.04384624854869501,
    0.07544875849477128,
    0.07173813507779281,
    -0.026763058247356808,
    0.019324567604132703,
    0.005068881148246218,
    0.06551716975354327,
    -0.04334188950492224,
    -0.026257170199752045,
    0.06065082097803176,
    0.05112027438724642,
    0.05600626320043789,
    0.06692975867453166,
    -0.029514975056500026,
    -0.02515619155890758,
    -0.04476493322905317,
    0.059801484041638764,
    0.05704493015141421,
    0.054072708599223196,
    -0.02712309679322389,
    0.01993420407068891,
    0.0014849264934975182,
    0.06869703342924338,
    -0.04233969973573304,
    -0.025349201005537614,
    0.061077486092198985,
    0.050827430260914186,
    0.057453838416068104,
    0.07106823162554332,
    -0.030672587121413963,
    -0.024859005377871446,
    -0.045575727471963035,
    0.05987782254795626,
    0.05753294530830044,
    0.05204930575954958
  ],
  "dipole_vec_eA": [
    0.150046795576903,
    -0.302689394947937,
    8.018071095518195e-17
  ],
  "dipole_mag_D": 1.622707742303403,
  "HOMO_eV": -11.704635668945492,
  "LUMO_eV": -11.507525850563466,
  "gap_eV": 0.19710981838202635
}