{
  "tag": "RMC-Os_3-Pt_2-A2-B6-NNNNOO",
  "energy_eV": -2304.2790190292853,
  "multiplicity": 2,
  "charge": 3,
  "sym1": "Os",
  "ox1": 3,
  "sym2": "Pt",
  "ox2": 2,
  "acid": "A2",
  "base": "B6",
  "bridge": [
    "O",
    "O"
  ],
  "S1_ref": 0.5,
  "S2_ref": 0.0,
  "mulliken_q_e": [
    0.493204262503653,
    0.29644271476261075,
    -0.2581275413716324,
    -0.2581213966773914,
    -0.07348718648850627,
    -0.07349473957726316,
    -0.020325156295829983,
    -0.02032560134145278,
    0.1856520246053215,
    -0.002709269376008683,
    0.0011378639109373978,
    -0.0007000184550345345,
    -0.0014733882984097058,
    0.0010524426258067265,
    0.1178971868888099,
    0.13134364795644649,
    0.1184900367558972,
    0.058359064229095425,
    0.06083174601744701,
    0.12508198373564294,
    0.11831670341917777,
    0.18564678719258954,
    -0.0027052980379034253,
    0.0011362093844049515,
    -0.0006996991258299001,
    -0.0014765445272177935,
    0.0010563336759032982,
    0.11789623499847812,
    0.13134505600780066,
    0.1184921684079212,
    0.05835787332388276,
    0.060823905104253395,
    0.1250822135231885,
    0.11831933457586341,
    -0.09121348688896203,
    -0.035962207623172926,
    -0.03596462553659929,
    0.12850064214836154,
    0.10132266611715113,
    0.11287139933707957,
    0.11287125776595452,
    0.12320233578880269,
    0.12320170744736447,
    -0.089180589970149,
    -0.038799114346248276,
    -0.038799468077935106,
    0.12783886257039878,
    0.10452129636267071,
    0.11718278739719112,
    0.11718264804780643,
    0.12445213561666879,
    0.12445180148178514
  ],
  "dipole_vec_eA": [
    0.03572104860489379,
    -4.677715809603166e-06,
    0.06419397877659705
  ],
  "dipole_mag_D": 0.3528593604615025,
  "HOMO_eV": -19.198186766283207,
  "LUMO_eV": -18.9001396503189,
  "gap_eV": 0.2980471159643088
}