{
  "tag": "RMC-Ag_1-Os_2-A2-B5-NNNNNO",
  "energy_eV": -2058.014695570835,
  "multiplicity": 1,
  "charge": 0,
  "sym1": "Ag",
  "ox1": 1,
  "sym2": "Os",
  "ox2": 2,
  "acid": "A2",
  "base": "B5",
  "bridge": [
    "N",
    "O"
  ],
  "S1_ref": 0.0,
  "S2_ref": 0.0,
  "mulliken_q_e": [
    0.27577313308649554,
    0.23499095750560306,
    -0.12701976272323967,
    -0.3245225933952145,
    -0.2835427575177867,
    -0.26980789983929876,
    -0.032766327497975256,
    -0.16823921806254272,
    0.17768769726162836,
    -0.01886549249190228,
    -0.03748577579267076,
    -0.0431232859844346,
    -0.035706736600797706,
    -0.031600976134779746,
    0.03950077564245413,
    0.03885128531224957,
    0.038664214471472835,
    0.044903418024902386,
    0.09269153832241184,
    0.054748058646957865,
    0.05365857933404394,
    0.06914996122336925,
    -0.018888492075977314,
    -0.03335995676053738,
    -0.03752723719264983,
    -0.032393129544725285,
    -0.013329193665338357,
    0.03243085847062466,
    0.032721385777954914,
    0.03384638305379273,
    0.0014727950052884076,
    0.09631524147974235,
    0.041019343253974494,
    0.02787264711302706,
    -0.05920014597617507,
    -0.062999349450656,
    0.11686260887857103,
    0.09518577272160622,
    -0.06982368865348487,
    -0.07481871201267132,
    0.09526105051346645,
    0.08141302627316627
  ],
  "dipole_vec_eA": [
    0.5111305120049597,
    0.19663959426298488,
    1.5568652123015104e-06
  ],
  "dipole_mag_D": 2.6304792381148143,
  "solvation_E_eV": null
}