{
  "tag": "RMC-Pd_2-Zn_2-A2-B6-NNNNOS",
  "energy_eV": -2222.563329306309,
  "multiplicity": 1,
  "charge": 2,
  "sym1": "Pd",
  "ox1": 2,
  "sym2": "Zn",
  "ox2": 2,
  "acid": "A2",
  "base": "B6",
  "bridge": [
    "O",
    "S"
  ],
  "S1_ref": 0.0,
  "S2_ref": 0.0,
  "mulliken_q_e": [
    0.06954708797567011,
    0.3141248403018717,
    -0.3189826071863402,
    -0.03234908652871431,
    -0.03359873534078406,
    -0.02864300710050771,
    -0.09792564998245057,
    -0.13316146241688642,
    0.06487899867451263,
    0.0020955193857157273,
    -0.005595494218455066,
    -0.019057839844094593,
    -0.006466186280496666,
    0.006429471827464006,
    0.08802253750969558,
    0.09509725450185136,
    0.0882301445037752,
    0.07621548691358915,
    0.06037803768588201,
    0.08189207709126545,
    0.09660143629226337,
    0.20182689094686546,
    -0.017994194977145384,
    -0.008642630865024925,
    -0.025049624893950684,
    -0.00760921434672146,
    -0.013084245774991565,
    0.08459317057097515,
    0.09253742136247978,
    0.0853133406085671,
    0.08177022901426212,
    0.06978202674915068,
    0.09095117922408325,
    0.09066706838085381,
    -0.07704536904374537,
    -0.020360829834305427,
    -0.02271635983241782,
    0.10366126860359814,
    0.10425292914966622,
    0.09168787276477408,
    0.09358478040948026,
    0.10359395348180589,
    0.10753402748523988,
    -0.08046265813076103,
    -0.017098054973677,
    -0.012007783744943934,
    0.10045288741807745,
    0.08156988643754981,
    0.08610030056685325,
    0.08038508849437553,
    0.09317064531105179,
    0.09090317567314576
  ],
  "dipole_vec_eA": [
    0.04573177734475736,
    -0.13497188033693214,
    0.10222164907354347
  ],
  "dipole_mag_D": 0.842384938941069,
  "HOMO_eV": -15.733341439155778,
  "LUMO_eV": -14.014804051572591,
  "gap_eV": 1.7185373875831864
}