{
  "tag": "RMC-Cr_3-Ir_2-A2-B4-NNNNOO",
  "energy_eV": -2075.2371801508875,
  "multiplicity": 1,
  "charge": 3,
  "sym1": "Cr",
  "ox1": 3,
  "sym2": "Ir",
  "ox2": 2,
  "acid": "A2",
  "base": "B4",
  "bridge": [
    "O",
    "O"
  ],
  "S1_ref": 0.5,
  "S2_ref": 0.5,
  "mulliken_q_e": [
    0.6366201821752845,
    0.2966532190661495,
    -0.2523949292669394,
    -0.25286199236070983,
    -0.10238552596144723,
    -0.10240689720569973,
    -0.12952405456823213,
    -0.12932635356487898,
    0.18274725545522919,
    0.02049032131779782,
    -0.0011167679805097475,
    0.003970392914165011,
    0.003972947148050743,
    0.006521248120813672,
    0.12360833737253518,
    0.13749689410585042,
    0.12700499142798505,
    0.07719963595916934,
    0.07253788957924856,
    0.14505332171629925,
    0.12586160801367274,
    0.18272323152069947,
    0.020485728536901338,
    -0.0011082611040533763,
    0.003972198853446907,
    0.003970681423083544,
    0.00664842136692112,
    0.12366276463528769,
    0.13747250843116832,
    0.1271408603755816,
    0.07717842556228938,
    0.07254885804577049,
    0.144988348502329,
    0.12590431993729023,
    -0.027985667952021176,
    -0.027989514833604456,
    0.1259032585801121,
    0.12590330385176363,
    0.12590589553831943,
    0.12590594087083296,
    -0.031522216984938956,
    -0.03243166677269649,
    0.15011142376280706,
    0.15011142271042976,
    0.15038900697159896,
    0.15038900600503358
  ],
  "dipole_vec_eA": [
    0.5637148624709044,
    -0.0019335800707015324,
    -1.0338630729689562e-06
  ],
  "dipole_mag_D": 2.707653562610996,
  "HOMO_eV": -19.241882797047,
  "LUMO_eV": -18.08048489009261,
  "gap_eV": 1.1613979069543916
}