{
  "tag": "RMC-Re_3-V_2-A2-B1-NNNNSS",
  "energy_eV": -2477.657054534931,
  "multiplicity": 2,
  "charge": 3,
  "sym1": "Re",
  "ox1": 3,
  "sym2": "V",
  "ox2": 2,
  "acid": "A2",
  "base": "B1",
  "bridge": [
    "S",
    "S"
  ],
  "S1_ref": 0.0,
  "S2_ref": 0.5,
  "mulliken_q_e": [
    0.06516592411003319,
    0.1784075998766278,
    0.09307515540392772,
    0.09307445511839937,
    -0.013534251954868015,
    -0.013534004904757202,
    -0.06878418205718617,
    -0.068783649471994,
    0.05134362055505859,
    0.024765086619280785,
    -0.0062731233589778945,
    -0.0009408164297490806,
    -0.007417949200330343,
    0.024368017082495363,
    0.11011222500398132,
    0.12293483072348921,
    0.10886889565586244,
    0.056400627603089726,
    0.043573747763359094,
    0.1125210670123502,
    0.11918626181276948,
    0.05134400600421962,
    0.024765363647662797,
    -0.006273222698743641,
    -0.0009408968148048036,
    -0.007417948343667824,
    0.024368260140063436,
    0.11011225033142147,
    0.12293484938027732,
    0.10886890562938656,
    0.056400338762851776,
    0.04357363976135642,
    0.11252131415932665,
    0.11918632126130302,
    -0.016174118107884272,
    0.08796438137953078,
    0.08796399176079217,
    -0.016174118818426786,
    0.0011093670532666966,
    0.0011094806163240989,
    0.10982572156688952,
    0.10982567381238428,
    0.12834331789489828,
    0.12834336714530004,
    -0.016815255259684303,
    0.07567663925717127,
    0.07567610134707459,
    -0.016815137085509857,
    0.006229741349352391,
    0.0062297620233167095,
    0.10493190834944599,
    0.104931847533282,
    0.12692224737975188,
    0.12692236262757928
  ],
  "dipole_vec_eA": [
    0.008334984405930593,
    2.9289070664762527e-09,
    7.512510937490207e-08
  ],
  "dipole_mag_D": 0.04003463269057788,
  "HOMO_eV": -18.226995603732092,
  "LUMO_eV": -17.976710768217075,
  "gap_eV": 0.2502848355150178
}