{
  "tag": "RMC-Fe_3-Ta_3-A2-B6-NNNNNO",
  "energy_eV": -2197.544843904347,
  "multiplicity": 2,
  "charge": 3,
  "sym1": "Fe",
  "ox1": 3,
  "sym2": "Ta",
  "ox2": 3,
  "acid": "A2",
  "base": "B6",
  "bridge": [
    "N",
    "O"
  ],
  "S1_ref": 0.5,
  "S2_ref": 1.0,
  "mulliken_q_e": [
    0.9055614126099467,
    0.8540557603232177,
    -0.3992688211432869,
    -0.4219361980373675,
    -0.14730853973485147,
    -0.17364070269926812,
    -0.17321877741580471,
    -0.1643416648263487,
    0.17404837914700022,
    -0.008940560252029384,
    -0.001184560272560864,
    -0.007429209469677067,
    -0.001889630423971722,
    -0.008903436582033741,
    0.11605698685179844,
    0.1286579884184954,
    0.11660521916955646,
    0.08057536877533056,
    0.06515228565206077,
    0.10850921346132769,
    0.11478888010697297,
    0.11611387193542799,
    -0.0031238422781969533,
    0.0028518219144508805,
    -0.004660750437187611,
    0.003198549352112723,
    0.002170329337492838,
    0.115009650117882,
    0.12844739893390578,
    0.1183621785739265,
    0.07132753947719572,
    0.05384255395291104,
    0.11969044132321227,
    0.1296970359815156,
    -0.10606500520378725,
    -0.050549916469986744,
    -0.04147720463933924,
    0.1301005833560679,
    0.08993477425957042,
    0.12356115423477176,
    0.11076027146822787,
    0.11579879000590776,
    0.11077656716502304,
    -0.08546776859362448,
    -0.020291025603866863,
    -0.015764486076726536,
    0.12064911040338244,
    0.09255938908976014,
    0.10374861393165025,
    0.09843422544843405,
    0.10779128789762216,
    0.10662446864950637
  ],
  "dipole_vec_eA": [
    0.08641196795153921,
    -0.2149246870820307,
    0.07900303677235568
  ],
  "dipole_mag_D": 1.1755701802136302,
  "HOMO_eV": -18.858684714931893,
  "LUMO_eV": -18.467557536971054,
  "gap_eV": 0.39112717796083984
}