{
  "tag": "RMC-Fe_2-Pd_2-A2-B1-NNNNOS",
  "energy_eV": -2586.3000078995165,
  "multiplicity": 1,
  "charge": 2,
  "sym1": "Fe",
  "ox1": 2,
  "sym2": "Pd",
  "ox2": 2,
  "acid": "A2",
  "base": "B1",
  "bridge": [
    "O",
    "S"
  ],
  "S1_ref": 0.0,
  "S2_ref": 0.0,
  "mulliken_q_e": [
    0.7682142347020551,
    0.13441380309132678,
    -0.3377775701113013,
    -0.08037446643504775,
    -0.15878989636558782,
    -0.1752854344545267,
    -0.053789225294828436,
    -0.053488697906972194,
    0.048159332034771296,
    0.0026935100700362646,
    -0.008988093345366988,
    -0.0240189416619494,
    -0.008160307055115945,
    -0.004943841318550968,
    0.08345165618120509,
    0.09001292022653307,
    0.08309845877738997,
    0.05087344141492345,
    0.0458291167941991,
    0.09337929891858765,
    0.09364934908158518,
    0.18708377696121103,
    -0.01257742486757718,
    -0.014978462086382427,
    -0.027332921871042748,
    -0.013571428091698312,
    -0.02009464073708922,
    0.08411125859711654,
    0.09186273494475095,
    0.08469272499786273,
    0.06654282679902268,
    0.052921926046076706,
    0.0893712369094104,
    0.09530860860758161,
    -0.025281553697808157,
    0.04273690666237351,
    0.0455852300510875,
    -0.02671601344010921,
    -0.012794776111691109,
    -0.013229337107666606,
    0.08066453015338726,
    0.0794922687729227,
    0.09575475370333575,
    0.09625793466538679,
    -0.029492023333254735,
    0.06505509334324056,
    0.06571875887040912,
    -0.031106650233313493,
    -0.011317659960579096,
    -0.012032808793168037,
    0.0773264702767329,
    0.07654268368409467,
    0.09261090399458893,
    0.09272642498316241
  ],
  "dipole_vec_eA": [
    -0.2894570960626439,
    -0.053136630668837226,
    -1.8900992255718579e-16
  ],
  "dipole_mag_D": 1.4135538183274412,
  "HOMO_eV": -15.051068438085224,
  "LUMO_eV": -14.658534658003386,
  "gap_eV": 0.3925337800818376
}