{
  "tag": "RMC-Ti_3-Ti_3-A2-B1-NNNNNS",
  "energy_eV": -2414.934168235018,
  "multiplicity": 1,
  "charge": 3,
  "sym1": "Ti",
  "ox1": 3,
  "sym2": "Ti",
  "ox2": 3,
  "acid": "A2",
  "base": "B1",
  "bridge": [
    "N",
    "S"
  ],
  "S1_ref": 0.5,
  "S2_ref": 0.5,
  "mulliken_q_e": [
    0.6354496991848866,
    0.6353582411915815,
    -0.3778948498835111,
    -0.14918511615229574,
    -0.13392224332452884,
    -0.1463356355711365,
    -0.1339306755350793,
    -0.14633529172987725,
    0.08311072537294995,
    0.017248082627640438,
    0.00498629719857413,
    -0.0068911080487541465,
    0.004986254917371813,
    0.017248116935583813,
    0.11341959446731531,
    0.12376963906413074,
    0.11341961550784074,
    0.08025763310831557,
    0.0802574366844726,
    0.10832755121132054,
    0.10832758714700719,
    0.1340903396480837,
    0.001346310688343122,
    0.006369303200666199,
    -0.01030525998145726,
    0.006374312039811869,
    0.0013432969510724924,
    0.11216040116161186,
    0.12353890680838764,
    0.11215780309675127,
    0.0792092718582098,
    0.07921486622779916,
    0.12132770735321186,
    0.12132373375694128,
    -0.015511397219933887,
    0.06464691364000275,
    0.06140612102486953,
    -0.016820260120011366,
    0.0002225024557336308,
    0.00271789416952517,
    0.10178323366990638,
    0.09746705649155663,
    0.12119603472623763,
    0.12298064132814979,
    -0.015512739661799113,
    0.06464974873235496,
    0.06140408657988261,
    -0.016819702341235532,
    0.0002235412577291651,
    0.002717336545329463,
    0.1017831151341606,
    0.0974668559458558,
    0.121195332364328,
    0.12298113809415678
  ],
  "dipole_vec_eA": [
    -0.00016279903913718997,
    -0.12307162352099155,
    -1.8606827585115177e-11
  ],
  "dipole_mag_D": 0.5911386647976872,
  "HOMO_eV": -17.91762421471366,
  "LUMO_eV": -17.77634282133302,
  "gap_eV": 0.1412813933806376
}