{
  "tag": "RMC-Co_3-Ru_3-A2-B7-NNNNOO",
  "energy_eV": -2197.3688556257002,
  "multiplicity": 2,
  "charge": 4,
  "sym1": "Co",
  "ox1": 3,
  "sym2": "Ru",
  "ox2": 3,
  "acid": "A2",
  "base": "B7",
  "bridge": [
    "O",
    "O"
  ],
  "S1_ref": 0.0,
  "S2_ref": 0.5,
  "mulliken_q_e": [
    0.41879648285933846,
    0.1346411874101573,
    -0.15848010627449693,
    -0.15285462596445343,
    -0.06285794762875097,
    -0.039169289751999736,
    -0.02017822710858752,
    0.0018001468826724931,
    0.1970837316255336,
    0.029675882278328514,
    0.02239126441401207,
    0.01829564486945534,
    0.02472952989355859,
    0.02029402546125847,
    0.15867404024820586,
    0.1713835080949817,
    0.15817846808615177,
    0.07284766917418817,
    0.06788673767698894,
    0.15011390571646355,
    0.1496391335632523,
    0.19639936652376533,
    0.023715407432080227,
    0.014917146430915462,
    0.016231451906751015,
    0.019583674694773068,
    0.01145726324079277,
    0.15238803193748818,
    0.1669786516325079,
    0.15269320538832176,
    0.06992960260178349,
    0.06931302047343646,
    0.14150100325163772,
    0.1438083880055967,
    0.04160109809040713,
    0.007113185704071157,
    0.1452873729458466,
    0.17321472959525785,
    -0.02849425895367519,
    0.18856271508133793,
    0.18856271500935562,
    0.04525873743721731,
    0.012533735707237703,
    0.14507402694618643,
    0.17431812743179453,
    -0.025944693093221005,
    0.1955525699923022,
    0.19555257042884622
  ],
  "dipole_vec_eA": [
    -0.06871102726251611,
    0.17178963889601231,
    -9.694280202515488e-09
  ],
  "dipole_mag_D": 0.8886951481200012,
  "HOMO_eV": -22.854911323018516,
  "LUMO_eV": -22.401357990792075,
  "gap_eV": 0.45355333222644134
}