{
  "tag": "RMC-Re_3-Y_3-A2-B2-NNNNNN",
  "energy_eV": -2981.5823328756783,
  "multiplicity": 1,
  "charge": 2,
  "sym1": "Re",
  "ox1": 3,
  "sym2": "Y",
  "ox2": 3,
  "acid": "A2",
  "base": "B2",
  "bridge": [
    "N",
    "N"
  ],
  "S1_ref": 0.0,
  "S2_ref": 0.0,
  "mulliken_q_e": [
    0.12251075642917808,
    0.4986808438310312,
    -0.20376157058288125,
    -0.20382725801697243,
    -0.048050393934103486,
    -0.04807460248717321,
    -0.12567514191242313,
    -0.125672834195512,
    0.10370102059286768,
    -0.008892220426190534,
    -0.01154062017707802,
    -0.020504155969765847,
    -0.00937209654246196,
    0.0049102537967853355,
    0.07600793243708115,
    0.08826755524716967,
    0.08092628439460581,
    0.05564363373312631,
    0.031019221313650425,
    0.09086862571390919,
    0.08574876010319499,
    0.10370329764347752,
    -0.0088868073339341,
    -0.011535518240595177,
    -0.020504877510173714,
    -0.00936588001479044,
    0.0049202540686432705,
    0.07599870085557403,
    0.08827209355418164,
    0.08092762155339939,
    0.05564349440281435,
    0.031026633523693503,
    0.0908686613216878,
    0.08575789117742938,
    -0.015016947001039505,
    0.025452764169782816,
    0.009577686763516224,
    0.06483287060649467,
    -0.034599405587746324,
    -0.0198454774899246,
    0.08238773834255453,
    0.06930811735210407,
    0.07781873908476222,
    0.06483482018434761,
    -0.015017408152938394,
    -0.01984449655604892,
    -0.0345991871056075,
    0.08239026415927919,
    0.07781792938861432,
    0.0693114159498317,
    -0.014921024983317821,
    0.027752444806083743,
    0.00659272761912133,
    0.0670588765994613,
    -0.03132349978455329,
    -0.01816577211776682,
    0.08546624062834962,
    0.07021348092437119,
    0.08222431808696729,
    0.06705908458795862,
    -0.014922875260734658,
    -0.018165332248158972,
    -0.0313255694140917,
    0.08546859604336743,
    0.08222198000459036,
    0.07021734669993074
  ],
  "dipole_vec_eA": [
    0.6177810328824566,
    0.0026667217839493025,
    2.1721695681476221e-07
  ],
  "dipole_mag_D": 2.9673561402756605,
  "HOMO_eV": -14.529888986044218,
  "LUMO_eV": -14.395714669607548,
  "gap_eV": 0.13417431643667044
}