{
  "tag": "RMC-Sc_3-Zn_2-A2-B7-NNNNNN",
  "energy_eV": -2042.9730264262662,
  "multiplicity": 1,
  "charge": 1,
  "sym1": "Sc",
  "ox1": 3,
  "sym2": "Zn",
  "ox2": 2,
  "acid": "A2",
  "base": "B7",
  "bridge": [
    "N",
    "N"
  ],
  "S1_ref": 0.0,
  "S2_ref": 0.0,
  "mulliken_q_e": [
    0.6323057446092384,
    0.30701671188058877,
    -0.3848694009328246,
    -0.37891268051508953,
    -0.17229319503550777,
    -0.15638641589463842,
    -0.14137814390533032,
    -0.12176798861717075,
    0.13320324447404497,
    -0.016872595168079485,
    -0.012661182816797956,
    -0.03637212286405389,
    -0.014159998317416767,
    -0.01937915616315289,
    0.05708303502248202,
    0.05913245849072468,
    0.05584307385543097,
    0.06553836265531499,
    0.06841488149241104,
    0.052879932348678715,
    0.06434810189224083,
    0.13131129060051072,
    -0.020897006482826663,
    -0.013026042262230586,
    -0.03902297984381464,
    -0.014119099230235133,
    -0.023316480886094837,
    0.055331552534211625,
    0.058001371787405165,
    0.05432061551115097,
    0.0690746433878966,
    0.0725276835248101,
    0.04939382437735351,
    0.06197007772252039,
    0.023639623117861275,
    -0.06212380131404549,
    0.06261670346470882,
    0.07500177209999104,
    0.0014091846434107769,
    0.08072721588292431,
    0.08072721588292597,
    0.02454110066283466,
    -0.0476904550777959,
    0.05152593397405647,
    0.0713973490635712,
    0.0025643278165028427,
    0.07670085603277021,
    0.07670085603276733
  ],
  "dipole_vec_eA": [
    -0.5181975943487975,
    0.1647583338310326,
    1.4687618081872277e-17
  ],
  "dipole_mag_D": 2.611786457280473,
  "HOMO_eV": -12.028958926663996,
  "LUMO_eV": -11.110514989997629,
  "gap_eV": 0.9184439366663675
}