{
  "tag": "RMC-Ir_2-Nb_3-A2-B4-NNNNSS",
  "energy_eV": -2023.1526247021727,
  "multiplicity": 2,
  "charge": 3,
  "sym1": "Ir",
  "ox1": 2,
  "sym2": "Nb",
  "ox2": 3,
  "acid": "A2",
  "base": "B4",
  "bridge": [
    "S",
    "S"
  ],
  "S1_ref": 0.5,
  "S2_ref": 1.0,
  "mulliken_q_e": [
    0.21669313896673403,
    0.35566615535309554,
    0.21887740593309812,
    0.218880667312618,
    -0.10737336980227585,
    -0.10737458092725038,
    -0.2252726824543536,
    -0.22529414433270412,
    0.027532998551639043,
    0.017056342101735344,
    0.007776829314006584,
    -0.0012488353145647668,
    0.01285329771658339,
    0.0193523588811364,
    0.11476712392821231,
    0.1261943691690358,
    0.12356633887567348,
    0.11235269433749084,
    0.05119924646697793,
    0.13657490063327304,
    0.1350623425290841,
    0.027534849900195724,
    0.01706048338972832,
    0.007776305752195789,
    -0.001248601121374593,
    0.012849730589170605,
    0.019349795837144912,
    0.11476733639610193,
    0.1261943057362327,
    0.12356630031351001,
    0.11235435016969242,
    0.051201028684041194,
    0.13657608622758355,
    0.13506168620849002,
    -0.06659696413580973,
    -0.06659691717611804,
    0.1562925451681031,
    0.15629254353439848,
    0.15629237419816522,
    0.15629237573562382,
    -0.0382913413695567,
    -0.038289033279188756,
    0.11842951532460155,
    0.11842951514894362,
    0.11842956604994881,
    0.11842956587810116
  ],
  "dipole_vec_eA": [
    0.5558351202060942,
    3.973243609816127e-05,
    -1.8245971598816127e-08
  ],
  "dipole_mag_D": 2.6697896296108357,
  "HOMO_eV": -19.102986791096264,
  "LUMO_eV": -18.44352864954845,
  "gap_eV": 0.6594581415478125
}