{
  "tag": "RMC-Mn_3-Sc_3-A2-B7-NNNNOO",
  "energy_eV": -2118.870912525385,
  "multiplicity": 1,
  "charge": 4,
  "sym1": "Mn",
  "ox1": 3,
  "sym2": "Sc",
  "ox2": 3,
  "acid": "A2",
  "base": "B7",
  "bridge": [
    "O",
    "O"
  ],
  "S1_ref": 0.0,
  "S2_ref": 0.0,
  "mulliken_q_e": [
    0.5254375406419207,
    0.8004712684873277,
    -0.33912202279775117,
    -0.32331651754473634,
    -0.07004029625424302,
    -0.050032775375113525,
    -0.1119494668535812,
    -0.1049244368860367,
    0.1989944159205852,
    0.00461326822435848,
    0.019895969660829183,
    0.012081779047117935,
    0.01001437743540956,
    0.02435010944070637,
    0.14746568246796887,
    0.16381939378747723,
    0.14771331881940197,
    0.07800898230653086,
    0.06973764379507763,
    0.15098636202402216,
    0.15281996347752902,
    0.19907879726911415,
    0.000975888617699372,
    0.019352336511451407,
    0.008687105487738433,
    0.010620977511249574,
    0.01794840622248417,
    0.1456638555813894,
    0.16217645784104195,
    0.1450668980287656,
    0.08412410703099127,
    0.06976370510658403,
    0.15031217193258928,
    0.14695388480849259,
    0.029682720986858646,
    -0.0032348500732337637,
    0.15563465051432968,
    0.18008026637892638,
    -0.036508847421895974,
    0.19061395375314116,
    0.19061399448237293,
    0.02130747621268858,
    -0.016450816944184155,
    0.1448407347052303,
    0.16786706258785433,
    -0.03033677860932893,
    0.16907064450621845,
    0.16907063719889703
  ],
  "dipole_vec_eA": [
    0.08733616401600809,
    0.30906108027285323,
    2.9922480615823018e-06
  ],
  "dipole_mag_D": 1.5426166102187213,
  "HOMO_eV": -22.447148636677987,
  "LUMO_eV": -22.288445123051687,
  "gap_eV": 0.15870351362629975
}