{
  "tag": "RMC-Ir_2-Pd_2-A2-B1-NNNNNN",
  "energy_eV": -2590.052275754333,
  "multiplicity": 2,
  "charge": 0,
  "sym1": "Ir",
  "ox1": 2,
  "sym2": "Pd",
  "ox2": 2,
  "acid": "A2",
  "base": "B1",
  "bridge": [
    "N",
    "N"
  ],
  "S1_ref": 0.5,
  "S2_ref": 0.0,
  "mulliken_q_e": [
    0.1675143377969588,
    0.16501576773381654,
    -0.14701885388988334,
    -0.1470331788106607,
    -0.10885543163881306,
    -0.10885376484318399,
    -0.11354298890386283,
    -0.11354174014967722,
    0.09188118027831149,
    -0.020185194951164664,
    -0.04381661503341605,
    -0.04353220953583037,
    -0.04266984763705173,
    -0.019897785015824843,
    0.027936789729679834,
    0.028835967898076742,
    0.029250642113233694,
    0.027697868333373732,
    0.023758251249095252,
    0.041089034410877634,
    0.03871646933304662,
    0.09189162630399661,
    -0.020183568305932376,
    -0.04380997159725819,
    -0.043532497164360695,
    -0.042663257419462974,
    -0.019895951582840743,
    0.027936593849065217,
    0.02883514920075525,
    0.029250518124490865,
    0.027701744950493268,
    0.02376273171184695,
    0.04108927039979027,
    0.03871657308899956,
    -0.04874720736217997,
    0.04977976281152463,
    0.04977848209046409,
    -0.04874876832120889,
    -0.03916468414673502,
    -0.039160169185441296,
    0.0348603414452372,
    0.034860915305931606,
    0.03381544637699674,
    0.03381433133305456,
    -0.0492248116428009,
    0.051636851901669,
    0.051634290464574795,
    -0.049225750918609146,
    -0.03908761527252724,
    -0.039085039578033776,
    0.035594675257190844,
    0.035594999037457886,
    0.03461342544494739,
    0.03461286491018445
  ],
  "dipole_vec_eA": [
    0.12012321257330448,
    0.0001364014844916964,
    -1.0393592173761563e-15
  ],
  "dipole_mag_D": 0.5769766995318638,
  "HOMO_eV": -8.171076745358,
  "LUMO_eV": -7.650989108417616,
  "gap_eV": 0.5200876369403842
}