{
  "tag": "RMC-Ru_3-Sn_2-A2-B5-NNNNNS",
  "energy_eV": -1961.362760780337,
  "multiplicity": 2,
  "charge": 2,
  "sym1": "Ru",
  "ox1": 3,
  "sym2": "Sn",
  "ox2": 2,
  "acid": "A2",
  "base": "B5",
  "bridge": [
    "N",
    "S"
  ],
  "S1_ref": 0.5,
  "S2_ref": 0.0,
  "mulliken_q_e": [
    -0.04232359299578814,
    0.6331961260407505,
    -0.146537830191531,
    0.19831269767162119,
    -0.027110051097417598,
    -0.13036011761151367,
    -0.23460257470570456,
    -0.20301868806797385,
    0.026205007902212696,
    0.007986019036658298,
    -0.006229446499335767,
    -0.011502795668493881,
    -0.009466172224736225,
    0.01887976948515835,
    0.09480342711877532,
    0.09821868026809821,
    0.09118063650381458,
    0.0660115121051903,
    0.06795629779048329,
    0.0999545961545325,
    0.11450732697496391,
    0.07849641630952009,
    0.0014727162381129588,
    -0.006481349306352691,
    -0.017326406639599723,
    -0.007335659732082389,
    -0.0010356962372972678,
    0.08236683461438465,
    0.08964037923508128,
    0.08425589711725423,
    0.10582873147612681,
    0.02401763687190539,
    0.12631316250620817,
    0.07050126251574607,
    0.028134287617971765,
    0.01270361407377596,
    0.17750598126870387,
    0.19608560268850728,
    -0.03384279214909269,
    -0.03764977129938685,
    0.15323695787053448,
    0.16705136723441583
  ],
  "dipole_vec_eA": [
    0.2419202165041992,
    -0.5684414607874393,
    1.6605850259857257e-07
  ],
  "dipole_mag_D": 2.967319479656806,
  "solvation_E_eV": null
}