{
  "tag": "RMC-Fe_3-Mg_2-A2-B10-NNNNSS",
  "energy_eV": -3191.009718481943,
  "multiplicity": 2,
  "charge": 3,
  "sym1": "Fe",
  "ox1": 3,
  "sym2": "Mg",
  "ox2": 2,
  "acid": "A2",
  "base": "B10",
  "bridge": [
    "S",
    "S"
  ],
  "S1_ref": 0.5,
  "S2_ref": 0.0,
  "mulliken_q_e": [
    0.6426607069568782,
    0.46408713005102964,
    -0.13205085174367787,
    -0.13205004497276254,
    -0.16102037915383982,
    -0.1610204334786567,
    -0.11377603491046373,
    -0.11377768233155106,
    0.06090826541613614,
    0.008785086212172555,
    -0.005496721846552477,
    -0.011871420197803184,
    -0.006489761909181269,
    0.002597537223751667,
    0.09297834264521176,
    0.10635978121928347,
    0.0907663183382843,
    0.06303939315525042,
    0.05760108126088492,
    0.09839111011706381,
    0.1063140246844928,
    0.06090780969492382,
    0.00878472535932695,
    -0.005496685267395884,
    -0.011871402742140713,
    -0.0064900404590972904,
    0.0025976919064001347,
    0.09297816416830418,
    0.10635972142823413,
    0.09076633643307042,
    0.06303973470410607,
    0.057600825267588585,
    0.09839054065916308,
    0.10631415310842884,
    0.06829246345286633,
    0.003256783244425465,
    0.032257289143142964,
    -0.011253495816561987,
    -0.0035633511280785957,
    -0.03848796742801541,
    0.10525810985141759,
    0.10446014075560595,
    0.08012867433044313,
    -0.011250922990606371,
    0.03225952445312763,
    0.0032546032774938283,
    0.06829316072745928,
    -0.03848963097662206,
    -0.0035633570422557437,
    0.1052553567948108,
    0.08012865653642576,
    0.10446107493897094,
    0.06864168039128571,
    0.006879200849873923,
    0.033646733828349706,
    -0.010764014591381432,
    -0.002410572359646368,
    -0.034648568991331175,
    0.10486209337029462,
    0.10285444063252569,
    0.08018168634955791,
    -0.010758730693680496,
    0.03365110229417745,
    0.006874383048618871,
    0.06864394039625177,
    -0.03465228869772119,
    -0.0024105069954378777,
    0.10485610282194857,
    0.08018185293982905,
    0.10285733228553451
  ],
  "dipole_vec_eA": [
    -0.03776368048395531,
    -1.9933921998824605e-05,
    1.579230224020079e-16
  ],
  "dipole_mag_D": 0.18138669662185616,
  "HOMO_eV": -17.417288372351837,
  "LUMO_eV": -17.067612141061268,
  "gap_eV": 0.34967623129056946
}