{
  "tag": "RMC-In_1-Ir_3-A2-B2-NNNNOS",
  "energy_eV": -3035.4024560606986,
  "multiplicity": 1,
  "charge": 2,
  "sym1": "In",
  "ox1": 1,
  "sym2": "Ir",
  "ox2": 3,
  "acid": "A2",
  "base": "B2",
  "bridge": [
    "O",
    "S"
  ],
  "S1_ref": 0.0,
  "S2_ref": 0.0,
  "mulliken_q_e": [
    0.37443151479862685,
    0.12086980207720688,
    -0.31844818466244695,
    0.02631340005689875,
    -0.09445177103085034,
    -0.1289189574908549,
    -0.03167802912888873,
    -0.03821642949463944,
    0.04520525957656618,
    0.0062472120976713175,
    -0.013152081494414158,
    -0.02154695301022036,
    -0.017278299970817645,
    -0.0006614201100090256,
    0.07943382311849478,
    0.08699333735589376,
    0.0745087567076348,
    0.01759731378681839,
    0.05299592619201654,
    0.0913351305052541,
    0.08520562174182245,
    0.19140721792752147,
    -0.009591937878847157,
    -0.014598786754274506,
    -0.026159016223114673,
    -0.019374938689590282,
    -0.019311928338361595,
    0.07777596719675328,
    0.08609510355641548,
    0.07294276429926017,
    0.034876930183590504,
    0.06523404798069254,
    0.0837372918384206,
    0.09211497270571478,
    -0.017566282841094294,
    0.02692500920194485,
    0.0019859777638686626,
    0.06272704438578858,
    -0.03270172058074672,
    -0.01833644466048967,
    0.08305936139394798,
    0.0680472204717728,
    0.08081776583609768,
    0.060429616038305545,
    -0.016925205283823797,
    -0.018192781210474074,
    -0.03193022289193537,
    0.08432325961525877,
    0.08239773300974185,
    0.06809765576309457,
    -0.01564752510615164,
    0.027668741727376878,
    0.012331539954071769,
    0.06358794189074168,
    -0.03268947408517864,
    -0.019584646651198856,
    0.08478473719058055,
    0.07205438974878042,
    0.08116988122572455,
    0.06254009848840103,
    -0.016477690835860592,
    -0.019296459178133496,
    -0.03186644549759565,
    0.08416248105321067,
    0.08115341690283606,
    0.07101836773516346
  ],
  "dipole_vec_eA": [
    -0.7794001498217662,
    -0.039290196167709325,
    6.956061935275832e-14
  ],
  "dipole_mag_D": 3.748371844625399,
  "HOMO_eV": -14.317028610648732,
  "LUMO_eV": -13.904322454676052,
  "gap_eV": 0.4127061559726801
}