{
  "tag": "RMC-Ni_3-Ti_3-A2-B2-NNNNSS",
  "energy_eV": -3013.673236914382,
  "multiplicity": 1,
  "charge": 4,
  "sym1": "Ni",
  "ox1": 3,
  "sym2": "Ti",
  "ox2": 3,
  "acid": "A2",
  "base": "B2",
  "bridge": [
    "S",
    "S"
  ],
  "S1_ref": 0.5,
  "S2_ref": 0.5,
  "mulliken_q_e": [
    -0.0982338922971353,
    0.700917361751604,
    0.010804962101584742,
    0.010811680612968416,
    0.044904105954872486,
    0.04491342279129196,
    -0.16159954938627918,
    -0.1615927939997197,
    0.06418901671751742,
    0.014452715387295978,
    0.0062977358633169445,
    0.0016834398758329705,
    0.007239804721748788,
    0.028821157224702354,
    0.11933780304735742,
    0.13699606996703306,
    0.121015374354973,
    0.06512853951006536,
    0.05222322410630853,
    0.12178042189198879,
    0.13860155781169692,
    0.06418712574000707,
    0.014456738084173137,
    0.00630055650395378,
    0.001686394213529896,
    0.0072418860400544904,
    0.028820524476674825,
    0.11934075841575231,
    0.13699755609818032,
    0.12101792897768737,
    0.06513022161834514,
    0.052224829206783285,
    0.12177783929547814,
    0.1385992020433301,
    0.016600832201481452,
    0.043784038630762634,
    0.031242244755582016,
    0.08184945674572952,
    -0.016451554623929443,
    0.003798338436076909,
    0.13770893309830057,
    0.11019713363539818,
    0.13722077177464254,
    0.08184530557402114,
    0.016599389565008282,
    0.0037958216813744894,
    -0.01645130597297495,
    0.13770395589641882,
    0.1372203736224723,
    0.11019902445314966,
    0.0048752556515407885,
    0.04104286198827567,
    0.004297462434560417,
    0.05950326629168168,
    -0.01705595790715142,
    -0.003924076440946056,
    0.1282125210380456,
    0.09879498649418217,
    0.12525873178559122,
    0.05949937347693135,
    0.004873450728841711,
    -0.0039258798904746595,
    -0.01705571775275372,
    0.12821110359316457,
    0.12525891327278638,
    0.09879722703969329
  ],
  "dipole_vec_eA": [
    0.283691308013144,
    0.0050645535083231295,
    1.753372360992367e-15
  ],
  "dipole_mag_D": 1.3628444234753858,
  "HOMO_eV": -20.649219942330326,
  "LUMO_eV": -20.31060066213831,
  "gap_eV": 0.3386192801920167
}