{
  "tag": "RMC-Fe_3-Ir_2-A2-B10-NNNNSS",
  "energy_eV": -3279.4788266838236,
  "multiplicity": 1,
  "charge": 3,
  "sym1": "Fe",
  "ox1": 3,
  "sym2": "Ir",
  "ox2": 2,
  "acid": "A2",
  "base": "B10",
  "bridge": [
    "S",
    "S"
  ],
  "S1_ref": 0.5,
  "S2_ref": 0.5,
  "mulliken_q_e": [
    0.6447816843169683,
    0.16556375997445638,
    -0.043708730268910714,
    -0.04371167116061285,
    -0.16203831966216753,
    -0.16203592617154494,
    -0.06354529177624868,
    -0.06354676722479224,
    0.04857162438825857,
    0.01204498409833854,
    -0.00692217920344862,
    -0.008154783564992663,
    -0.00549224731121023,
    0.0031578206333138237,
    0.09375875868086347,
    0.10877259949748075,
    0.09326664021134723,
    0.05040300211750082,
    0.05479506503356757,
    0.10278233750169374,
    0.1072909453310128,
    0.04857523250297979,
    0.012044929967618412,
    -0.006922657590708425,
    -0.008154688790353193,
    -0.005492159941744346,
    0.0031613418236773327,
    0.0937577612549898,
    0.10877253150883426,
    0.0932675242160308,
    0.050404435781689516,
    0.05479900541862581,
    0.10278163034564425,
    0.1072911899737734,
    0.06666771009877692,
    -0.00018369964700393204,
    0.02988045738418399,
    -0.011339311329580104,
    -0.004683092480133322,
    -0.04070789288728105,
    0.10446789351507157,
    0.10408038890704807,
    0.07865704695862197,
    -0.011339662304711506,
    0.029882412867298314,
    -0.00018085443471371754,
    0.06666142169388123,
    -0.04071114926006758,
    -0.004682369528766772,
    0.10446838684429482,
    0.07865727369600961,
    0.10408052444767879,
    0.07380068570431497,
    0.026632475140899725,
    0.03593200248402462,
    -0.009471852922211754,
    0.0010436751191167382,
    -0.03795503992087301,
    0.10765886200473673,
    0.10496664462989658,
    0.08039478194923522,
    -0.009470145586401246,
    0.03593358129535451,
    0.026631746227809172,
    0.0738008568166153,
    -0.037955727182426235,
    0.0010430494047399819,
    0.1076572055333751,
    0.08039474435821903,
    0.10496758971277442
  ],
  "dipole_vec_eA": [
    -0.26807808553265444,
    4.691353832462717e-05,
    -2.1152131970199558e-15
  ],
  "dipole_mag_D": 1.287633824840657,
  "HOMO_eV": -17.50616775727951,
  "LUMO_eV": -17.35946863045457,
  "gap_eV": 0.14669912682494157
}