{
  "tag": "RMC-Hg_2-Sc_3-A2-B7-NNNNNS",
  "energy_eV": -2042.76637128883,
  "multiplicity": 1,
  "charge": 2,
  "sym1": "Hg",
  "ox1": 2,
  "sym2": "Sc",
  "ox2": 3,
  "acid": "A2",
  "base": "B7",
  "bridge": [
    "N",
    "S"
  ],
  "S1_ref": 0.0,
  "S2_ref": 0.0,
  "mulliken_q_e": [
    0.3562553746988444,
    0.6307387638850753,
    -0.35718852643764376,
    -0.2874381018620815,
    -0.14486981888762496,
    -0.10637054159574433,
    -0.1770748425187838,
    -0.12426129397826857,
    0.10754866402793684,
    0.010342620349983012,
    -0.006220071561160001,
    -0.016494568970707224,
    -0.0033008134685583723,
    0.014826485575046844,
    0.08945415527444778,
    0.0974517573019621,
    0.09257032355900918,
    0.08366525785540047,
    0.08083064800734752,
    0.08670814213334765,
    0.08188204522275089,
    0.1431577763059786,
    -0.010835531807076304,
    -0.0031207201098848447,
    -0.02593190402266754,
    -0.001217356623083754,
    -0.005175953268206301,
    0.08072444664181633,
    0.08852897211481137,
    0.08240223616980025,
    0.07854451198095047,
    0.08064025038629241,
    0.09332111158738432,
    0.0854584433956378,
    0.030352076994098587,
    -0.03350676680204501,
    0.08175799580080445,
    0.10791556446817097,
    -0.006921690286699311,
    0.10936938350242975,
    0.10936938350242942,
    0.028895764323063844,
    -0.044351667290776,
    0.09003687702261676,
    0.10955471884318979,
    -0.0021365853682453473,
    0.112056501967295,
    0.112056501967294
  ],
  "dipole_vec_eA": [
    0.7576999248266525,
    -0.11674985919204876,
    3.084399797193178e-16
  ],
  "dipole_mag_D": 3.6823373433629123,
  "HOMO_eV": -15.56088252360808,
  "LUMO_eV": -14.793735946051147,
  "gap_eV": 0.7671465775569342
}