{
  "tag": "RMC-In_1-V_3-A2-B5-NNNNOS",
  "energy_eV": -1932.7853731829077,
  "multiplicity": 3,
  "charge": 2,
  "sym1": "In",
  "ox1": 1,
  "sym2": "V",
  "ox2": 3,
  "acid": "A2",
  "base": "B5",
  "bridge": [
    "O",
    "S"
  ],
  "S1_ref": 0.0,
  "S2_ref": 1.0,
  "mulliken_q_e": [
    0.36811024467626774,
    0.33678816229388653,
    -0.29036935288731835,
    0.24192050044044439,
    -0.1624618893304084,
    -0.2262350104872306,
    -0.11964323546806521,
    -0.1681847190861545,
    0.017582623731804636,
    0.011719437732708782,
    -0.0055416254154068145,
    -0.009438823653304063,
    -0.002731534516941192,
    0.01424666408843489,
    0.0976481948245308,
    0.1025421827018641,
    0.09725098162689094,
    0.06283333908291988,
    0.09218402487507182,
    0.11673735977559707,
    0.13305259575127226,
    0.18865770723837638,
    0.012122888969805956,
    -0.0041037621582826755,
    -0.010615883560540107,
    -0.00810056516235469,
    0.010394752826617948,
    0.11040189137936818,
    0.1137430631213262,
    0.10280302513816653,
    0.09165890972610824,
    0.09857096699908752,
    0.14075558215509476,
    0.1583864084154808,
    -0.048882112750922246,
    -0.03936798417160836,
    0.14609279383553553,
    0.1422228953223278,
    -0.06102538410799241,
    -0.06126176032423203,
    0.1026896404401556,
    0.10684680591161366
  ],
  "dipole_vec_eA": [
    -0.8156977313321845,
    -0.13452906264812398,
    -2.705707522572636e-15
  ],
  "dipole_mag_D": 3.970890216355459,
  "solvation_E_eV": null
}