{
  "tag": "RMC-Au_3-V_2-A2-B4-NNNNNN",
  "energy_eV": -2037.4276810024653,
  "multiplicity": 2,
  "charge": 1,
  "sym1": "Au",
  "ox1": 3,
  "sym2": "V",
  "ox2": 2,
  "acid": "A2",
  "base": "B4",
  "bridge": [
    "N",
    "N"
  ],
  "S1_ref": 0.0,
  "S2_ref": 0.5,
  "mulliken_q_e": [
    0.4061172332403744,
    0.22286924370278893,
    -0.09773939364431516,
    -0.09774155090415726,
    -0.24042301520047427,
    -0.24047045288318136,
    -0.03614599248847705,
    -0.03614829656051777,
    0.0729651998703662,
    0.0003250472159308515,
    -0.016725153698737616,
    -0.020900885778657008,
    -0.016314514843746686,
    0.0008341439211336787,
    0.07190757120065783,
    0.07374831420142314,
    0.07091003390674777,
    0.024642483373483293,
    0.09737298022884633,
    0.08933192660705691,
    0.08984291150794255,
    0.07296467226011494,
    0.0003277337807419123,
    -0.016732280759917062,
    -0.020897631703655106,
    -0.016313592462119164,
    0.0008423517161977312,
    0.07191122812170192,
    0.07374867960765363,
    0.07090891007268796,
    0.02463813783330071,
    0.09736945766669103,
    0.08933381942273655,
    0.08984952684280878,
    -0.0768109378696129,
    -0.07680983460981117,
    0.044408541916851396,
    0.04440854191685095,
    0.04440884267579148,
    0.04440884267579037,
    -0.07700424081633228,
    -0.0770040933032714,
    0.0434464954607362,
    0.043446495460737755,
    0.04344625055940643,
    0.043446250559405986
  ],
  "dipole_vec_eA": [
    0.15734630177210834,
    0.0001420990808687107,
    -3.2753388322575175e-15
  ],
  "dipole_mag_D": 0.7557667367364798,
  "HOMO_eV": -12.642801209505603,
  "LUMO_eV": -12.607870294734154,
  "gap_eV": 0.03493091477144894
}