{
  "tag": "RMC-Co_2-Cr_2-A2-B6-NNNNNN",
  "energy_eV": -2222.3426799845142,
  "multiplicity": 2,
  "charge": 0,
  "sym1": "Co",
  "ox1": 2,
  "sym2": "Cr",
  "ox2": 2,
  "acid": "A2",
  "base": "B6",
  "bridge": [
    "N",
    "N"
  ],
  "S1_ref": 0.5,
  "S2_ref": 0.0,
  "mulliken_q_e": [
    -0.05879397386189433,
    0.5325169129511738,
    -0.24642521382538862,
    -0.2464245409941066,
    -0.10602558074843871,
    -0.10602249991335388,
    -0.20615345147145403,
    -0.20616949227336945,
    0.0926912197349361,
    -0.026524306795896235,
    -0.03744130618789754,
    -0.04403556425170696,
    -0.040696608671769274,
    -0.021614537965421343,
    0.026236251213020867,
    0.02643962777928388,
    0.025066814653487146,
    0.03150882047700332,
    0.053281800413820246,
    0.014164189502606894,
    0.018478530752861322,
    0.09269627313479756,
    -0.02653641517543681,
    -0.03743336520211549,
    -0.04402819102656652,
    -0.040698890032767165,
    -0.02161542446102982,
    0.02623193840004312,
    0.026433949820849012,
    0.025070617981948873,
    0.03151919765014566,
    0.05328311481888681,
    0.014161638226987905,
    0.018478216772964684,
    -0.06297767062209592,
    0.008363719144678816,
    0.008363336169143976,
    0.039863182580723966,
    0.06386287626589582,
    0.028628624781834255,
    0.02862898417422899,
    0.04552568894838316,
    0.045525966902417614,
    -0.06836848431457199,
    0.013903315268439798,
    0.013906502376466179,
    0.04173821097997732,
    0.06064533789643567,
    0.029385114389340217,
    0.029384023466791143,
    0.04100192732601304,
    0.04099959283970067
  ],
  "dipole_vec_eA": [
    0.004910237933839314,
    4.90618901806032e-05,
    0.016078291469658723
  ],
  "dipole_mag_D": 0.08074874972835108,
  "HOMO_eV": -7.801612061966853,
  "LUMO_eV": -7.409472378397927,
  "gap_eV": 0.39213968356892615
}