{
  "tag": "RMC-Re_3-Sc_3-A2-B4-NNNNOS",
  "energy_eV": -1987.8157172384065,
  "multiplicity": 1,
  "charge": 4,
  "sym1": "Re",
  "ox1": 3,
  "sym2": "Sc",
  "ox2": 3,
  "acid": "A2",
  "base": "B4",
  "bridge": [
    "O",
    "S"
  ],
  "S1_ref": 0.0,
  "S2_ref": 0.0,
  "mulliken_q_e": [
    0.30873522687425203,
    0.7618291862031732,
    -0.3269698548165638,
    0.356456213591644,
    -0.12046205226426898,
    -0.12532448039711808,
    -0.1881231034153601,
    -0.17569674029398152,
    0.020182262600792145,
    0.024973660785848617,
    0.028333471796329945,
    0.010935975552309296,
    0.02119093752102419,
    0.03702915355452596,
    0.1449111870201839,
    0.1553672760649344,
    0.14418822220852334,
    0.06029866529570116,
    0.09624443753543721,
    0.1479160355835175,
    0.16775945594921993,
    0.22851434975219198,
    0.006701538711240129,
    0.026003635241335976,
    0.005324723017161359,
    0.000746868175681703,
    0.021884146684698402,
    0.1489125514149061,
    0.1570941697872955,
    0.13320479406100583,
    0.12448809608111677,
    0.09876342897011114,
    0.21250315747575388,
    0.16746264434552494,
    -0.02144385082475897,
    -0.02972586642109354,
    0.1552565219803208,
    0.15525643585774918,
    0.14967407324192483,
    0.14967402470787516,
    -0.08816950612987329,
    -0.031115128495877498,
    0.16587800576882372,
    0.16587800079586923,
    0.17372902349542152,
    0.1737290253564302
  ],
  "dipole_vec_eA": [
    0.12888444380213213,
    0.02371709049888964,
    -3.0015897309234213e-06
  ],
  "dipole_mag_D": 0.6294525478757629,
  "solvation_E_eV": null
}