{
  "tag": "RMC-Mo_2-Re_2-A2-B10-NNNNNS",
  "energy_eV": -3255.3146124281398,
  "multiplicity": 2,
  "charge": 1,
  "sym1": "Mo",
  "ox1": 2,
  "sym2": "Re",
  "ox2": 2,
  "acid": "A2",
  "base": "B10",
  "bridge": [
    "N",
    "S"
  ],
  "S1_ref": 0.0,
  "S2_ref": 0.5,
  "mulliken_q_e": [
    0.2713617948085282,
    -0.05024583590642007,
    -0.14366239880301968,
    -0.02929932758476278,
    -0.12619831067277532,
    -0.17337113052947495,
    -0.04275696490015379,
    -0.12808076009011438,
    0.057673653259252555,
    0.0019007611406198777,
    -0.019942446972681882,
    -0.026194613334975525,
    -0.019006878079430356,
    -0.0011104791009413084,
    0.05893352254821693,
    0.06523583210606121,
    0.059534435146002096,
    0.05781576484948214,
    0.06267425565369655,
    0.053902665304264796,
    0.050027833270147815,
    0.09318899449952456,
    -0.0004363676697993757,
    -0.02353392651250097,
    -0.027491604512380974,
    -0.023170797867176685,
    -0.004744681977805643,
    0.05926724548559792,
    0.06512078568090096,
    0.05771747864945742,
    0.03503111309046525,
    0.029199631161596074,
    0.07609824034005441,
    0.07310895857075483,
    0.07377582004672201,
    0.0031520060142036233,
    0.012461190213579165,
    -0.03031585115081392,
    -0.021871980526915857,
    -0.05050013787668273,
    0.0611109681565033,
    0.058835111127252704,
    0.05545751986578895,
    -0.02892270663906138,
    0.00937229708170606,
    0.006276197860761279,
    0.07552784396827583,
    -0.0494077261273691,
    -0.02235131968549542,
    0.05885993646179222,
    0.046874985322082896,
    0.05590919346688894,
    0.06618956308266655,
    0.009016447277637285,
    0.01119346965844814,
    -0.029939058158463316,
    -0.022354920544125356,
    -0.051474548602212344,
    0.0594647108635008,
    0.0575235415694324,
    0.05403869817847984,
    -0.029264375820507782,
    0.009269260489909614,
    0.010834219878311124,
    0.07090158258523926,
    -0.0517237421371457,
    -0.02309712080694304,
    0.05755420226253094,
    0.045129177275500476,
    0.053949109439612175
  ],
  "dipole_vec_eA": [
    -0.14794861708305115,
    -0.4152355935568392,
    1.1877064409067091e-06
  ],
  "dipole_mag_D": 2.1172783293167,
  "HOMO_eV": -11.371673566412552,
  "LUMO_eV": -11.178235988879267,
  "gap_eV": 0.1934375775332846
}