{
  "tag": "RMC-Ag_2-Ag_2-A2-B10-NNNNNN",
  "energy_eV": -3321.5099519442765,
  "multiplicity": 1,
  "charge": 0,
  "sym1": "Ag",
  "ox1": 2,
  "sym2": "Ag",
  "ox2": 2,
  "acid": "A2",
  "base": "B10",
  "bridge": [
    "N",
    "N"
  ],
  "S1_ref": 0.5,
  "S2_ref": 0.5,
  "mulliken_q_e": [
    0.1906450655184685,
    0.19048077340407155,
    -0.2578302949757716,
    -0.2574337654279779,
    -0.16947254213151464,
    -0.16946376121575035,
    -0.16948394708930614,
    -0.16947988791250168,
    0.11990141405982269,
    -0.02389758919057705,
    -0.02223305157658051,
    -0.050043103188454285,
    -0.022224538393706084,
    -0.02392645512243141,
    0.03014834598876215,
    0.030989056954454863,
    0.030145533866139496,
    0.06535259692905648,
    0.06537689944363434,
    0.03768613580165303,
    0.03768177075652557,
    0.11988599724956961,
    -0.023939312298548288,
    -0.02223082179011948,
    -0.050031422593867836,
    -0.022223073314178388,
    -0.023964432546343284,
    0.030150117050109948,
    0.030991516581997836,
    0.030147738596588702,
    0.06535622598308577,
    0.06537760240994772,
    0.03768330864410563,
    0.037680344174382596,
    0.07563471156536106,
    -0.0006686875169350515,
    0.0037709005360182513,
    -0.03829746672701817,
    -0.03092570161111219,
    -0.050332362565151945,
    0.036573347853762206,
    0.03532236116234522,
    0.03447938137978379,
    -0.038307222817698605,
    0.00376958027374541,
    -0.000683522705277273,
    0.07564687857332153,
    -0.05032673926223352,
    -0.030922116132784616,
    0.03657502811181146,
    0.03447908277533318,
    0.035321524191852305,
    0.07561554439381046,
    -0.0006639228515219475,
    0.0037722702175584377,
    -0.03829737924323173,
    -0.0309244796019017,
    -0.05032669726465744,
    0.036572510646633694,
    0.03532350059490719,
    0.0344748531964727,
    -0.03830131168238471,
    0.003771107655605954,
    -0.0006810507871226612,
    0.07562895335256647,
    -0.05032267181223449,
    -0.030923044696606672,
    0.03657199988584159,
    0.03447493135977997,
    0.035323460282126184
  ],
  "dipole_vec_eA": [
    -0.0004528895311567275,
    -0.0007741012730845638,
    -1.5848351931148498e-16
  ],
  "dipole_mag_D": 0.004307758531924385,
  "HOMO_eV": -8.73464961791832,
  "LUMO_eV": -8.072300847409824,
  "gap_eV": 0.6623487705084958
}