{
  "tag": "RMC-Cr_3-Cr_3-A2-B2-NNNNNN",
  "energy_eV": -2969.0817179707824,
  "multiplicity": 1,
  "charge": 2,
  "sym1": "Cr",
  "ox1": 3,
  "sym2": "Cr",
  "ox2": 3,
  "acid": "A2",
  "base": "B2",
  "bridge": [
    "N",
    "N"
  ],
  "S1_ref": 0.5,
  "S2_ref": 0.5,
  "mulliken_q_e": [
    0.5938868097274106,
    0.5938809572116233,
    -0.3235203073203403,
    -0.3235120474794837,
    -0.15911439395065274,
    -0.1591089731136004,
    -0.15911462148072641,
    -0.15910918134240504,
    0.10374964570167777,
    -0.006017086105422287,
    -0.01108015893071057,
    -0.019484215392203463,
    -0.011079529987213732,
    -0.006017103239672528,
    0.08091305416288574,
    0.09164901785661617,
    0.0809130302321529,
    0.04418315842625997,
    0.04418649475546976,
    0.08731899441219049,
    0.0873184228426267,
    0.10373961987268121,
    -0.006019338705017363,
    -0.011078941724632418,
    -0.019485724945485394,
    -0.011078312384566802,
    -0.006019354295069501,
    0.08091491857621891,
    0.09165103992462109,
    0.080914892341992,
    0.04418518369155833,
    0.04418854358068103,
    0.08731483620088687,
    0.08731424677412625,
    -0.01570418738201096,
    0.025470094360289908,
    0.0031750977926092716,
    0.06660859919222117,
    -0.0355132164631482,
    -0.01993292526838153,
    0.08380217937741952,
    0.06813001666382423,
    0.07893800656980232,
    0.06660951187330144,
    -0.01570171288376443,
    -0.019928385115169034,
    -0.03550668250679201,
    0.08380320951376541,
    0.07893621163153441,
    0.06812561872031875,
    -0.015699621076847414,
    0.025464641286581324,
    0.0031754320265966474,
    0.06660762701634937,
    -0.03551642489386353,
    -0.019924895134982856,
    0.08379685418389804,
    0.06813187060947568,
    0.07893242350237717,
    0.06660854234251357,
    -0.015697213823737677,
    -0.019920450339032447,
    -0.035509887264311146,
    0.08379794859523126,
    0.07893071330158719,
    0.06812745136487419
  ],
  "dipole_vec_eA": [
    -0.00010014458559316633,
    0.002609737719186717,
    -1.0510562372825754e-10
  ],
  "dipole_mag_D": 0.012544329056995795,
  "HOMO_eV": -14.818866220251437,
  "LUMO_eV": -14.768587614910707,
  "gap_eV": 0.05027860534072914
}