{
  "tag": "RMC-Ag_2-Mn_2-A2-B4-NNNNNO",
  "energy_eV": -2092.9223575099522,
  "multiplicity": 1,
  "charge": 1,
  "sym1": "Ag",
  "ox1": 2,
  "sym2": "Mn",
  "ox2": 2,
  "acid": "A2",
  "base": "B4",
  "bridge": [
    "N",
    "O"
  ],
  "S1_ref": 0.5,
  "S2_ref": 0.5,
  "mulliken_q_e": [
    0.25367186140988707,
    0.3320880362399259,
    -0.11874737099563348,
    -0.2900516687069974,
    -0.22500909578785544,
    -0.20373180452194184,
    -0.03495943644450872,
    -0.1676018365886185,
    0.19516917650462284,
    -0.002028125995434449,
    -0.018682470505554605,
    -0.023682711176596927,
    -0.015799561736997036,
    -0.00911926743167002,
    0.07860459909771633,
    0.08015601446024279,
    0.07487182328432351,
    0.0822713234370187,
    0.10149069636741825,
    0.10353644491456859,
    0.10215837814817375,
    0.07828081698489164,
    0.00063113280962801,
    -0.018938897582104763,
    -0.019893008897892583,
    -0.020496086331706076,
    0.001467857419257701,
    0.06775809725655879,
    0.06853716813077249,
    0.06231458237232668,
    0.018959203021710058,
    0.10126215321869836,
    0.08121234239075692,
    0.08243048948322218,
    -0.05948107048983298,
    -0.061175964833875884,
    0.07863094200083243,
    0.07863094200083354,
    0.07223831868516495,
    0.07223831868516561,
    -0.07768970970579914,
    -0.0784767689124326,
    0.04492339324645944,
    0.04492339324646044,
    0.04355367834624857,
    0.04355367834624935
  ],
  "dipole_vec_eA": [
    -0.6298259477143171,
    -0.0567044036011521,
    6.506614810269418e-15
  ],
  "dipole_mag_D": 3.0374186028645167,
  "solvation_E_eV": null
}