{
  "tag": "RMC-Mo_2-Re_3-A2-B4-NNNNNN",
  "energy_eV": -2029.281079039653,
  "multiplicity": 1,
  "charge": 1,
  "sym1": "Mo",
  "ox1": 2,
  "sym2": "Re",
  "ox2": 3,
  "acid": "A2",
  "base": "B4",
  "bridge": [
    "N",
    "N"
  ],
  "S1_ref": 0.0,
  "S2_ref": 0.0,
  "mulliken_q_e": [
    0.4583198970849983,
    -0.0069779087793120365,
    -0.06575099251494576,
    -0.0657410583832434,
    -0.0706261924572904,
    -0.07062813456539785,
    -0.16873666018769162,
    -0.168734998788038,
    0.07620476194077708,
    0.0050745546057546775,
    -0.019086384901870534,
    -0.0204996407850373,
    -0.019307794488817365,
    0.002290925604299554,
    0.07156116561936665,
    0.0737750247679898,
    0.07135535405072724,
    0.07467506107383426,
    0.03174014482972831,
    0.06920357013038758,
    0.08772676305499316,
    0.07620712503930527,
    0.005074380844469983,
    -0.019089992604820027,
    -0.020493400348490676,
    -0.019306892667598552,
    0.002283591990095868,
    0.07156570954095287,
    0.07377140989889153,
    0.07135567342918603,
    0.07467332391357728,
    0.03175406112814638,
    0.06920532327733964,
    0.08772219609602605,
    -0.07811062840092498,
    -0.07811097278539636,
    0.04203108470317207,
    0.042031084692989884,
    0.042031090194561416,
    0.04203109021647111,
    -0.05289188872220896,
    -0.052892412704838465,
    0.06083034925389197,
    0.06083034909807472,
    0.06083044395135673,
    0.06083044405459992
  ],
  "dipole_vec_eA": [
    -0.01764723330904745,
    -1.9863623941986893e-06,
    2.1210549367068847e-10
  ],
  "dipole_mag_D": 0.08476326692066229,
  "HOMO_eV": -12.37909703366613,
  "LUMO_eV": -11.840553239727374,
  "gap_eV": 0.5385437939387554
}