{
  "tag": "RMC-Os_3-Rh_3-A2-B7-NNNNOS",
  "energy_eV": -2188.566530076297,
  "multiplicity": 2,
  "charge": 4,
  "sym1": "Os",
  "ox1": 3,
  "sym2": "Rh",
  "ox2": 3,
  "acid": "A2",
  "base": "B7",
  "bridge": [
    "O",
    "S"
  ],
  "S1_ref": 0.5,
  "S2_ref": 0.0,
  "mulliken_q_e": [
    0.43169902798508064,
    0.05516060241167131,
    -0.23773285149543044,
    0.24441131667664986,
    -0.03972646275228309,
    -0.03773713649558319,
    0.012452760406048702,
    0.030676178491638506,
    0.02947735739067503,
    0.039451965277670364,
    0.019270990781923292,
    0.018366747326704624,
    0.01959997794803736,
    0.03186583827477252,
    0.1488463478186074,
    0.16330432967854713,
    0.14683675044666578,
    0.04748643049966672,
    0.051709124689563124,
    0.14596772399082225,
    0.15465187459912644,
    0.21436293160874076,
    0.016740279694260396,
    0.014627932128819188,
    0.009887132655807651,
    0.012186568505810236,
    0.01153949952362665,
    0.14336716450034637,
    0.15947717861034705,
    0.1412751558664478,
    0.0675079160642631,
    0.06711319896034174,
    0.135866706724306,
    0.15748594958424245,
    0.022817900019939552,
    -0.014644543835132362,
    0.15241417124781886,
    0.16801808620759673,
    -0.02702863093659169,
    0.17888966900328873,
    0.17888969396495713,
    0.03914001373082665,
    0.011435696533254935,
    0.14547044802759812,
    0.167708713297832,
    -0.031563704830058104,
    0.19048797466655232,
    0.1904880045819728
  ],
  "dipole_vec_eA": [
    -0.5080439063221294,
    0.06449112362065097,
    -2.237936703164729e-06
  ],
  "dipole_mag_D": 2.4598208226445477,
  "HOMO_eV": -22.453568798735855,
  "LUMO_eV": -21.8748308190251,
  "gap_eV": 0.5787379797107555
}