{
  "tag": "RMC-Mo_2-Zn_2-A2-B6-NNNNOO",
  "energy_eV": -2179.490622786792,
  "multiplicity": 1,
  "charge": 2,
  "sym1": "Mo",
  "ox1": 2,
  "sym2": "Zn",
  "ox2": 2,
  "acid": "A2",
  "base": "B6",
  "bridge": [
    "O",
    "O"
  ],
  "S1_ref": 0.0,
  "S2_ref": 0.0,
  "mulliken_q_e": [
    0.6077009250760952,
    0.27700009596591557,
    -0.3030939192417985,
    -0.30309401954568393,
    -0.1516202039603518,
    -0.15161884227184874,
    -0.11423075784180048,
    -0.11422266930261937,
    0.16798727272408054,
    -0.01055534577514039,
    -0.011317186501636822,
    -0.016807146907723336,
    -0.00921018567639642,
    -0.006158868174553467,
    0.09154603576575338,
    0.10097627971432233,
    0.09437856923276933,
    0.07474161771904186,
    0.04482642430293171,
    0.08539579807555264,
    0.08174026232505816,
    0.16798431842267458,
    -0.010548137896292165,
    -0.011314735793958919,
    -0.016815852559193267,
    -0.009212065202942599,
    -0.006149873399911909,
    0.09154412000300771,
    0.10098015752187572,
    0.09438152085152873,
    0.07473488820352303,
    0.04482448701281716,
    0.08539857197316603,
    0.0817409384290696,
    -0.08106763203908374,
    -0.01152340653323658,
    -0.011523973822033184,
    0.10087673179804224,
    0.09196644278394994,
    0.08378457260689931,
    0.08378470249720393,
    0.09238514322806957,
    0.09238515910050416,
    -0.07355055051563864,
    -0.013537842646157427,
    -0.0135386595755711,
    0.10138399718395175,
    0.08238146852010386,
    0.07794510087402229,
    0.07794512417671384,
    0.0989957331097292,
    0.09899541253423849
  ],
  "dipole_vec_eA": [
    0.25319907392504637,
    1.0571563069817032e-05,
    0.16034520486119072
  ],
  "dipole_mag_D": 1.4395224502296924,
  "HOMO_eV": -15.076442437082186,
  "LUMO_eV": -14.542367981562906,
  "gap_eV": 0.5340744555192796
}