{
  "tag": "RMC-In_1-Mn_2-A2-B6-NNNNNO",
  "energy_eV": -2208.888660672629,
  "multiplicity": 2,
  "charge": 0,
  "sym1": "In",
  "ox1": 1,
  "sym2": "Mn",
  "ox2": 2,
  "acid": "A2",
  "base": "B6",
  "bridge": [
    "N",
    "O"
  ],
  "S1_ref": 0.0,
  "S2_ref": 0.5,
  "mulliken_q_e": [
    0.2887856796895709,
    0.08851808350214452,
    -0.1699986679013461,
    -0.33066110551320027,
    -0.1900269509423591,
    -0.19119346058657216,
    -0.038509658922247114,
    -0.08650488341118878,
    0.17909900672897905,
    -0.0304397922805415,
    -0.03589194428558384,
    -0.046965740026100544,
    -0.03608333386344742,
    -0.039175848153250925,
    0.03196979801128763,
    0.030885196993906683,
    0.028634146520380765,
    0.04164526680475267,
    0.07621512396770491,
    0.030045654748994566,
    0.0069171559539664695,
    0.06506775540646115,
    -0.021990832655808035,
    -0.03370812634156439,
    -0.041414801741230134,
    -0.037534088283214695,
    -0.018643326368349644,
    0.0292026569734134,
    0.025898487401677106,
    0.024632563440395328,
    -0.007445957601766695,
    0.07239115872626423,
    0.04491063014273211,
    0.0072361130426245035,
    -0.06389056371238078,
    0.01750098787445742,
    0.01851488303569071,
    0.03848512227484524,
    0.06772620223174786,
    0.020861376168254342,
    0.020966437086708645,
    0.035446449370217015,
    0.03660782440129784,
    -0.06464632544395554,
    -0.15176320391496367,
    -0.0044812491971850665,
    0.04474672008545433,
    0.056839342020393535,
    0.054317967008163937,
    0.040642303079170605,
    0.05494492673737317,
    0.06131484738812465
  ],
  "dipole_vec_eA": [
    -0.8862947481088258,
    -0.4355324901219447,
    -0.3749629380855866
  ],
  "dipole_mag_D": 5.073702984841485,
  "solvation_E_eV": null
}