{
  "tag": "RMC-Ag_2-Ni_3-A2-B1-NNNNNN",
  "energy_eV": -2586.647594197143,
  "multiplicity": 1,
  "charge": 1,
  "sym1": "Ag",
  "ox1": 2,
  "sym2": "Ni",
  "ox2": 3,
  "acid": "A2",
  "base": "B1",
  "bridge": [
    "N",
    "N"
  ],
  "S1_ref": 0.5,
  "S2_ref": 0.5,
  "mulliken_q_e": [
    0.3764741869768581,
    -0.24581192696207188,
    -0.16042099907226182,
    -0.16041872307115757,
    -0.15666500314352638,
    -0.15665307753546887,
    0.011165335594170767,
    0.011170845611166769,
    0.11518426465590181,
    -0.001347600586395048,
    -0.012399692643858762,
    -0.033039259084008954,
    -0.013018179411794284,
    -0.01878443890402348,
    0.0630628856480282,
    0.06372585996098956,
    0.058830219873529765,
    0.0584556425094096,
    0.06821227849757361,
    0.07017303041128453,
    0.06354406215111175,
    0.11517839633294957,
    -0.0013390107428834508,
    -0.01239576206698878,
    -0.0330380936792678,
    -0.013016579493830838,
    -0.01876964827181049,
    0.06306164945913395,
    0.06372662466066847,
    0.05883010950963474,
    0.058452294725450216,
    0.06820435767462873,
    0.07017472699421545,
    0.06354724114107324,
    -0.035957733105297374,
    0.06432914096961828,
    0.06431685841151058,
    -0.03594912804209227,
    -0.022486748342980034,
    -0.022492302438992917,
    0.053759664244390826,
    0.05375830015278216,
    0.06496904614917909,
    0.0649722825189063,
    -0.03709625384232318,
    0.06727323409710961,
    0.06726808038010446,
    -0.03709308436079639,
    -0.021709239395078184,
    -0.021711798780551517,
    0.05810347374320546,
    0.05810304494410368,
    0.06679285037569926,
    0.06679429468259612
  ],
  "dipole_vec_eA": [
    -0.24325719408077046,
    5.4893112318063675e-05,
    9.96416661731412e-17
  ],
  "dipole_mag_D": 1.1684140230658864,
  "HOMO_eV": -12.39227924826945,
  "LUMO_eV": -11.340538352894106,
  "gap_eV": 1.0517408953753442
}