{
  "tag": "RMC-Fe_2-Ir_2-A2-B2-NNNNOO",
  "energy_eV": -3112.996025677809,
  "multiplicity": 2,
  "charge": 2,
  "sym1": "Fe",
  "ox1": 2,
  "sym2": "Ir",
  "ox2": 2,
  "acid": "A2",
  "base": "B2",
  "bridge": [
    "O",
    "O"
  ],
  "S1_ref": 0.0,
  "S2_ref": 0.5,
  "mulliken_q_e": [
    0.815738251950715,
    0.24042242644362877,
    -0.333634301565378,
    -0.33362282469968085,
    -0.18868616574232444,
    -0.18866595581326018,
    -0.05662288525735648,
    -0.056603341048162115,
    0.17331543430957552,
    -0.014390195540826767,
    -0.018983206520034157,
    -0.024671351704501854,
    -0.018053916901317635,
    -0.028733972642351224,
    0.07772913084644872,
    0.08785009285236633,
    0.07542857603077546,
    0.038477751818658534,
    0.03805353023125879,
    0.0896555896701684,
    0.09147635303305324,
    0.17331737529949898,
    -0.014387826922344749,
    -0.018980633249124024,
    -0.024670355570185487,
    -0.01805218684174381,
    -0.02872861898530288,
    0.07772930009909629,
    0.08784674223944167,
    0.07543618344016656,
    0.038480133046498555,
    0.038054465991868014,
    0.08965555112890466,
    0.09147416343071801,
    -0.016872400304173363,
    0.026221986714975776,
    -0.0006115292906185843,
    0.06255946515630284,
    -0.03535143015977593,
    -0.020019855223837313,
    0.08390220571955964,
    0.06718522255382187,
    0.0802079317565515,
    0.06255102143827518,
    -0.01687148675724348,
    -0.020018801402513553,
    -0.03534533075967228,
    0.08390204644471799,
    0.08020682666961987,
    0.06718803284441988,
    -0.015180369827530793,
    0.027602749759338296,
    0.008091243392141845,
    0.06072005458820273,
    -0.03326450065145181,
    -0.018826105555193928,
    0.08547370050772596,
    0.07063643071068693,
    0.08185337179029706,
    0.0607097787700821,
    -0.015179384790629413,
    -0.018825197987506037,
    -0.03326155138215836,
    0.08547306309924119,
    0.08185090013353613,
    0.07063859918353677
  ],
  "dipole_vec_eA": [
    -0.20135405256635308,
    0.0025304816519644137,
    -9.756229687151882e-12
  ],
  "dipole_mag_D": 0.9672210163230222,
  "HOMO_eV": -14.63150230434006,
  "LUMO_eV": -14.555292632227538,
  "gap_eV": 0.0762096721125225
}