{
  "tag": "RMC-Ag_1-Os_2-A2-B2-NNNNNN",
  "energy_eV": -3082.976749111625,
  "multiplicity": 1,
  "charge": -1,
  "sym1": "Ag",
  "ox1": 1,
  "sym2": "Os",
  "ox2": 2,
  "acid": "A2",
  "base": "B2",
  "bridge": [
    "N",
    "N"
  ],
  "S1_ref": 0.0,
  "S2_ref": 0.0,
  "mulliken_q_e": [
    0.23305914922568127,
    0.12880298713477256,
    -0.2307159912235388,
    -0.23067807441438437,
    -0.18230279587578746,
    -0.18230925656413222,
    -0.1298266531046055,
    -0.1298403222639566,
    0.08987559377576582,
    -0.020317701649458897,
    -0.050630244965220506,
    -0.049835188547230125,
    -0.04872438178959437,
    -0.03265814952068924,
    0.006768330321432092,
    0.005509660502421743,
    0.006429480899573625,
    0.017467153268153623,
    0.03159030504302773,
    0.02593760835380854,
    0.02632498784226478,
    0.08988213181493432,
    -0.0203171524548158,
    -0.050609961385280844,
    -0.049832390645973224,
    -0.048704403801115514,
    -0.03265538921662681,
    0.006757149653761507,
    0.0054946889574576385,
    0.006418586509025825,
    0.017494120265576507,
    0.03161019062492332,
    0.0259360820289245,
    0.026322266723762033,
    -0.06151173514719854,
    0.006197779313765084,
    -0.0075690526668512614,
    0.07136138269073466,
    -0.07108205638302056,
    -0.039574145985904474,
    0.007485080917664089,
    0.017345981204832106,
    0.0050123209210821695,
    0.07137972775547441,
    -0.06150926111764532,
    -0.03956858428139354,
    -0.07109598592325206,
    0.007499659587747565,
    0.0050304911018017595,
    0.017363482973993705,
    -0.05924881373240942,
    0.004964633558473652,
    -0.010974657983626512,
    0.06266640142775626,
    -0.06953889532718516,
    -0.04028905107537062,
    0.008420697092300644,
    0.02099485337618845,
    0.005730957650390778,
    0.06268350250912169,
    -0.05925123715586489,
    -0.04029304754304697,
    -0.06954577045509058,
    0.008438770290760123,
    0.005751068187537456,
    0.02100309350098306
  ],
  "dipole_vec_eA": [
    0.26564588189142124,
    -0.0009049565111803644,
    5.47439359582635e-08
  ],
  "dipole_mag_D": 1.2759588379653952,
  "HOMO_eV": -5.365400032928774,
  "LUMO_eV": -5.170421073033417,
  "gap_eV": 0.19497895989535685
}