{
  "tag": "RMC-Mn_2-V_2-A2-B1-NNNNNO",
  "energy_eV": -2513.584801478655,
  "multiplicity": 1,
  "charge": 1,
  "sym1": "Mn",
  "ox1": 2,
  "sym2": "V",
  "ox2": 2,
  "acid": "A2",
  "base": "B1",
  "bridge": [
    "N",
    "O"
  ],
  "S1_ref": 0.5,
  "S2_ref": 0.5,
  "mulliken_q_e": [
    0.20110491199324698,
    0.28146315549695233,
    -0.19886996088700548,
    -0.22097670909825262,
    -0.09776062150880893,
    -0.1380178981212321,
    -0.11782267703136728,
    -0.1302912893837227,
    0.16259935051710062,
    -0.012256303222310638,
    -0.025761137007332513,
    -0.02921658581464892,
    -0.02577123207387122,
    -0.013961581992334215,
    0.06169300655825849,
    0.06581284660146636,
    0.06068275228501152,
    0.05861056620762084,
    0.052124397252649946,
    0.05425826401577927,
    0.04572991027362361,
    0.10060671947230215,
    0.0021298245607439537,
    -0.020878935238280993,
    -0.026581636400943465,
    -0.02126618996238827,
    0.0008884328264886499,
    0.06581699181359035,
    0.0689162222691152,
    0.06549291024377735,
    0.05152014992230103,
    0.046980228949636826,
    0.06976149668881604,
    0.07046943371467207,
    -0.03875379607744334,
    0.06335015152579038,
    0.06594065643395597,
    -0.039075007521912175,
    -0.02438196352811217,
    -0.023379439863188356,
    0.05811447187983154,
    0.05263772254481491,
    0.06352925983461277,
    0.06504944099720011,
    -0.038575382544758785,
    0.06364241708542884,
    0.06293896720326964,
    -0.038057065590844985,
    -0.024044121115624595,
    -0.02227772069833689,
    0.059177655655886285,
    0.05504879864594292,
    0.06534105344098373,
    0.06654508777124568
  ],
  "dipole_vec_eA": [
    0.03222715707857732,
    -0.38545791580511185,
    3.175649252386492e-15
  ],
  "dipole_mag_D": 1.857892788724003,
  "HOMO_eV": -11.695007519633615,
  "LUMO_eV": -11.627528084778053,
  "gap_eV": 0.06747943485556185
}