{
  "tag": "RMC-Au_3-Ir_2-A2-B2-NNNNOS",
  "energy_eV": -3090.6469534234275,
  "multiplicity": 2,
  "charge": 3,
  "sym1": "Au",
  "ox1": 3,
  "sym2": "Ir",
  "ox2": 2,
  "acid": "A2",
  "base": "B2",
  "bridge": [
    "O",
    "S"
  ],
  "S1_ref": 0.0,
  "S2_ref": 0.5,
  "mulliken_q_e": [
    0.4804739334889695,
    0.19177930208672134,
    -0.32460967062380464,
    -0.0757746104785994,
    -0.12140141635939306,
    -0.09801201310969976,
    -0.025667698594695754,
    -0.013389328050339211,
    0.06646252544522824,
    0.019008922817213225,
    -0.0001796707262096131,
    -0.00846887487082948,
    -0.0017078776670957918,
    0.00593618311883759,
    0.10452337483346663,
    0.11536138865685597,
    0.09799402091769882,
    0.03162598571505315,
    0.04933419511599224,
    0.11453480148862649,
    0.12614482016904627,
    0.1936446080930896,
    0.0013706072156562943,
    -0.00599002251664027,
    -0.014174060970488345,
    -0.0033494569075194214,
    -0.015781944556769067,
    0.09966407570672564,
    0.11313626431443113,
    0.09584999248060422,
    0.05008115470979613,
    0.06147693461850445,
    0.10487073154497517,
    0.1165038883341164,
    -0.0011276985206793988,
    0.03610123579794644,
    0.006619293316314501,
    0.0627321668054317,
    -0.020766354022572653,
    -0.008823676490282262,
    0.11039034563222361,
    0.08453081546979124,
    0.11064789266655806,
    0.0653808122517896,
    -0.002479518081176746,
    -0.008182336063546902,
    -0.019419588889623585,
    0.10934685872075633,
    0.10978382780233287,
    0.08331347009885404,
    0.0011079058281100451,
    0.036341943971289314,
    0.017991895360967902,
    0.06884265376626653,
    -0.02118613340830855,
    -0.008389953300078856,
    0.1117601980673486,
    0.08930204796215169,
    0.10858554806041121,
    0.06913670846055342,
    0.0005083369368958923,
    -0.008406420698193973,
    -0.020226034073157484,
    0.11101696755004697,
    0.10796497224778434,
    0.08633075306526816
  ],
  "dipole_vec_eA": [
    -0.4767203403752173,
    -0.056230797605555986,
    -4.42675855717038e-15
  ],
  "dipole_mag_D": 2.3056590547846456,
  "HOMO_eV": -17.714405563129244,
  "LUMO_eV": -17.48972212417216,
  "gap_eV": 0.22468343895708287
}