{
  "tag": "RMC-Hf_2-Pb_2-A2-B2-NNNNOS",
  "energy_eV": -2998.3835868772826,
  "multiplicity": 3,
  "charge": 2,
  "sym1": "Hf",
  "ox1": 2,
  "sym2": "Pb",
  "ox2": 2,
  "acid": "A2",
  "base": "B2",
  "bridge": [
    "O",
    "S"
  ],
  "S1_ref": 1.0,
  "S2_ref": 0.0,
  "mulliken_q_e": [
    0.46346388429876395,
    0.6618534979756379,
    -0.39889381430195003,
    -0.17460472578636743,
    -0.11434226906360268,
    -0.13414621378350255,
    -0.20729868535415896,
    -0.17654245388585976,
    0.07235880867588551,
    0.00569680294255015,
    -0.019993521105524437,
    -0.017608400718997164,
    -0.018597287617557523,
    0.009780628831283167,
    0.07760970539354128,
    0.08896181504949952,
    0.07792900446316497,
    0.06178211469724859,
    0.03200059340747319,
    0.07447354580676269,
    0.0876937166811248,
    0.1816139617530077,
    -0.025197803495243365,
    -0.016888468256323952,
    -0.02650719111623867,
    -0.018745965270013487,
    -0.008723894948594824,
    0.07533766732946212,
    0.0859735802930437,
    0.07467613234322046,
    0.06912869064385307,
    0.04841218826956939,
    0.06295848333056342,
    0.08585920785951417,
    -0.018727400885892198,
    0.02857100185152106,
    -0.0004619681950761567,
    0.0660248525373015,
    -0.032817024908836645,
    -0.01945806634067626,
    0.08446324909226177,
    0.07254250015048791,
    0.08164856150066191,
    0.06469226359976221,
    -0.018345411776593323,
    -0.018992762812504838,
    -0.03118685298294066,
    0.08509269985658963,
    0.08307111931391531,
    0.07141140686240022,
    -0.01588196617194293,
    0.02712317551315402,
    -0.008901744325729544,
    0.054457419596505297,
    -0.026256744832752643,
    -0.020827114618046316,
    0.08113824311651385,
    0.06621124680812007,
    0.07846822964328382,
    0.06327995352689575,
    -0.016618116194362376,
    -0.019608778359731405,
    -0.02339542167187525,
    0.08046449842024728,
    0.0791479501880783,
    0.06419766717750108
  ],
  "dipole_vec_eA": [
    -0.001326106587414341,
    -0.03718791029803785,
    -3.893445827770156e-09
  ],
  "dipole_mag_D": 0.1787346615006873,
  "HOMO_eV": -13.902574925608038,
  "LUMO_eV": -13.872927348888647,
  "gap_eV": 0.02964757671939111
}