{
  "tag": "RMC-Bi_3-Rh_2-A2-B4-NNNNSS",
  "energy_eV": -2040.9989224803564,
  "multiplicity": 1,
  "charge": 3,
  "sym1": "Bi",
  "ox1": 3,
  "sym2": "Rh",
  "ox2": 2,
  "acid": "A2",
  "base": "B4",
  "bridge": [
    "S",
    "S"
  ],
  "S1_ref": 0.5,
  "S2_ref": 0.5,
  "mulliken_q_e": [
    0.8164615679625038,
    0.028047760021712054,
    0.21465863505960803,
    0.21884150321055118,
    -0.30313317990914035,
    -0.3039318727753355,
    -0.08364926089911506,
    -0.08340202988896928,
    0.03361905482378735,
    0.024479211407646195,
    0.00945418927409003,
    0.0010641774508373114,
    0.01092090568100823,
    0.01418735964765161,
    0.12319442308930095,
    0.12674489336479033,
    0.11530006031210205,
    0.05644724879503471,
    0.09599581533821144,
    0.13036718929037616,
    0.08069021447414526,
    0.03398768501591998,
    0.024425705980742896,
    0.009544667269286267,
    0.0009522722640322723,
    0.011036704248507778,
    0.014265849383059637,
    0.12308498920693167,
    0.1266687053737776,
    0.1153073551949515,
    0.056507321284547496,
    0.09576404087296231,
    0.12998627263194795,
    0.08076401759440532,
    -0.05887363504193366,
    -0.056050779420340424,
    0.12522010298033937,
    0.12219737022884536,
    0.12541338576383299,
    0.1226912585406088,
    -0.04367302275931606,
    -0.04409305012785314,
    0.14054723110647438,
    0.13895031717777895,
    0.14030901700227993,
    0.13870835249776992
  ],
  "dipole_vec_eA": [
    -1.4130346732260077,
    -0.011881643349412318,
    -0.8345856800271768
  ],
  "dipole_mag_D": 7.882732000353626,
  "solvation_E_eV": null
}