{
  "tag": "RMC-Cd_2-Pb_2-A2-B2-NNNNNS",
  "energy_eV": -2954.2562293321357,
  "multiplicity": 1,
  "charge": 1,
  "sym1": "Cd",
  "ox1": 2,
  "sym2": "Pb",
  "ox2": 2,
  "acid": "A2",
  "base": "B2",
  "bridge": [
    "N",
    "S"
  ],
  "S1_ref": 0.0,
  "S2_ref": 0.0,
  "mulliken_q_e": [
    0.40892799374297983,
    0.5520278175906843,
    -0.4089912048233053,
    -0.23568006684542553,
    -0.16233826532585316,
    -0.1587379032048848,
    -0.22243841419027177,
    -0.1902544085730702,
    0.0820810444402631,
    0.00020721291361702754,
    -0.018596521129440324,
    -0.02989492122005566,
    -0.018911042054429616,
    0.002307083982035607,
    0.06145217604609343,
    0.06673417998280717,
    0.06083617568862132,
    0.06945884753080467,
    0.06578103170099725,
    0.04326542878270545,
    0.058074695492037476,
    0.12311898090103646,
    -0.02523665134441133,
    -0.015035258033028631,
    -0.03841988422399423,
    -0.017755355232583092,
    -0.020137228306511767,
    0.047570412830771014,
    0.05310095642424917,
    0.046201413920194945,
    0.06730985025006553,
    0.06169647748534701,
    0.03395934762034358,
    0.05605227240363697,
    -0.025522691583763635,
    0.019660065071676947,
    0.0010870345070101983,
    0.0684438984552791,
    -0.03941826084581246,
    -0.027215633128733208,
    0.06101036966672746,
    0.05471017616464269,
    0.05685636906429581,
    0.07087322432513599,
    -0.03132121857090242,
    -0.025595912111181285,
    -0.04205453880744159,
    0.058798267439364005,
    0.05764231759041161,
    0.05562163595350689,
    -0.024754273977415586,
    0.01975903653063571,
    -0.00992990548485606,
    0.06181287422619142,
    -0.03359174116147523,
    -0.028717229793972843,
    0.058909816338230336,
    0.052064483293744024,
    0.055400993320879,
    0.06736948244922703,
    -0.030386720150486823,
    -0.026948989992785055,
    -0.035211676665405145,
    0.056269902620169066,
    0.055463268098633334,
    0.05117930171408103
  ],
  "dipole_vec_eA": [
    -0.1224862302318571,
    -0.4584670781474035,
    1.1282362892265667e-09
  ],
  "dipole_mag_D": 2.2793465974348184,
  "HOMO_eV": -11.524811857026597,
  "LUMO_eV": -10.921182897165927,
  "gap_eV": 0.6036289598606697
}