{
  "tag": "RMC-Cr_2-Ti_3-A2-B10-NNNNSS",
  "energy_eV": -3187.770451573217,
  "multiplicity": 2,
  "charge": 3,
  "sym1": "Cr",
  "ox1": 2,
  "sym2": "Ti",
  "ox2": 3,
  "acid": "A2",
  "base": "B10",
  "bridge": [
    "S",
    "S"
  ],
  "S1_ref": 0.0,
  "S2_ref": 0.5,
  "mulliken_q_e": [
    0.5964292797504731,
    0.6422575699740043,
    -0.16042888654947818,
    -0.16042877916327802,
    -0.14971222852625332,
    -0.14971211271994345,
    -0.14467308546742497,
    -0.14467309007446905,
    0.06614611920377267,
    0.005848469657868449,
    -0.005092183150139373,
    -0.009999162825748087,
    -0.003493344740555626,
    0.007776660651415135,
    0.0960789055614687,
    0.11144591775798074,
    0.09728943019267144,
    0.06455421238761394,
    0.05060980716852326,
    0.10908538140735469,
    0.10432556682281857,
    0.06614643949571652,
    0.005848306993666785,
    -0.005092076942548873,
    -0.009999283444812601,
    -0.003493137473861596,
    0.007776641183657285,
    0.09607881587288614,
    0.1114458779489731,
    0.09728941386061352,
    0.06455431213725005,
    0.050610114382946714,
    0.10908532812521043,
    0.10432560985934192,
    0.06478795073328603,
    0.00029119823604539796,
    0.028709051578221123,
    -0.011628162690750399,
    -0.007361294586379463,
    -0.04251078564613997,
    0.10326533523356374,
    0.0999762552403578,
    0.07620122113492978,
    -0.011630527619482356,
    0.028706690337466423,
    0.00029391003184597864,
    0.06478728495250885,
    -0.042509374275421896,
    -0.007361102334429326,
    0.10326772031006737,
    0.0762013555423644,
    0.09997529791783133,
    0.06809667263797659,
    0.00011951013374322805,
    0.029902169140224144,
    -0.0103547924551457,
    -0.005345636565545986,
    -0.041666178707428614,
    0.10612251460257371,
    0.10297484088255127,
    0.07931447441903461,
    -0.01035470958769813,
    0.029902216202218446,
    0.00011951691853129276,
    0.06809674601659843,
    -0.041666306579400736,
    -0.005345648335400188,
    0.10612244334912224,
    0.07931446845326373,
    0.10297486643810116
  ],
  "dipole_vec_eA": [
    0.512713716827562,
    3.155605098829105e-06,
    -5.844643004299763e-09
  ],
  "dipole_mag_D": 2.4626687140003605,
  "HOMO_eV": -17.133993858530946,
  "LUMO_eV": -16.897980110075544,
  "gap_eV": 0.23601374845540235
}