{
  "tag": "RMC-Cr_2-Sn_2-A2-B6-NNNNNS",
  "energy_eV": -2178.2063718802815,
  "multiplicity": 1,
  "charge": 1,
  "sym1": "Cr",
  "ox1": 2,
  "sym2": "Sn",
  "ox2": 2,
  "acid": "A2",
  "base": "B6",
  "bridge": [
    "N",
    "S"
  ],
  "S1_ref": 0.0,
  "S2_ref": 0.0,
  "mulliken_q_e": [
    0.49367157953571283,
    0.3832379462718,
    -0.37052695133061997,
    -0.15339185629524982,
    -0.18748486629549044,
    -0.2006519242588829,
    -0.12817506792949862,
    -0.15814667820228512,
    0.05259946681452621,
    -0.00032307867537206825,
    -0.0239587370789327,
    -0.028486164818311455,
    -0.024896663385634454,
    -0.00489623298918751,
    0.06083770752621431,
    0.06430166787258218,
    0.05835549814215246,
    0.07079534760710016,
    0.03578039302221114,
    0.042913776665703285,
    0.04389753842529953,
    0.10806312817502861,
    -0.025100520981707897,
    -0.020885105209147214,
    -0.03543348332321239,
    -0.02182250677677655,
    -0.02043618171872863,
    0.05103557120100344,
    0.05723609661497464,
    0.05164522566145535,
    0.06265178843142816,
    0.039075520411637754,
    0.052500960309734945,
    0.04401770875169597,
    -0.07887209034314413,
    0.004180168501664472,
    0.004503670647327596,
    0.07297390528415448,
    0.08324990427363577,
    0.06146579520677675,
    0.05932788766718744,
    0.06716822157934998,
    0.0660117429626047,
    -0.07508830286985169,
    -0.0057543910802291265,
    -0.0008497956224930991,
    0.06729499938250094,
    0.0813704573501357,
    0.05828676044142511,
    0.04953480623663553,
    0.05658887905396848,
    0.06060647918417339
  ],
  "dipole_vec_eA": [
    -0.306776781594703,
    -0.09606399500891613,
    -0.48077023291474463
  ],
  "dipole_mag_D": 2.7778982219889605,
  "HOMO_eV": -11.263722672906933,
  "LUMO_eV": -11.19008296407668,
  "gap_eV": 0.07363970883025317
}