{
  "tag": "RMC-Au_3-Rh_3-A2-B1-NNNNNO",
  "energy_eV": -2565.4705201579195,
  "multiplicity": 1,
  "charge": 3,
  "sym1": "Au",
  "ox1": 3,
  "sym2": "Rh",
  "ox2": 3,
  "acid": "A2",
  "base": "B1",
  "bridge": [
    "N",
    "O"
  ],
  "S1_ref": 0.0,
  "S2_ref": 0.0,
  "mulliken_q_e": [
    0.6039102010903208,
    0.08340693478495365,
    -0.21303245017011618,
    -0.24536535276233873,
    -0.0935459351103698,
    -0.12428928717516663,
    0.006738346657324312,
    -0.024847521023814823,
    0.18585777533776948,
    0.012531166298248353,
    0.0029178224603152447,
    -0.0058796956707041215,
    0.005419258983746511,
    -0.00860932111863022,
    0.11741398295606698,
    0.1278467640613845,
    0.11428043839932289,
    0.06928787002081682,
    0.07802201108338935,
    0.1067906556159155,
    0.12595927959413245,
    0.1210775470242047,
    0.03855225836158538,
    0.004668162216066696,
    0.010828494765702024,
    0.009670015276776134,
    0.008972472454342517,
    0.12259673312512043,
    0.1343205238841454,
    0.11782967175302594,
    0.05519707948186703,
    0.06631771466033043,
    0.11746521242368291,
    0.13727312837027827,
    -0.012292211951592469,
    0.05409965992021881,
    0.05924776068498172,
    -0.013176730306523998,
    0.007057308092603742,
    0.0032695186130009546,
    0.09725950573746422,
    0.09837215210685701,
    0.12706094751887986,
    0.12660275955933642,
    -0.007633129578499043,
    0.06840214470525141,
    0.07066315038655491,
    -0.010330863554655512,
    0.009628763911883942,
    0.0010826080280503803,
    0.10141299303566254,
    0.10088830268600157,
    0.12511028700968352,
    0.12369311532827332
  ],
  "dipole_vec_eA": [
    -0.32824939547817966,
    0.1651285458620594,
    8.126362089693291e-16
  ],
  "dipole_mag_D": 1.7649086496181454,
  "HOMO_eV": -19.07344511460565,
  "LUMO_eV": -18.799442135476347,
  "gap_eV": 0.27400297912930327
}