{
  "tag": "RMC-Os_3-Zr_2-A2-B5-NNNNOS",
  "energy_eV": -1966.2020987334088,
  "multiplicity": 2,
  "charge": 3,
  "sym1": "Os",
  "ox1": 3,
  "sym2": "Zr",
  "ox2": 2,
  "acid": "A2",
  "base": "B5",
  "bridge": [
    "O",
    "S"
  ],
  "S1_ref": 0.5,
  "S2_ref": 1.0,
  "mulliken_q_e": [
    0.38376034720023156,
    1.094394323851771,
    -0.3574633825677227,
    0.3160118180196909,
    -0.1987085847585215,
    -0.1559943459188864,
    -0.32823892516404984,
    -0.22484648489764392,
    0.011413316984862032,
    0.012961777124850027,
    -0.004861458659127349,
    -0.0048663675247189175,
    0.0010166826103921167,
    0.020766637299721946,
    0.1072109132903476,
    0.11869939228149795,
    0.11071481489750323,
    0.048109213228847425,
    0.06390048427066386,
    0.1093320539601228,
    0.12480283215124988,
    0.17854393122139722,
    -0.008191872072621731,
    -0.0019726852132782025,
    -0.011028489241701633,
    -0.01032759486372381,
    0.00888754348833043,
    0.11761889914852686,
    0.1224621137981432,
    0.10126744889190009,
    0.11526235920711492,
    0.0839220884417029,
    0.13781396019807102,
    0.10337111164470325,
    0.004663819388929458,
    -0.013290377039909762,
    0.1880114046876208,
    0.18143684587718412,
    -0.04801514031159315,
    0.024658828168386604,
    0.22640763723394264,
    0.250383109809428
  ],
  "dipole_vec_eA": [
    0.3361832750830425,
    -0.028673635783771703,
    -2.8892164864313313e-06
  ],
  "dipole_mag_D": 1.6206197116039616,
  "solvation_E_eV": null
}