{
  "tag": "RMC-In_1-Rh_3-A2-B5-NNNNNS",
  "energy_eV": -1973.2187934077278,
  "multiplicity": 1,
  "charge": 1,
  "sym1": "In",
  "ox1": 1,
  "sym2": "Rh",
  "ox2": 3,
  "acid": "A2",
  "base": "B5",
  "bridge": [
    "N",
    "S"
  ],
  "S1_ref": 0.0,
  "S2_ref": 0.0,
  "mulliken_q_e": [
    0.3206993504990319,
    -0.1838643250936367,
    -0.16218991660102144,
    0.2333198741235688,
    -0.20214247271206953,
    -0.23691094036194804,
    0.04990976884142517,
    -0.06554871442446597,
    0.007729089683921719,
    0.0018199706346602174,
    -0.016744976247231147,
    -0.021868824366956696,
    -0.01850238962325501,
    -0.0016405362092670739,
    0.07160489620415889,
    0.07168983600336398,
    0.0676023740187015,
    0.029972272761632945,
    0.08693287852453735,
    0.08596012474812598,
    0.09842831425179577,
    0.06930323096297064,
    -0.013219433757445831,
    -0.016286114896997717,
    -0.030690243041728182,
    -0.023433857213383424,
    -0.008890111645049714,
    0.05745943299339107,
    0.05655040066661565,
    0.0502185685858213,
    -0.002723012814956016,
    0.09218948600318311,
    0.06413720522903077,
    0.12200413662461296,
    -0.05532416345538915,
    -0.05183791393382098,
    0.12401014175351177,
    0.1172195446841029,
    -0.009670852414806141,
    -0.014656681964514195,
    0.126884138640322,
    0.1305004491849242
  ],
  "dipole_vec_eA": [
    0.0533737102057175,
    -0.8413972434419279,
    -3.4931992923388004e-15
  ],
  "dipole_mag_D": 4.049525871228296,
  "solvation_E_eV": null
}