{
  "tag": "RMC-Cu_1-Zr_2-A2-B1-NNNNNS",
  "energy_eV": -2514.855245024699,
  "multiplicity": 3,
  "charge": 0,
  "sym1": "Cu",
  "ox1": 1,
  "sym2": "Zr",
  "ox2": 2,
  "acid": "A2",
  "base": "B1",
  "bridge": [
    "N",
    "S"
  ],
  "S1_ref": 0.0,
  "S2_ref": 1.0,
  "mulliken_q_e": [
    0.4185627032837606,
    0.770845485458978,
    -0.3646906475271414,
    -0.36767062486295227,
    -0.2486187162763076,
    -0.12523592009094475,
    -0.21634090149208274,
    -0.23184498857746805,
    0.08142969939953448,
    -0.009856346310462838,
    -0.05530347676713654,
    -0.03885289418292959,
    -0.05525187865022141,
    -0.00721805302093359,
    0.021793683058032753,
    0.02772903715968955,
    0.02505342106717623,
    0.01106015330635457,
    0.042496391710249215,
    0.026035702725466514,
    0.03735386421734754,
    0.12069321013179835,
    -0.023297093327121265,
    -0.0496443487154945,
    -0.04408712402702175,
    -0.04739571715781521,
    -0.022917143951242114,
    0.02219223363884304,
    0.025507363960485696,
    0.022539551830822346,
    0.01872757291775007,
    0.05087011198945368,
    0.037123314530263296,
    0.02333034395513711,
    -0.04689528697747192,
    0.04908181602143391,
    0.04581236368090358,
    -0.041747597810993575,
    -0.03849260694742518,
    -0.0363161798560494,
    0.03235418318296146,
    0.04035773502651108,
    0.035805421188746744,
    0.03547658312134572,
    -0.04473863502836095,
    0.0386501316204102,
    0.036777498922312635,
    -0.04640398232962739,
    -0.042195682418255887,
    -0.044086251600700344,
    0.04217431445433306,
    0.041068252565280794,
    0.03405463641832429,
    0.03414531734765913
  ],
  "dipole_vec_eA": [
    0.6037202710917875,
    -0.0146811410163435,
    1.2670744101546423e-10
  ],
  "dipole_mag_D": 2.900649060124236,
  "HOMO_eV": -7.97217007482812,
  "LUMO_eV": -7.777615465141088,
  "gap_eV": 0.19455460968703164
}