{
  "tag": "RMC-Ni_3-Pd_2-A2-B6-NNNNSS",
  "energy_eV": -2297.1188475330264,
  "multiplicity": 2,
  "charge": 3,
  "sym1": "Ni",
  "ox1": 3,
  "sym2": "Pd",
  "ox2": 2,
  "acid": "A2",
  "base": "B6",
  "bridge": [
    "S",
    "S"
  ],
  "S1_ref": 0.5,
  "S2_ref": 0.0,
  "mulliken_q_e": [
    -0.09694763607776102,
    -0.008396176552372125,
    0.1445878995333435,
    0.14464254620993677,
    0.005812369998768663,
    0.005831881356748836,
    -0.02366799776646733,
    -0.023668486641615027,
    0.04884172314114754,
    0.022452358988248378,
    0.0020705040999116076,
    0.0005337252021393457,
    0.003090026939941204,
    0.017282838021426272,
    0.11377082681618578,
    0.12432337734488053,
    0.11270608924241887,
    0.06237911762089232,
    0.06251516679492952,
    0.11362164999079316,
    0.12634578180638778,
    0.04881600137211972,
    0.02243862699339849,
    0.0020751604160629267,
    0.0005188841485554985,
    0.0030903493705383145,
    0.017270165831938522,
    0.11377279669670681,
    0.1243252380375871,
    0.11270788837297463,
    0.06237447738946167,
    0.06250586019958626,
    0.11362298427145079,
    0.1263458090104872,
    -0.0570445579695491,
    -0.010169768569466164,
    -0.010166824839218602,
    0.12446101059748549,
    0.1315956392254891,
    0.11658161605701134,
    0.11658182113671967,
    0.12570613763336014,
    0.12570470600792538,
    -0.07736675562931761,
    -0.02436178817522139,
    -0.024362186534680808,
    0.12015492770288705,
    0.11387835199523355,
    0.10724965949828758,
    0.10724996866698322,
    0.12315824119989238,
    0.12315797381951765
  ],
  "dipole_vec_eA": [
    -0.7748257393409511,
    -0.00033324250198575264,
    0.13315173460476154
  ],
  "dipole_mag_D": 3.7761997186150613,
  "HOMO_eV": -18.76323122503216,
  "LUMO_eV": -18.469630633266842,
  "gap_eV": 0.29360059176531905
}