{
  "tag": "RMC-Au_3-Nb_3-A2-B1-NNNNOS",
  "energy_eV": -2491.8891527844553,
  "multiplicity": 3,
  "charge": 4,
  "sym1": "Au",
  "ox1": 3,
  "sym2": "Nb",
  "ox2": 3,
  "acid": "A2",
  "base": "B1",
  "bridge": [
    "O",
    "S"
  ],
  "S1_ref": 0.0,
  "S2_ref": 1.0,
  "mulliken_q_e": [
    0.5619271940755961,
    0.31181898468655134,
    -0.29698521869913486,
    -0.0837459441569483,
    -0.10773254490750017,
    -0.07728919499907727,
    -0.06575246363601162,
    -0.07448864554691648,
    0.093485039384964,
    0.038993225843280355,
    0.016028393239969407,
    0.009155042750513598,
    0.0182829644624376,
    0.028725710804843096,
    0.1428563348487769,
    0.15748316817742591,
    0.14175956921562527,
    0.08543644793554228,
    0.07701761510443061,
    0.14094085922237976,
    0.1579260854982264,
    0.19737401371572605,
    0.027038138558497016,
    0.014270859066072061,
    0.006669063738572678,
    0.013560547176367788,
    0.007148304299198216,
    0.14313231670531423,
    0.15730027750019548,
    0.13651069428957274,
    0.0936691755244885,
    0.07682446829314316,
    0.14179462851255897,
    0.14914522400595398,
    -0.002621295726284334,
    0.07248050521808702,
    0.06965120941145475,
    -0.002575760244521552,
    0.025448960297335343,
    0.024035959148068997,
    0.12118525751295661,
    0.12070458642112569,
    0.1594080214685808,
    0.15887082191415103,
    4.838230420478595e-05,
    0.09378048045661846,
    0.08738858731210453,
    -0.0013112544978355345,
    0.021485442700218682,
    0.022609289733592997,
    0.13764159628243688,
    0.13188621254852595,
    0.15945384760145165,
    0.16014881544709714
  ],
  "dipole_vec_eA": [
    0.41202664095624436,
    -0.11779489698971056,
    -5.746167244471253e-15
  ],
  "dipole_mag_D": 2.0583374676592,
  "HOMO_eV": -21.21711017759772,
  "LUMO_eV": -21.174968655283152,
  "gap_eV": 0.04214152231456936
}