{
  "tag": "RMC-Os_3-Os_3-A2-B10-NNNNNS",
  "energy_eV": -3259.9804581713192,
  "multiplicity": 1,
  "charge": 3,
  "sym1": "Os",
  "ox1": 3,
  "sym2": "Os",
  "ox2": 3,
  "acid": "A2",
  "base": "B10",
  "bridge": [
    "N",
    "S"
  ],
  "S1_ref": 0.5,
  "S2_ref": 0.5,
  "mulliken_q_e": [
    0.3302570420122367,
    0.33022144606937087,
    -0.24542578597085485,
    0.04929062759114386,
    -0.07701276017430359,
    -0.1255142760513428,
    -0.07699909763436841,
    -0.12551977901416445,
    0.043463788505222034,
    0.009628441833464896,
    -0.005498702672945832,
    -0.007149367268877382,
    -0.005496421858618428,
    0.00962825856975269,
    0.09413124899840031,
    0.10991483243023903,
    0.09412956460900657,
    0.060017463443745145,
    0.06002088878057732,
    0.09037434400906441,
    0.09037179251420879,
    0.12365750804457876,
    0.004075756989654122,
    -0.005645734616548381,
    -0.008378568917861706,
    -0.005650466403659848,
    0.004085535296490139,
    0.0935837359277022,
    0.11073416839208938,
    0.09358892560912879,
    0.050472592380397696,
    0.05047240298909683,
    0.10496747512611504,
    0.10497074707158083,
    0.0744120521302225,
    0.02202595061989321,
    0.037814851184705844,
    -0.007859423922458308,
    0.001183270783793322,
    -0.03347586820424975,
    0.1097412856388793,
    0.10770009473899544,
    0.08444123420970473,
    -0.0074596485571067905,
    0.037629225780246855,
    0.021824095154336254,
    0.07777686473331458,
    -0.03310332125014992,
    0.001110909151454731,
    0.10847726733885543,
    0.08056035628054425,
    0.1053804973550242,
    0.07440222405217378,
    0.02201386910852987,
    0.0378012379053001,
    -0.007865998756002579,
    0.0011744129678628035,
    -0.03349165226831019,
    0.10974251764075971,
    0.10770066665645328,
    0.08444134639150258,
    -0.00746400624331911,
    0.037614734981586295,
    0.021811288942527263,
    0.07777570932196531,
    -0.03312360373684986,
    0.0011014300504204044,
    0.1084758126359775,
    0.08056079321018439,
    0.1053818973633105
  ],
  "dipole_vec_eA": [
    -0.0008184339564889259,
    -0.16503992427182335,
    -1.3454690162018273e-06
  ],
  "dipole_mag_D": 0.792730216136917,
  "HOMO_eV": -17.620834169204212,
  "LUMO_eV": -17.57149852399032,
  "gap_eV": 0.049335645213890444
}