{
  "tag": "RMC-Os_3-Pt_2-A2-B10-NNNNOS",
  "energy_eV": -3325.9344775807417,
  "multiplicity": 2,
  "charge": 3,
  "sym1": "Os",
  "ox1": 3,
  "sym2": "Pt",
  "ox2": 2,
  "acid": "A2",
  "base": "B10",
  "bridge": [
    "O",
    "S"
  ],
  "S1_ref": 0.5,
  "S2_ref": 0.0,
  "mulliken_q_e": [
    0.31394031099115904,
    0.1515561740035467,
    -0.30663661640263995,
    0.10685037530267916,
    -0.08821723899745826,
    -0.08583208880324689,
    -0.049197982197325185,
    -0.019928404516468934,
    0.03445436804482216,
    0.01195112323195846,
    -0.004657451245906552,
    -0.0067356590444291875,
    -0.0042429407594690716,
    0.010381352681025247,
    0.09693226336714966,
    0.11300443905960833,
    0.09788758435760725,
    0.04321444885847403,
    0.04518029598000184,
    0.12404788336988393,
    0.1076132023072589,
    0.20187166250532185,
    -0.011540901946317517,
    -0.005797726421124638,
    -0.014642687466846382,
    -0.007751530902929016,
    -0.011982369086910305,
    0.09238406558951029,
    0.10853240138375142,
    0.09228847470791612,
    0.06317906607096901,
    0.06628781969775055,
    0.1055830455104273,
    0.09990337472840627,
    0.07307790001501635,
    0.0213547905733944,
    0.03608418955648074,
    -0.008233399445036094,
    0.000664364357888747,
    -0.03603783225142343,
    0.10843161363645626,
    0.10614331788425946,
    0.0799661826444924,
    -0.008152892142114343,
    0.036931285660874336,
    0.022806933196943158,
    0.07339870113670499,
    -0.037321084864046616,
    0.0005282264030126438,
    0.10920407576168412,
    0.08135893018786744,
    0.10641110351341476,
    0.07078171060595806,
    0.020606107387407757,
    0.03596440364325759,
    -0.007638722715277879,
    0.0004234212677023397,
    -0.03546641003094808,
    0.10846504861183037,
    0.1065897531662573,
    0.08028477454128469,
    -0.007798738325669907,
    0.037089558160117164,
    0.024872543266364344,
    0.06773480904327855,
    -0.03838832991409591,
    -0.00022044907776930245,
    0.10997764761825168,
    0.08218674502403933,
    0.1080395879512096
  ],
  "dipole_vec_eA": [
    -0.03122067081250428,
    -0.13787522151581674,
    1.4294895942419206e-06
  ],
  "dipole_mag_D": 0.6790091129599757,
  "HOMO_eV": -17.591285887146714,
  "LUMO_eV": -17.435841259442423,
  "gap_eV": 0.15544462770429135
}