{
  "tag": "RMC-Pb_2-Y_3-A2-B2-NNNNSS",
  "energy_eV": -2952.428860464849,
  "multiplicity": 1,
  "charge": 3,
  "sym1": "Pb",
  "ox1": 2,
  "sym2": "Y",
  "ox2": 3,
  "acid": "A2",
  "base": "B2",
  "bridge": [
    "S",
    "S"
  ],
  "S1_ref": 0.0,
  "S2_ref": 0.0,
  "mulliken_q_e": [
    0.6471711127433195,
    0.49435751759050384,
    -0.1882050268681802,
    -0.18819602161694274,
    -0.17652007230412714,
    -0.17649129800402497,
    -0.12289582678439825,
    -0.12288192644910767,
    0.08673536103098445,
    0.013883601057467665,
    -0.0048434612350680695,
    -0.010306022250046398,
    -0.0013706850123669234,
    0.014694561245900406,
    0.09731935690339621,
    0.11252133009790843,
    0.10140339981105906,
    0.07221999215104513,
    0.07181596017405112,
    0.10675031837432891,
    0.08040398983507402,
    0.08674281175865506,
    0.013881414509266943,
    -0.004844230501617197,
    -0.01031237897902626,
    -0.0013707423932451945,
    0.014709399644335042,
    0.09731436615855926,
    0.11251832421549568,
    0.10140621520235216,
    0.07222024177091568,
    0.07181747899357394,
    0.10674788754317355,
    0.0804053266363488,
    -0.005561795380808698,
    0.03480971384146381,
    -0.010523156602748607,
    0.055715467031482335,
    -0.015038953330825944,
    -0.012764070357654589,
    0.10074271896104359,
    0.07949805767382356,
    0.09980176770880489,
    0.05567638130803476,
    -0.0055581600212406546,
    -0.01276490525326901,
    -0.015022872814286492,
    0.10074113701668008,
    0.09980139573584046,
    0.07950581557220837,
    -0.00614521326063211,
    0.03919255931362442,
    0.006122702538022162,
    0.06372120453665198,
    -0.01686724177388088,
    -0.01079471193240722,
    0.10957058097026218,
    0.09036563898211092,
    0.10856270958745107,
    0.06371219764063651,
    -0.006146959608615221,
    -0.010796119875294607,
    -0.01686453654189468,
    0.10957111749360693,
    0.10856033767084461,
    0.09037491785396967
  ],
  "dipole_vec_eA": [
    0.731314165488123,
    0.00371513394397957,
    -2.3819669804886305e-09
  ],
  "dipole_mag_D": 3.512696647948972,
  "HOMO_eV": -17.73556949002527,
  "LUMO_eV": -17.562137076702015,
  "gap_eV": 0.17343241332325476
}