{
  "tag": "RMC-Hf_2-V_3-A2-B10-NNNNOS",
  "energy_eV": -3205.819088626379,
  "multiplicity": 1,
  "charge": 3,
  "sym1": "Hf",
  "ox1": 2,
  "sym2": "V",
  "ox2": 3,
  "acid": "A2",
  "base": "B10",
  "bridge": [
    "O",
    "S"
  ],
  "S1_ref": 1.0,
  "S2_ref": 1.0,
  "mulliken_q_e": [
    0.9190570283106216,
    0.24322091236804178,
    -0.39797997240138905,
    -0.07706005263915047,
    -0.12132060429665814,
    -0.15955334000513344,
    -0.08910845442328408,
    -0.07284288900958802,
    0.043386978098969076,
    0.016668112174131222,
    -0.001971285609432938,
    -0.010818482384977957,
    -0.008856852968520235,
    0.0036056589428736796,
    0.10007626558935834,
    0.1114777036628819,
    0.09186403161049372,
    0.03344216644701414,
    0.04385049267171359,
    0.1046560057983077,
    0.11466462052310333,
    0.19080276850673172,
    -0.0009422483809553572,
    -0.007916643734386053,
    -0.014456407601598054,
    -0.006981811720869535,
    -0.015365470166964768,
    0.09634826042429834,
    0.11282519314271089,
    0.09811961549663994,
    0.05295276713233843,
    0.06855241098983456,
    0.10648114420046795,
    0.11859798829685042,
    0.06362401706826426,
    -0.005654863730395032,
    0.02993270520302138,
    -0.009773392526351898,
    -0.004156871219382907,
    -0.039734250101755464,
    0.10707372409157834,
    0.10572644572599099,
    0.07943524597443197,
    -0.011277168278410077,
    0.03112739067965742,
    -0.010119505787131278,
    0.06342116900690309,
    -0.04236577172054945,
    -0.004625959607809982,
    0.10696676445902409,
    0.07992569303806019,
    0.10399010476731829,
    0.0667847939373265,
    0.013816147632869091,
    0.03146368070318584,
    -0.010935020729958334,
    -0.008114089766933619,
    -0.04253486034052201,
    0.10416829674341688,
    0.09912863150039486,
    0.07489470255275366,
    -0.009654290483776862,
    0.030160908451011936,
    0.011918921972158047,
    0.07078717033615645,
    -0.03709078018517542,
    -0.007386611578783064,
    0.10373060859392269,
    0.07838124811894887,
    0.10148945078291449
  ],
  "dipole_vec_eA": [
    -1.347402175835036,
    0.16155114082273841,
    9.198219918387917e-15
  ],
  "dipole_mag_D": 6.518200197658395,
  "solvation_E_eV": null
}