{
  "tag": "RMC-Os_2-W_2-A2-B5-NNNNOO",
  "energy_eV": -2032.0693252662318,
  "multiplicity": 1,
  "charge": 2,
  "sym1": "Os",
  "ox1": 2,
  "sym2": "W",
  "ox2": 2,
  "acid": "A2",
  "base": "B5",
  "bridge": [
    "O",
    "O"
  ],
  "S1_ref": 0.0,
  "S2_ref": 0.0,
  "mulliken_q_e": [
    0.3406116028588545,
    0.313116580531269,
    -0.2049157184440875,
    -0.20491131137599594,
    -0.20275057780363515,
    -0.20275755849716792,
    -0.05113683949414316,
    -0.051126346341741735,
    0.17635144010634574,
    0.0007716409332350072,
    -0.010309759085377346,
    -0.014019079902545473,
    -0.009008873066651102,
    0.004082917598982272,
    0.09841766132547614,
    0.1045804240796252,
    0.09697654996365956,
    0.06826186465490358,
    0.07376365057670542,
    0.10631952893558749,
    0.09412671383505022,
    0.17635047018189565,
    0.0007753659024831716,
    -0.010314832491141956,
    -0.0140179822084876,
    -0.009006523879903527,
    0.004073342712873851,
    0.09841551192543851,
    0.10458328522633575,
    0.09697286018032769,
    0.06824591958529869,
    0.07378169682515057,
    0.10632435193997536,
    0.09412163256206907,
    0.0109008688141925,
    0.01089758809890684,
    0.19064786902836617,
    0.19064778180213549,
    0.02773821615381178,
    0.027745982820883253,
    0.11233306407303734,
    0.11233901937115398
  ],
  "dipole_vec_eA": [
    -0.6202700957223017,
    8.905258405712315e-06,
    9.856695578501503e-08
  ],
  "dipole_mag_D": 2.979283972633759,
  "solvation_E_eV": null
}