{
  "tag": "RMC-Rh_3-Ru_2-A2-B7-NNNNSS",
  "energy_eV": -2182.997904862402,
  "multiplicity": 1,
  "charge": 3,
  "sym1": "Rh",
  "ox1": 3,
  "sym2": "Ru",
  "ox2": 2,
  "acid": "A2",
  "base": "B7",
  "bridge": [
    "S",
    "S"
  ],
  "S1_ref": 0.0,
  "S2_ref": 0.0,
  "mulliken_q_e": [
    -0.07087457078361559,
    -0.0577887965090379,
    0.17804424128610302,
    0.18964285234028672,
    0.0038032630173239212,
    0.01816581092886782,
    -0.028726369310628552,
    -0.015932435900474884,
    0.0506030162456661,
    0.025076290079872443,
    0.0027762523878462897,
    0.00597498165222099,
    0.003025234010888056,
    0.030527389725786058,
    0.11808070516167835,
    0.1313246880042358,
    0.12098520074890706,
    0.059966902999427196,
    0.047998290684207134,
    0.12553728493459004,
    0.11741755439600121,
    0.051080127855275714,
    0.023826152065183237,
    0.0019865349368302088,
    0.004414450251644775,
    0.0028410231892264104,
    0.026863244752564297,
    0.11703098180018978,
    0.13066025219559707,
    0.11946859567240775,
    0.05630897649003486,
    0.050728808774123335,
    0.12175771154030524,
    0.11345903713291117,
    0.02541297699272671,
    -0.006525302294526636,
    0.11186792045864569,
    0.13440353637792057,
    -0.026544407922583835,
    0.1493698807734002,
    0.14936988072962598,
    0.04655094690048278,
    -0.007424095715874657,
    0.11979394697672296,
    0.13321475127876448,
    0.00855805129814824,
    0.14294911573581282,
    0.1429491156772087
  ],
  "dipole_vec_eA": [
    0.7122916370703913,
    0.2472074453919756,
    5.807472850731139e-09
  ],
  "dipole_mag_D": 3.6214723579159442,
  "HOMO_eV": -19.25686816319588,
  "LUMO_eV": -18.603223108478613,
  "gap_eV": 0.6536450547172663
}