{
  "tag": "RMC-Hf_2-V_3-A2-B6-NNNNOS",
  "energy_eV": -2160.506710008062,
  "multiplicity": 1,
  "charge": 3,
  "sym1": "Hf",
  "ox1": 2,
  "sym2": "V",
  "ox2": 3,
  "acid": "A2",
  "base": "B6",
  "bridge": [
    "O",
    "S"
  ],
  "S1_ref": 1.0,
  "S2_ref": 1.0,
  "mulliken_q_e": [
    0.8578301286228527,
    0.21557371430528094,
    -0.3755546404729295,
    -0.05377697922844467,
    -0.1409767819764689,
    -0.18498685774663248,
    -0.08180886989035852,
    -0.06731628865340444,
    0.04671182000395002,
    0.01903124530542044,
    0.0040452236858417034,
    -0.0069650338673101775,
    -0.0020738405405535953,
    0.004824731335656196,
    0.11313319371125374,
    0.12069212577034105,
    0.10573664120771364,
    0.03653178032928195,
    0.06403675610717219,
    0.10753698712971227,
    0.11027316680564281,
    0.1899443409893904,
    0.0026675622424285894,
    -0.0016664481695549682,
    -0.0108858201298343,
    -0.0036408983220477253,
    -0.015070070671656222,
    0.11113378193225953,
    0.12290007290122318,
    0.10891233364952757,
    0.06432156287486235,
    0.07782143471283387,
    0.10352326315649563,
    0.12403200719741292,
    -0.09221911078330458,
    -0.02851223890876331,
    -0.02691134778650639,
    0.14705668198283128,
    0.11751398972165172,
    0.1273473365526231,
    0.12170398402930638,
    0.13192262773184948,
    0.12463077152445368,
    -0.08641598463948874,
    -0.026849500835633533,
    -0.03234998199722683,
    0.13387886204525046,
    0.1282363708076124,
    0.11057224046903125,
    0.1189473175001059,
    0.13122270893923582,
    0.13373392933140082
  ],
  "dipole_vec_eA": [
    -1.2038023335467747,
    0.14454184399766243,
    0.46103369813980377
  ],
  "dipole_mag_D": 6.230451148846962,
  "HOMO_eV": -17.681220840721164,
  "LUMO_eV": -17.655631452420366,
  "gap_eV": 0.025589388300797822
}