{
  "tag": "RMC-Ti_2-V_3-A2-B6-NNNNOO",
  "energy_eV": -2188.109824063706,
  "multiplicity": 1,
  "charge": 3,
  "sym1": "Ti",
  "ox1": 2,
  "sym2": "V",
  "ox2": 3,
  "acid": "A2",
  "base": "B6",
  "bridge": [
    "O",
    "O"
  ],
  "S1_ref": 1.0,
  "S2_ref": 1.0,
  "mulliken_q_e": [
    0.8753984588248246,
    0.3085132230894788,
    -0.34506986218812963,
    -0.34506906761859746,
    -0.15353776760293192,
    -0.15353540150770084,
    -0.07488432604013151,
    -0.07487969121376903,
    0.1812310056664348,
    0.0019554748864998306,
    0.002185276599293573,
    -0.006043990701913415,
    0.003619902167975697,
    -0.010281703330799807,
    0.11895741299486329,
    0.13065815069450415,
    0.11800582716547181,
    0.05978899488447387,
    0.08122815442972642,
    0.11308892776095925,
    0.1178006237304724,
    0.18123411499702047,
    0.0019576201285551598,
    0.0021910591434746163,
    -0.006044587682007663,
    0.0036216003697433496,
    -0.01028283179597378,
    0.1189570737359118,
    0.1306576627492737,
    0.11800640467099033,
    0.059796821752397644,
    0.08122685976119381,
    0.113089514095842,
    0.11780141610341854,
    -0.08226924704414729,
    -0.026131218852987637,
    -0.02613126271376487,
    0.13230884045795255,
    0.10217040596112359,
    0.11004939321715757,
    0.11004935568914187,
    0.11738426875098784,
    0.11738422845506247,
    -0.08664113901633597,
    -0.031674339299321064,
    -0.03167494987952346,
    0.1325174730199673,
    0.11835662667891123,
    0.11330782320558042,
    0.11330766027545391,
    0.12817193415062322,
    0.12817179622324937
  ],
  "dipole_vec_eA": [
    -0.6279945045276358,
    4.946690168770875e-05,
    0.12082178083142665
  ],
  "dipole_mag_D": 3.07170453370766,
  "HOMO_eV": -18.614933907768535,
  "LUMO_eV": -18.50696507151454,
  "gap_eV": 0.10796883625399545
}