{
  "tag": "RMC-Ag_1-Ti_2-A2-B4-NNNNNO",
  "energy_eV": -2070.133811572562,
  "multiplicity": 3,
  "charge": 0,
  "sym1": "Ag",
  "ox1": 1,
  "sym2": "Ti",
  "ox2": 2,
  "acid": "A2",
  "base": "B4",
  "bridge": [
    "N",
    "O"
  ],
  "S1_ref": 0.0,
  "S2_ref": 1.0,
  "mulliken_q_e": [
    0.18476455433312444,
    0.6466994728349599,
    -0.16458646464803772,
    -0.37266408610482515,
    -0.2856890426709453,
    -0.27411984871725537,
    -0.11928017205422159,
    -0.3394419589603672,
    0.18309039512132452,
    -0.03718066328804337,
    -0.02952047561696136,
    -0.04105781094832417,
    -0.03107424554529392,
    -0.025692120658947548,
    0.04495265633033918,
    0.04242533061041165,
    0.04373541690189131,
    0.09605229105817803,
    0.09590876169239726,
    0.041296739998335164,
    0.030368352134480858,
    0.07510590259554317,
    -0.019682227598289526,
    -0.031368966722992386,
    -0.036780371898862185,
    -0.03247792912541092,
    -0.011650990631768332,
    0.03515093432757188,
    0.03476466898399455,
    0.035685895075590945,
    0.019804993449553,
    0.09248008811020081,
    0.05206028842867527,
    0.02419306128773102,
    -0.06775925406641181,
    -0.06911904412272607,
    0.051351196609162986,
    0.051351196609161875,
    0.04733622123398229,
    0.047336221233980735,
    -0.0678985802602825,
    -0.07915972188330134,
    0.04547264978858134,
    0.04547264978858545,
    0.034672020428296646,
    0.034672020428297756
  ],
  "dipole_vec_eA": [
    0.145920273442167,
    -0.03459117211039868,
    -2.5336141191229675e-15
  ],
  "dipole_mag_D": 0.7203089117159921,
  "solvation_E_eV": null
}