{
  "tag": "RMC-Nb_3-Ti_3-A2-B5-NNNNOO",
  "energy_eV": -1925.4231231193878,
  "multiplicity": 2,
  "charge": 4,
  "sym1": "Nb",
  "ox1": 3,
  "sym2": "Ti",
  "ox2": 3,
  "acid": "A2",
  "base": "B5",
  "bridge": [
    "O",
    "O"
  ],
  "S1_ref": 1.0,
  "S2_ref": 0.5,
  "mulliken_q_e": [
    0.4302186700030185,
    1.0724699836250555,
    -0.26492966251357397,
    -0.2649239813806743,
    -0.1093083010699265,
    -0.10943359851309986,
    -0.26488117663815647,
    -0.26475831139500006,
    0.234724214329044,
    0.012273904260665658,
    0.018993763869952662,
    0.006908945970608871,
    0.020251354083441697,
    0.022063490872966884,
    0.1551354544164114,
    0.15795247021124392,
    0.15785335281970048,
    0.12176986479551166,
    0.11861568631166919,
    0.18244493320547217,
    0.2046248021133522,
    0.23473455013130406,
    0.012260448915976108,
    0.018986646989739953,
    0.006908484397002201,
    0.02026008497484244,
    0.022078938929053216,
    0.15513359774194324,
    0.15795167334541205,
    0.15785037007320502,
    0.12175267443758875,
    0.1186308882028515,
    0.18242841145331157,
    0.20464489891563753,
    0.010083477742090396,
    0.010089828142015422,
    0.19844221224305114,
    0.19844247891313005,
    0.010481510559733564,
    0.010476018956163236,
    0.25514867886621806,
    0.25514826669207014
  ],
  "dipole_vec_eA": [
    1.1870917314229588,
    4.79506132886061e-05,
    -4.820222965826317e-15
  ],
  "dipole_mag_D": 5.701844077904078,
  "HOMO_eV": -22.219216749853075,
  "LUMO_eV": -22.107232735220354,
  "gap_eV": 0.11198401463272134
}