{
  "tag": "RMC-Ag_1-Sn_2-A2-B4-NNNNNN",
  "energy_eV": -2060.3049933241664,
  "multiplicity": 1,
  "charge": -1,
  "sym1": "Ag",
  "ox1": 1,
  "sym2": "Sn",
  "ox2": 2,
  "acid": "A2",
  "base": "B4",
  "bridge": [
    "N",
    "N"
  ],
  "S1_ref": 0.0,
  "S2_ref": 0.0,
  "mulliken_q_e": [
    0.06751942599365568,
    0.4904110081908096,
    -0.20054204486173788,
    -0.20054445743583704,
    -0.1134381427680271,
    -0.11343713886917661,
    -0.4019571181249628,
    -0.4019592070879776,
    0.05878635092347606,
    -0.029597079794951187,
    -0.04494341878794139,
    -0.04934550939211291,
    -0.04583247472782781,
    -0.0371335185650159,
    0.001664311455147005,
    -0.006331922590436356,
    -0.006490655656225197,
    0.08750671970556101,
    -0.0019075090415079377,
    -0.03726698392112415,
    -0.00785458618185797,
    0.0587863467148213,
    -0.029596402306193426,
    -0.04494175410971635,
    -0.04934707274120975,
    -0.04583655846846568,
    -0.03713254155376067,
    0.0016616299232429244,
    -0.006329345087419114,
    -0.006485844629531279,
    0.08750754586663523,
    -0.0019072458264342007,
    -0.037266922520681645,
    -0.00785716413170734,
    -0.06221538379640412,
    -0.06221592967361911,
    0.05821307305184842,
    0.05821307305184431,
    0.05821296171608359,
    0.05821296171607926,
    -0.06912133543352494,
    -0.06912027963094847,
    0.03531526322127998,
    0.03531526322116518,
    0.03531480647588303,
    0.03531480647576957
  ],
  "dipole_vec_eA": [
    -1.51679308443803,
    2.2384592977789522e-05,
    -5.762429921106155e-12
  ],
  "dipole_mag_D": 7.285467020672582,
  "HOMO_eV": -4.549578245299858,
  "LUMO_eV": -4.12107386295729,
  "gap_eV": 0.4285043823425685
}