{
  "tag": "RMC-Ni_3-Ni_3-A2-B5-NNNNNN",
  "energy_eV": -2068.4193790444647,
  "multiplicity": 1,
  "charge": 2,
  "sym1": "Ni",
  "ox1": 3,
  "sym2": "Ni",
  "ox2": 3,
  "acid": "A2",
  "base": "B5",
  "bridge": [
    "N",
    "N"
  ],
  "S1_ref": 0.5,
  "S2_ref": 0.5,
  "mulliken_q_e": [
    -0.15706274429556644,
    -0.1791451110101493,
    0.1870161005910278,
    0.187041270612893,
    0.01921623904792802,
    0.019106184807845317,
    0.01846214562110826,
    0.018634915914089945,
    0.017806363939187664,
    0.002016695562309101,
    0.012081693237081748,
    -0.01446748314789037,
    0.012193817098075765,
    0.002250788916262403,
    0.10135249822158487,
    0.10302067334221832,
    0.10124739363796065,
    0.03135971347020172,
    0.031136597123401,
    0.12010045400580849,
    0.12186393444822918,
    0.017822324379321408,
    0.0020295997430586077,
    0.012086845901755572,
    -0.014473466186857742,
    0.012176532907516746,
    0.0022396865443561342,
    0.10133770213889326,
    0.10301894107730403,
    0.10124558957798413,
    0.03137626369238866,
    0.03112539845031992,
    0.12009427054958255,
    0.1218975432216779,
    -0.00744981080464191,
    -0.007606321216574674,
    0.15186116946240813,
    0.15208379211978862,
    -0.0004346170231348534,
    -0.00016459987973238555,
    0.15740740574216416,
    0.15709360845883813
  ],
  "dipole_vec_eA": [
    0.023648414958484146,
    -9.881928366149352e-05,
    2.4263338897074034e-15
  ],
  "dipole_mag_D": 0.11358915940781916,
  "solvation_E_eV": null
}