{
  "tag": "RMC-Ru_2-Zr_2-A2-B7-NNNNNN",
  "energy_eV": -2139.756515550575,
  "multiplicity": 3,
  "charge": 0,
  "sym1": "Ru",
  "ox1": 2,
  "sym2": "Zr",
  "ox2": 2,
  "acid": "A2",
  "base": "B7",
  "bridge": [
    "N",
    "N"
  ],
  "S1_ref": 0.0,
  "S2_ref": 1.0,
  "mulliken_q_e": [
    -0.1300273035112589,
    0.8122027779010558,
    -0.27219661269361306,
    -0.2686229218001137,
    -0.08437393830690443,
    -0.06801849176553021,
    -0.23419360438252523,
    -0.2107872995395903,
    0.10204465968612508,
    -0.028873899594527463,
    -0.05062491339555697,
    -0.04251659282873699,
    -0.05223590612927831,
    -0.014113675739835907,
    0.01922816463491972,
    0.02219681834444509,
    0.0208233284809769,
    0.014314181970137119,
    0.03353807106830198,
    0.02774236877290892,
    0.022762224528185104,
    0.10075885658226169,
    -0.0345523246121715,
    -0.04650353800814333,
    -0.044752411920607305,
    -0.04876543893333096,
    -0.014835042306131196,
    0.020469431261968762,
    0.02350084906922667,
    0.022257003546753085,
    0.028490788854718785,
    0.033601606686260554,
    0.027464688446327656,
    0.01808046872007718,
    0.03192823647810705,
    -0.05649910336331909,
    0.028108543716702572,
    0.03940990659050536,
    0.01646011593286123,
    0.05550927148125229,
    0.05550927146867135,
    0.02829626980913491,
    -0.08995847161858528,
    0.032427694943689245,
    0.037321819154932157,
    0.020247032590654745,
    0.048878520841605044,
    0.04887852084312416
  ],
  "dipole_vec_eA": [
    0.5085380519721675,
    0.24813650087618458,
    6.4541638132743905e-09
  ],
  "dipole_mag_D": 2.7178780727880225,
  "HOMO_eV": -7.6909960490907485,
  "LUMO_eV": -7.3148364590625725,
  "gap_eV": 0.376159590028176
}