{
  "tag": "RMC-V_3-W_2-A2-B6-NNNNNO",
  "energy_eV": -2196.3571301768166,
  "multiplicity": 3,
  "charge": 2,
  "sym1": "V",
  "ox1": 3,
  "sym2": "W",
  "ox2": 2,
  "acid": "A2",
  "base": "B6",
  "bridge": [
    "N",
    "O"
  ],
  "S1_ref": 1.0,
  "S2_ref": 0.0,
  "mulliken_q_e": [
    0.2978590561171818,
    0.10527814498174848,
    -0.16371657157230124,
    -0.19802926936080567,
    -0.0900352298698841,
    -0.12507542195068488,
    -0.05119938481369957,
    -0.08276934512805778,
    0.17942547754573446,
    -0.005293770334668713,
    -0.008473183574926102,
    -0.017537978112786012,
    -0.00590205355234108,
    -0.010602382556101908,
    0.09121066994444182,
    0.09894358330599462,
    0.09192388787876027,
    0.07337044892391376,
    0.07382531486668298,
    0.07515069963451337,
    0.07160523952854514,
    0.10492558990158529,
    0.013352742228180281,
    -0.002951605438655358,
    -0.012580872797050224,
    -0.0009496810920983645,
    0.0070045584908109415,
    0.09622575894145524,
    0.10292736233712207,
    0.09638804635821552,
    0.06098360721665852,
    0.05975420581435298,
    0.09124831200857952,
    0.09214379731475197,
    -0.07285250011468802,
    -0.018504274740527737,
    -0.0068930873388723946,
    0.09621297983820154,
    0.09533895011991145,
    0.0858276065730047,
    0.07229446214339341,
    0.10011521442940152,
    0.09148676806968992,
    -0.06773532824959494,
    -0.013219041564008327,
    -0.003571311928093124,
    0.09435793410733939,
    0.09594367773405632,
    0.08280961684596544,
    0.07201601332700958,
    0.09737048775947821,
    0.09057207985683813
  ],
  "dipole_vec_eA": [
    0.04747401159705856,
    -0.2584390297149143,
    0.06787564450671979
  ],
  "dipole_mag_D": 1.3035335086200162,
  "HOMO_eV": -15.317346562322054,
  "LUMO_eV": -15.309821912456819,
  "gap_eV": 0.007524649865235489
}