{
  "tag": "RMC-Mo_2-Ni_2-A2-B6-NNNNNN",
  "energy_eV": -2255.8820781756112,
  "multiplicity": 1,
  "charge": 0,
  "sym1": "Mo",
  "ox1": 2,
  "sym2": "Ni",
  "ox2": 2,
  "acid": "A2",
  "base": "B6",
  "bridge": [
    "N",
    "N"
  ],
  "S1_ref": 0.0,
  "S2_ref": 0.0,
  "mulliken_q_e": [
    0.33249461152864135,
    -0.3206454224455296,
    -0.15085467888290105,
    -0.15084989676201577,
    -0.18009691960799357,
    -0.18010755217848762,
    -0.04792300794762139,
    -0.0479284637268067,
    0.09847353244959067,
    -0.018169091863053488,
    -0.04593329995506745,
    -0.041597114724657436,
    -0.03962498026559813,
    -0.018306268919758617,
    0.023435549835654323,
    0.026550895771749183,
    0.027013899309843104,
    0.059708896083063845,
    0.01901027325387794,
    0.028365395669859295,
    0.014541899242818124,
    0.0984757489958541,
    -0.018170381329992047,
    -0.04593248519091819,
    -0.04159872660052266,
    -0.039626459970800054,
    -0.018310378001522132,
    0.023435163826384442,
    0.026552462341903782,
    0.0270143492902869,
    0.059708037987367346,
    0.01901760468254543,
    0.02836467554849642,
    0.014539060197263809,
    -0.06428145896201354,
    0.019912519543127116,
    0.019914024108722783,
    0.042024883969918436,
    0.0667282908363217,
    0.03151192944969616,
    0.03151187907143371,
    0.044094790777441495,
    0.044093457378345025,
    -0.0577544246011521,
    0.0068355965170106,
    0.0068359447812123,
    0.04265117851608613,
    0.07172744803385167,
    0.03367922172248494,
    0.033678984653478516,
    0.052905110670264155,
    0.052903690912187606
  ],
  "dipole_vec_eA": [
    0.28422006750016787,
    3.286227941478298e-05,
    0.029119311722544023
  ],
  "dipole_mag_D": 1.3723132206825879,
  "solvation_E_eV": null
}