{
  "tag": "RMC-Co_3-Sn_2-A2-B1-NNNNNO",
  "energy_eV": -2523.6547672630204,
  "multiplicity": 1,
  "charge": 2,
  "sym1": "Co",
  "ox1": 3,
  "sym2": "Sn",
  "ox2": 2,
  "acid": "A2",
  "base": "B1",
  "bridge": [
    "N",
    "O"
  ],
  "S1_ref": 0.0,
  "S2_ref": 0.0,
  "mulliken_q_e": [
    0.1843302009560207,
    0.5232288100529714,
    -0.20639068158986285,
    -0.25771592414398614,
    -0.04895324933740386,
    -0.06434923319291053,
    -0.14232160540046368,
    -0.10792564486123757,
    0.17241174653838187,
    -0.017636340694690222,
    -0.012539561600407145,
    -0.02193941145494782,
    -0.0067418166068962115,
    -0.0019739210839502253,
    0.08623345941294147,
    0.09723904831114083,
    0.09274694374773129,
    0.06848031552088663,
    0.06386858362708803,
    0.09465479637508689,
    0.08766380330184576,
    0.10994438948349616,
    -0.012309356358511936,
    -0.009566839520280368,
    -0.021653816312908525,
    -0.0030742659284395124,
    0.006683257692838174,
    0.08319615508767308,
    0.09413130660919178,
    0.09243392415315044,
    0.058325551671210896,
    0.055091783330055266,
    0.08872681157827811,
    0.09790049379328825,
    -0.02924829814385288,
    0.062281441674732374,
    0.06143084044677494,
    -0.0286637246367476,
    -0.011534558347334523,
    -0.010045605139069824,
    0.07774791952636029,
    0.07598310964102695,
    0.09359689575403374,
    0.09442882978987033,
    -0.025996825339539287,
    0.06306153728259578,
    0.055337965778332165,
    -0.02354134964517418,
    -0.010967608316038602,
    -0.007378801380963029,
    0.0771762743885267,
    0.07567863650503115,
    0.09388377676478998,
    0.0945698394927148
  ],
  "dipole_vec_eA": [
    0.4782680626590621,
    -0.1920621473763463,
    -2.1182837401218086e-08
  ],
  "dipole_mag_D": 2.4755297678973576,
  "HOMO_eV": -15.343175843123714,
  "LUMO_eV": -14.79831959581278,
  "gap_eV": 0.5448562473109337
}