{
  "tag": "RMC-Fe_3-Ru_2-A2-B6-NNNNNO",
  "energy_eV": -2248.289749199346,
  "multiplicity": 2,
  "charge": 2,
  "sym1": "Fe",
  "ox1": 3,
  "sym2": "Ru",
  "ox2": 2,
  "acid": "A2",
  "base": "B6",
  "bridge": [
    "N",
    "O"
  ],
  "S1_ref": 0.5,
  "S2_ref": 0.0,
  "mulliken_q_e": [
    0.7776229440595689,
    0.006806120784594749,
    -0.2292365932814715,
    -0.23297356055247453,
    -0.17016022262460528,
    -0.18041501079069433,
    -0.04374196275621389,
    -0.07653085673355364,
    0.16845453219371076,
    -0.0040289169941023495,
    -0.013483420848287908,
    -0.01657861378760117,
    -0.010994006527778266,
    -0.01615611916211912,
    0.09099739763873516,
    0.09916069279213069,
    0.09182199400081059,
    0.06597500617799401,
    0.06709473191454962,
    0.07600384820572825,
    0.07717260218501842,
    0.10842325490618143,
    0.01311761926419952,
    -0.01083276779001996,
    -0.009861858188118244,
    -0.009642622557774372,
    -0.0011863681839534568,
    0.09430086581435515,
    0.10140162452693025,
    0.09302797470888846,
    0.055000255193867975,
    0.059068247747285474,
    0.09120347383555749,
    0.08691680716373318,
    -0.08533353511407271,
    -0.02091038972827608,
    -0.014530566372474851,
    0.09464863939996815,
    0.075123696300061,
    0.08113482252789705,
    0.07385316539120146,
    0.08720021430182134,
    0.08371873648282346,
    -0.07251703989264202,
    -0.017649739488738492,
    -0.008469978145953627,
    0.09296091948185614,
    0.08958497025744128,
    0.08331450876415236,
    0.07256148440265708,
    0.09725196207313336,
    0.09031104328845285
  ],
  "dipole_vec_eA": [
    -0.15174029588263793,
    -0.20671274078062107,
    0.04310362296353393
  ],
  "dipole_mag_D": 1.2489550031852663,
  "HOMO_eV": -15.43669409419368,
  "LUMO_eV": -14.944958562323396,
  "gap_eV": 0.4917355318702832
}