{
  "tag": "RMC-In_1-Mn_2-A2-B4-NNNNOS",
  "energy_eV": -2030.559049864854,
  "multiplicity": 2,
  "charge": 1,
  "sym1": "In",
  "ox1": 1,
  "sym2": "Mn",
  "ox2": 2,
  "acid": "A2",
  "base": "B4",
  "bridge": [
    "O",
    "S"
  ],
  "S1_ref": 0.0,
  "S2_ref": 0.5,
  "mulliken_q_e": [
    0.3622197102236847,
    0.373336902555659,
    -0.2985672929588785,
    0.15377074978905794,
    -0.27641857375821854,
    -0.21242660277833836,
    -0.171469105366149,
    -0.22532884236333128,
    0.019045349279555923,
    0.008641124383090837,
    -0.0180263955723321,
    -0.021117058720799164,
    -0.013352530802734242,
    -5.803489545774809e-05,
    0.07339182834838953,
    0.07341638271084161,
    0.07254645579285535,
    0.07464410774481611,
    0.055215110001691325,
    0.10098360488212899,
    0.07767186698241613,
    0.1761559781954254,
    -0.006134703012552478,
    -0.02335115311921765,
    -0.02646296453454422,
    -0.0246305001335565,
    -0.011557135501183868,
    0.07096275981998557,
    0.0704938513599741,
    0.06588423106663921,
    0.06623784688730461,
    0.1019085906699071,
    0.10429519204207738,
    0.07182046661370023,
    -0.07462982532720397,
    -0.07310042243639248,
    0.07680489957945746,
    0.07680490901177861,
    0.07101352561280727,
    0.07101353476591477,
    -0.08212164817972334,
    -0.07852254819575144,
    0.04019770175293069,
    0.04019773433205831,
    0.044300452889851294,
    0.044300470363401456
  ],
  "dipole_vec_eA": [
    -1.2479445128682316,
    -0.03674248209602323,
    2.8739296971803225e-06
  ],
  "dipole_mag_D": 5.996729871825152,
  "solvation_E_eV": null
}