{
  "tag": "RMC-Pb_2-Re_3-A2-B1-NNNNOS",
  "energy_eV": -2509.8616496419177,
  "multiplicity": 1,
  "charge": 3,
  "sym1": "Pb",
  "ox1": 2,
  "sym2": "Re",
  "ox2": 3,
  "acid": "A2",
  "base": "B1",
  "bridge": [
    "O",
    "S"
  ],
  "S1_ref": 0.0,
  "S2_ref": 0.0,
  "mulliken_q_e": [
    0.7482821531835884,
    0.13491090784082727,
    -0.33248708205963085,
    0.1863007017890132,
    -0.15016222423924064,
    -0.14537581320521187,
    0.016565941393159145,
    -0.10137430193218622,
    0.007157225767364217,
    0.03429209830183533,
    0.00662397264905068,
    -0.0011119178307086308,
    -0.011481080010127709,
    0.01988811566613191,
    0.12364846608641489,
    0.12491829370652086,
    0.10860724276361033,
    -0.012737143450839872,
    0.0627985484591933,
    0.12918684336601371,
    0.10395631279559248,
    0.18166451364591585,
    -0.00035156900871724517,
    -0.0008729652831609425,
    -0.011099724150895662,
    -0.0015221612153426545,
    -0.015908591636862868,
    0.10997702270519338,
    0.11989827362199923,
    0.10415221880873904,
    0.06494562958042893,
    0.0713635996833415,
    0.125895531994745,
    0.09582342503293162,
    -0.02678537649288737,
    0.06093941709540052,
    0.05772117932962462,
    -0.02528756744905425,
    -0.00194517306667219,
    0.0015728855286814003,
    0.08508659434900112,
    0.08453484503919606,
    0.11308007012638266,
    0.11356528426158596,
    -0.013739327845143867,
    0.06807106902579974,
    0.10301191323296566,
    -0.006160870931787299,
    0.001195521656979004,
    0.0029580106928686067,
    0.10978674919794207,
    0.12060848114217393,
    0.12881691618472457,
    0.1265969141051757
  ],
  "dipole_vec_eA": [
    -0.2088112109337216,
    -0.46597157808580336,
    0.9644084793489678
  ],
  "dipole_mag_D": 5.2414719798808145,
  "solvation_E_eV": null
}