{
  "tag": "RMC-Hf_2-Y_3-A2-B2-NNNNOO",
  "energy_eV": -2980.099570095163,
  "multiplicity": 3,
  "charge": 3,
  "sym1": "Hf",
  "ox1": 2,
  "sym2": "Y",
  "ox2": 3,
  "acid": "A2",
  "base": "B2",
  "bridge": [
    "O",
    "O"
  ],
  "S1_ref": 1.0,
  "S2_ref": 0.0,
  "mulliken_q_e": [
    0.6148781937065488,
    0.4645895385454145,
    -0.3372494149058063,
    -0.3372530489452774,
    -0.10474116275001633,
    -0.10474627851288987,
    -0.08526732630439215,
    -0.08526623206492978,
    0.1812655588910448,
    -0.007072175156506155,
    -0.006151804423542684,
    -0.013989507287623049,
    -0.006817076282478185,
    -0.007770859101441152,
    0.09986735882119124,
    0.11525148513802508,
    0.09924356332834516,
    0.05997870134770711,
    0.05244246632662852,
    0.10995503848868449,
    0.11110527101207279,
    0.1812714537739779,
    -0.007073648482391448,
    -0.006152808620543571,
    -0.013990414691108954,
    -0.006816163397945552,
    -0.007772656653099785,
    0.09986464338877477,
    0.11525199391057905,
    0.0992423563532202,
    0.05997471200345772,
    0.05244650215329272,
    0.10995485657095372,
    0.11110633282316518,
    -0.004627656351812837,
    0.0356827659563137,
    0.01083666254465765,
    0.06528267741110816,
    -0.024215899555042997,
    -0.011066442492457584,
    0.10888953335971518,
    0.08432355213658327,
    0.10490171775907486,
    0.0652858349228187,
    -0.004626172830022979,
    -0.01106464568182286,
    -0.0242218134348684,
    0.10888830391401993,
    0.1048994100157854,
    0.08432390698148273,
    -0.0037026725105857583,
    0.03638065581426253,
    0.014152203498971838,
    0.06392697358747701,
    -0.020833294429839055,
    -0.010701710131375997,
    0.10876553120752797,
    0.0852586096960174,
    0.10549836579064209,
    0.06393028150331226,
    -0.003704035979297249,
    -0.010705376515689036,
    -0.020842056510096185,
    0.10876690140890477,
    0.10550032540035148,
    0.08525811353836787
  ],
  "dipole_vec_eA": [
    -0.06912822018841766,
    0.0037442170563609413,
    -1.324103281098274e-15
  ],
  "dipole_mag_D": 0.3325236491679387,
  "HOMO_eV": -17.01972727038184,
  "LUMO_eV": -16.997749386793373,
  "gap_eV": 0.021977883588466085
}