{
  "tag": "RMC-Co_3-Y_3-A2-B10-NNNNSS",
  "energy_eV": -3203.9798528087244,
  "multiplicity": 1,
  "charge": 4,
  "sym1": "Co",
  "ox1": 3,
  "sym2": "Y",
  "ox2": 3,
  "acid": "A2",
  "base": "B10",
  "bridge": [
    "S",
    "S"
  ],
  "S1_ref": 0.0,
  "S2_ref": 0.0,
  "mulliken_q_e": [
    0.13104643953648998,
    0.5238354076472879,
    -0.02929524745268583,
    -0.029294753684644514,
    -0.06593981481982625,
    -0.06594007660084356,
    -0.10753153705707796,
    -0.10753039989587188,
    0.07236767034525937,
    0.013803257070441166,
    0.0053440951718484175,
    -0.0008975579637258146,
    0.004489593034993522,
    0.01978856827227715,
    0.11228336045848497,
    0.12995833403376456,
    0.11071738440120626,
    0.07242544702239395,
    0.06474174882882688,
    0.11601326130129608,
    0.11222858533485924,
    0.07236754796107969,
    0.013803984438484518,
    0.005343889750403674,
    -0.0008975291356714266,
    0.004489725824167845,
    0.019787918697765194,
    0.11228379699854474,
    0.12995832461761436,
    0.11071667074780156,
    0.07242481735118655,
    0.06474250675390536,
    0.11601380993123955,
    0.11222769692665446,
    0.08727313388877733,
    0.043107831217770176,
    0.056070416368791065,
    0.002981563589194547,
    0.018943459162599652,
    -0.02012710778445337,
    0.13620499610144476,
    0.13412706219249693,
    0.10395377794181448,
    0.0029811904231040742,
    0.05606949544192741,
    0.04310812314821444,
    0.08727271644181278,
    -0.020125935950032536,
    0.018942127744662418,
    0.1362057559157449,
    0.1039537348222338,
    0.13412659958579798,
    0.07714138562041972,
    0.010193462967065692,
    0.04646230593134115,
    0.0007900293906799583,
    0.009368324166044939,
    -0.02316172823147733,
    0.1302256209338325,
    0.12895869901651624,
    0.09954908662166051,
    0.0007899475086559082,
    0.04646272172721311,
    0.010193007673489074,
    0.07714124572240255,
    -0.02316213819997981,
    0.009368795968551558,
    0.13022552933449483,
    0.09954915135072995,
    0.12895868739310723
  ],
  "dipole_vec_eA": [
    0.11773414053798636,
    2.972362603709e-06,
    -3.0836982710978012e-15
  ],
  "dipole_mag_D": 0.5655011267370559,
  "HOMO_eV": -20.26389297217051,
  "LUMO_eV": -20.18711553393939,
  "gap_eV": 0.07677743823111882
}