{
  "tag": "RMC-Cu_2-Pt_2-A2-B2-NNNNNN",
  "energy_eV": -3110.9087235531447,
  "multiplicity": 2,
  "charge": 0,
  "sym1": "Cu",
  "ox1": 2,
  "sym2": "Pt",
  "ox2": 2,
  "acid": "A2",
  "base": "B2",
  "bridge": [
    "N",
    "N"
  ],
  "S1_ref": 0.5,
  "S2_ref": 0.0,
  "mulliken_q_e": [
    0.2905218843630549,
    -0.07962081706522373,
    -0.20964877811810223,
    -0.2096871515595189,
    -0.16268425910790318,
    -0.16268765659984785,
    -0.06687959940688382,
    -0.06688489528125707,
    0.10843464577856476,
    -0.014700677356736636,
    -0.029316095977974133,
    -0.044462183709576,
    -0.027982530711833098,
    -0.02941092315526883,
    0.031424363365636476,
    0.032773219401220466,
    0.029701490996441926,
    0.04475439585310492,
    0.048208537191899214,
    0.04254763178472154,
    0.04967006221381487,
    0.10846285860837446,
    -0.014700696205032893,
    -0.02916910327455491,
    -0.04447849213357924,
    -0.027840002808692477,
    -0.029395506865660836,
    0.031413570095624066,
    0.03276537647458744,
    0.0296942757197024,
    0.04486108542520162,
    0.04831796178258929,
    0.04253708983186355,
    0.04966282343568318,
    -0.043430104048559626,
    0.01268780078365972,
    -0.005206516475124934,
    0.0708206041809194,
    -0.056274631268215636,
    -0.03190304881126549,
    0.03497493086161618,
    0.035345210824767825,
    0.0323646119610731,
    0.07083406576513007,
    -0.04342445950733831,
    -0.03189636700097642,
    -0.05623798469991259,
    0.034968796143241665,
    0.032357143387557574,
    0.03533574300971043,
    -0.04246104092809322,
    0.012004502287515484,
    0.0008444166481846871,
    0.06660336817056822,
    -0.056370181835180944,
    -0.03199836992198568,
    0.035083841335025845,
    0.036514675404226926,
    0.032429466463330114,
    0.06661192333001797,
    -0.042452464713950366,
    -0.03199183363417646,
    -0.0563386583277663,
    0.0350770243121129,
    0.032420820450024146,
    0.036504807759102365
  ],
  "dipole_vec_eA": [
    -0.040634951133546655,
    0.001846784815169952,
    -5.038434336897799e-16
  ],
  "dipole_mag_D": 0.1953794405330115,
  "HOMO_eV": -8.192182144528346,
  "LUMO_eV": -8.16216428433121,
  "gap_eV": 0.030017860197135704
}