{
  "tag": "RMC-Cr_3-Zn_2-A2-B4-NNNNNS",
  "energy_eV": -1944.5989063287984,
  "multiplicity": 2,
  "charge": 2,
  "sym1": "Cr",
  "ox1": 3,
  "sym2": "Zn",
  "ox2": 2,
  "acid": "A2",
  "base": "B4",
  "bridge": [
    "N",
    "S"
  ],
  "S1_ref": 0.5,
  "S2_ref": 0.0,
  "mulliken_q_e": [
    0.5529017486512477,
    0.2808768668402981,
    -0.12374137895985693,
    0.26420634511930574,
    -0.049212175615781506,
    -0.2821887411788453,
    -0.2807781220208416,
    -0.16461218066521832,
    0.010526909689474895,
    0.01043680713683992,
    0.0008320818351141845,
    -0.010006685450506758,
    0.0014788767791129587,
    0.014362076401921664,
    0.1022663939512114,
    0.10762897954417072,
    0.10412950517480724,
    0.057702470715562004,
    0.09697737276426999,
    0.10928240355819296,
    0.11385637710723395,
    0.07858243374887719,
    0.007434425763634733,
    -0.011085693766147875,
    -0.010361678136645347,
    -0.00910418647298017,
    0.011992112196798965,
    0.08442184325789293,
    0.09488484673480002,
    0.09345058267518913,
    0.10655770281627941,
    0.026454980403432415,
    0.05697954097994018,
    0.10708986002540088,
    -0.07229218299574569,
    -0.08072787461017805,
    0.06407132542251226,
    0.06407132562643392,
    0.06410385346606506,
    0.06410385340724312,
    -0.04819173224969697,
    -0.050620288398598445,
    0.1084360121176664,
    0.1084360119788782,
    0.11219349732669026,
    0.11219349733431494
  ],
  "dipole_vec_eA": [
    1.6298695611721616,
    -0.7422133406914726,
    1.5160319535305286e-09
  ],
  "dipole_mag_D": 8.602102269924814,
  "solvation_E_eV": null
}