{
  "tag": "RMC-Pb_2-Zn_2-A2-B2-NNNNNO",
  "energy_eV": -2978.2117749592962,
  "multiplicity": 1,
  "charge": 1,
  "sym1": "Pb",
  "ox1": 2,
  "sym2": "Zn",
  "ox2": 2,
  "acid": "A2",
  "base": "B2",
  "bridge": [
    "N",
    "O"
  ],
  "S1_ref": 0.0,
  "S2_ref": 0.0,
  "mulliken_q_e": [
    0.6079745722529588,
    0.29652630770570976,
    -0.35718445298593826,
    -0.382586793794885,
    -0.20214928450092384,
    -0.19628168918330124,
    -0.1376717928932969,
    -0.12209816505053794,
    0.19385315179174545,
    -0.02134053255761792,
    -0.020356098942383438,
    -0.03646145093022035,
    -0.019185301056494186,
    -0.032811815014836876,
    0.05738862404644296,
    0.0637049752562201,
    0.05828812862656174,
    0.06859593029431599,
    0.06790059665330017,
    0.06481975415811714,
    0.04424035664665904,
    0.11837735999746224,
    -0.016672295179619212,
    -0.015956976703666248,
    -0.035572478479048764,
    -0.015389246459223793,
    -0.023854620356874134,
    0.05156051146325202,
    0.05801872224303595,
    0.05171207455745719,
    0.062426846617979814,
    0.058922388968560835,
    0.06042542851783639,
    0.04773105449039605,
    -0.025923437057410403,
    0.01930732574638916,
    -0.0042819213710505455,
    0.06918276170986282,
    -0.03530299620105781,
    -0.02688203890537899,
    0.05918946217315235,
    0.04962520635217327,
    0.0561199256727315,
    0.06821337048179532,
    -0.028927148741941355,
    -0.02643714141792919,
    -0.03771700628313246,
    0.05807862633948391,
    0.055989806954057975,
    0.05067048187123058,
    -0.02683529382560801,
    0.019050055404630672,
    0.003007938572164859,
    0.0659565984355619,
    -0.0425917352796239,
    -0.026350117745881807,
    0.06048855817147436,
    0.05231723638690411,
    0.05634745702166277,
    0.06942509787054973,
    -0.029476922328754762,
    -0.025243258731982188,
    -0.04303311363544937,
    0.059313673437887404,
    0.05681136912328688,
    0.05301338830941171
  ],
  "dipole_vec_eA": [
    -0.05027306695037778,
    -0.2495719924086767,
    -1.7976902365922053e-08
  ],
  "dipole_mag_D": 1.2228241216075522,
  "HOMO_eV": -11.75345517847816,
  "LUMO_eV": -10.90321154558138,
  "gap_eV": 0.8502436328967793
}