{
  "tag": "RMC-Ir_2-Ir_3-A2-B5-NNNNOS",
  "energy_eV": -2038.176564958041,
  "multiplicity": 2,
  "charge": 3,
  "sym1": "Ir",
  "ox1": 2,
  "sym2": "Ir",
  "ox2": 3,
  "acid": "A2",
  "base": "B5",
  "bridge": [
    "O",
    "S"
  ],
  "S1_ref": 0.5,
  "S2_ref": 0.0,
  "mulliken_q_e": [
    0.3307678455423799,
    0.3317576222798435,
    -0.27236312297158305,
    0.18578334306487854,
    -0.09025886980016162,
    -0.09739962894592602,
    -0.09064640104498478,
    -0.09946226027640992,
    0.032380235495500065,
    0.0273248306970284,
    0.0013941478500887339,
    0.008481766545453073,
    0.001358058469750567,
    0.02724137632573531,
    0.12273583809131905,
    0.13203878810341263,
    0.1227512541869008,
    0.07475179037945145,
    0.07409774276209413,
    0.16030254408731737,
    0.16071539470662477,
    0.20940215491110137,
    0.0062423845151404755,
    -0.004913971029644859,
    0.0004306238327118628,
    -0.005472392762123635,
    0.005995411542213835,
    0.1136206387707317,
    0.12574338578027,
    0.11298957682431954,
    0.08590470398368977,
    0.08532489733882698,
    0.15590942835155097,
    0.15556238470198458,
    0.02432593285902973,
    0.0325653446002494,
    0.1612920931129448,
    0.18715056365586968,
    0.024404904531050375,
    0.03257509313277085,
    0.1609598502539047,
    0.18623469605799325
  ],
  "dipole_vec_eA": [
    0.012685571094843596,
    0.8051565601874094,
    1.1241909767650393e-14
  ],
  "dipole_mag_D": 3.8678113976125554,
  "solvation_E_eV": null
}