{
  "tag": "RMC-Ru_2-Zr_2-A2-B5-NNNNSS",
  "energy_eV": -1955.03414143243,
  "multiplicity": 3,
  "charge": 2,
  "sym1": "Ru",
  "ox1": 2,
  "sym2": "Zr",
  "ox2": 2,
  "acid": "A2",
  "base": "B5",
  "bridge": [
    "S",
    "S"
  ],
  "S1_ref": 0.0,
  "S2_ref": 1.0,
  "mulliken_q_e": [
    -0.08564923715014738,
    0.8060183742877016,
    0.13084296090987393,
    0.13084085189432598,
    -0.08882953722350417,
    -0.08882917302670723,
    -0.3513931467207716,
    -0.3513913236397399,
    0.035604610858000374,
    0.0015751903220442287,
    -0.009337296085649927,
    -0.013645218968064032,
    -0.007989951133164253,
    0.011607920001151184,
    0.08614658187930557,
    0.09372387164056128,
    0.09220774561891887,
    0.1100889472901343,
    0.05304698401906616,
    0.07373530144067364,
    0.11027505177081476,
    0.03560493854337565,
    0.001576892043007705,
    -0.009337243341535073,
    -0.013644751300029068,
    -0.007989678773836939,
    0.011607737973879262,
    0.08614721776190903,
    0.09372378554773753,
    0.09220809726180801,
    0.11008655578020354,
    0.05304658100017656,
    0.07373771826857756,
    0.11027510370474602,
    -0.012334837192162995,
    -0.012334983780644793,
    0.15384939394834884,
    0.153849384654843,
    -0.02102454348936056,
    -0.02102379545218591,
    0.19166340275483285,
    0.19166351612192267
  ],
  "dipole_vec_eA": [
    1.6222536214774945,
    1.1915598672809723e-05,
    -1.9558774830597107e-06
  ],
  "dipole_mag_D": 7.79201552191952,
  "HOMO_eV": -14.419267270386403,
  "LUMO_eV": -14.225663394928082,
  "gap_eV": 0.19360387545832047
}