{
  "tag": "RMC-Cu_1-Mn_3-A2-B4-NNNNNN",
  "energy_eV": -2073.2155982541867,
  "multiplicity": 1,
  "charge": 0,
  "sym1": "Cu",
  "ox1": 1,
  "sym2": "Mn",
  "ox2": 3,
  "acid": "A2",
  "base": "B4",
  "bridge": [
    "N",
    "N"
  ],
  "S1_ref": 0.0,
  "S2_ref": 0.0,
  "mulliken_q_e": [
    0.18267459203357939,
    -0.01987599835905507,
    -0.021038734019173777,
    -0.021106223265478397,
    -0.25203244483388976,
    -0.2520277345718436,
    -0.053270986439748924,
    -0.05318860234409728,
    0.06245873810729985,
    -0.013395186662205516,
    -0.032407700414621265,
    -0.032493279543339915,
    -0.031690178432288274,
    -0.008106192537863377,
    0.03785272159642461,
    0.03860208631929907,
    0.04084183726316071,
    0.009633782682328729,
    0.08413433938677572,
    0.04952535790880763,
    0.03532665770647614,
    0.0624497358772782,
    -0.013394744835272254,
    -0.032395017164806195,
    -0.03249575653992132,
    -0.03168045080566495,
    -0.008117912238676084,
    0.0378532745738559,
    0.03860011352670456,
    0.04083652544508787,
    0.009648758832055071,
    0.0841543144924406,
    0.04952293930924956,
    0.0352933301709355,
    -0.0710306214241907,
    -0.07105850400306091,
    0.03706502336905515,
    0.03706502336905426,
    0.03704920610728313,
    0.03704920610728202,
    -0.07322991375719279,
    -0.0732299608337601,
    0.03740644434347562,
    0.03740644434347706,
    0.03740784507738881,
    0.03740784507738826
  ],
  "dipole_vec_eA": [
    0.7326737180304801,
    0.00012209281793692457,
    2.5262703100820315e-15
  ],
  "dipole_mag_D": 3.5191815798227157,
  "solvation_E_eV": null
}