{
  "tag": "RMC-Pb_2-Rh_3-A2-B6-NNNNNS",
  "energy_eV": -2223.881095017449,
  "multiplicity": 1,
  "charge": 2,
  "sym1": "Pb",
  "ox1": 2,
  "sym2": "Rh",
  "ox2": 3,
  "acid": "A2",
  "base": "B6",
  "bridge": [
    "N",
    "S"
  ],
  "S1_ref": 0.0,
  "S2_ref": 0.0,
  "mulliken_q_e": [
    0.6069451479943486,
    -0.021312274719998858,
    -0.23287368920693452,
    -0.022826025091095298,
    -0.13564693486798052,
    -0.16558167591399564,
    -0.016033862003726362,
    -0.0571258131715322,
    0.05474768220744841,
    0.012448261119410331,
    -0.010398165360150369,
    -0.013355848732306441,
    -0.007262459877403371,
    0.004919933183924252,
    0.08824799798120564,
    0.09602284289746643,
    0.08815885312929062,
    0.05929799112191314,
    0.07488122828523447,
    0.07598342911129197,
    0.06877643916435683,
    0.11478871330157325,
    0.016357905758461744,
    -0.010847186619665328,
    -0.006783587023331483,
    -0.005755248110429045,
    -0.001097645453178142,
    0.08785151968000848,
    0.09745217912132798,
    0.0862919324861835,
    0.049931488867028584,
    0.07253131480427899,
    0.08007618918684667,
    0.07831203706742396,
    -0.0813229728595164,
    -0.013599351725896769,
    -0.00849644709370101,
    0.08970266061265653,
    0.08451630208110827,
    0.07854170336639421,
    0.07055198896420756,
    0.07156266176750203,
    0.06942553646167904,
    -0.0725245304830977,
    -0.017164377095179484,
    -0.012769600453161445,
    0.09140239727390709,
    0.09570847403213667,
    0.08331605389694974,
    0.07469430786129794,
    0.09738545833289525,
    0.09194706474312642
  ],
  "dipole_vec_eA": [
    -0.2826040029610868,
    0.08063196944551053,
    -0.8095049188816248
  ],
  "dipole_mag_D": 4.136517595037472,
  "HOMO_eV": -15.568137290778141,
  "LUMO_eV": -15.29888479456803,
  "gap_eV": 0.26925249621011105
}