{
  "tag": "RMC-Bi_3-Ti_3-A2-B2-NNNNNO",
  "energy_eV": -2980.6541432342974,
  "multiplicity": 1,
  "charge": 3,
  "sym1": "Bi",
  "ox1": 3,
  "sym2": "Ti",
  "ox2": 3,
  "acid": "A2",
  "base": "B2",
  "bridge": [
    "N",
    "O"
  ],
  "S1_ref": 0.5,
  "S2_ref": 0.5,
  "mulliken_q_e": [
    0.8481340742654804,
    0.8496239466733542,
    -0.43448227059842304,
    -0.4308034770374112,
    -0.1409909673727876,
    -0.19306208583475115,
    -0.15315564087987954,
    -0.14398199306442572,
    0.17232367406382298,
    -0.00163845667008089,
    -0.007120293569072622,
    -0.013885003420832653,
    -0.007580597960325397,
    -0.02174480273010171,
    0.10129047798378965,
    0.11515339143374437,
    0.09868073045660397,
    0.062399637964217325,
    0.048974025284526546,
    0.10883773082712844,
    0.0887176551237483,
    0.1266376229081665,
    -0.0019616565677746944,
    -0.00032769059334647466,
    -0.009421379315979639,
    -0.004195710428020805,
    -0.010593201282096398,
    0.10004017036286139,
    0.11469206771322904,
    0.09658229710931132,
    0.05546070617330123,
    0.042611726187240295,
    0.11263026505562213,
    0.10581036788238851,
    -0.0042225558466122415,
    0.03405796764554636,
    -0.001600151061662558,
    0.06632975292176724,
    -0.017330144244785517,
    -0.010438565269950573,
    0.10412891642356226,
    0.0770020051566439,
    0.10208414802550347,
    0.05688224391764107,
    -0.00318134825586025,
    -0.011843736934073368,
    -0.019537505439991998,
    0.10579028527713308,
    0.1027561087341009,
    0.07836867664559288,
    -0.005348618888673995,
    0.03427816018462915,
    0.007068517809175612,
    0.06215176345259521,
    -0.0263857766490887,
    -0.012152504758837779,
    0.10752497439512188,
    0.08366619182031687,
    0.10311587938559741,
    0.06348918972658191,
    -0.006046983127877104,
    -0.012358371252570777,
    -0.02701633755401711,
    0.10750182337865988,
    0.10303968596297053,
    0.08457096846167977
  ],
  "dipole_vec_eA": [
    -0.060799437450651264,
    0.07052456623539638,
    -2.409390858408816e-05
  ],
  "dipole_mag_D": 0.44724735807586563,
  "HOMO_eV": -17.297412937184774,
  "LUMO_eV": -17.268847582164323,
  "gap_eV": 0.028565355020450767
}