{
  "tag": "RMC-In_1-Ni_2-A2-B6-NNNNOO",
  "energy_eV": -2285.69922577794,
  "multiplicity": 1,
  "charge": 1,
  "sym1": "In",
  "ox1": 1,
  "sym2": "Ni",
  "ox2": 2,
  "acid": "A2",
  "base": "B6",
  "bridge": [
    "O",
    "O"
  ],
  "S1_ref": 0.0,
  "S2_ref": 0.0,
  "mulliken_q_e": [
    0.35172341684739944,
    -0.0432380524851359,
    -0.26007512799556665,
    -0.2600755225898894,
    -0.1546473230862877,
    -0.15464767488830722,
    -0.030052003341931366,
    -0.030051054012281364,
    0.18996099695462898,
    -0.02708532271006603,
    -0.022790068050011048,
    -0.0364827193663253,
    -0.01854299161297357,
    -0.02212635125251672,
    0.05788673293273039,
    0.06285247097132529,
    0.06174098596591937,
    0.06554211709519864,
    0.07252202827264975,
    0.06864698384278167,
    0.033081468166032635,
    0.18996046743508366,
    -0.027085197925263316,
    -0.022787832045264578,
    -0.036481000081923565,
    -0.018540418669411807,
    -0.022131094093720716,
    0.05789037001635844,
    0.06285078292248036,
    0.061738057075796715,
    0.06554458765563487,
    0.07251983380538918,
    0.06864687286208149,
    0.03308199824225122,
    -0.068095655782626,
    0.0034286051242320426,
    0.003427785336693301,
    0.058151381488581455,
    0.07542992930663417,
    0.04129215764660921,
    0.04129239094738024,
    0.0555625574275852,
    0.055562939296391445,
    -0.0704739792391944,
    -0.014060077445401165,
    -0.014059537379438325,
    0.07477934548587417,
    0.0805511215130923,
    0.06702501466287492,
    0.06702458824598945,
    0.07690558560935934,
    0.07690543089857216
  ],
  "dipole_vec_eA": [
    0.4588228889792449,
    8.820996961513583e-06,
    -0.4481008226615274
  ],
  "dipole_mag_D": 3.080471280919081,
  "solvation_E_eV": null
}