{
  "tag": "RMC-Fe_2-Ti_2-A2-B2-NNNNOO",
  "energy_eV": -3052.617666403737,
  "multiplicity": 3,
  "charge": 2,
  "sym1": "Fe",
  "ox1": 2,
  "sym2": "Ti",
  "ox2": 2,
  "acid": "A2",
  "base": "B2",
  "bridge": [
    "O",
    "O"
  ],
  "S1_ref": 0.0,
  "S2_ref": 1.0,
  "mulliken_q_e": [
    0.7419831103127854,
    0.7048514414400154,
    -0.38834969261272567,
    -0.3883506765366871,
    -0.17888305462205878,
    -0.17888851813553974,
    -0.16915877679185454,
    -0.16916664548821547,
    0.16488453852520157,
    -0.0214822609427201,
    -0.0221206591414842,
    -0.02427189631596205,
    -0.021127805898348395,
    -0.02143829661779484,
    0.07732075020784102,
    0.08933510202820316,
    0.07858933075031271,
    0.04956089594467583,
    0.027913547670092687,
    0.08990160241537082,
    0.0873962536122822,
    0.16488628518977522,
    -0.021483136344438103,
    -0.022117225534165286,
    -0.024272277503896378,
    -0.02113019710865527,
    -0.02143849800051334,
    0.07732298679323102,
    0.08933377482139881,
    0.07859124403814988,
    0.04957342366212614,
    0.02790891626995906,
    0.08989866324190932,
    0.08739777016235917,
    -0.0184627954822969,
    0.025637864884852535,
    2.5563713811127542e-05,
    0.05955844887903661,
    -0.036228070890972575,
    -0.02151010984902202,
    0.08183574949772199,
    0.06598820871834343,
    0.07776420808002615,
    0.05954756023203478,
    -0.018457993851181298,
    -0.021503332780460127,
    -0.03622461981090663,
    0.08182866061660321,
    0.07775673510718495,
    0.06598893968959563,
    -0.018034642129692413,
    0.02640358325554204,
    0.0026883800260837365,
    0.06541933261030031,
    -0.036842903079086664,
    -0.020046708980702155,
    0.08378821173906748,
    0.06849609803277057,
    0.07942021808056732,
    0.06540747828817595,
    -0.018034402319561993,
    -0.02004718638088665,
    -0.036832746189893184,
    0.08378478264568667,
    0.079420518847372,
    0.06849494960414859
  ],
  "dipole_vec_eA": [
    0.3712791919626705,
    0.0025543897235274352,
    -1.2058083594101981e-15
  ],
  "dipole_mag_D": 1.7833720057534845,
  "HOMO_eV": -13.97471120274925,
  "LUMO_eV": -13.942899036393872,
  "gap_eV": 0.03181216635537787
}