{
  "tag": "RMC-Ag_2-In_3-A2-B5-NNNNSS",
  "energy_eV": -1947.7333203419007,
  "multiplicity": 1,
  "charge": 3,
  "sym1": "Ag",
  "ox1": 2,
  "sym2": "In",
  "ox2": 3,
  "acid": "A2",
  "base": "B5",
  "bridge": [
    "S",
    "S"
  ],
  "S1_ref": 0.5,
  "S2_ref": 0.5,
  "mulliken_q_e": [
    0.2936534376136521,
    0.34974319374047474,
    0.21227566620945126,
    0.21227127623666386,
    -0.16310421143353637,
    -0.16310604780617433,
    -0.1286316313986995,
    -0.12863982383819206,
    0.026643322449468654,
    0.021008690179425527,
    0.00040153954007160486,
    -0.0028184552341610214,
    0.0066379587897846815,
    0.016116540224714537,
    0.10831286785555028,
    0.12269006319912246,
    0.11609348894734561,
    0.09557799308693582,
    0.06338134816056873,
    0.2131652814598749,
    0.11450130204772202,
    0.02664391541293787,
    0.021012276458092005,
    0.00040275452949800616,
    -0.002817140510578575,
    0.006639511043484259,
    0.016115531671585304,
    0.10831111308085928,
    0.1226909695485946,
    0.1160946785926339,
    0.09557723699144538,
    0.06338851708952453,
    0.21316756723486385,
    0.11449984413965852,
    -0.01030960197461983,
    -0.01029127419698006,
    0.19587616200925995,
    0.19587595117628043,
    -0.009820645475236311,
    -0.009789545967962887,
    0.18027964768664084,
    0.180278731430502
  ],
  "dipole_vec_eA": [
    0.1143686478087758,
    0.00012139699374248292,
    -3.1546007236266843e-16
  ],
  "dipole_mag_D": 0.5493362869730112,
  "HOMO_eV": -19.29387437905962,
  "LUMO_eV": -18.81542176273146,
  "gap_eV": 0.47845261632815905
}