{
  "tag": "RMC-Ta_3-V_2-A2-B7-NNNNNS",
  "energy_eV": -2098.4283477166327,
  "multiplicity": 4,
  "charge": 2,
  "sym1": "Ta",
  "ox1": 3,
  "sym2": "V",
  "ox2": 2,
  "acid": "A2",
  "base": "B7",
  "bridge": [
    "N",
    "S"
  ],
  "S1_ref": 1.0,
  "S2_ref": 0.5,
  "mulliken_q_e": [
    0.6107874564949709,
    0.261008413747564,
    -0.34167106623867993,
    -0.10199858179404253,
    -0.18235659164590157,
    -0.16420738128534906,
    -0.08903217894861593,
    -0.07491671883573203,
    0.06068772180788784,
    0.01558994321300955,
    -0.008286007088659675,
    -0.01353366430670544,
    -0.010123098048734791,
    0.006834059475079979,
    0.0916669688449594,
    0.09849163875968114,
    0.08814833933125521,
    0.048588576112691184,
    0.07164057341886632,
    0.08920477372249447,
    0.08565145519687689,
    0.12998933517499922,
    0.006199613147743754,
    -0.00839697150685459,
    -0.019208871646665848,
    -0.008129975240879883,
    -0.011321054510255335,
    0.08661438985614811,
    0.09511529259326801,
    0.08359393315680841,
    0.052926238209282994,
    0.06708997921618187,
    0.08891345815862195,
    0.08893668085057804,
    0.02408925528977468,
    -0.04981876545296715,
    0.08327732094048546,
    0.10293619524579367,
    0.0044362266412592,
    0.10748206186474119,
    0.10748206186474119,
    0.023569591791568367,
    -0.034736288621637135,
    0.0942246905314903,
    0.11214525108030715,
    -0.011309976035349889,
    0.12086284983322926,
    0.12086284983322781
  ],
  "dipole_vec_eA": [
    -0.4063583078217543,
    -0.10794216280724583,
    3.2753388322575175e-15
  ],
  "dipole_mag_D": 2.0195094192803844,
  "HOMO_eV": -14.951821220378546,
  "LUMO_eV": -14.822722870462725,
  "gap_eV": 0.1290983499158216
}