{
  "tag": "RMC-Ta_3-Zn_2-A2-B10-NNNNNN",
  "energy_eV": -3166.045325737322,
  "multiplicity": 3,
  "charge": 1,
  "sym1": "Ta",
  "ox1": 3,
  "sym2": "Zn",
  "ox2": 2,
  "acid": "A2",
  "base": "B10",
  "bridge": [
    "N",
    "N"
  ],
  "S1_ref": 1.0,
  "S2_ref": 0.0,
  "mulliken_q_e": [
    0.5002016266911397,
    0.2562417519599576,
    -0.32559549028259593,
    -0.32554238116201506,
    -0.16899898629283783,
    -0.16897589097514576,
    -0.13947246963449933,
    -0.13948405507881878,
    0.13169252314592472,
    -0.017385403745897143,
    -0.02134010617929638,
    -0.03401765938342227,
    -0.01570097025765893,
    -0.00479153344618255,
    0.04979857172087698,
    0.05819703483329819,
    0.05653955915517628,
    0.06071564410230046,
    0.06970015666806084,
    0.07276830670628931,
    0.0496076753071073,
    0.13169899221361225,
    -0.017408419700976507,
    -0.021336603471934223,
    -0.03401405166870419,
    -0.015703723412911152,
    -0.004804124208525273,
    0.0497967994481433,
    0.058193872514619716,
    0.05654174275552759,
    0.06071921934120428,
    0.06969424992926232,
    0.07276533052206324,
    0.049606832821778135,
    0.07761261232644467,
    0.0049881722444093946,
    0.009129514214360368,
    -0.03136931191607739,
    -0.023840897113790893,
    -0.048465433790759516,
    0.0551981059162161,
    0.053066473629473254,
    0.04637349516355449,
    -0.031371374196609514,
    0.009128936049749736,
    0.00498913298396042,
    0.07761399560372872,
    -0.048462602192697934,
    -0.02383940747601221,
    0.05519893345922877,
    0.04637404573966386,
    0.05306639217289666,
    0.06996195238956493,
    -0.005866963107666656,
    0.014170412294133072,
    -0.02933444076799363,
    -0.02126591753021434,
    -0.04668736712893007,
    0.06270845860155805,
    0.06131876959869598,
    0.052345333617888734,
    -0.029333934351718494,
    0.014169049269242562,
    -0.005870314734393034,
    0.06996856318226397,
    -0.046687655918301596,
    -0.021266705000746233,
    0.06270753213754421,
    0.05234532415054238,
    0.06131910026650478
  ],
  "dipole_vec_eA": [
    0.6305757100668635,
    -0.0002512693384937008,
    1.7540949598565726e-15
  ],
  "dipole_mag_D": 3.0287841836114167,
  "HOMO_eV": -11.24938537152148,
  "LUMO_eV": -11.062519798115407,
  "gap_eV": 0.1868655734060738
}