{
  "tag": "RMC-Rh_2-W_2-A2-B5-NNNNOO",
  "energy_eV": -2051.5436236247406,
  "multiplicity": 2,
  "charge": 2,
  "sym1": "Rh",
  "ox1": 2,
  "sym2": "W",
  "ox2": 2,
  "acid": "A2",
  "base": "B5",
  "bridge": [
    "O",
    "O"
  ],
  "S1_ref": 0.5,
  "S2_ref": 0.0,
  "mulliken_q_e": [
    0.10167348594859638,
    0.32106275152796093,
    -0.2045200451552227,
    -0.2045493565535914,
    -0.11825784378369719,
    -0.11851272865997808,
    -0.05372421780764114,
    -0.053703948267852075,
    0.1780091269617572,
    0.0011577915628162572,
    -0.009305687142075358,
    -0.012628486654937543,
    -0.007072545346867853,
    0.005738065206866816,
    0.09954212179684807,
    0.10653337548002384,
    0.09944293721030051,
    0.06761180998962057,
    0.07630862838722052,
    0.1057559208350245,
    0.10347174552817562,
    0.17803282167905787,
    0.0011547724583600427,
    -0.009304581358390074,
    -0.012613702775113422,
    -0.007054545494602049,
    0.0057599261025960136,
    0.09955423109927586,
    0.10652020042923815,
    0.09942686925431277,
    0.06766472008297342,
    0.07632025717515978,
    0.10575092983967183,
    0.10349531032810633,
    0.023888654897733952,
    0.023936784708895376,
    0.18662491594584663,
    0.1866284629353978,
    0.0278930095213632,
    0.027914986187072888,
    0.11219077607964856,
    0.11218229982560235
  ],
  "dipole_vec_eA": [
    -0.3846922601290409,
    0.0008331788494052135,
    2.4177121638040595e-08
  ],
  "dipole_mag_D": 1.8477598402349877,
  "solvation_E_eV": null
}