{
  "tag": "RMC-Co_3-Os_2-A2-B4-NNNNOS",
  "energy_eV": -2078.667789201179,
  "multiplicity": 1,
  "charge": 3,
  "sym1": "Co",
  "ox1": 3,
  "sym2": "Os",
  "ox2": 2,
  "acid": "A2",
  "base": "B4",
  "bridge": [
    "O",
    "S"
  ],
  "S1_ref": 0.0,
  "S2_ref": 0.0,
  "mulliken_q_e": [
    0.34654026356642464,
    0.41318447035982786,
    -0.3117502750408938,
    0.340024245330374,
    -0.057211396508989765,
    -0.13433239566242428,
    -0.1713076528990385,
    -0.18612096842317993,
    0.008081582199689796,
    0.025375915553417006,
    0.007019251117739822,
    0.00058790614917692,
    0.012260424670984538,
    0.016910409677847182,
    0.11923859589601327,
    0.12637672837918268,
    0.12225081427425111,
    0.09124800530465782,
    0.03847302409882403,
    0.13707099366373388,
    0.12667239073347925,
    0.21729677574044404,
    0.013273369241139754,
    -0.008303260761935771,
    -0.0033265376424520543,
    0.010372099293778136,
    -0.004385933218215454,
    0.11011672248188142,
    0.1304906914336159,
    0.11976958418845407,
    0.09449647792741178,
    0.07445889831817176,
    0.13783953850661335,
    0.14252490955246677,
    -0.11461561781442775,
    -0.004208605587632919,
    0.1318437911677961,
    0.1318437810275045,
    0.14429621892621103,
    0.14429622119936125,
    -0.04591868658852394,
    -0.04983081808641798,
    0.14149899991984138,
    0.14149859043018576,
    0.13704042630908564,
    0.13704003159449907
  ],
  "dipole_vec_eA": [
    0.25197843569859046,
    0.17362495457846064,
    -2.5974128744826417e-06
  ],
  "dipole_mag_D": 1.469802143767594,
  "solvation_E_eV": null
}