{
  "tag": "RMC-Fe_2-Ti_2-A2-B6-NNNNOO",
  "energy_eV": -2238.2579824915542,
  "multiplicity": 3,
  "charge": 2,
  "sym1": "Fe",
  "ox1": 2,
  "sym2": "Ti",
  "ox2": 2,
  "acid": "A2",
  "base": "B6",
  "bridge": [
    "O",
    "O"
  ],
  "S1_ref": 0.0,
  "S2_ref": 1.0,
  "mulliken_q_e": [
    0.7235569260458667,
    0.6744617873639382,
    -0.378827145824862,
    -0.37882697645244456,
    -0.17743642817354632,
    -0.17743994167674515,
    -0.16564658343569083,
    -0.16564519682675605,
    0.16674197318402229,
    -0.019102035696248132,
    -0.017250544472798834,
    -0.021635342153011772,
    -0.0154332878881982,
    -0.018065226640266108,
    0.0860206120383995,
    0.09514690617125054,
    0.08807704449347009,
    0.06767974652481401,
    0.046611876074116765,
    0.08516669336426586,
    0.07689693614392279,
    0.16673910288839,
    -0.019101812808446805,
    -0.017258412608807117,
    -0.021632641425562982,
    -0.015439063496526684,
    -0.018062667858287584,
    0.08602145716272469,
    0.09514762484964379,
    0.08807843449765074,
    0.06766549688658019,
    0.04660859023098696,
    0.08516848730053428,
    0.07689693335253522,
    -0.0894808577677837,
    -0.024394270984558375,
    -0.02439432037450895,
    0.09415913775992013,
    0.07592839157197884,
    0.0771832808815448,
    0.07718343854076304,
    0.08604244472164657,
    0.0860419871811342,
    -0.07766392999679028,
    -0.015012839688848478,
    -0.015013194863444435,
    0.10364625290544449,
    0.09132200940495938,
    0.08491576831908965,
    0.08491584451529177,
    0.09436884545907753,
    0.09436869180397889
  ],
  "dipole_vec_eA": [
    0.5737938271872399,
    -7.142549747237349e-05,
    0.058553303640273814
  ],
  "dipole_mag_D": 2.77036168870247,
  "solvation_E_eV": null
}