{
  "tag": "RMC-Co_2-Sc_3-A2-B7-NNNNSS",
  "energy_eV": -2114.087740449159,
  "multiplicity": 2,
  "charge": 3,
  "sym1": "Co",
  "ox1": 2,
  "sym2": "Sc",
  "ox2": 3,
  "acid": "A2",
  "base": "B7",
  "bridge": [
    "S",
    "S"
  ],
  "S1_ref": 0.5,
  "S2_ref": 0.0,
  "mulliken_q_e": [
    0.09632780627404813,
    0.6217757523772648,
    -0.08878206018468326,
    -0.07445111117265116,
    -0.0282126965989713,
    -0.014059239513743327,
    -0.14058065169693723,
    -0.1315176471967956,
    0.08039286054283878,
    0.017363502337906622,
    0.005289682715482247,
    -0.0021113599396300753,
    0.006209048923824456,
    0.026698886553752077,
    0.11380943434585644,
    0.12541041894041194,
    0.11739782872928595,
    0.0899924114891848,
    0.05674774185129938,
    0.12043484441767749,
    0.11438499452372086,
    0.0805320740944071,
    0.014509643013186357,
    0.004485123583001016,
    -0.0034729478364370348,
    0.005097259885275651,
    0.023445363974317734,
    0.11273414104817181,
    0.12485646537375461,
    0.11583310261817892,
    0.09086987104678612,
    0.06047294623206789,
    0.11856096287972806,
    0.1111083956108162,
    0.022649650044546554,
    -0.013598384838477973,
    0.11085129185756237,
    0.13353467508139405,
    -0.026852219049976478,
    0.1428546067083083,
    0.1428546067083114,
    0.02729573802565466,
    -0.05141565913512203,
    0.12668189261478613,
    0.14044820477165842,
    -0.016520480734360188,
    0.1448316143522188,
    0.14483161435221825
  ],
  "dipole_vec_eA": [
    1.3699233290000044,
    0.25595657986012715,
    4.4503482788073e-15
  ],
  "dipole_mag_D": 6.693888052410326,
  "HOMO_eV": -18.596015006768198,
  "LUMO_eV": -18.359515653673306,
  "gap_eV": 0.23649935309489223
}