{
  "tag": "RMC-W_2-Y_3-A2-B4-NNNNOO",
  "energy_eV": -2015.4882505731703,
  "multiplicity": 1,
  "charge": 3,
  "sym1": "W",
  "ox1": 2,
  "sym2": "Y",
  "ox2": 3,
  "acid": "A2",
  "base": "B4",
  "bridge": [
    "O",
    "O"
  ],
  "S1_ref": 0.0,
  "S2_ref": 0.0,
  "mulliken_q_e": [
    0.4235235090273626,
    0.5545286726841683,
    -0.22190193988692175,
    -0.22192900838374974,
    -0.05761422082394585,
    -0.05763217999250925,
    -0.21585910629059746,
    -0.21586217460558088,
    0.18377678003538378,
    0.00911494734708862,
    0.005702673083495702,
    -0.003035174409215413,
    0.0023836022850920457,
    0.009953797439465228,
    0.12111683458191802,
    0.13131477720930984,
    0.12255586374812633,
    0.11233113743901435,
    0.07667471808079718,
    0.1271709460482059,
    0.12673092515671036,
    0.1837738995933471,
    0.009113799538723821,
    0.005697528226195736,
    -0.0030337565850278025,
    0.0023783537779007435,
    0.009939006158036223,
    0.12111507313878778,
    0.13131076129258956,
    0.1225469278360195,
    0.11233179303688234,
    0.07667241634321242,
    0.12717383662939008,
    0.12673313239252337,
    -0.025408720523162787,
    -0.02540472622272194,
    0.1290545603005403,
    0.12905186520694445,
    0.12905213660318215,
    0.12904943691658366,
    -0.04181090248260477,
    -0.041779438748710485,
    0.14485421638530993,
    0.14485236442574667,
    0.14484645770070936,
    0.14484459928678228
  ],
  "dipole_vec_eA": [
    0.8737634714889787,
    -1.774295839346708e-05,
    0.0002393422726866853
  ],
  "dipole_mag_D": 4.196864595542376,
  "solvation_E_eV": null
}