{
  "tag": "RMC-Fe_2-Ni_2-A2-B4-NNNNNO",
  "energy_eV": -2126.9623971290675,
  "multiplicity": 1,
  "charge": 1,
  "sym1": "Fe",
  "ox1": 2,
  "sym2": "Ni",
  "ox2": 2,
  "acid": "A2",
  "base": "B4",
  "bridge": [
    "N",
    "O"
  ],
  "S1_ref": 0.0,
  "S2_ref": 0.0,
  "mulliken_q_e": [
    0.6678753461180459,
    -0.2588246046019368,
    -0.15105618574672253,
    -0.09597779539263507,
    -0.12608259813947154,
    -0.308913400243112,
    -0.06743283482481344,
    0.07415068017459747,
    0.1299611314121054,
    -0.009870192460134986,
    -0.03035770772870716,
    -0.02409063840300152,
    -0.0291377889663349,
    -0.004066589254244857,
    0.06695025131438725,
    0.07054307848820462,
    0.06971786971050487,
    0.028677917934530894,
    0.05010813792764823,
    0.09673013249120976,
    0.07043578449131016,
    0.06877727560820124,
    -0.0034684454523672414,
    -0.024431872363154028,
    -0.029705117843879192,
    -0.019780253457871266,
    -0.011831421681122833,
    0.055917991448668825,
    0.06031926046287417,
    0.0606451343031007,
    0.07113354945915185,
    0.019334986049066583,
    0.09786294564574982,
    0.06168095742497193,
    -0.08094121248831354,
    -0.0847003745598145,
    0.050589800311874766,
    0.050589800311875543,
    0.0500788505865607,
    0.05007885058655892,
    -0.03377689613385715,
    -0.028414575092833294,
    0.09969984482267968,
    0.09969984482268124,
    0.10065054147563024,
    0.10065054147562869
  ],
  "dipole_vec_eA": [
    0.9045738497961999,
    -0.19976529402973917,
    1.6156379890059504e-15
  ],
  "dipole_mag_D": 4.449540828162844,
  "solvation_E_eV": null
}