{
  "tag": "RMC-Cu_2-Re_3-A2-B10-NNNNOO",
  "energy_eV": -3329.7088426585765,
  "multiplicity": 2,
  "charge": 3,
  "sym1": "Cu",
  "ox1": 2,
  "sym2": "Re",
  "ox2": 3,
  "acid": "A2",
  "base": "B10",
  "bridge": [
    "O",
    "O"
  ],
  "S1_ref": 0.5,
  "S2_ref": 0.0,
  "mulliken_q_e": [
    0.35326875099986993,
    0.3079179407350603,
    -0.2688602245017655,
    -0.2688621374798801,
    -0.11325865954637293,
    -0.11325797315630859,
    -0.05544778937483952,
    -0.05544623309557517,
    0.1993868822828575,
    -0.005264668817952067,
    -0.005476922579388255,
    -0.011138186034149067,
    -0.0029348669681454886,
    -0.007132548345855971,
    0.09550028795259491,
    0.11262057835844907,
    0.09661468883528512,
    0.0574682640871409,
    0.07064250254475457,
    0.10977565449761106,
    0.09480906984650017,
    0.19938618086820026,
    -0.005262502848816242,
    -0.0054784059287087405,
    -0.01114005062604373,
    -0.0029350018983054227,
    -0.0071312685759734595,
    0.09550188242694346,
    0.11262213681719369,
    0.09661423569915739,
    0.05746730618958451,
    0.07064185249359034,
    0.10977628607773049,
    0.0948095325460876,
    0.07129180780744693,
    0.012393999244983744,
    0.04075208096139282,
    -0.006793905801406597,
    0.002789148384117812,
    -0.027575637976370526,
    0.11024697300453334,
    0.10869348100719556,
    0.08401574679423829,
    -0.0067929992723692045,
    0.04075286671485867,
    0.012393327168760404,
    0.07129178848850759,
    -0.0275758442427656,
    0.002789464304757683,
    0.11024588026722182,
    0.08401565475730777,
    0.10869397058602825,
    0.07235509813150176,
    0.024060102828785235,
    0.04013297647109382,
    -0.005940399103591787,
    0.002101230511477814,
    -0.034297994905275964,
    0.11258586812289284,
    0.10965066284168445,
    0.08564083433874414,
    -0.005942978320720549,
    0.0401304287667692,
    0.024061830007220175,
    0.07235434641508776,
    -0.03429618733897444,
    0.0021004920034823904,
    0.11258897590047978,
    0.08564111248038764,
    0.1096492114800256
  ],
  "dipole_vec_eA": [
    -0.11378971772295368,
    8.771623432226344e-06,
    2.415523108826313e-08
  ],
  "dipole_mag_D": 0.5465552596728933,
  "HOMO_eV": -17.722440026105502,
  "LUMO_eV": -17.635991475404566,
  "gap_eV": 0.08644855070093627
}