{
  "tag": "RMC-Pb_2-Re_3-A2-B10-NNNNOS",
  "energy_eV": -3265.0289785147897,
  "multiplicity": 1,
  "charge": 3,
  "sym1": "Pb",
  "ox1": 2,
  "sym2": "Re",
  "ox2": 3,
  "acid": "A2",
  "base": "B10",
  "bridge": [
    "O",
    "S"
  ],
  "S1_ref": 0.0,
  "S2_ref": 0.0,
  "mulliken_q_e": [
    0.696726133069397,
    0.16947149631613778,
    -0.3271307199714615,
    -0.04287353086355111,
    -0.15750665307508283,
    -0.15592542854835334,
    -0.02517662104599161,
    -0.037626676057582076,
    0.05230825089127378,
    0.014631565444021666,
    -0.007086226404538154,
    -0.008814337020811136,
    -0.0017372324875599698,
    0.003994104153799416,
    0.09478236231230641,
    0.1121784127498846,
    0.09775624933252047,
    0.04602110614198596,
    0.06327762176926366,
    0.11284792152427303,
    0.09543245701614789,
    0.1959801185664396,
    -0.003958327044941701,
    -0.006084432106681303,
    -0.013375671513582654,
    -0.0038011561536588356,
    -0.017160936938564353,
    0.09527734754884076,
    0.10973272600132544,
    0.09256672899726393,
    0.057181074967179724,
    0.06853264392787173,
    0.10716384386671218,
    0.0944418351867019,
    0.06562007633349687,
    -0.0034577812635359084,
    0.033384307006587344,
    -0.0102908144296876,
    -0.0025742898516607493,
    -0.03415734916073654,
    0.10387945461158155,
    0.10173580497464163,
    0.07486820889026835,
    -0.009418900502333072,
    0.03244983826010417,
    -0.00199788154175784,
    0.06493153768564808,
    -0.034928611735831616,
    -0.002952065765109868,
    0.104060575059016,
    0.07496996744548201,
    0.10193626731050309,
    0.07017754744025839,
    0.022637283699749045,
    0.037579236059488874,
    -0.00706556286270299,
    -0.0004830866728744443,
    -0.034360654271781144,
    0.10966935065348316,
    0.10702480439141016,
    0.08323076696641285,
    -0.007410296553708395,
    0.03785925913712829,
    0.02379133123861732,
    0.06827713898384746,
    -0.03714995612172434,
    -0.0009816398606732335,
    0.10978923367553173,
    0.08145421370993788,
    0.10585663650996024
  ],
  "dipole_vec_eA": [
    -0.3661707358054128,
    -0.15033712682147804,
    0.8103470471277415
  ],
  "dipole_mag_D": 4.3317995261906965,
  "solvation_E_eV": null
}