{
  "tag": "RMC-Mg_2-Mn_3-A2-B2-NNNNOS",
  "energy_eV": -2974.8415415280606,
  "multiplicity": 1,
  "charge": 3,
  "sym1": "Mg",
  "ox1": 2,
  "sym2": "Mn",
  "ox2": 3,
  "acid": "A2",
  "base": "B2",
  "bridge": [
    "O",
    "S"
  ],
  "S1_ref": 0.0,
  "S2_ref": 0.0,
  "mulliken_q_e": [
    0.4910432603126748,
    0.2809282329503682,
    -0.3316338226933122,
    0.014243882747267872,
    -0.10119327799147326,
    -0.09955476339989455,
    -0.09679289568512561,
    -0.08587248667346459,
    0.04412368538002154,
    0.01575228184276134,
    -0.006783791211378398,
    -0.0051041608346229506,
    -0.00466514719528921,
    0.013114621371329127,
    0.09928876477941995,
    0.11463299825895323,
    0.09983015404181772,
    0.040658283870606216,
    0.04893834462339841,
    0.11119699697242236,
    0.10651999612261831,
    0.20892224796367453,
    -0.00217760233386044,
    -0.009911747038118479,
    -0.011232696131458164,
    -0.001373764629030605,
    -0.010144567999960108,
    0.09586461699157689,
    0.11398769253224861,
    0.10083304838457696,
    0.07135107619850256,
    0.058142221227769575,
    0.10721472456524206,
    0.10559035000492245,
    -0.0010637972114637684,
    0.034529799063696576,
    0.007563001540914938,
    0.0630491050930182,
    -0.022993937185374458,
    -0.010342653296447013,
    0.1085283663957175,
    0.08604466422535118,
    0.10448112198524606,
    0.06078880218472893,
    -0.00250124811471375,
    -0.01013438472376138,
    -0.023229842637968234,
    0.10843474453867297,
    0.10517739200547871,
    0.08553521185056212,
    -0.0014998436929365422,
    0.03408053657636634,
    0.014552457262919871,
    0.07249719100391805,
    -0.02238277231473118,
    -0.009989009171792684,
    0.1101745123802319,
    0.0893268495406001,
    0.10780375235780781,
    0.07244890972828166,
    -0.0023285545310793854,
    -0.010781303522819696,
    -0.023589565977109483,
    0.10937097968070719,
    0.10627964351401686,
    0.08443311412690213
  ],
  "dipole_vec_eA": [
    0.2485264351978506,
    0.04392607312052861,
    -8.520175951316673e-16
  ],
  "dipole_mag_D": 1.2122253140466317,
  "HOMO_eV": -17.898400156070306,
  "LUMO_eV": -17.643614249740775,
  "gap_eV": 0.2547859063295306
}