{
  "tag": "RMC-Ag_1-Ta_3-A2-B4-NNNNOS",
  "energy_eV": -2064.0554442712214,
  "multiplicity": 3,
  "charge": 2,
  "sym1": "Ag",
  "ox1": 1,
  "sym2": "Ta",
  "ox2": 3,
  "acid": "A2",
  "base": "B4",
  "bridge": [
    "O",
    "S"
  ],
  "S1_ref": 0.0,
  "S2_ref": 1.0,
  "mulliken_q_e": [
    0.30205091479906954,
    0.8091136571298341,
    -0.3652629212955354,
    0.15050922749952542,
    -0.17437779472353943,
    -0.1967040808509053,
    -0.2710126580009238,
    -0.338652546195946,
    0.022752370746117245,
    0.008066315938079605,
    -0.0024242800751592686,
    -0.011751251861526812,
    0.00166011600651772,
    0.007139560443153226,
    0.09206274389134406,
    0.0992001883115381,
    0.09713302527309908,
    0.11360430779085062,
    0.06449762616388521,
    0.09698914022565286,
    0.09906967910347053,
    0.21904193321682164,
    -0.007284209937461705,
    -0.010423916071201855,
    -0.020095655127164047,
    -0.0033940384993706996,
    -0.007660079014862875,
    0.09168705288835588,
    0.10048527964601461,
    0.09745789089354051,
    0.11348661813032579,
    0.10014238207768522,
    0.12824894910417972,
    0.14681249226164983,
    -0.06104378018598,
    -0.055977085203169574,
    0.09976608042414237,
    0.09976608042414359,
    0.11408428411381255,
    0.11408428411381122,
    -0.07807550644437078,
    -0.07708386108290188,
    0.07185401935333346,
    0.07185401935333269,
    0.07430171262336283,
    0.0743017126233636
  ],
  "dipole_vec_eA": [
    0.6438585593828932,
    -0.3832712359013616,
    2.9375236163744554e-15
  ],
  "dipole_mag_D": 3.599041583741513,
  "solvation_E_eV": null
}