{
  "tag": "RMC-Ta_3-V_2-A2-B10-NNNNOO",
  "energy_eV": -3240.6191176441366,
  "multiplicity": 2,
  "charge": 3,
  "sym1": "Ta",
  "ox1": 3,
  "sym2": "V",
  "ox2": 2,
  "acid": "A2",
  "base": "B10",
  "bridge": [
    "O",
    "O"
  ],
  "S1_ref": 1.0,
  "S2_ref": 0.5,
  "mulliken_q_e": [
    0.9428919100611941,
    0.20139130072092426,
    -0.3686631888242957,
    -0.3686633770972054,
    -0.18513661880782162,
    -0.18513740089700592,
    -0.08318017525943855,
    -0.08318016529556971,
    0.181614844216053,
    -0.005429998791317336,
    -0.01197331992450823,
    -0.01180785355659486,
    -0.004482487586068062,
    -0.001439480455766029,
    0.09587800046391892,
    0.11361556384458038,
    0.10186963379924263,
    0.05578076850534264,
    0.07542336532898442,
    0.11569463657266776,
    0.07127417049313522,
    0.18161486513251823,
    -0.00543024241436596,
    -0.011973656603589511,
    -0.011807768376905559,
    -0.004482565543696859,
    -0.0014394847481746798,
    0.09587783925884197,
    0.11361537270793842,
    0.10186959082355429,
    0.05578029233683024,
    0.07542327774527546,
    0.1156947434240877,
    0.07127412258718568,
    0.08807740505692951,
    0.025808468540362783,
    0.03834345490011559,
    -0.008646644913338664,
    0.0026694122831736333,
    -0.02669870849122602,
    0.10583164569684334,
    0.1036056329554117,
    0.08176168841808329,
    -0.008642344444659278,
    0.03834581381867319,
    0.025806915225827343,
    0.08807907252319391,
    -0.02670207062685881,
    0.002669974418944454,
    0.10582683743499544,
    0.08176217607356173,
    0.10360818733813826,
    0.07421193087642286,
    0.01844395938189325,
    0.03440345757710217,
    -0.008232227561637995,
    -0.0037547094410406157,
    -0.03812491568939591,
    0.11026009294248817,
    0.10695982796928583,
    0.08390100328928429,
    -0.008235545489984064,
    0.03440019972514974,
    0.01844708556805319,
    0.07421088853252877,
    -0.03812308844939527,
    -0.0037540249810041892,
    0.11026359365139404,
    0.08390088295380704,
    0.10695815914324258
  ],
  "dipole_vec_eA": [
    -0.2562687497429055,
    -1.4480955936229294e-05,
    -2.3606716636597737e-15
  ],
  "dipole_mag_D": 1.230911154997854,
  "HOMO_eV": -17.510734795441728,
  "LUMO_eV": -17.462840703434036,
  "gap_eV": 0.04789409200769157
}