{
  "tag": "RMC-Bi_3-Mn_2-A2-B2-NNNNNN",
  "energy_eV": -3011.86478484229,
  "multiplicity": 1,
  "charge": 1,
  "sym1": "Bi",
  "ox1": 3,
  "sym2": "Mn",
  "ox2": 2,
  "acid": "A2",
  "base": "B2",
  "bridge": [
    "N",
    "N"
  ],
  "S1_ref": 0.5,
  "S2_ref": 0.5,
  "mulliken_q_e": [
    0.7454859387461843,
    0.20535516097733875,
    -0.3387156657188233,
    -0.33844818931160603,
    -0.19185576862831555,
    -0.19165158551930062,
    -0.10177726120718744,
    -0.10161117488680249,
    0.10957938793136113,
    -0.012954984292975702,
    -0.020729093125329445,
    -0.0350779326336601,
    -0.021425885205220263,
    -0.03271301758113432,
    0.05270555083486839,
    0.058045559104625055,
    0.04893673019025635,
    0.04049331184974303,
    0.049326182277061426,
    0.06727535291914277,
    0.05975952640328985,
    0.10951972611245275,
    -0.012950697976682912,
    -0.020851837969004805,
    -0.03499855181980638,
    -0.021423057470036477,
    -0.03269150720456304,
    0.05261328239218643,
    0.057845071754530575,
    0.04901148315800474,
    0.04017137864638021,
    0.049390741585725983,
    0.06722867913570385,
    0.059632069013049294,
    -0.030512512623370958,
    0.018685952754650348,
    -0.007808987415206747,
    0.06387056713654782,
    -0.04337329642825516,
    -0.025804888613682575,
    0.05903819249508757,
    0.04863215719437608,
    0.056200843972240344,
    0.06387106804649267,
    -0.030537275284953758,
    -0.025830633560032457,
    -0.04334882872014356,
    0.059008537886324985,
    0.056133469088518684,
    0.04862327831011526,
    -0.028578075863758823,
    0.020593926805872353,
    0.004056347861536969,
    0.06971034017724498,
    -0.042375996487287626,
    -0.026173708152518183,
    0.06156012291023005,
    0.05616344405733764,
    0.05770122714653514,
    0.06965106795998421,
    -0.0285441176780743,
    -0.026146156201895643,
    -0.04234812037084623,
    0.06157701087572076,
    0.05768866890566271,
    0.05611745131346835
  ],
  "dipole_vec_eA": [
    -0.4121196492986757,
    -0.0004704598380974928,
    -0.6729402012523139
  ],
  "dipole_mag_D": 3.7902466273888487,
  "solvation_E_eV": null
}