{
  "tag": "RMC-Co_3-Ti_2-A2-B10-NNNNNS",
  "energy_eV": -3238.4938699797644,
  "multiplicity": 3,
  "charge": 2,
  "sym1": "Co",
  "ox1": 3,
  "sym2": "Ti",
  "ox2": 2,
  "acid": "A2",
  "base": "B10",
  "bridge": [
    "N",
    "S"
  ],
  "S1_ref": 0.0,
  "S2_ref": 1.0,
  "mulliken_q_e": [
    0.1259492623659263,
    0.6815573257817498,
    -0.31991149030270427,
    -0.09320222364259467,
    -0.06760398857154426,
    -0.09449307189905554,
    -0.16605087222448445,
    -0.17716622102954327,
    0.06097976961848217,
    -0.0017848502735566818,
    -0.01300514934022634,
    -0.01841018283034157,
    -0.011171066778373095,
    0.007124648310872672,
    0.07585025125110079,
    0.0881138918682457,
    0.07918996471955964,
    0.06469377517079211,
    0.0586872289247613,
    0.0811876464887854,
    0.08115423689370937,
    0.13082063348602557,
    -0.019848798587933203,
    -0.009523898820104959,
    -0.024272317373838614,
    -0.009041827141217151,
    -0.004102922155119648,
    0.07401797012286948,
    0.08547421829955104,
    0.07494536150438291,
    0.058231667904253825,
    0.055277117245527085,
    0.09296571348207106,
    0.09448007786521184,
    0.06676064846077323,
    0.014954769915262345,
    0.022677067223073832,
    -0.02025136563597929,
    -0.013037442069291139,
    -0.046358640449824406,
    0.08208064239354618,
    0.07965361677410576,
    0.06296577159232186,
    -0.019093823570955903,
    0.02211621159784638,
    0.016010064213231257,
    0.0707094378227755,
    -0.044734657199148486,
    -0.01310706621934532,
    0.08116631763672821,
    0.060781380060271006,
    0.07821624154286066,
    0.06820766218478025,
    -0.002869384103731276,
    0.02040153998978278,
    -0.020714755615766967,
    -0.014191075406631448,
    -0.04613225487205708,
    0.0822414672036984,
    0.0803777676098858,
    0.0636224407586583,
    -0.01953418576299737,
    0.019617289611225663,
    0.0007469008090663642,
    0.06708084539664161,
    -0.046479087794545126,
    -0.014908489269813696,
    0.08133181349694574,
    0.06067314157279424,
    0.07790730976988725
  ],
  "dipole_vec_eA": [
    0.6002224448865264,
    -0.06580920218064641,
    1.0367154151936542e-15
  ],
  "dipole_mag_D": 2.900267787628225,
  "HOMO_eV": -14.219815623507674,
  "LUMO_eV": -13.952965630507327,
  "gap_eV": 0.2668499930003474
}