{
  "tag": "RMC-Cr_2-Cr_2-A2-B2-NNNNNS",
  "energy_eV": -2989.1716362572383,
  "multiplicity": 1,
  "charge": 1,
  "sym1": "Cr",
  "ox1": 2,
  "sym2": "Cr",
  "ox2": 2,
  "acid": "A2",
  "base": "B2",
  "bridge": [
    "N",
    "S"
  ],
  "S1_ref": 0.0,
  "S2_ref": 0.0,
  "mulliken_q_e": [
    0.5715609962339196,
    0.5714281072212922,
    -0.39200352594604526,
    -0.1466324565135293,
    -0.183293132036084,
    -0.1754763854186494,
    -0.1832931126838966,
    -0.1754747001265322,
    0.028217792817900156,
    -0.0033570726082643443,
    -0.03475112429730731,
    -0.02668370154703581,
    -0.034750893247971426,
    -0.0033571367644835703,
    0.050178298846549896,
    0.05931926510367447,
    0.0501782127157786,
    0.012110995267149649,
    0.012108042882916337,
    0.06556880701948431,
    0.06556909774114483,
    0.10199725081506195,
    -0.02180043634536033,
    -0.03565103586540852,
    -0.032503333803204804,
    -0.03565171397601352,
    -0.02180014322857904,
    0.04299571904564137,
    0.053528705375568864,
    0.0429958748349738,
    0.018696887692026154,
    0.018697175963610757,
    0.05438220406199423,
    0.05438141835925803,
    -0.028061190239978995,
    0.020393076653934195,
    -0.008702032680399041,
    0.06353346009750016,
    -0.04165118951894198,
    -0.026976610357558384,
    0.06345992329948258,
    0.061270312959768036,
    0.06033408140156937,
    0.06755317278958617,
    -0.02927198095422523,
    -0.026403476191435793,
    -0.041636680961357087,
    0.06305585153177984,
    0.06046082909454453,
    0.05892463002725745,
    -0.028054063273746044,
    0.020392637486162934,
    -0.008702441471748479,
    0.06353105002546533,
    -0.04165186671246213,
    -0.026971030091731407,
    0.06345522541102544,
    0.06127157646903836,
    0.06032844540301485,
    0.0675520699661456,
    -0.029272866227976202,
    -0.026410062724961048,
    -0.04163359944901335,
    0.06305865839449698,
    0.06046558178177319,
    0.05892356077988414
  ],
  "dipole_vec_eA": [
    -0.00022482051109053944,
    -0.06409081287769565,
    4.385374441533022e-09
  ],
  "dipole_mag_D": 0.3078431600637425,
  "HOMO_eV": -11.389962265805988,
  "LUMO_eV": -11.193768554462315,
  "gap_eV": 0.19619371134367292
}