{
  "tag": "RMC-Rh_2-Y_3-A2-B6-NNNNNN",
  "energy_eV": -2200.5207650730395,
  "multiplicity": 2,
  "charge": 1,
  "sym1": "Rh",
  "ox1": 2,
  "sym2": "Y",
  "ox2": 3,
  "acid": "A2",
  "base": "B6",
  "bridge": [
    "N",
    "N"
  ],
  "S1_ref": 0.5,
  "S2_ref": 0.0,
  "mulliken_q_e": [
    -0.06992204632881915,
    0.49404967424188984,
    -0.20077439702167088,
    -0.20074144006058958,
    -0.061891856782712695,
    -0.061899524397663,
    -0.1694088354550256,
    -0.16937094467672864,
    0.10680057982275004,
    -0.025848155638335646,
    -0.017658222395306566,
    -0.03912981294758722,
    -0.01661247815032252,
    -0.012192990693226546,
    0.053355890966562125,
    0.0568283377565032,
    0.056701670712131724,
    0.06349317040532898,
    0.056647906299825745,
    0.05452508721873428,
    0.04949175535635397,
    0.10679965921770274,
    -0.025803522374562293,
    -0.017661963060908947,
    -0.039144417895313977,
    -0.016598813023169567,
    -0.012201894518541812,
    0.05335941185606141,
    0.056833243807553835,
    0.05669706433751498,
    0.06346298892024027,
    0.056640143391763154,
    0.05453460329524795,
    0.04949237929798844,
    -0.06745528599683182,
    -0.005320718645873468,
    -0.005321875390235986,
    0.06552716521788315,
    0.08054692871916524,
    0.0528593839421323,
    0.05285986815601318,
    0.07063393782966987,
    0.0706340329943409,
    -0.07272809294281046,
    -0.0029515701711686493,
    -0.002950709430997067,
    0.07806969898765315,
    0.08062255782763739,
    0.06190312647180651,
    0.06190272473806435,
    0.07415890694281457,
    0.07415766926701362
  ],
  "dipole_vec_eA": [
    0.5466193509878281,
    -4.01021062934598e-05,
    0.17714504752431576
  ],
  "dipole_mag_D": 2.7599542939901385,
  "HOMO_eV": -11.517237709539932,
  "LUMO_eV": -11.205811381172802,
  "gap_eV": 0.3114263283671299
}