{
  "tag": "RMC-Sn_2-Sn_2-A2-B1-NNNNNO",
  "energy_eV": -2497.9729659225504,
  "multiplicity": 1,
  "charge": 1,
  "sym1": "Sn",
  "ox1": 2,
  "sym2": "Sn",
  "ox2": 2,
  "acid": "A2",
  "base": "B1",
  "bridge": [
    "N",
    "O"
  ],
  "S1_ref": 0.0,
  "S2_ref": 0.0,
  "mulliken_q_e": [
    0.40508215297713973,
    0.40545599498958107,
    -0.3400725693568596,
    -0.3545498339798956,
    -0.12996732794651056,
    -0.12079605894476853,
    -0.13009801275587907,
    -0.1207944101206464,
    0.17964299887997326,
    -0.021135093276631878,
    -0.01853875470943378,
    -0.034801020178770514,
    -0.01849623578370374,
    -0.021149536212075937,
    0.06315965041589644,
    0.06776337091794604,
    0.06318828464411208,
    0.0692187564536717,
    0.06929176806212567,
    0.05563216690071304,
    0.05554869146892216,
    0.11281506386833628,
    -0.02008733080349745,
    -0.015134272846905716,
    -0.03655803064315788,
    -0.015155124879770554,
    -0.02009050137876356,
    0.054823545874386204,
    0.05950973135664983,
    0.054796746582084666,
    0.06475563834962572,
    0.06469163267083577,
    0.052810845711483756,
    0.05282639024926372,
    -0.039899740157919084,
    0.06242465100373695,
    0.05678411116594839,
    -0.03690208883596102,
    -0.024520342327459588,
    -0.020769444986888486,
    0.05405563356997933,
    0.05337376388509152,
    0.06392633930556657,
    0.0646880838524353,
    -0.039815220507086524,
    0.062484271874051256,
    0.05675604955935243,
    -0.03693120789202986,
    -0.024521613729971747,
    -0.020787811795206723,
    0.05410520437178845,
    0.0533440623273056,
    0.0639128268283673,
    0.06470315593351994
  ],
  "dipole_vec_eA": [
    0.0005875829520034531,
    -0.18993069226865067,
    -0.0021845779366206465
  ],
  "dipole_mag_D": 0.9123406203763178,
  "solvation_E_eV": null
}