{
  "tag": "RMC-Ni_3-Sn_2-A2-B7-NNNNSS",
  "energy_eV": -2171.750388434286,
  "multiplicity": 2,
  "charge": 3,
  "sym1": "Ni",
  "ox1": 3,
  "sym2": "Sn",
  "ox2": 2,
  "acid": "A2",
  "base": "B7",
  "bridge": [
    "S",
    "S"
  ],
  "S1_ref": 0.5,
  "S2_ref": 0.0,
  "mulliken_q_e": [
    -0.10414683926432933,
    0.5348750003979525,
    0.03641343457065144,
    0.0075841457557022235,
    0.059511178121148145,
    -0.010401648719240653,
    -0.11266595601810692,
    -0.1194405584348317,
    0.06689760120684252,
    0.018194184704515504,
    0.003928657615225983,
    -0.005696260419788768,
    0.0050072338910331915,
    0.02082131513512442,
    0.1140627063775298,
    0.1223635373980887,
    0.11471498424078186,
    0.07931284863233024,
    0.06717668390043618,
    0.1138452162203265,
    0.11877143863995898,
    0.06248858399097523,
    0.017412721026180966,
    0.004403064023904779,
    -0.005254833735799824,
    0.004338812206204246,
    0.020787292089903264,
    0.1153888239692814,
    0.12578624098265423,
    0.11576048895427249,
    0.08054074037491388,
    0.05858189329963648,
    0.11781176385448089,
    0.14296221122834707,
    0.050653240518469644,
    -0.009123386142339207,
    0.11141675624682668,
    0.1253727151201649,
    -0.005332514333554528,
    0.14378895237226508,
    0.14378895236805844,
    0.020214570172061075,
    -0.05039031980509878,
    0.11078708980492447,
    0.12783868529539077,
    -0.02658900086180105,
    0.13271877656593256,
    0.13271877646239305
  ],
  "dipole_vec_eA": [
    -0.17360682646312903,
    0.5090502612028368,
    3.874964666574464e-09
  ],
  "dipole_mag_D": 2.5833537459341525,
  "HOMO_eV": -18.868317904685536,
  "LUMO_eV": -18.447935605041064,
  "gap_eV": 0.4203822996444728
}