{
  "tag": "RMC-Os_2-Rh_2-A2-B1-NNNNSS",
  "energy_eV": -2551.8449305556583,
  "multiplicity": 2,
  "charge": 2,
  "sym1": "Os",
  "ox1": 2,
  "sym2": "Rh",
  "ox2": 2,
  "acid": "A2",
  "base": "B1",
  "bridge": [
    "S",
    "S"
  ],
  "S1_ref": 0.0,
  "S2_ref": 0.5,
  "mulliken_q_e": [
    0.15969782270768085,
    -0.11862835421543239,
    0.05701538914922527,
    0.0570243867751653,
    -0.06564577551849493,
    -0.06565902175656935,
    -0.01674004988792932,
    -0.016739600701728863,
    0.05007694915118299,
    0.014161785777868197,
    -0.009605265810206598,
    -0.018089453663886257,
    -0.01302329787649903,
    0.008378621546566878,
    0.08644542511514852,
    0.09264758797682604,
    0.08201762601258489,
    0.05169168052199069,
    0.042382175681810574,
    0.08525072668400302,
    0.09102449759665576,
    0.05007808084242993,
    0.014161933887696154,
    -0.009604988588397978,
    -0.018088953810011077,
    -0.013021571565361656,
    0.008379318546797299,
    0.08644557746282977,
    0.09264732721354618,
    0.08201717160713407,
    0.05169199546400516,
    0.04238873907694751,
    0.0852508138369048,
    0.09102420158232061,
    -0.023408927280986758,
    0.08349613434467384,
    0.0834928411884781,
    -0.023410997717869808,
    -0.011118041148382884,
    -0.011117635198017783,
    0.09048016959052929,
    0.09048023105060332,
    0.10245591113980768,
    0.10245566019259345,
    -0.027282792000235423,
    0.06934453158373843,
    0.06934397076879129,
    -0.027282718560015295,
    -0.010827420575810764,
    -0.010827308074311759,
    0.07683162842249058,
    0.07683159860111732,
    0.0915047903041517,
    0.0915048719871534
  ],
  "dipole_vec_eA": [
    -1.1485201414977597,
    4.810487196168613e-05,
    -3.4058458536559007e-07
  ],
  "dipole_mag_D": 5.5165768526621175,
  "HOMO_eV": -14.700676670846326,
  "LUMO_eV": -14.243292761166295,
  "gap_eV": 0.45738390968003095
}