{
  "tag": "RMC-Mn_2-Re_2-A2-B2-NNNNSS",
  "energy_eV": -3040.9784376046355,
  "multiplicity": 1,
  "charge": 2,
  "sym1": "Mn",
  "ox1": 2,
  "sym2": "Re",
  "ox2": 2,
  "acid": "A2",
  "base": "B2",
  "bridge": [
    "S",
    "S"
  ],
  "S1_ref": 0.5,
  "S2_ref": 0.5,
  "mulliken_q_e": [
    0.12659066844929368,
    0.0065452604419659055,
    0.031164866166102895,
    0.03116386841074939,
    -0.10582278920042643,
    -0.10582519092574372,
    -0.005504277137191371,
    -0.005504219123209753,
    0.03844295303569778,
    0.012988658264009745,
    -0.01920950835623958,
    -0.01532200490725022,
    -0.018290939000652262,
    0.005649656318216012,
    0.07685466490054005,
    0.08686408969957593,
    0.07345643918388234,
    0.01845602061624363,
    0.03869432091531322,
    0.09272817549297419,
    0.07955056151965434,
    0.03843650975856816,
    0.012988795381217777,
    -0.01921587349414433,
    -0.015322269313202463,
    -0.018295547355620778,
    0.005651773229382373,
    0.07685488136354957,
    0.08686588951811691,
    0.07345598097807327,
    0.018445693703255772,
    0.03868864714087472,
    0.09272159748177866,
    0.07954628615830173,
    -0.015744156935798337,
    0.025554218755123204,
    0.013443167836213243,
    0.07331625662845553,
    -0.03261917056609609,
    -0.019265552022387666,
    0.08502376552112234,
    0.07246711289193952,
    0.08221722159296818,
    0.07331051544286082,
    -0.015742612018136093,
    -0.019265666250435354,
    -0.03261182443900079,
    0.08502335984888454,
    0.08221829601706343,
    0.07246130618826485,
    -0.0142013161063137,
    0.030098605538931844,
    0.016981403812157403,
    0.06490140353871454,
    -0.030189470382779637,
    -0.018602936218361288,
    0.08897901419994303,
    0.07783713146505544,
    0.08559553240827988,
    0.06490017542284021,
    -0.014198692470682062,
    -0.01860313715887707,
    -0.030184052807432415,
    0.0889800276324032,
    0.0855940929692609,
    0.07783234045337717
  ],
  "dipole_vec_eA": [
    -0.5600503581264805,
    0.002446792734366503,
    1.4990270991350642e-06
  ],
  "dipole_mag_D": 2.690061943966127,
  "HOMO_eV": -14.760002113418363,
  "LUMO_eV": -14.233631316854657,
  "gap_eV": 0.5263707965637057
}