{
  "tag": "RMC-Rh_3-Zn_2-A2-B7-NNNNSS",
  "energy_eV": -2110.3549179569563,
  "multiplicity": 1,
  "charge": 3,
  "sym1": "Rh",
  "ox1": 3,
  "sym2": "Zn",
  "ox2": 2,
  "acid": "A2",
  "base": "B7",
  "bridge": [
    "S",
    "S"
  ],
  "S1_ref": 0.0,
  "S2_ref": 0.0,
  "mulliken_q_e": [
    0.05944081728992079,
    0.3041599036136189,
    -0.0026704033331777788,
    0.0005002978220492865,
    0.007779824566146454,
    0.018306411319918947,
    -0.08037258453454932,
    -0.06580794868048812,
    0.07091888451123807,
    0.01868734607934619,
    0.007709674616854123,
    -0.0051563264491583105,
    0.006309829921462784,
    0.018058538892459675,
    0.1183043643785252,
    0.1266817081446181,
    0.11569073312898837,
    0.06972751158951507,
    0.06317290650943042,
    0.12224520303718411,
    0.13740334664981257,
    0.07079983973517145,
    0.016332924599098186,
    0.006888833161217356,
    -0.005733755139699648,
    0.006395780513164029,
    0.016457932114477103,
    0.11727278431016319,
    0.1269523296674313,
    0.11547947092096178,
    0.07544755251855739,
    0.061192290419545436,
    0.12023921272366744,
    0.13464452616074574,
    0.030723648112204627,
    -0.01513837741033952,
    0.12372973312632052,
    0.132263079569641,
    -0.008167451291544392,
    0.14197016147518549,
    0.14197016147518826,
    0.017340299274799298,
    -0.03136007581002165,
    0.1108278007473884,
    0.13415139089865247,
    -0.023557812259892286,
    0.13589384065709154,
    0.1358938406570931
  ],
  "dipole_vec_eA": [
    -0.6940422547761309,
    0.2789049586337995,
    3.6645607114271326e-15
  ],
  "dipole_mag_D": 3.59272817222816,
  "HOMO_eV": -18.981365288784982,
  "LUMO_eV": -18.390512844459167,
  "gap_eV": 0.5908524443258152
}