{
  "tag": "RMC-Mn_2-Re_3-A2-B7-NNNNNO",
  "energy_eV": -2185.364569273667,
  "multiplicity": 2,
  "charge": 2,
  "sym1": "Mn",
  "ox1": 2,
  "sym2": "Re",
  "ox2": 3,
  "acid": "A2",
  "base": "B7",
  "bridge": [
    "N",
    "O"
  ],
  "S1_ref": 0.5,
  "S2_ref": 0.0,
  "mulliken_q_e": [
    0.35759901581880194,
    0.19848428330485046,
    -0.13759753203843528,
    -0.20151300853653153,
    -0.09905179854695256,
    -0.12356653785071736,
    -0.030816857439225576,
    -0.0657558740461075,
    0.1680647719413646,
    -0.005860095266956966,
    -0.01080435517672651,
    -0.0159140345575568,
    -0.008018986586139087,
    -0.008702066772136474,
    0.09059855810802608,
    0.09849542002622613,
    0.09142495548916885,
    0.05893152775520916,
    0.06794761232712743,
    0.0775411524913806,
    0.06962965200840665,
    0.10023967586220217,
    0.015090574951184932,
    -0.00781424979391332,
    -0.011084750662729181,
    -0.00485049753845912,
    0.008935436984419676,
    0.098941400862404,
    0.10541901031017054,
    0.09890916465586785,
    0.037210009886899265,
    0.05709109600440132,
    0.0999025995139382,
    0.09223814621038273,
    0.025898174326564716,
    -0.032259160508271156,
    0.06450600140159257,
    0.09671415177895115,
    -0.01034020124368018,
    0.10842905190578012,
    0.10842906176113132,
    0.018784859392388276,
    -0.03013889221364341,
    0.07237695380394982,
    0.10252930183726405,
    -0.023511412885412808,
    0.11861933822120474,
    0.11861935272543878
  ],
  "dipole_vec_eA": [
    0.04789785328863229,
    -0.15152413775581414,
    1.0955766663614243e-07
  ],
  "dipole_mag_D": 0.7632980548091334,
  "HOMO_eV": -15.539058455540117,
  "LUMO_eV": -15.369066905238055,
  "gap_eV": 0.16999155030206126
}