{
  "tag": "RMC-Hg_2-Re_2-A2-B4-NNNNNN",
  "energy_eV": -1999.6595764587273,
  "multiplicity": 2,
  "charge": 0,
  "sym1": "Hg",
  "ox1": 2,
  "sym2": "Re",
  "ox2": 2,
  "acid": "A2",
  "base": "B4",
  "bridge": [
    "N",
    "N"
  ],
  "S1_ref": 0.0,
  "S2_ref": 0.5,
  "mulliken_q_e": [
    0.14641553690471631,
    -0.07912346778720392,
    -0.14650686603950036,
    -0.1465015135330805,
    -0.24667725057317313,
    -0.2466909838377067,
    0.012777978583709437,
    0.012779507446015081,
    0.07237754795239382,
    -0.017297830483965715,
    -0.029373253017360934,
    -0.0342624282051287,
    -0.028144191585597333,
    -0.01241632373175694,
    0.03540733809691421,
    0.034782465642059224,
    0.03640309090478544,
    -0.001682929467104577,
    0.09570890469856264,
    0.049416402474850574,
    0.048727533770762,
    0.07237987715350225,
    -0.017296215778853874,
    -0.029374296670155564,
    -0.03426290191230463,
    -0.02814487219169437,
    -0.01241784794092804,
    0.035405866837279865,
    0.03478183702804405,
    0.036401196111398026,
    -0.0016826543073638067,
    0.09571250662146413,
    0.04940999797344403,
    0.048729530214665195,
    -0.06676416242273087,
    -0.06676298833553274,
    0.037039086357802176,
    0.03703908774075648,
    0.03703923856548186,
    0.0370392398462015,
    -0.07227649367285682,
    -0.07227115562377251,
    0.08103721343746417,
    0.08103725424712838,
    0.08104118545656169,
    0.08104120305771279
  ],
  "dipole_vec_eA": [
    0.7186860550157286,
    3.174900480052728e-05,
    1.896731401132048e-07
  ],
  "dipole_mag_D": 3.4519959316095106,
  "solvation_E_eV": null
}