{
  "tag": "RMC-Ag_1-Pt_2-A2-B2-NNNNOS",
  "energy_eV": -3140.077534193034,
  "multiplicity": 1,
  "charge": 1,
  "sym1": "Ag",
  "ox1": 1,
  "sym2": "Pt",
  "ox2": 2,
  "acid": "A2",
  "base": "B2",
  "bridge": [
    "O",
    "S"
  ],
  "S1_ref": 0.0,
  "S2_ref": 0.0,
  "mulliken_q_e": [
    0.25125866660027335,
    0.01770100215737025,
    -0.3095351339778527,
    -0.11709005142701503,
    -0.1556121666572572,
    -0.15696752948818427,
    -0.04876630019709549,
    -0.035772194851491745,
    0.06393407420436681,
    -0.002559478590379971,
    -0.022679305056211296,
    -0.03142878250760717,
    -0.018024676307667464,
    -0.002516698488600033,
    0.0533083212656541,
    0.06130720415288027,
    0.05716752683126425,
    0.04030225283789535,
    0.06862656487635865,
    0.07497928125469222,
    0.042713794517934,
    0.19964839061788453,
    -0.022951877981973956,
    -0.02292446057388564,
    -0.03744124293949791,
    -0.019678236532975513,
    -0.023108926150524622,
    0.05276595936203088,
    0.06030006426660428,
    0.05594882507533172,
    0.05795817754160937,
    0.07350701544247507,
    0.06504091392335964,
    0.046916427383604686,
    -0.02595227410052603,
    0.020521595358436118,
    0.0030749677030732503,
    0.07424171707977378,
    -0.03502279349493387,
    -0.026209831522288063,
    0.060803866202486234,
    0.0563995190275578,
    0.058217501123510984,
    0.07085403918651223,
    -0.026163623461671115,
    -0.026295065104999793,
    -0.03571823557841958,
    0.06169907616600767,
    0.05927484744336142,
    0.05536204108626075,
    -0.02689864210170656,
    0.020683011878406043,
    0.00958029627932433,
    0.06612678912990644,
    -0.04279725564294279,
    -0.02469561976866852,
    0.06381342966534853,
    0.05785493198844294,
    0.06111398317870176,
    0.06720923372722143,
    -0.027215243137272083,
    -0.024406124447372335,
    -0.042112923640953426,
    0.06323993741674483,
    0.06075890705804721,
    0.05633054070814003
  ],
  "dipole_vec_eA": [
    0.3141895282749372,
    -0.035588315141262906,
    2.5952153984920104e-13
  ],
  "dipole_mag_D": 1.5187667179276843,
  "HOMO_eV": -11.174404792605923,
  "LUMO_eV": -10.973439198406108,
  "gap_eV": 0.20096559419981475
}