{
  "tag": "RMC-Y_3-Y_3-A2-B10-NNNNNO",
  "energy_eV": -3172.5911579015906,
  "multiplicity": 1,
  "charge": 3,
  "sym1": "Y",
  "ox1": 3,
  "sym2": "Y",
  "ox2": 3,
  "acid": "A2",
  "base": "B10",
  "bridge": [
    "N",
    "O"
  ],
  "S1_ref": 0.0,
  "S2_ref": 0.0,
  "mulliken_q_e": [
    0.5757541598193845,
    0.5759049173350617,
    -0.29555859879532287,
    -0.3681978152088998,
    -0.10258894745504654,
    -0.09856345214905526,
    -0.10258462246139599,
    -0.0985548689316409,
    0.20000484888506787,
    -0.015194221368894478,
    -0.004555650479712847,
    -0.017810367884896205,
    -0.004557785089917221,
    -0.015190479762091424,
    0.09260767441841744,
    0.10773634407338117,
    0.09261068396320415,
    0.06925164212394108,
    0.06924824752976999,
    0.10382262689747834,
    0.10382664520927654,
    0.12752159760519444,
    -0.009446118012222282,
    -0.00028666783156805486,
    -0.018791622315355028,
    -0.00028792243400221906,
    -0.009443900549918949,
    0.09026102011290393,
    0.10500838244988386,
    0.09026286522291116,
    0.0587174595481772,
    0.05871601400123705,
    0.1120542564161986,
    0.1120557224505847,
    0.07162614891413122,
    0.006025152265728861,
    0.034013162564896726,
    -0.010639046575508182,
    -0.002353612034331265,
    -0.034367115911043244,
    0.10582019625011041,
    0.10472302238423958,
    0.08097288489023768,
    -0.009728669042310623,
    0.03441620001539958,
    0.008684921290191827,
    0.06894809421598569,
    -0.03489902140825207,
    -0.002915917998828288,
    0.10575468241251873,
    0.07895561750834135,
    0.10306880574172916,
    0.0716259109078714,
    0.006031485804808723,
    0.03401695002203553,
    -0.010638511815501017,
    -0.002351434244753925,
    -0.03436252471540846,
    0.10582092110388941,
    0.10472291007251688,
    0.08097368834142893,
    -0.009726607809745769,
    0.03442176598903646,
    0.008689500056271005,
    0.06894643200370543,
    -0.034894051420732985,
    -0.0029133313936549055,
    0.10575397957185917,
    0.07895606578667846,
    0.10306927872840421
  ],
  "dipole_vec_eA": [
    0.0005081239125652006,
    -0.09992162251651746,
    1.0638381613774231e-16
  ],
  "dipole_mag_D": 0.4799501694547109,
  "HOMO_eV": -17.496788334323977,
  "LUMO_eV": -17.385131351873806,
  "gap_eV": 0.11165698245017097
}