{
  "tag": "RMC-Nb_3-Ti_3-A2-B5-NNNNNS",
  "energy_eV": -1894.6182814390415,
  "multiplicity": 2,
  "charge": 3,
  "sym1": "Nb",
  "ox1": 3,
  "sym2": "Ti",
  "ox2": 3,
  "acid": "A2",
  "base": "B5",
  "bridge": [
    "N",
    "S"
  ],
  "S1_ref": 1.0,
  "S2_ref": 0.5,
  "mulliken_q_e": [
    0.35644272048265446,
    0.6877388481625724,
    -0.13853008284474866,
    0.248639185343533,
    -0.11917735145426689,
    -0.17033204734116336,
    -0.0915854575395636,
    -0.31502772933676404,
    0.026477228247430817,
    0.012138769194285137,
    0.01027179254726196,
    -0.002381984388526881,
    0.011742307383749484,
    0.016382100967789137,
    0.11476125579702035,
    0.12433956079782305,
    0.11941641201773745,
    0.11356852757214986,
    0.07536518687669758,
    0.11076665489331983,
    0.12070077292759251,
    0.09195328434661598,
    0.011565364535776501,
    0.011910456945713355,
    -0.0025103781086481813,
    0.012709944626416503,
    0.029802562289303447,
    0.11077172623857168,
    0.12513421412698245,
    0.12109533054013522,
    0.014783649778270735,
    0.1092765505937272,
    0.10138559777548117,
    0.1605931334138494,
    -0.010974327852850019,
    -0.017729721621822625,
    0.16437657112934678,
    0.1803198381628206,
    0.0183006995735282,
    -0.012231203730769247,
    0.23926607506350894,
    0.22848394884498102
  ],
  "dipole_vec_eA": [
    1.797066556666657,
    -0.2764113598066077,
    2.226615703812382e-14
  ],
  "dipole_mag_D": 8.73318627966959,
  "solvation_E_eV": null
}