{
  "tag": "RMC-Mo_2-Rh_2-A2-B7-NNNNOS",
  "energy_eV": -2193.6156581393766,
  "multiplicity": 2,
  "charge": 2,
  "sym1": "Mo",
  "ox1": 2,
  "sym2": "Rh",
  "ox2": 2,
  "acid": "A2",
  "base": "B7",
  "bridge": [
    "O",
    "S"
  ],
  "S1_ref": 0.0,
  "S2_ref": 0.5,
  "mulliken_q_e": [
    0.45505878924448895,
    -0.09660152128760002,
    -0.19743205336029446,
    0.026350365491126182,
    -0.13293316459561155,
    -0.13010025515582213,
    -0.017144913683860397,
    -0.01254770746583711,
    0.058355163841195434,
    0.014802778025359897,
    -0.005756198701833082,
    -0.012911957091999327,
    -0.007058422006248621,
    0.01016003845800717,
    0.09356671441273767,
    0.09966912821724516,
    0.09234060868590377,
    0.05205678186802576,
    0.053014443576053116,
    0.09135192755673671,
    0.08609652004734847,
    0.1670740617982458,
    0.001904484308189014,
    -0.016250763082766184,
    -0.016114508609608613,
    -0.01419687205356479,
    -0.002571080817941551,
    0.09083662118514235,
    0.10024085008058436,
    0.09196896772546781,
    0.05527321462765622,
    0.040839408671128785,
    0.08360485094525638,
    0.08345502303316521,
    0.029683028909633924,
    -0.038874871481687334,
    0.0839710877226264,
    0.10660830706226321,
    0.0018545644306893205,
    0.11278669129593077,
    0.11278668655116575,
    0.024106664993633453,
    -0.02067899109037974,
    0.08310358460711087,
    0.10411858251439199,
    -0.01192417942268631,
    0.11302875893099895,
    0.11302876118484728
  ],
  "dipole_vec_eA": [
    -0.156647677535742,
    0.10701386995366868,
    -2.455778620632289e-07
  ],
  "dipole_mag_D": 0.9112232135568016,
  "HOMO_eV": -15.194316820287609,
  "LUMO_eV": -14.402169099065794,
  "gap_eV": 0.7921477212218146
}