{
  "tag": "RMC-Mn_2-Re_3-A2-B6-NNNNNS",
  "energy_eV": -2218.0738945067014,
  "multiplicity": 2,
  "charge": 2,
  "sym1": "Mn",
  "ox1": 2,
  "sym2": "Re",
  "ox2": 3,
  "acid": "A2",
  "base": "B6",
  "bridge": [
    "N",
    "S"
  ],
  "S1_ref": 0.5,
  "S2_ref": 0.0,
  "mulliken_q_e": [
    0.14363017823133095,
    0.08787101255617968,
    -0.13417899567405933,
    0.08427627147378078,
    -0.10449117233693994,
    -0.10381426264287463,
    0.00631756339208045,
    -0.08922233549264846,
    0.035435316060306254,
    0.0059791184995874325,
    -0.01298516350301715,
    -0.015460388043370354,
    -0.01055971392261812,
    0.0039364368503089775,
    0.08229281676573685,
    0.09169543784672207,
    0.08416496534379059,
    0.05297867825473479,
    0.045971181413343665,
    0.06601565424485678,
    0.08031404720726465,
    0.10904915078323651,
    0.018977622669288152,
    -0.010377838427445996,
    -0.01233131819062927,
    -0.014589745025923806,
    0.010237196783058122,
    0.09634414449200635,
    0.09792561368442576,
    0.08609815889659145,
    0.03533468122946548,
    0.04905602588376845,
    0.1031210462479939,
    0.07877174444909696,
    -0.071209167914011,
    -0.003105222529976137,
    -0.006440265716403548,
    0.10299295846721046,
    0.11488253326935549,
    0.08661814017499414,
    0.0892874798654627,
    0.10027619282219102,
    0.10123442994984222,
    -0.07767134636226403,
    -0.030738058660066958,
    -0.008779805719842937,
    0.09688585805337013,
    0.09473405332124685,
    0.09553698295207202,
    0.0713914987892652,
    0.1066153427330635,
    0.08970526799560319
  ],
  "dipole_vec_eA": [
    -0.47597306432259895,
    -0.25988003059773473,
    0.10328273754876145
  ],
  "dipole_mag_D": 2.651591992830999,
  "HOMO_eV": -15.18957366300409,
  "LUMO_eV": -14.741857017284042,
  "gap_eV": 0.4477166457200479
}