{
  "tag": "RMC-Mg_2-Mn_2-A2-B1-NNNNNO",
  "energy_eV": -2475.784485295426,
  "multiplicity": 2,
  "charge": 1,
  "sym1": "Mg",
  "ox1": 2,
  "sym2": "Mn",
  "ox2": 2,
  "acid": "A2",
  "base": "B1",
  "bridge": [
    "N",
    "O"
  ],
  "S1_ref": 0.0,
  "S2_ref": 0.5,
  "mulliken_q_e": [
    0.44177407954527487,
    0.22845373154015225,
    -0.25101610015068343,
    -0.28058736614251445,
    -0.14485175422992635,
    -0.1453122622167573,
    -0.07449117252576598,
    -0.12173832447468858,
    0.16814301346387417,
    -0.016471159802275315,
    -0.027676323138427827,
    -0.03203245368350216,
    -0.026522947250931406,
    -0.02433615970461145,
    0.05787986419780311,
    0.06281364717237548,
    0.057940908052216966,
    0.05286986186512377,
    0.05377515482486506,
    0.05166796698811216,
    0.055597956836160645,
    0.10197517927839739,
    -0.00011441593248506798,
    -0.02197583724147356,
    -0.029550595522341405,
    -0.021981570278678086,
    -0.012689111653336749,
    0.06490784212493605,
    0.06585059566583351,
    0.06058815468443912,
    0.04166184707178555,
    0.048863759232417925,
    0.0800214374904118,
    0.06057161711450476,
    -0.0381624483246088,
    0.05203102034530782,
    0.0488531511179815,
    -0.03768585264009494,
    -0.02512103941580479,
    -0.02352341902577515,
    0.054105284897294714,
    0.05201225071870319,
    0.06184249486435944,
    0.062495961715070214,
    -0.03638010882582243,
    0.0626131471988407,
    0.06546489941353428,
    -0.037017263830831704,
    -0.02388696940164925,
    -0.023084660767677567,
    0.06452733428194257,
    0.058724827157939696,
    0.06827631571126558,
    0.06990601161011845
  ],
  "dipole_vec_eA": [
    -0.1024403093386322,
    -0.24674138831402728,
    1.0258210400244527e-15
  ],
  "dipole_mag_D": 1.2832318203318436,
  "HOMO_eV": -11.524209989346502,
  "LUMO_eV": -11.10189781427893,
  "gap_eV": 0.4223121750675727
}