{
  "tag": "RMC-Ir_3-Mn_3-A2-B4-NNNNNO",
  "energy_eV": -2061.2282115640824,
  "multiplicity": 1,
  "charge": 3,
  "sym1": "Ir",
  "ox1": 3,
  "sym2": "Mn",
  "ox2": 3,
  "acid": "A2",
  "base": "B4",
  "bridge": [
    "N",
    "O"
  ],
  "S1_ref": 0.0,
  "S2_ref": 0.0,
  "mulliken_q_e": [
    0.2904268694593888,
    0.3427265681339864,
    -0.05548946345950667,
    -0.09330191175661917,
    -0.13259419223240654,
    -0.13553463588060044,
    -0.009855756927245496,
    -0.009543369089470177,
    0.1565570157395466,
    0.0134369745520595,
    -0.0007421213908220814,
    -0.0013005186020014214,
    0.000623545161051009,
    0.010884931993571989,
    0.12292403761329129,
    0.13079050717647123,
    0.12054478686729819,
    0.05169794540091255,
    0.08213145005485378,
    0.13759448849592282,
    0.14434210861124086,
    0.08383034003316236,
    0.024374796608125804,
    0.008687623956630919,
    0.01253373611041897,
    -0.007757946202103794,
    0.029666694455466658,
    0.1282330800283933,
    0.13148751564169137,
    0.11027819051442889,
    0.03674813329144455,
    0.07072103371325356,
    0.13762375091486456,
    0.1391510283111549,
    -0.027662285708857315,
    -0.036687540760982795,
    0.14736604064551362,
    0.14736604064551373,
    0.1461709098595152,
    0.14617090985951497,
    -0.09308474411931811,
    -0.03441798488643011,
    0.1334334712579185,
    0.13343347125791494,
    0.1330072373259169,
    0.1330072373259188
  ],
  "dipole_vec_eA": [
    -0.5527767180509491,
    -0.21148025208313448,
    6.139424358222612e-15
  ],
  "dipole_mag_D": 2.8427747207735896,
  "solvation_E_eV": null
}