{
  "tag": "RMC-Ta_3-Ta_3-A2-B10-NNNNSS",
  "energy_eV": -3176.9200467744445,
  "multiplicity": 1,
  "charge": 4,
  "sym1": "Ta",
  "ox1": 3,
  "sym2": "Ta",
  "ox2": 3,
  "acid": "A2",
  "base": "B10",
  "bridge": [
    "S",
    "S"
  ],
  "S1_ref": 1.0,
  "S2_ref": 1.0,
  "mulliken_q_e": [
    0.704641973329685,
    0.7047045005549851,
    -0.1913373702231415,
    -0.1913382380849919,
    -0.13116718210926903,
    -0.13116310658240637,
    -0.13115399052737597,
    -0.1311551824279853,
    0.07460675964986851,
    0.01613764222111902,
    0.0037623579730852175,
    -0.0002979687861426328,
    0.0037581006749756174,
    0.016137582699334407,
    0.11580016834052043,
    0.13451549489173775,
    0.11580174717243719,
    0.07070477579159129,
    0.07071385574159561,
    0.1256686473269527,
    0.12566785800980762,
    0.07460735042455813,
    0.016137257110025338,
    0.003763510431710859,
    -0.0002983031061443153,
    0.0037576219697399438,
    0.016138500033803016,
    0.11579961014613172,
    0.13451572953283086,
    0.11580271033177791,
    0.07070552188507162,
    0.0707123655639923,
    0.12566810438893294,
    0.12566934091383208,
    0.06978782137333384,
    0.0001531708015991562,
    0.04206493490807506,
    0.0007532300664325753,
    0.004454400764643429,
    -0.028488390362279237,
    0.12904093534815075,
    0.1264331386430635,
    0.09364262802947454,
    0.0007522813807741002,
    0.04205614865797824,
    0.00016080039100052623,
    0.06978218080103016,
    -0.028470803728971372,
    0.004449825500325355,
    0.12904989044429793,
    0.09364139824341566,
    0.1264295078827926,
    0.06977581393298915,
    0.0002437280486751181,
    0.04214755786327551,
    0.0007782603333827964,
    0.004488582057941226,
    -0.028378222015185806,
    0.12904306984072011,
    0.126426095144913,
    0.09363601907882968,
    0.0007785576477803424,
    0.04215013586558647,
    0.00024153783437386167,
    0.06977755585494849,
    -0.028383475096821043,
    0.00448996869751328,
    0.12904038104219662,
    0.09363640028068343,
    0.12642718918045848
  ],
  "dipole_vec_eA": [
    0.0039281101364774034,
    -6.561212955268743e-06,
    1.0639145343571406e-15
  ],
  "dipole_mag_D": 0.01886754170052731,
  "HOMO_eV": -20.037472555768762,
  "LUMO_eV": -19.897632810556402,
  "gap_eV": 0.13983974521235965
}