{
  "tag": "RMC-Cr_3-V_2-A2-B5-NNNNNO",
  "energy_eV": -1951.5365620721846,
  "multiplicity": 1,
  "charge": 2,
  "sym1": "Cr",
  "ox1": 3,
  "sym2": "V",
  "ox2": 2,
  "acid": "A2",
  "base": "B5",
  "bridge": [
    "N",
    "O"
  ],
  "S1_ref": 0.5,
  "S2_ref": 0.5,
  "mulliken_q_e": [
    0.6161304456517581,
    0.2575344310019445,
    -0.10376894209160437,
    -0.23057904353425784,
    -0.05503274503884503,
    -0.23064033375880055,
    -0.11729294681218194,
    -0.04599655362018229,
    0.1636983686544462,
    0.010458309811084199,
    -0.007051032191940365,
    -0.009092035813531796,
    -0.005880890266151573,
    0.010009478695077956,
    0.10918976214631548,
    0.11712384010356947,
    0.11003258202373345,
    0.06670859102750248,
    0.08126534358737247,
    0.11124677449524378,
    0.12363726354560833,
    0.07532872770362675,
    0.0027673847053057976,
    -0.005442999862528941,
    -0.009954019536237091,
    0.000139353065129022,
    0.00981116181236108,
    0.093956770720526,
    0.10364506974432408,
    0.10041900019660999,
    0.06399854321805276,
    0.02923420763450424,
    0.09273367334871041,
    0.1080387276691539,
    -0.05838415047062995,
    -0.06453493304007019,
    0.10824959629552511,
    0.10414190450275784,
    0.026003461453240284,
    0.036055441455803194,
    0.11279377890685982,
    0.0992986318261182
  ],
  "dipole_vec_eA": [
    0.6374647369755134,
    -0.27337721756937683,
    2.896207815703705e-07
  ],
  "dipole_mag_D": 3.331555921646034,
  "solvation_E_eV": null
}