{
  "tag": "RMC-Pt_2-Zn_2-A2-B2-NNNNNO",
  "energy_eV": -3042.0965268475297,
  "multiplicity": 1,
  "charge": 1,
  "sym1": "Pt",
  "ox1": 2,
  "sym2": "Zn",
  "ox2": 2,
  "acid": "A2",
  "base": "B2",
  "bridge": [
    "N",
    "O"
  ],
  "S1_ref": 0.0,
  "S2_ref": 0.0,
  "mulliken_q_e": [
    0.05677708484754351,
    0.30786924057079545,
    -0.23490702482811998,
    -0.2766200158075396,
    -0.03634937552980788,
    -0.05793556162033631,
    -0.14868860933030748,
    -0.13050446022555406,
    0.19139937991978995,
    -0.02766905569528544,
    -0.020065580930229254,
    -0.034597220130564654,
    -0.021338100604836985,
    -0.021081527780742793,
    0.05818349379111798,
    0.0646913971220826,
    0.05817868385381442,
    0.06565510100644611,
    0.05623083830336828,
    0.06285229951503102,
    0.06490317978356741,
    0.11368022864528382,
    -0.023525443459023077,
    -0.015512993402324815,
    -0.036646876269986084,
    -0.01715476287086881,
    -0.013551387425851491,
    0.052275295038963554,
    0.05846890127165094,
    0.05295105608546469,
    0.05666520466085445,
    0.04243027758956175,
    0.0597744663508214,
    0.07633552948196287,
    -0.026026797055574535,
    0.020427685646549953,
    0.006830534256819787,
    0.0642884426425474,
    -0.042571024021858195,
    -0.025453412041071433,
    0.06317955245373774,
    0.05381948263935321,
    0.059148151480414524,
    0.06470854501872236,
    -0.029652446323377157,
    -0.02444019046975421,
    -0.04493198028013534,
    0.06203459515029963,
    0.06010403086533178,
    0.057561575190667735,
    -0.026398140278913518,
    0.019124818064101934,
    0.002742905972038301,
    0.06697025060957817,
    -0.04267914647896931,
    -0.026190845104111515,
    0.06044221875517819,
    0.05035755459467106,
    0.055918001604557954,
    0.07084756759545541,
    -0.03051737063094473,
    -0.0248488043307733,
    -0.04419954144875282,
    0.058530548216705336,
    0.05609649906934544,
    0.05160307670904407
  ],
  "dipole_vec_eA": [
    -0.08659662838378988,
    -0.3918994713278456,
    5.056071211478021e-18
  ],
  "dipole_mag_D": 1.9277800907269753,
  "HOMO_eV": -11.973691220330823,
  "LUMO_eV": -11.042018767605137,
  "gap_eV": 0.9316724527256852
}