{
  "tag": "RMC-Cd_2-Hg_2-A2-B1-NNNNOO",
  "energy_eV": -2434.9203621515344,
  "multiplicity": 1,
  "charge": 2,
  "sym1": "Cd",
  "ox1": 2,
  "sym2": "Hg",
  "ox2": 2,
  "acid": "A2",
  "base": "B1",
  "bridge": [
    "O",
    "O"
  ],
  "S1_ref": 0.0,
  "S2_ref": 0.0,
  "mulliken_q_e": [
    0.5207330206825798,
    0.5303004966677489,
    -0.40867103984948083,
    -0.4086698724272788,
    -0.13423418318556046,
    -0.13423545505387358,
    -0.15397159824470164,
    -0.1539632592189195,
    0.20408658579293237,
    -0.011063528950028934,
    -0.006166958603653905,
    -0.02269741392355895,
    -0.006629505335781882,
    -0.011472213966110978,
    0.08875444933829169,
    0.09619426547279553,
    0.08856726317874097,
    0.09002409087570484,
    0.083063696074261,
    0.08882156479418835,
    0.08603520376955087,
    0.2040838823957869,
    -0.011053439262347364,
    -0.006136826988483612,
    -0.022697302089180083,
    -0.006657891385230652,
    -0.011470126010526327,
    0.08874994097827027,
    0.09619392267585192,
    0.0885704202254276,
    0.09005369147147713,
    0.08302742110008832,
    0.0888163488665139,
    0.08604212271772305,
    -0.024457138721468263,
    0.05948800141307564,
    0.05949057882352804,
    -0.02445189994998187,
    -0.009204801510358296,
    -0.009222438217620255,
    0.07893865023237778,
    0.07893793945329086,
    0.09518554718127337,
    0.09518838516466532,
    -0.02243993929818422,
    0.058901921221987674,
    0.05888752108910578,
    -0.022442141623055134,
    -0.0085009272534744,
    -0.00848842168835251,
    0.07906577786713231,
    0.0790660640281623,
    0.09686535944354391,
    0.09686418976115374
  ],
  "dipole_vec_eA": [
    -0.11117968323603661,
    1.4698944237937938e-05,
    -1.6430207192173824e-14
  ],
  "dipole_mag_D": 0.5340187339236871,
  "HOMO_eV": -16.21273359737737,
  "LUMO_eV": -14.36531811781804,
  "gap_eV": 1.847415479559329
}