{
  "tag": "RMC-Ti_2-V_2-A2-B10-NNNNNO",
  "energy_eV": -3227.9915282798047,
  "multiplicity": 2,
  "charge": 1,
  "sym1": "Ti",
  "ox1": 2,
  "sym2": "V",
  "ox2": 2,
  "acid": "A2",
  "base": "B10",
  "bridge": [
    "N",
    "O"
  ],
  "S1_ref": 1.0,
  "S2_ref": 0.5,
  "mulliken_q_e": [
    0.6852073302676609,
    0.2402448664225738,
    -0.3167002997701831,
    -0.36358062021828697,
    -0.19498518018115973,
    -0.18200190306505992,
    -0.11470921413867163,
    -0.14467330759948793,
    0.18216050486492108,
    -0.01936127086680295,
    -0.027586329448000546,
    -0.03195767011896655,
    -0.025521546740862933,
    -0.024471174445006127,
    0.056513249276778255,
    0.06499817956097154,
    0.05879028105159623,
    0.04350297774477374,
    0.07273110447640563,
    0.06664471337371958,
    0.053317960902812156,
    0.10349098624968933,
    -0.014402108639915534,
    -0.026202273519614794,
    -0.03496731167131717,
    -0.03089663357135919,
    -0.029011217326692984,
    0.05157132991551716,
    0.05730328355468328,
    0.045655079105767604,
    0.02155527115425171,
    0.04414692995417546,
    0.06578235918032593,
    0.07650130809327449,
    0.06930589961768185,
    -0.0032664053569153584,
    0.01342535003432066,
    -0.03035465231639356,
    -0.023586679409191236,
    -0.05124664209240537,
    0.05999949770801827,
    0.057675113485013085,
    0.051262362332765266,
    -0.02802856843711976,
    0.009634335789955095,
    0.0019954765135774544,
    0.06867119190894022,
    -0.048061558085484846,
    -0.02400195909300007,
    0.05843952257269003,
    0.04587859687157514,
    0.05655126496305918,
    0.07212801086328446,
    0.0012121848256960721,
    0.012578076005975491,
    -0.029306865298673213,
    -0.024010085556901428,
    -0.0462600911641029,
    0.06007971785085642,
    0.059643096976391696,
    0.05270196945800909,
    -0.029391930780084063,
    0.013423142485247563,
    0.004567149063906983,
    0.06843910603389869,
    -0.04993251908623608,
    -0.024807614462158734,
    0.05997273382730106,
    0.048537440405030496,
    0.057044674858269584
  ],
  "dipole_vec_eA": [
    -0.4465715393393799,
    -0.27362431929628206,
    2.949720430479157e-16
  ],
  "dipole_mag_D": 2.515597281553451,
  "solvation_E_eV": null
}