{
  "tag": "RMC-Cu_1-V_3-A2-B4-NNNNNN",
  "energy_eV": -2049.9184146268094,
  "multiplicity": 3,
  "charge": 0,
  "sym1": "Cu",
  "ox1": 1,
  "sym2": "V",
  "ox2": 3,
  "acid": "A2",
  "base": "B4",
  "bridge": [
    "N",
    "N"
  ],
  "S1_ref": 0.0,
  "S2_ref": 1.0,
  "mulliken_q_e": [
    0.176010728967674,
    0.29114556155022353,
    -0.13054210182849113,
    -0.13054889904455202,
    -0.08794486738656437,
    -0.08794472336154491,
    -0.23453166146582238,
    -0.23452972943190464,
    0.06275885743079379,
    -0.0060699019753864825,
    -0.033346449632445596,
    -0.03702873643670679,
    -0.03188579120298285,
    -0.02157408974651842,
    0.03607031015521278,
    0.03193907630706483,
    0.030466950478686528,
    0.0738685617822481,
    0.008002180418417826,
    0.04538903999563304,
    0.0318726620975156,
    0.06275950070987957,
    -0.006074806322702964,
    -0.03334501304875315,
    -0.03703583715559855,
    -0.031884955321848096,
    -0.02157096127196656,
    0.03606866679554532,
    0.03194203909746918,
    0.030465484148120225,
    0.07387476680760297,
    0.007991506873639809,
    0.04538290755385632,
    0.031880077643619886,
    -0.08774934601101014,
    -0.08774515198011468,
    0.04890913127164487,
    0.04890913127157437,
    0.048908594230586355,
    0.048908594230515856,
    -0.07005486591323873,
    -0.07004669914969441,
    0.044483087160285595,
    0.044483087159934986,
    0.04448203970046516,
    0.04448203970011355
  ],
  "dipole_vec_eA": [
    -0.929292125374694,
    5.728057228111501e-06,
    -4.018264992551165e-11
  ],
  "dipole_mag_D": 4.463579904761899,
  "HOMO_eV": -8.522102209689248,
  "LUMO_eV": -8.439956386691458,
  "gap_eV": 0.08214582299778961
}