{
  "tag": "RMC-Nb_3-Sn_2-A2-B7-NNNNNO",
  "energy_eV": -2121.589264144812,
  "multiplicity": 3,
  "charge": 2,
  "sym1": "Nb",
  "ox1": 3,
  "sym2": "Sn",
  "ox2": 2,
  "acid": "A2",
  "base": "B7",
  "bridge": [
    "N",
    "O"
  ],
  "S1_ref": 1.0,
  "S2_ref": 0.0,
  "mulliken_q_e": [
    0.311133182959451,
    0.517910923784337,
    -0.2532120470364343,
    -0.30511079900005456,
    -0.10828708726900182,
    -0.10770826121659383,
    -0.1392620224461376,
    -0.21277625725220162,
    0.20837813316185416,
    0.020095266668416434,
    0.0046133081447379265,
    -0.015452619020224878,
    0.005881388536760124,
    -0.008006571040588772,
    0.1034344970064478,
    0.10153583641848463,
    0.09401606259365736,
    -0.08948699873055355,
    0.08176986094267358,
    0.1185889375320116,
    0.06787002765266026,
    0.13361274143963153,
    0.005790029269566288,
    -0.007065140625309274,
    -0.018818312237008694,
    -0.004049459804024602,
    0.0025174422503313476,
    0.08390376166194113,
    0.09555502710394903,
    0.08666314906077432,
    0.07167193072816458,
    0.07448071689819935,
    0.06292244982656758,
    0.08895126922089536,
    0.03322342025180314,
    -0.02621011133960227,
    0.06469585233466146,
    0.0954125926825895,
    0.0035438879753186825,
    0.10503676238927684,
    0.10503676238926762,
    0.08501478131243356,
    -0.01394750418123536,
    0.1254916501704284,
    0.10676587237241686,
    -0.005032011590400787,
    0.1244538390247375,
    0.124453839024941
  ],
  "dipole_vec_eA": [
    -0.13476308966246117,
    -0.19120649301757048,
    5.027366042771734e-12
  ],
  "dipole_mag_D": 1.123590664386207,
  "solvation_E_eV": null
}