{
  "tag": "RMC-Mg_2-Ta_3-A2-B7-NNNNNS",
  "energy_eV": -2061.6074336379206,
  "multiplicity": 3,
  "charge": 2,
  "sym1": "Mg",
  "ox1": 2,
  "sym2": "Ta",
  "ox2": 3,
  "acid": "A2",
  "base": "B7",
  "bridge": [
    "N",
    "S"
  ],
  "S1_ref": 0.0,
  "S2_ref": 1.0,
  "mulliken_q_e": [
    0.4880486300635939,
    0.6252970477054371,
    -0.3722867067172708,
    -0.16178340937838426,
    -0.10511879917785594,
    -0.09394835089824816,
    -0.19037927416496503,
    -0.1798405517251238,
    0.0635939016259055,
    0.004611176649180537,
    -0.008765138715723042,
    -0.01639223322429939,
    -0.006742064306257234,
    0.011915599897412976,
    0.08635476213722393,
    0.0958255738278968,
    0.09068912751807445,
    0.059788930693406295,
    0.06592043978492956,
    0.07788549855980031,
    0.0902812133781421,
    0.12120947744179689,
    -0.011356253120090143,
    -0.006577537140142642,
    -0.022292404956760548,
    -0.004948623380869099,
    -0.0031418188030416516,
    0.08189321667976523,
    0.09269205225985688,
    0.08575148574955771,
    0.053448095891469816,
    0.06637691783196464,
    0.07986418161756648,
    0.09929258984213185,
    0.014256539105407695,
    -0.04402179493277858,
    0.08958515132532319,
    0.11377007766687308,
    -0.03044950053342088,
    0.1212625103440681,
    0.12126251034406743,
    0.023759250268620136,
    -0.05656381796394139,
    0.07915008098725818,
    0.09795185161474051,
    0.005564341401518069,
    0.10365302256748732,
    0.10365302256748632
  ],
  "dipole_vec_eA": [
    0.30106517766596,
    -0.04331929763222639,
    5.875047232748911e-16
  ],
  "dipole_mag_D": 1.4609702234817101,
  "HOMO_eV": -14.767971991230358,
  "LUMO_eV": -14.326509816768956,
  "gap_eV": 0.44146217446140135
}