{
  "tag": "RMC-Ag_2-Ir_3-A2-B4-NNNNOO",
  "energy_eV": -2120.8208599222016,
  "multiplicity": 2,
  "charge": 3,
  "sym1": "Ag",
  "ox1": 2,
  "sym2": "Ir",
  "ox2": 3,
  "acid": "A2",
  "base": "B4",
  "bridge": [
    "O",
    "O"
  ],
  "S1_ref": 0.5,
  "S2_ref": 0.0,
  "mulliken_q_e": [
    0.27833672223679007,
    0.32267725477707887,
    -0.09824621860124161,
    -0.09824658051038138,
    -0.018462613267730132,
    -0.018457605412181666,
    -0.12565025074363123,
    -0.12568200318081146,
    0.1532723811063499,
    0.016456353863874673,
    0.00020321645571308444,
    -0.003344923613405326,
    0.014572288288273949,
    0.008895998254419446,
    0.11511049983209021,
    0.1284889941060111,
    0.12568858506190816,
    0.08638000130843682,
    0.05553324840758611,
    0.14621346672389646,
    0.12958033876245267,
    0.15327732646334535,
    0.01646947620437955,
    0.0002048645363721402,
    -0.0033429931653492506,
    0.014586997416834446,
    0.008894493665981162,
    0.11510944362437292,
    0.12848799251139775,
    0.1256875046804704,
    0.08638605872523475,
    0.055533790541549166,
    0.14621507448375992,
    0.12958023616964753,
    -0.06006838372736345,
    -0.060067100970884635,
    0.1256268933317014,
    0.12562689333170152,
    0.1256268831128925,
    0.12562688311289072,
    -0.03363897325017118,
    -0.03363928637022773,
    0.15362414742077435,
    0.15362414742077313,
    0.15362423845463002,
    0.1536242384546307
  ],
  "dipole_vec_eA": [
    0.6076975020534655,
    0.00020600484332995847,
    1.271947725890139e-14
  ],
  "dipole_mag_D": 2.9188954044452085,
  "HOMO_eV": -19.337297319407753,
  "LUMO_eV": -18.205026201130643,
  "gap_eV": 1.1322711182771101
}