{
  "tag": "RMC-Fe_3-V_3-A2-B10-NNNNSS",
  "energy_eV": -3208.476818287045,
  "multiplicity": 2,
  "charge": 4,
  "sym1": "Fe",
  "ox1": 3,
  "sym2": "V",
  "ox2": 3,
  "acid": "A2",
  "base": "B10",
  "bridge": [
    "S",
    "S"
  ],
  "S1_ref": 0.5,
  "S2_ref": 1.0,
  "mulliken_q_e": [
    0.690314237966134,
    0.24988099834091415,
    -0.04220966294724224,
    -0.04221060448520697,
    -0.15160454662924372,
    -0.15160322495308676,
    -0.09202112121656802,
    -0.09202118100198264,
    0.06022379582310289,
    0.019407755903363633,
    0.0010013660625542986,
    0.00020618486995527263,
    0.002469692252513811,
    0.010735318749843348,
    0.11090986441529582,
    0.13065922735321978,
    0.11079744857076657,
    0.06687907506230362,
    0.05800520103784823,
    0.116431650006937,
    0.1228423320469163,
    0.060224992568414404,
    0.01940803170377059,
    0.0010014304580032718,
    0.00020603781091721451,
    0.002469827618520215,
    0.010736124286399695,
    0.11090971015363671,
    0.13065921666359925,
    0.11079751255960812,
    0.06687982318928598,
    0.05800582105480112,
    0.11643157139739024,
    0.12284255365411234,
    0.0738299761708876,
    0.014118426176664034,
    0.05070316590679469,
    0.0020505008385109935,
    0.010286513123935581,
    -0.023101733119385015,
    0.13333649266050507,
    0.1327601715879585,
    0.10144706751987032,
    0.0020517772337393936,
    0.05070493914595464,
    0.014117710206090983,
    0.0738294655752616,
    -0.02310448784528374,
    0.010287200733433144,
    0.13333443389698385,
    0.10144698067347047,
    0.13276101461485001,
    0.08152376614791779,
    0.027532966988381924,
    0.04864154555220712,
    0.00329304592219537,
    0.010423157803561844,
    -0.02339416500693048,
    0.13178603623021623,
    0.12959841509488723,
    0.10033265788074919,
    0.0032930545817315693,
    0.04864156697125144,
    0.0275333225708585,
    0.08152337258081754,
    -0.023395020841784575,
    0.010422978255770321,
    0.13178603995459237,
    0.10033271885733686,
    0.12959846818815035
  ],
  "dipole_vec_eA": [
    -0.08602214638010054,
    1.414433574541776e-05,
    -4.3920588615228236e-16
  ],
  "dipole_mag_D": 0.4131819463928847,
  "HOMO_eV": -20.14329849038318,
  "LUMO_eV": -19.86654182026314,
  "gap_eV": 0.2767566701200401
}