{
  "tag": "RMC-Au_3-Sn_2-A2-B1-NNNNSS",
  "energy_eV": -2495.3319656818076,
  "multiplicity": 1,
  "charge": 3,
  "sym1": "Au",
  "ox1": 3,
  "sym2": "Sn",
  "ox2": 2,
  "acid": "A2",
  "base": "B1",
  "bridge": [
    "S",
    "S"
  ],
  "S1_ref": 0.0,
  "S2_ref": 0.0,
  "mulliken_q_e": [
    0.4325778974659703,
    0.5090316715672827,
    -0.2474431817540677,
    -0.210055929121132,
    -0.1131922940601442,
    -0.10764590578133792,
    0.04872625309468637,
    -0.07911752767406122,
    0.09337005678900301,
    0.02160599046993239,
    0.0044880481655951154,
    -0.006415945367402198,
    0.0011971593169055605,
    0.011762415338633314,
    0.11201481647735134,
    0.11941339820503638,
    0.10368550852757097,
    0.07913141255395106,
    0.07625677035745104,
    0.11214216380876829,
    0.11899567714499515,
    0.09760530415201729,
    0.028524928095686297,
    0.0004033940087282417,
    -0.006999046246605856,
    0.0020518964278317675,
    0.01111933027458245,
    0.10794755869481365,
    0.1191932854403579,
    0.10359749764336856,
    0.053487122881450855,
    0.07738394437631602,
    0.13891833875303095,
    0.11472765778751626,
    -0.018733516523985916,
    0.060748569612125713,
    0.06041937564153055,
    -0.018956548596178457,
    0.0012620190716456925,
    0.00091925048153918,
    0.0870424894261036,
    0.0871626287262186,
    0.11680404895049712,
    0.1167540482486682,
    -0.006549206680256603,
    0.08513753146230019,
    -0.03819444087990309,
    0.00120453501025386,
    0.005100221997952126,
    -0.017927344274614176,
    0.1862174505684977,
    0.11043858611038826,
    0.12702445718417377,
    0.1256361766489189
  ],
  "dipole_vec_eA": [
    1.1252395823309411,
    0.5569674840969322,
    1.3701326526263281e-05
  ],
  "dipole_mag_D": 6.030607829243457,
  "solvation_E_eV": null
}