{
  "tag": "RMC-Cd_2-Zr_2-A2-B2-NNNNOS",
  "energy_eV": -2956.441670329667,
  "multiplicity": 3,
  "charge": 2,
  "sym1": "Cd",
  "ox1": 2,
  "sym2": "Zr",
  "ox2": 2,
  "acid": "A2",
  "base": "B2",
  "bridge": [
    "O",
    "S"
  ],
  "S1_ref": 0.0,
  "S2_ref": 1.0,
  "mulliken_q_e": [
    0.4793809423886328,
    0.8635460758840445,
    -0.4338535547525997,
    -0.20851278077100305,
    -0.1400463855335532,
    -0.1528455433276208,
    -0.17211216915584804,
    -0.19144338297908448,
    0.06467738543556201,
    0.0028698755847420543,
    -0.025273963847566083,
    -0.021109375471104252,
    -0.025751734363050893,
    0.001410816584092478,
    0.06947045709026134,
    0.08174731322868867,
    0.07090289038307385,
    0.016037932547824152,
    0.061869162582037784,
    0.08360557381192935,
    0.08076243223899726,
    0.17956058425763133,
    -0.017189058621583708,
    -0.025513974807512385,
    -0.026840187083572165,
    -0.02935735975937681,
    -0.017742610314773977,
    0.07189668925226189,
    0.08229916037496932,
    0.06870619806878764,
    0.021638171231068037,
    0.061348592886814046,
    0.08757232854942176,
    0.0859071515224652,
    -0.01825104471372918,
    0.029055601163229694,
    -0.00024307453981919913,
    0.06263871506252161,
    -0.030231824310758215,
    -0.019175678660049433,
    0.08415605584059771,
    0.07155994844715496,
    0.08177641452885098,
    0.06026542173887961,
    -0.019217368695114034,
    -0.01940885960416172,
    -0.03147495536399125,
    0.08412711847854792,
    0.08169353131442003,
    0.0714547184829637,
    -0.023673936803521478,
    0.029705809577758924,
    -0.010696587216003639,
    0.06025727077161536,
    -0.03590467348641191,
    -0.02137125272480711,
    0.08304782798468024,
    0.07577364105857765,
    0.0803349935753227,
    0.06328176023567633,
    -0.023683739029158657,
    -0.020405174188117048,
    -0.03392495936077444,
    0.08343237133912662,
    0.08209429979911254,
    0.07538997332809849
  ],
  "dipole_vec_eA": [
    0.13432084138583245,
    0.04433760349666832,
    -1.9233927336431847e-14
  ],
  "dipole_mag_D": 0.679410001344222,
  "HOMO_eV": -13.64541427246616,
  "LUMO_eV": -13.484836265775243,
  "gap_eV": 0.16057800669091726
}