{
  "tag": "RMC-Os_3-Zn_2-A2-B4-NNNNNS",
  "energy_eV": -1979.804489541198,
  "multiplicity": 2,
  "charge": 2,
  "sym1": "Os",
  "ox1": 3,
  "sym2": "Zn",
  "ox2": 2,
  "acid": "A2",
  "base": "B4",
  "bridge": [
    "N",
    "S"
  ],
  "S1_ref": 0.5,
  "S2_ref": 0.0,
  "mulliken_q_e": [
    0.3129687623565802,
    0.29052562983792085,
    -0.07613373366358966,
    0.15867360956992632,
    -0.07714105430351181,
    -0.19562202014931773,
    -0.05275300658028037,
    -0.21097324777280657,
    0.02845754426296776,
    0.0064073504179633645,
    -0.002540684400239135,
    -0.011736195177065811,
    -0.00019226292369278752,
    0.010580291613354387,
    0.09297288338672194,
    0.0994962802632211,
    0.09670976532392361,
    0.0789428042597482,
    0.0738549699481803,
    0.09205914508125723,
    0.09822227705035036,
    0.06732114040395132,
    0.006688230004439966,
    -0.008310033760618118,
    -0.012375773934171885,
    -0.006332757591059224,
    0.020455668891356416,
    0.0922045287922959,
    0.10112482433414371,
    0.0994907641584567,
    0.021200484945293807,
    0.059807797665402784,
    0.08759544529193308,
    0.14005508947946188,
    -0.07181596469531137,
    -0.07440665032232574,
    0.06322206352032911,
    0.06322207812815217,
    0.0684186801168647,
    0.06841871479189765,
    -0.04322918003145704,
    -0.050923729030392995,
    0.126298492911875,
    0.12629850337583604,
    0.12139623348328188,
    0.12139624074273914
  ],
  "dipole_vec_eA": [
    1.9959674300264607,
    -0.3735378553973697,
    1.8501885454814554e-06
  ],
  "dipole_mag_D": 9.753481385414718,
  "solvation_E_eV": null
}