{
  "tag": "RMC-Nb_3-Ni_3-A2-B10-NNNNNS",
  "energy_eV": -3260.7963018170167,
  "multiplicity": 4,
  "charge": 3,
  "sym1": "Nb",
  "ox1": 3,
  "sym2": "Ni",
  "ox2": 3,
  "acid": "A2",
  "base": "B10",
  "bridge": [
    "N",
    "S"
  ],
  "S1_ref": 1.0,
  "S2_ref": 0.5,
  "mulliken_q_e": [
    0.27363629820908875,
    -0.12820074042388763,
    -0.20354136852541016,
    0.08744856807033308,
    -0.0936683721427487,
    -0.14857258370953774,
    0.0015120576442144706,
    0.009697606808219295,
    0.057244451879742586,
    0.021257725793081717,
    -0.0035246437472953307,
    -0.0092030306226909,
    -0.005664730153773334,
    0.008303106579616859,
    0.09696957605694045,
    0.10820349021725417,
    0.0884556216027208,
    0.062073552358188344,
    0.07668731590492195,
    0.10457036615249171,
    0.07808288305447064,
    0.14048754540596176,
    0.019804815530158892,
    -0.006641630782176833,
    -0.009727920511312993,
    3.819975002472553e-05,
    0.014235859282072383,
    0.09232815265133987,
    0.11005960818973426,
    0.09872274857755214,
    0.06669412420784226,
    0.07609027974806937,
    0.103090683944423,
    0.10101523578043159,
    0.08138052399926576,
    0.02106750092121823,
    0.03519482884143876,
    -0.007578081900721401,
    0.002712937230677115,
    -0.027761373050336546,
    0.10685186378920553,
    0.10704902806358729,
    0.08412531907293974,
    -0.00769986287576474,
    0.03598087266988004,
    0.021614957716681982,
    0.08096601029732797,
    -0.03099148875251112,
    0.0011229972458233206,
    0.10552000109100723,
    0.07713411072966458,
    0.10220350126774225,
    0.08072050172485468,
    0.038517773304279856,
    0.04460649880831968,
    -0.006287844286293254,
    0.0061513424274355355,
    -0.027233473135718222,
    0.11507884183592354,
    0.11298060474630933,
    0.09171761382453592,
    -0.005199769105292518,
    0.04451254850975506,
    0.03906663604973737,
    0.08201261298909746,
    -0.02373643848662943,
    0.006662494744348102,
    0.11532719802262759,
    0.09329672891574814,
    0.11494764116734846
  ],
  "dipole_vec_eA": [
    -0.34143451075877196,
    -0.2594077386652351,
    1.7710704674207484e-15
  ],
  "dipole_mag_D": 2.059616567412335,
  "HOMO_eV": -17.47145213963679,
  "LUMO_eV": -16.967147496609478,
  "gap_eV": 0.5043046430273108
}