{
  "tag": "RMC-Co_2-Y_3-A2-B1-NNNNSS",
  "energy_eV": -2467.171661828929,
  "multiplicity": 2,
  "charge": 3,
  "sym1": "Co",
  "ox1": 2,
  "sym2": "Y",
  "ox2": 3,
  "acid": "A2",
  "base": "B1",
  "bridge": [
    "S",
    "S"
  ],
  "S1_ref": 0.5,
  "S2_ref": 0.0,
  "mulliken_q_e": [
    0.12316662000290624,
    0.44413988703183005,
    -0.056101858833172535,
    -0.056101828754948235,
    -0.028127505714144574,
    -0.0281275070434146,
    -0.12701635807761935,
    -0.1270163638398054,
    0.07837166676799301,
    0.015549057260927368,
    0.0018119073063536106,
    -0.007593100144400955,
    0.0047399383424331365,
    0.021058701120894252,
    0.10935267762664591,
    0.12156077015932498,
    0.11250564683151076,
    0.08625770606812289,
    0.0629695048188994,
    0.11661019548176488,
    0.12134590875673079,
    0.07837168115749327,
    0.015549055476043128,
    0.0018119056894723151,
    -0.00759309840606015,
    0.004739936854388116,
    0.02105869730702592,
    0.10935265971782915,
    0.1215607765913318,
    0.11250563741945874,
    0.08625769587624732,
    0.06296950358110509,
    0.11661018616427565,
    0.1213459058817099,
    -0.017663419043796535,
    0.07435059023450896,
    0.074350595215263,
    -0.01766341227636259,
    0.0022043974569403435,
    0.0022043965255014175,
    0.10178580135938997,
    0.10178580332406051,
    0.12477347556207297,
    0.12477346759858232,
    -0.007694489354553413,
    0.06762763484528689,
    0.06762763392449345,
    -0.007694483309440336,
    0.0028721465513326105,
    0.0028721425514570686,
    0.10820265076897129,
    0.10820265249563932,
    0.12659311080785207,
    0.12659309627995186
  ],
  "dipole_vec_eA": [
    0.6915303614466961,
    -2.1287597571923788e-07,
    9.831744674680073e-13
  ],
  "dipole_mag_D": 3.3215615849355715,
  "HOMO_eV": -18.38320495129954,
  "LUMO_eV": -18.21335133740766,
  "gap_eV": 0.16985361389188114
}