{
  "tag": "RMC-Mo_2-Ti_2-A2-B6-NNNNNO",
  "energy_eV": -2190.477656968472,
  "multiplicity": 3,
  "charge": 1,
  "sym1": "Mo",
  "ox1": 2,
  "sym2": "Ti",
  "ox2": 2,
  "acid": "A2",
  "base": "B6",
  "bridge": [
    "N",
    "O"
  ],
  "S1_ref": 0.0,
  "S2_ref": 1.0,
  "mulliken_q_e": [
    0.3723469077118243,
    0.44764854235827445,
    -0.3040636280640192,
    -0.2784437103495181,
    -0.14255215036209457,
    -0.17277974847499733,
    -0.1714077616008598,
    -0.18230371531955014,
    0.1508685871779858,
    -0.022622359016885474,
    -0.03540347089228413,
    -0.030777614013155485,
    -0.03378905318832759,
    -0.017320597324048892,
    0.05504211801887671,
    0.06157086016116198,
    0.05592186690699341,
    0.04878604963138011,
    0.03215721645382774,
    0.04956684747994289,
    0.039247524377517884,
    0.1031871504033195,
    -0.01647378010748768,
    -0.02922645710199334,
    -0.029829794776293994,
    -0.027812468881451613,
    -0.006084894460172574,
    0.0550940310966308,
    0.061746911487894685,
    0.05771848019374315,
    0.04675537424861753,
    0.0337474413395451,
    0.05826941793165863,
    0.05467305156324742,
    -0.0710727071822459,
    0.0009682023292043596,
    0.010136235174982522,
    0.07037492663819167,
    0.07827261455333845,
    0.06154391208004595,
    0.052236002802056425,
    0.07153601728002179,
    0.06443364146467423,
    -0.0711279835918226,
    -0.0018145146894050779,
    0.0021203187298723947,
    0.08071808858126228,
    0.08799954617142791,
    0.06793161790862745,
    0.06219711113690363,
    0.07681492366912057,
    0.0732748718049574
  ],
  "dipole_vec_eA": [
    0.37043684547793154,
    -0.22153407201912467,
    0.05767546718347388
  ],
  "dipole_mag_D": 2.0916135313753936,
  "HOMO_eV": -11.012667604957375,
  "LUMO_eV": -10.982408127862167,
  "gap_eV": 0.03025947709520871
}