{
  "tag": "RMC-Bi_3-Ti_3-A2-B4-NNNNNN",
  "energy_eV": -1974.0947123439191,
  "multiplicity": 1,
  "charge": 2,
  "sym1": "Bi",
  "ox1": 3,
  "sym2": "Ti",
  "ox2": 3,
  "acid": "A2",
  "base": "B4",
  "bridge": [
    "N",
    "N"
  ],
  "S1_ref": 0.5,
  "S2_ref": 0.5,
  "mulliken_q_e": [
    0.7204885795365472,
    0.7337025028844235,
    -0.14201719809947067,
    -0.1420278593137967,
    -0.2961969422444761,
    -0.2962469756918862,
    -0.12035924379673046,
    -0.12038632050373743,
    0.08364381587723213,
    0.004493762613178465,
    -0.007872783216377854,
    -0.017112993419754474,
    -0.00752793423674758,
    0.0002571466292797808,
    0.08986237869324543,
    0.09117963962146458,
    0.08250276252643174,
    0.03552063094561331,
    0.09491304848611737,
    0.09898672703275824,
    0.05548003486481501,
    0.08366451921812468,
    0.004487169562211291,
    -0.007900966106469287,
    -0.01712801924333074,
    -0.007526917321629689,
    0.00029093336834584704,
    0.08985645655821206,
    0.09120922898293748,
    0.08250277592204058,
    0.03553531320375747,
    0.09492831321987572,
    0.09900919704776967,
    0.05549707880755661,
    -0.06895420487171089,
    -0.06894741217735656,
    0.0953996456268894,
    0.08530366877098494,
    0.09539953498840892,
    0.08529467571904892,
    -0.07192480774707533,
    -0.07192946515577692,
    0.09413982390338915,
    0.09318494128773802,
    0.09414073465795902,
    0.09318500257478757
  ],
  "dipole_vec_eA": [
    -0.8623883962632316,
    0.0004421824968220354,
    -0.7333335311521457
  ],
  "dipole_mag_D": 5.4373715176203925,
  "solvation_E_eV": null
}