{
  "tag": "RMC-Cr_3-Ir_3-A2-B7-NNNNNO",
  "energy_eV": -2162.150339075175,
  "multiplicity": 2,
  "charge": 3,
  "sym1": "Cr",
  "ox1": 3,
  "sym2": "Ir",
  "ox2": 3,
  "acid": "A2",
  "base": "B7",
  "bridge": [
    "N",
    "O"
  ],
  "S1_ref": 0.5,
  "S2_ref": 0.0,
  "mulliken_q_e": [
    0.6356102589065297,
    0.27091054854792385,
    -0.2085498353502666,
    -0.2248842170851253,
    -0.11993428437959652,
    -0.11789439061269036,
    -0.02190963494159881,
    -0.04890983826864859,
    0.17373761816792643,
    0.008021283321533401,
    0.0017280341513372655,
    0.0003865741990658478,
    0.005520225560827097,
    0.0031741404853442567,
    0.12200259201059627,
    0.13354202625858358,
    0.12333092445415017,
    0.057742871166671206,
    0.06852798405012916,
    0.11232230698942192,
    0.10877683319826181,
    0.11182619520623627,
    0.022554837652934978,
    0.0057734725333447035,
    0.005292089069727224,
    0.009300295520666468,
    0.01633747718845302,
    0.12525681951667544,
    0.13673536894704252,
    0.12596993574249182,
    0.048709995801128114,
    0.06521033110754781,
    0.12602052791979368,
    0.11823984648066588,
    0.024515746207661726,
    -0.02368263996731801,
    0.09820743850097446,
    0.130188487702255,
    -0.018294655203180188,
    0.1386050824418018,
    0.13860508244179914,
    0.021036520350066423,
    -0.014673712911426495,
    0.10498822016006648,
    0.13587928403557015,
    -0.034073438107836695,
    0.14910968542997816,
    0.14910968542998093
  ],
  "dipole_vec_eA": [
    -0.10429965254168125,
    0.12287720081717776,
    1.765525131531457e-13
  ],
  "dipole_mag_D": 0.7741541144238783,
  "HOMO_eV": -19.36317185713031,
  "LUMO_eV": -19.147191711184842,
  "gap_eV": 0.2159801459454691
}