{
  "tag": "RMC-Rh_3-Ti_3-A2-B6-NNNNNO",
  "energy_eV": -2213.0620012874806,
  "multiplicity": 2,
  "charge": 3,
  "sym1": "Rh",
  "ox1": 3,
  "sym2": "Ti",
  "ox2": 3,
  "acid": "A2",
  "base": "B6",
  "bridge": [
    "N",
    "O"
  ],
  "S1_ref": 0.0,
  "S2_ref": 0.5,
  "mulliken_q_e": [
    0.06650384729144043,
    0.9449115476127312,
    -0.24101035707057816,
    -0.2989121246515214,
    0.007763426012236785,
    -0.033515224112589115,
    -0.15444084953937387,
    -0.15250210628241256,
    0.17999129242989564,
    -0.007377656791951681,
    0.001870977768695603,
    -0.005532201412403515,
    -4.507658567809436e-05,
    0.004152494869099188,
    0.117200835845234,
    0.12836877656676482,
    0.11705678215605286,
    0.07997755886998825,
    0.06599747281898471,
    0.11335272535338947,
    0.10466387041224279,
    0.11748450944396382,
    0.002888220258360663,
    0.006580409998550696,
    0.004836261056755831,
    0.003920584186375864,
    0.021800916023364314,
    0.1188975626719434,
    0.1319356526691824,
    0.12061237089339205,
    0.07136356503399321,
    0.052285694520538994,
    0.12288901082274561,
    0.12001568153644715,
    -0.08082973449430453,
    -0.03647162563822315,
    -0.02888383095261693,
    0.11684492810506653,
    0.09945906937000282,
    0.11037165222060774,
    0.09825101108380019,
    0.12367595647099727,
    0.11420985422637542,
    -0.08083784727618637,
    -0.030001776510220957,
    -0.02605177524944513,
    0.1327120551193911,
    0.0999194101157953,
    0.11284763376612195,
    0.10725549151829605,
    0.11862834286183632,
    0.11491473458758095
  ],
  "dipole_vec_eA": [
    0.7841677613898427,
    0.00015505296229469023,
    0.1414430303498754
  ],
  "dipole_mag_D": 3.8272986314816935,
  "HOMO_eV": -19.07982041659494,
  "LUMO_eV": -18.813372664564696,
  "gap_eV": 0.2664477520302455
}