{
  "tag": "RMC-Cd_2-Cr_3-A2-B10-NNNNOO",
  "energy_eV": -3205.9294126436644,
  "multiplicity": 2,
  "charge": 3,
  "sym1": "Cd",
  "ox1": 2,
  "sym2": "Cr",
  "ox2": 3,
  "acid": "A2",
  "base": "B10",
  "bridge": [
    "O",
    "O"
  ],
  "S1_ref": 0.0,
  "S2_ref": 0.5,
  "mulliken_q_e": [
    0.3241452692416674,
    0.629000458312173,
    -0.27549851878050724,
    -0.2754988322802585,
    -0.13270205578237726,
    -0.1326922814360496,
    -0.1718457348180331,
    -0.1718430141103875,
    0.17305528859349573,
    0.00511673472030294,
    -0.007223544207228816,
    -0.011917622045453546,
    -0.012078451522932854,
    -0.005516709348299731,
    0.09817797745432066,
    0.1109627358407651,
    0.09409252939778179,
    0.07687022114143804,
    0.06968577361209771,
    0.06701999976194917,
    0.09571362608563294,
    0.17305421466297166,
    0.005119113418829979,
    -0.0072224922379431344,
    -0.011919065153378705,
    -0.012079547959308323,
    -0.005510686543376719,
    0.09817797511555248,
    0.1109644607290543,
    0.09409441462515955,
    0.07686850594687655,
    0.06967935831058991,
    0.06702115001740627,
    0.09572009541537918,
    0.08083031127769802,
    0.01635043202995301,
    0.03625804797013443,
    -0.007997542442270467,
    -0.00015274381066010534,
    -0.02993573933901783,
    0.10725422024432596,
    0.1056850157443785,
    0.0813227281968757,
    -0.007998963954888971,
    0.03625750998503885,
    0.016352277112452906,
    0.08082543377563711,
    -0.02993385802830595,
    -0.00015273670688209506,
    0.10725603431386099,
    0.08132315277025248,
    0.10568430467350476,
    0.0969675999422448,
    0.03684743488198339,
    0.04319239821600607,
    -0.007170060259773958,
    0.007045477127460842,
    -0.022090267176817502,
    0.10962583991459873,
    0.10871268631270348,
    0.08675913326420359,
    -0.007170227426246845,
    0.04319241048956668,
    0.03684733278003449,
    0.09696708365699913,
    -0.022089826479339658,
    0.00704561374399737,
    0.10962597462083734,
    0.08675936199640122,
    0.10871280440514575
  ],
  "dipole_vec_eA": [
    0.03368210251480028,
    3.073911699864041e-05,
    8.299378309921324e-07
  ],
  "dipole_mag_D": 0.16178208604357222,
  "HOMO_eV": -17.584323275182307,
  "LUMO_eV": -16.330542995710562,
  "gap_eV": 1.2537802794717443
}