{
  "tag": "RMC-Au_3-Ir_3-A2-B4-NNNNOS",
  "energy_eV": -2076.115474352773,
  "multiplicity": 1,
  "charge": 4,
  "sym1": "Au",
  "ox1": 3,
  "sym2": "Ir",
  "ox2": 3,
  "acid": "A2",
  "base": "B4",
  "bridge": [
    "O",
    "S"
  ],
  "S1_ref": 0.0,
  "S2_ref": 0.0,
  "mulliken_q_e": [
    0.4597819280204489,
    0.3282537759642793,
    -0.10838677598593449,
    0.29934063232892016,
    -0.04015502099480228,
    -0.18196060721885488,
    -0.04286247797128717,
    -0.13755504082475056,
    0.025043290564228604,
    0.028162017693715624,
    0.019155584801295644,
    0.013753181068125508,
    0.017161812893340178,
    0.03808221781418197,
    0.15168679072250446,
    0.1675266874170871,
    0.14025655805265957,
    0.06238815434716294,
    0.1077332524360668,
    0.1425240801035521,
    0.16490073084220092,
    0.15625191999818355,
    0.026505978303519306,
    0.008583329830513131,
    0.00926421131756805,
    0.02231616751026544,
    0.02120114233138115,
    0.1396194055808051,
    0.16107526501285374,
    0.15019145589610383,
    0.07976459544439218,
    0.06189041361289682,
    0.22401299310826894,
    0.12440790445227967,
    -0.061764756206723836,
    -0.03608365433501781,
    0.14147318703730571,
    0.14147318703730993,
    0.14731370927975296,
    0.1473137092797453,
    -0.038370138454364655,
    -0.01823888792749262,
    0.18340556658853568,
    0.18340556658853724,
    0.1850784806294683,
    0.18507848062947074
  ],
  "dipole_vec_eA": [
    -0.011101015765898727,
    -0.20792459887113318,
    -4.619255886748831e-14
  ],
  "dipole_mag_D": 1.0001266875011763,
  "solvation_E_eV": null
}