{
  "tag": "RMC-Cr_2-Zn_2-A2-B7-NNNNSS",
  "energy_eV": -2072.9533478843728,
  "multiplicity": 1,
  "charge": 2,
  "sym1": "Cr",
  "ox1": 2,
  "sym2": "Zn",
  "ox2": 2,
  "acid": "A2",
  "base": "B7",
  "bridge": [
    "S",
    "S"
  ],
  "S1_ref": 0.0,
  "S2_ref": 0.0,
  "mulliken_q_e": [
    0.5382028291233768,
    0.3109836291215722,
    -0.14991778793299873,
    -0.15137018992301804,
    -0.17026883885000288,
    -0.15275725737249624,
    -0.10651816248172663,
    -0.09143888390942445,
    0.06709554523300154,
    0.009964419965887261,
    -0.006475086565166599,
    -0.0159461927870288,
    -0.007154312879054547,
    0.008399245141260892,
    0.08954883114263956,
    0.09614872566586308,
    0.08841322181723898,
    0.06734702457220654,
    0.046748646451377995,
    0.09339841968425044,
    0.0801007311562637,
    0.06478365373165307,
    0.007923070229189255,
    -0.007087918687670669,
    -0.01661420527923818,
    -0.007194220011057739,
    0.007723424567734893,
    0.08856361513736843,
    0.09619602929303672,
    0.08813270546966556,
    0.07196940345393621,
    0.0408502858850146,
    0.09142788759635445,
    0.07569283660225157,
    0.02248576211290576,
    -0.05454042011120808,
    0.08678913022840129,
    0.10367696623972966,
    -0.0022800188014204803,
    0.10750646707406619,
    0.10750646991883128,
    0.01925256513285678,
    -0.04303029950460324,
    0.08788422457674394,
    0.10816601385868618,
    -0.014516558385781586,
    0.11211428648172728,
    0.11211428681680413
  ],
  "dipole_vec_eA": [
    -0.14300056006057713,
    0.21557133996835479,
    1.2180672579340544e-08
  ],
  "dipole_mag_D": 1.24253763260697,
  "HOMO_eV": -14.663842290239112,
  "LUMO_eV": -14.261304120112692,
  "gap_eV": 0.40253817012641946
}