{
  "tag": "RMC-Cd_2-Ta_3-A2-B5-NNNNOO",
  "energy_eV": -1920.7461377414193,
  "multiplicity": 3,
  "charge": 3,
  "sym1": "Cd",
  "ox1": 2,
  "sym2": "Ta",
  "ox2": 3,
  "acid": "A2",
  "base": "B5",
  "bridge": [
    "O",
    "O"
  ],
  "S1_ref": 0.0,
  "S2_ref": 1.0,
  "mulliken_q_e": [
    0.3892201369192838,
    0.668801722834414,
    -0.08943151923545445,
    -0.08941825775065992,
    0.009479456888035642,
    0.009509144458415664,
    -0.2548910627810739,
    -0.2549815566601439,
    0.15009850679254066,
    0.011952404370278114,
    -0.0014537511033070327,
    -0.0036453101159015233,
    -0.0048839195125014445,
    0.01246678022060288,
    0.11859054427326221,
    0.12711283512066096,
    0.11774500836655644,
    0.09134396888053975,
    0.050549076951191596,
    0.14090596761122276,
    0.13850081074983978,
    0.15012934606206385,
    0.011965123208816486,
    -0.0015431282223936638,
    -0.0036138053845011786,
    -0.004972144597279016,
    0.012475950252841317,
    0.1186042815541205,
    0.12711694752407687,
    0.11776378685522892,
    0.09128265297255544,
    0.05050893466686612,
    0.14091712944052004,
    0.13849483746298819,
    0.009920485748299734,
    0.009932235476843632,
    0.2256618156363378,
    0.22566276832235377,
    -0.03385512867380669,
    -0.03373417910234555,
    0.1548582706885,
    0.1548528328349601
  ],
  "dipole_vec_eA": [
    -1.6912179913274852,
    -0.0004948230594683115,
    -2.6930104776614852e-15
  ],
  "dipole_mag_D": 8.123265825142303,
  "HOMO_eV": -17.488356454069308,
  "LUMO_eV": -17.318661734154784,
  "gap_eV": 0.16969471991452423
}