{
  "tag": "RMC-Ru_3-Ti_3-A2-B1-NNNNNO",
  "energy_eV": -2483.5005711523254,
  "multiplicity": 1,
  "charge": 3,
  "sym1": "Ru",
  "ox1": 3,
  "sym2": "Ti",
  "ox2": 3,
  "acid": "A2",
  "base": "B1",
  "bridge": [
    "N",
    "O"
  ],
  "S1_ref": 0.5,
  "S2_ref": 0.5,
  "mulliken_q_e": [
    0.05642983722051598,
    0.8498225587513922,
    -0.24421569226518614,
    -0.2726694203078688,
    -0.009584467362580895,
    -0.04993820097318791,
    -0.1408165073222274,
    -0.1461970183774548,
    0.1828311269018974,
    -0.0008208690856645884,
    0.003633921183794131,
    -0.007544921066408916,
    0.00215692942219059,
    0.00903135652889464,
    0.11794161604577547,
    0.1279673523003877,
    0.11675609078352556,
    0.07998820984307353,
    0.07323332326403786,
    0.11577152012811698,
    0.10458722506596985,
    0.12340047053763037,
    0.012899619151143904,
    0.006374615396724348,
    0.005803698298548099,
    0.0032988838060792336,
    0.03275957775973848,
    0.12026320733136553,
    0.13305920882534172,
    0.12240459491472833,
    0.07496874306237356,
    0.05777135194593619,
    0.12447927185080632,
    0.12197074261029406,
    -0.014713248568164472,
    0.07305812514454146,
    0.07386072725868442,
    -0.017351847359265093,
    0.006855531950281435,
    0.001115485118780013,
    0.09995771378337936,
    0.09565662954591769,
    0.12232678568199673,
    0.12231337696927769,
    -0.01969243645900476,
    0.0616676640344771,
    0.06209033353454041,
    -0.019540651016073607,
    0.0028123387552223544,
    0.002483400728377161,
    0.09772638870719519,
    0.0965249877284804,
    0.12242776786140463,
    0.12260297043021895
  ],
  "dipole_vec_eA": [
    0.46295990601822373,
    -0.13473934058550216,
    6.556781817034057e-07
  ],
  "dipole_mag_D": 2.31595430655296,
  "HOMO_eV": -18.774811463593185,
  "LUMO_eV": -18.681451417726244,
  "gap_eV": 0.09336004586694102
}