{
  "tag": "RMC-In_1-W_2-A2-B10-NNNNOO",
  "energy_eV": -3265.933004488908,
  "multiplicity": 1,
  "charge": 1,
  "sym1": "In",
  "ox1": 1,
  "sym2": "W",
  "ox2": 2,
  "acid": "A2",
  "base": "B10",
  "bridge": [
    "O",
    "O"
  ],
  "S1_ref": 0.0,
  "S2_ref": 0.0,
  "mulliken_q_e": [
    0.4206093321672243,
    0.17167453823136736,
    -0.27957763018728055,
    -0.2795765029653121,
    -0.1878214615068865,
    -0.18780925057426168,
    -0.09314375791777807,
    -0.09317949381614943,
    0.16386297231286462,
    -0.013394544033060951,
    -0.024033741623243454,
    -0.031807976630357615,
    -0.026059348836493523,
    -0.021425402394304127,
    0.05882001027670358,
    0.06549441498820985,
    0.05876256246867362,
    0.032677324375403494,
    0.0691595219312322,
    0.06937720676784909,
    0.05170281583440528,
    0.1639048898525275,
    -0.013385888456894701,
    -0.023999158180255442,
    -0.03181719294677077,
    -0.026029774553212537,
    -0.021439025561057035,
    0.05881512944893952,
    0.06549069598942403,
    0.058759290227827665,
    0.03278905616153671,
    0.06916663717802085,
    0.06936862973035529,
    0.05170197083386474,
    0.07291672713255148,
    0.0009301690396439355,
    0.011725333956437378,
    -0.028618408188532785,
    -0.02280212309049534,
    -0.04571422056250429,
    0.05917266821183953,
    0.05720477907856891,
    0.04652348772435688,
    -0.028619627387934887,
    0.011723769495790792,
    0.0009401995748925529,
    0.07291318949540937,
    -0.04571369013627513,
    -0.022802058355861243,
    0.05917560009306688,
    0.04652208402056679,
    0.05720320503040255,
    0.06880496984617479,
    0.004740886315007353,
    0.013490901077835682,
    -0.029031284153230752,
    -0.02301181956872589,
    -0.0493927454140195,
    0.06172481962773535,
    0.05984518717455478,
    0.05268046281072225,
    -0.029024503846162952,
    0.013504853557087193,
    0.004739003576453404,
    0.06878792744691808,
    -0.049409785595504685,
    -0.02301317755364396,
    0.061714567621717786,
    0.05268129622337758,
    0.05985050712860407
  ],
  "dipole_vec_eA": [
    -0.10730960302653585,
    0.000674652108251802,
    -6.778006782395816e-07
  ],
  "dipole_mag_D": 0.5154401298141132,
  "HOMO_eV": -11.167829045961556,
  "LUMO_eV": -10.931350192816371,
  "gap_eV": 0.2364788531451847
}