{
  "tag": "RMC-Os_2-Sn_2-A2-B1-NNNNSS",
  "energy_eV": -2498.07676043716,
  "multiplicity": 1,
  "charge": 2,
  "sym1": "Os",
  "ox1": 2,
  "sym2": "Sn",
  "ox2": 2,
  "acid": "A2",
  "base": "B1",
  "bridge": [
    "S",
    "S"
  ],
  "S1_ref": 0.0,
  "S2_ref": 0.0,
  "mulliken_q_e": [
    0.16143340732337863,
    0.3327729540278277,
    -0.07992635001020457,
    -0.07995006694306711,
    -0.07187509025945493,
    -0.07189656939753886,
    -0.10508607155157113,
    -0.10509205805310984,
    0.057798400353124224,
    0.00820832704517227,
    -0.005543019300035867,
    -0.018376229964140567,
    -0.007048138873161136,
    0.014053089390811069,
    0.08665483729711954,
    0.09445821869549742,
    0.08725846498477718,
    0.06514937227373618,
    0.04577401072784615,
    0.08564135406550721,
    0.08923928451229368,
    0.05779342077952099,
    0.008204023520527848,
    -0.0055280266636028585,
    -0.018375184772749797,
    -0.007054250513592875,
    0.014049700258880193,
    0.08664774247375273,
    0.09445850422456603,
    0.08725861576794569,
    0.06515128984607066,
    0.04573879302088768,
    0.08563047864201401,
    0.08923217015518925,
    -0.02091944709418425,
    0.0694181167064325,
    0.06941746304300533,
    -0.020905546306036804,
    -0.010542624715106808,
    -0.01054530945556409,
    0.08431901369844164,
    0.08434029301989299,
    0.09609289012450195,
    0.09608929814694211,
    -0.029777631310627495,
    0.05601945938055075,
    0.056024197948494336,
    -0.029775089017487488,
    -0.0077768749218751765,
    -0.007772818567758577,
    0.07487212996820725,
    0.07487011339279548,
    0.09484948981512309,
    0.09484747306001284
  ],
  "dipole_vec_eA": [
    0.5259733965490251,
    -7.031145390467758e-05,
    0.1444633610483188
  ],
  "dipole_mag_D": 2.619916482570594,
  "solvation_E_eV": null
}