{
  "tag": "RMC-Cd_2-Co_2-A2-B2-NNNNNO",
  "energy_eV": -3017.7205637351126,
  "multiplicity": 2,
  "charge": 1,
  "sym1": "Cd",
  "ox1": 2,
  "sym2": "Co",
  "ox2": 2,
  "acid": "A2",
  "base": "B2",
  "bridge": [
    "N",
    "O"
  ],
  "S1_ref": 0.0,
  "S2_ref": 0.5,
  "mulliken_q_e": [
    0.4366555944346824,
    0.14544019026731092,
    -0.278209756025962,
    -0.3061314880450514,
    -0.16704365571624824,
    -0.15282773595841292,
    -0.07729860827515811,
    -0.08747937104890946,
    0.19036395549423535,
    -0.022746636356151484,
    -0.021529208572561354,
    -0.034960184393249216,
    -0.02199807482316629,
    -0.02850842628817518,
    0.05733778381718013,
    0.06330428179006853,
    0.05674166672547298,
    0.05531315569691686,
    0.0659153052371435,
    0.06381140306040389,
    0.059096548455468856,
    0.11086751764601033,
    -0.013865204226175987,
    -0.017681072618269233,
    -0.03475034814651967,
    -0.017946732060912574,
    -0.021029384555700803,
    0.05261587324875783,
    0.05785747967630028,
    0.05102902684666122,
    0.04265872798534187,
    0.057022551817130784,
    0.07075816856016659,
    0.05799607045241251,
    -0.026738973160681745,
    0.019370510172610045,
    0.002321199635473503,
    0.06953947114049708,
    -0.04162665562596768,
    -0.026118995297637504,
    0.060763829012470905,
    0.05144786650958677,
    0.056729051618459314,
    0.07294626303779728,
    -0.03006423315262463,
    -0.025051646862969568,
    -0.043093307392041424,
    0.059204889760447466,
    0.05676949340038717,
    0.052488119994600124,
    -0.026953002270325932,
    0.01940623474189862,
    0.004626586692455081,
    0.06507507762487985,
    -0.04355436391684142,
    -0.02651457510455124,
    0.0605769990254903,
    0.052213872610694434,
    0.05611225980286527,
    0.06648225614735237,
    -0.02932269114638597,
    -0.02567070502391733,
    -0.044523402766999176,
    0.059842106247948834,
    0.05701782638250974,
    0.05551922459366354
  ],
  "dipole_vec_eA": [
    -0.2191807116778041,
    -0.31123692600276165,
    -9.760794925515913e-16
  ],
  "dipole_mag_D": 1.8284292055572295,
  "HOMO_eV": -11.6256893517424,
  "LUMO_eV": -10.935016066107435,
  "gap_eV": 0.6906732856349649
}