{
  "tag": "RMC-Ir_2-Rh_3-A2-B2-NNNNNN",
  "energy_eV": -3086.7391228107517,
  "multiplicity": 2,
  "charge": 1,
  "sym1": "Ir",
  "ox1": 2,
  "sym2": "Rh",
  "ox2": 3,
  "acid": "A2",
  "base": "B2",
  "bridge": [
    "N",
    "N"
  ],
  "S1_ref": 0.5,
  "S2_ref": 0.0,
  "mulliken_q_e": [
    0.18718094825033438,
    -0.007085100316139958,
    -0.10173464315441705,
    -0.10179926731872735,
    -0.10043086949885272,
    -0.10044330648496058,
    -0.07930277276396391,
    -0.07931932010395526,
    0.09496040806447636,
    -0.008080889291537163,
    -0.020205984440076374,
    -0.031082898524799063,
    -0.02026106875823075,
    -0.010975555666361325,
    0.05659566658744575,
    0.0616894402278888,
    0.0563804029125895,
    0.04576504017753691,
    0.04055170410671427,
    0.06484388755624437,
    0.06651727301667365,
    0.09498970928276118,
    -0.008093581767906866,
    -0.020211404184372617,
    -0.03109859573974183,
    -0.020263582612037645,
    -0.010985393992531511,
    0.05659866629879773,
    0.061693412569926775,
    0.05638279728666917,
    0.045770844709831504,
    0.04056325990024634,
    0.06484614010333822,
    0.066519093027124,
    -0.027632536412450337,
    0.01836159316132413,
    0.0031258409173826607,
    0.06542357235132235,
    -0.04574953875636889,
    -0.026296723039633596,
    0.059675448238732276,
    0.053533915044859715,
    0.055699114937960315,
    0.06542489452064904,
    -0.02763517992130171,
    -0.02629669638000287,
    -0.04575290362851492,
    0.05967326875338741,
    0.0556971681677092,
    0.05353696341680547,
    -0.02730183688995491,
    0.018071357802496912,
    0.007280165816399897,
    0.06839356439635447,
    -0.04548895860673152,
    -0.026219905610728178,
    0.05920916451994329,
    0.05299102628786345,
    0.055115119048841366,
    0.06839355915178769,
    -0.027303816670294134,
    -0.026222026877339655,
    -0.04549399378727648,
    0.05920666124342233,
    0.05511315807737971,
    0.05299410126595161
  ],
  "dipole_vec_eA": [
    -0.06497546331000141,
    0.0013523239771299773,
    -7.248335516210183e-16
  ],
  "dipole_mag_D": 0.3121580102794657,
  "HOMO_eV": -11.551447985233498,
  "LUMO_eV": -10.94522241829508,
  "gap_eV": 0.6062255669384182
}