{
  "tag": "RMC-Ag_1-Cd_2-A2-B1-NNNNSS",
  "energy_eV": -2482.9290803402,
  "multiplicity": 1,
  "charge": 1,
  "sym1": "Ag",
  "ox1": 1,
  "sym2": "Cd",
  "ox2": 2,
  "acid": "A2",
  "base": "B1",
  "bridge": [
    "S",
    "S"
  ],
  "S1_ref": 0.0,
  "S2_ref": 0.0,
  "mulliken_q_e": [
    0.3622539530919453,
    0.4269923609320331,
    -0.2870158693431082,
    -0.28701862326596206,
    -0.12862427701922718,
    -0.12864071868669336,
    -0.190850013627345,
    -0.1908596616895526,
    0.09755046774598686,
    -4.436209675140468e-05,
    -0.02855499682106699,
    -0.029398688676670837,
    -0.027845942262397783,
    0.004157072562371411,
    0.052824549336961235,
    0.060762784423138094,
    0.05632316906240187,
    0.06903311254401179,
    0.06317854950613588,
    0.042824244805363065,
    0.07093383274474874,
    0.09755381171295019,
    -5.1049785894097255e-05,
    -0.028546656425247896,
    -0.029400044768571165,
    -0.02782443502291665,
    0.0041663156742612895,
    0.052823766162038654,
    0.06076138872810721,
    0.05632195329152023,
    0.06901724244085394,
    0.06323490209363158,
    0.042824870161333184,
    0.07093271548968294,
    -0.027705061410471687,
    0.059095643275925536,
    0.05908722397094923,
    -0.02771614228559649,
    -0.02230919757231864,
    -0.022311549064962355,
    0.07562779172206302,
    0.07562800055652863,
    0.07728155382910151,
    0.07728115848971884,
    -0.03148951590046667,
    0.05236676079493452,
    0.052379208154822665,
    -0.03149045167322195,
    -0.023706596426947835,
    -0.02370294871259948,
    0.05764801680883047,
    0.05765038297031955,
    0.06329751142133289,
    0.06329247501275859
  ],
  "dipole_vec_eA": [
    0.4831131597808015,
    0.0002888849039388114,
    5.472303699116766e-08
  ],
  "dipole_mag_D": 2.3204916068126273,
  "HOMO_eV": -11.293901986417225,
  "LUMO_eV": -11.124539965192406,
  "gap_eV": 0.1693620212248188
}