{
  "tag": "RMC-Ag_1-Ag_1-A2-B10-NNNNNS",
  "energy_eV": -3337.7943338998407,
  "multiplicity": 1,
  "charge": -1,
  "sym1": "Ag",
  "ox1": 1,
  "sym2": "Ag",
  "ox2": 1,
  "acid": "A2",
  "base": "B10",
  "bridge": [
    "N",
    "S"
  ],
  "S1_ref": 0.0,
  "S2_ref": 0.0,
  "mulliken_q_e": [
    0.17975002153641384,
    0.1796643352866013,
    -0.2994245398625177,
    -0.2984234809326598,
    -0.18772483956647545,
    -0.18209436018023006,
    -0.18774884904584166,
    -0.18210600023406753,
    0.08661919421651998,
    -0.015289821010783244,
    -0.052308158077842615,
    -0.045150775400508936,
    -0.05231868238306614,
    -0.015293004687478629,
    0.008502173053675954,
    0.00816948721415034,
    0.008504736900278642,
    0.05295521996538377,
    0.05293676367805067,
    0.012058220751034132,
    0.012060197147878537,
    0.12272937509172643,
    -0.02706051844379842,
    -0.04259888063883022,
    -0.0538687243900029,
    -0.04259680743466965,
    -0.027057887155973015,
    0.0031942493358723123,
    0.0017141737457380124,
    0.0031953897067454884,
    0.049547439877006605,
    0.04955997541053425,
    0.018640771591056482,
    0.018639362760513478,
    0.07016143127846797,
    -0.016180658757535493,
    -0.0033737664823350055,
    -0.05164681641463753,
    -0.03945930238704398,
    -0.05474604292090435,
    0.014294901593871923,
    0.01374212095197569,
    0.024158939284268044,
    -0.050062788474535935,
    -0.00316080218749204,
    -0.00950019141815539,
    0.07076300358436294,
    -0.05356434896951501,
    -0.04016674273016285,
    0.014181722021485266,
    0.02343120247457564,
    0.012437030495359824,
    0.07015595955652354,
    -0.01617895888583676,
    -0.003367858368100274,
    -0.051649063917434956,
    -0.03945969798363835,
    -0.054752758099864574,
    0.014294770834845316,
    0.013744621746443642,
    0.024161942237295397,
    -0.050066077614866034,
    -0.003160116339025132,
    -0.009498188887007819,
    0.0707644054140637,
    -0.053555483739400556,
    -0.04017135689441753,
    0.014183939817512314,
    0.023430837633889423,
    0.01243843472254702
  ],
  "dipole_vec_eA": [
    -0.00021079509729820953,
    -0.128515156794348,
    -1.1525223369631831e-15
  ],
  "dipole_mag_D": 0.6172853802362624,
  "HOMO_eV": -5.3943895738038945,
  "LUMO_eV": -5.046352551845101,
  "gap_eV": 0.3480370219587936
}