{
  "tag": "RMC-Mn_3-Nb_3-A2-B2-NNNNOO",
  "energy_eV": -3013.5226111408906,
  "multiplicity": 3,
  "charge": 4,
  "sym1": "Mn",
  "ox1": 3,
  "sym2": "Nb",
  "ox2": 3,
  "acid": "A2",
  "base": "B2",
  "bridge": [
    "O",
    "O"
  ],
  "S1_ref": 0.0,
  "S2_ref": 1.0,
  "mulliken_q_e": [
    0.4501041508035335,
    0.373255151196882,
    -0.28650657565338045,
    -0.2864976526886849,
    -0.07424414407728608,
    -0.07424721506941312,
    -0.08434037274228157,
    -0.08440600446383595,
    0.19090348203386576,
    0.004825891949868266,
    0.01026620055484928,
    -0.00011664448416781603,
    0.006104674260300147,
    0.006714511429964487,
    0.12592000427902328,
    0.144753157246426,
    0.12456203959161838,
    0.07781444948215888,
    0.05792156167242779,
    0.12721125960678192,
    0.13411226569795065,
    0.19093168367889923,
    0.004832922505322967,
    0.010292166905049305,
    -0.00012297420565055006,
    0.006121787405083179,
    0.006714784174457034,
    0.12593202095535194,
    0.144763896857369,
    0.12455021107816922,
    0.07783096211859464,
    0.057992185811991837,
    0.12722278239981977,
    0.13411174452898478,
    0.019935377126637066,
    0.046072916192386515,
    0.023756336380665877,
    0.08639036948992884,
    -0.012669921053446886,
    0.0052626347925059935,
    0.1428490556847497,
    0.10997891981181485,
    0.13834985552828816,
    0.08641690855934092,
    0.019929136915589396,
    0.00526019087211993,
    -0.012674353705051544,
    0.14283814912554682,
    0.13833858182102832,
    0.10996382295213958,
    0.016617179081506395,
    0.04289143683617325,
    0.024250580999961135,
    0.08526586201392528,
    -0.015035172869328095,
    0.003976147813921305,
    0.1375055940376686,
    0.10260634257290857,
    0.13285497331911011,
    0.08528629436475188,
    0.016609203868710454,
    0.003977610488570704,
    -0.01503627871850699,
    0.13749820771703314,
    0.1328472889813317,
    0.10260238415782719
  ],
  "dipole_vec_eA": [
    -0.17259729475552749,
    0.005340067377789656,
    -3.7483730438225254e-13
  ],
  "dipole_mag_D": 0.8294167580949723,
  "HOMO_eV": -20.835701689095217,
  "LUMO_eV": -20.43798236717614,
  "gap_eV": 0.39771932191907666
}