{
  "tag": "RMC-Cu_2-Ni_2-A2-B6-NNNNOS",
  "energy_eV": -2320.033604405936,
  "multiplicity": 2,
  "charge": 2,
  "sym1": "Cu",
  "ox1": 2,
  "sym2": "Ni",
  "ox2": 2,
  "acid": "A2",
  "base": "B6",
  "bridge": [
    "O",
    "S"
  ],
  "S1_ref": 0.5,
  "S2_ref": 0.0,
  "mulliken_q_e": [
    0.4114039809009178,
    -0.12473859414218269,
    -0.2768688520468243,
    -0.0007762920927314454,
    -0.14535143298313447,
    -0.11447365191816972,
    -0.0036283431241463937,
    0.0024297167894289373,
    0.06079865410113672,
    0.011223435949963667,
    -0.005239041112805376,
    -0.014817997326480148,
    -0.004193379059023172,
    0.003827769579992202,
    0.09148697896727143,
    0.0980972143605956,
    0.09072235706217935,
    0.06087792003046477,
    0.07211476436455366,
    0.09604947697271604,
    0.09362248856603272,
    0.19660351082379512,
    -0.0060964873591631275,
    -0.00877624371559671,
    -0.021165559678146595,
    -0.006950298364191143,
    -0.017416812374041912,
    0.08688387501796502,
    0.0940775445519072,
    0.08607378752681039,
    0.07238126710965398,
    0.08077592529895017,
    0.0896799107415357,
    0.08530566520100602,
    -0.08302854048276842,
    -0.013642858714125516,
    -0.018255609836499875,
    0.09901343488051917,
    0.07362248613264566,
    0.0826583931585485,
    0.08871084614212532,
    0.0855252294535731,
    0.0928409549900644,
    -0.07175878523188173,
    -0.01917246194264166,
    -0.021466069120553044,
    0.09732489961809798,
    0.09517753353779324,
    0.08679427578286969,
    0.0898604031794139,
    0.09842556809291725,
    0.10342704174119988
  ],
  "dipole_vec_eA": [
    -0.1274602512049484,
    -0.23228009870001706,
    0.08948098194244149
  ],
  "dipole_mag_D": 1.3432408372052207,
  "HOMO_eV": -15.889757691924745,
  "LUMO_eV": -14.621669121941695,
  "gap_eV": 1.2680885699830498
}