{
  "tag": "RMC-Fe_3-In_1-A2-B1-NNNNOO",
  "energy_eV": -2518.775288415804,
  "multiplicity": 2,
  "charge": 2,
  "sym1": "Fe",
  "ox1": 3,
  "sym2": "In",
  "ox2": 1,
  "acid": "A2",
  "base": "B1",
  "bridge": [
    "O",
    "O"
  ],
  "S1_ref": 0.5,
  "S2_ref": 0.0,
  "mulliken_q_e": [
    0.7617923755702605,
    0.45856396806488053,
    -0.33458797115452343,
    -0.3345879148518187,
    -0.17097235903066021,
    -0.17097195614107297,
    -0.11529168408313994,
    -0.115291997743735,
    0.16879601895010587,
    -0.016260025934859312,
    -0.01894791111574823,
    -0.02424647153700965,
    -0.014353179586174214,
    -0.011985294084360776,
    0.08426651175212208,
    0.0945924459340397,
    0.08850911916367954,
    0.06176431775833824,
    0.04882805984991201,
    0.0923198525700446,
    0.08764814846757074,
    0.1687958928833464,
    -0.016260059883247857,
    -0.018947652088137534,
    -0.024246461960078403,
    -0.014353444940414573,
    -0.01198521133608077,
    0.08426641738841145,
    0.0945924302887009,
    0.08850921654212918,
    0.061764703576299596,
    0.04882709288820242,
    0.09231976232659689,
    0.08764844927604198,
    -0.028564582715997933,
    0.050158614643103006,
    0.050158479638619635,
    -0.02856457383224309,
    -0.01356685679875591,
    -0.013566967082594195,
    0.07741180943806514,
    0.07741185519701455,
    0.09311239195239318,
    0.09311241814888704,
    -0.02687896044198057,
    0.05856385972954703,
    0.05856393681349714,
    -0.026879250938620203,
    -0.010637082536010922,
    -0.01063694562630424,
    0.07688337923969413,
    0.07688344795550595,
    0.09325998151212511,
    0.09325985792437852
  ],
  "dipole_vec_eA": [
    0.31736009735966864,
    -1.4204294743234691e-06,
    4.3615755089345635e-12
  ],
  "dipole_mag_D": 1.5243453747808442,
  "HOMO_eV": -14.386902170476436,
  "LUMO_eV": -14.217956233280553,
  "gap_eV": 0.16894593719588258
}