{
  "tag": "RMC-Cu_2-Hf_2-A2-B6-NNNNOS",
  "energy_eV": -2230.375988163778,
  "multiplicity": 2,
  "charge": 2,
  "sym1": "Cu",
  "ox1": 2,
  "sym2": "Hf",
  "ox2": 2,
  "acid": "A2",
  "base": "B6",
  "bridge": [
    "O",
    "S"
  ],
  "S1_ref": 0.5,
  "S2_ref": 1.0,
  "mulliken_q_e": [
    0.29042860464843523,
    0.6582060886893175,
    -0.36938678926318746,
    -0.18452144637600104,
    -0.114349550586897,
    -0.10744008240023595,
    -0.14614629882161667,
    -0.18076888523720402,
    0.07377011013613255,
    -0.0008090379339629195,
    -0.012629013325797134,
    -0.017785586806660758,
    -0.005999010257844661,
    0.0103444625289284,
    0.0817233401867089,
    0.09389131773025794,
    0.09053145395167128,
    0.06845461723695889,
    0.07108596174932202,
    0.08193450050947126,
    0.0731657680809692,
    0.1893067435393594,
    -0.02017282775047269,
    -0.014140961442507205,
    -0.022268467752630583,
    -0.010939853129195765,
    -0.006065732404430646,
    0.08414083622181756,
    0.09453038705108052,
    0.08877514295330713,
    0.06560441853827115,
    0.07463100423949887,
    0.09095917432770895,
    0.07463402438498523,
    -0.08714510164002309,
    -0.024538096060502834,
    -0.018752581009833902,
    0.09315242391266931,
    0.07240265937087742,
    0.07325969980264524,
    0.07748781310633646,
    0.08315850061731944,
    0.09104095763542508,
    -0.0813073573386538,
    -0.014431180927284348,
    -0.011539354684026337,
    0.1134544619348139,
    0.09780122263912794,
    0.09731436636135415,
    0.09075164867804975,
    0.10482982345390723,
    0.1003656786908178
  ],
  "dipole_vec_eA": [
    1.2261953410246929,
    -0.0883627868820712,
    0.26650284288682463
  ],
  "dipole_mag_D": 6.04209260302494,
  "HOMO_eV": -14.423163354785196,
  "LUMO_eV": -14.33522388712656,
  "gap_eV": 0.0879394676586358
}