{
  "tag": "RMC-Hf_2-Ru_2-A2-B1-NNNNNO",
  "energy_eV": -2509.3170323876707,
  "multiplicity": 3,
  "charge": 1,
  "sym1": "Hf",
  "ox1": 2,
  "sym2": "Ru",
  "ox2": 2,
  "acid": "A2",
  "base": "B1",
  "bridge": [
    "N",
    "O"
  ],
  "S1_ref": 1.0,
  "S2_ref": 0.0,
  "mulliken_q_e": [
    0.3810004835051024,
    -0.029348649707950036,
    -0.1994487089776278,
    -0.22916189974893864,
    -0.13848941501172018,
    -0.13321790094185237,
    -0.045703591180662695,
    -0.07546607902471436,
    0.17714916678840176,
    -0.010893348711939366,
    -0.03003353014915655,
    -0.030995508755375267,
    -0.029742335351649718,
    -0.018469950409574,
    0.05989694499943665,
    0.06537595251478268,
    0.05943418084110541,
    0.05236540621390162,
    0.057043690356588295,
    0.053492714593552315,
    0.05954876651139196,
    0.11312203517536856,
    0.0030109588127482656,
    -0.021074187643982834,
    -0.029553506215715286,
    -0.02171097529182786,
    -0.009072459097356322,
    0.06312731132212646,
    0.06577899296793188,
    0.060458741286222306,
    0.04784097955437261,
    0.054149908076582376,
    0.06937348726586234,
    0.06848089915336109,
    -0.037286365980228275,
    0.06454018563719632,
    0.062006398472932434,
    -0.035967040151960505,
    -0.02412525141714994,
    -0.022385573686207527,
    0.05802560528841039,
    0.055997743582944515,
    0.06578172813023753,
    0.06659624457398483,
    -0.03556575358779823,
    0.07045999990624319,
    0.07151904896335304,
    -0.03562403379971513,
    -0.02237141268431886,
    -0.021414707247530362,
    0.06336130429717424,
    0.059931706388809514,
    0.06861594657311809,
    0.06963565177425379
  ],
  "dipole_vec_eA": [
    -0.17997057508716638,
    -0.25195947982378725,
    1.280839068413484e-07
  ],
  "dipole_mag_D": 1.4872335934782648,
  "HOMO_eV": -11.344252163865745,
  "LUMO_eV": -11.321163043032598,
  "gap_eV": 0.023089120833146737
}