{
  "tag": "RMC-Fe_2-Mg_2-A2-B7-NNNNNS",
  "energy_eV": -2109.0719852371103,
  "multiplicity": 1,
  "charge": 1,
  "sym1": "Fe",
  "ox1": 2,
  "sym2": "Mg",
  "ox2": 2,
  "acid": "A2",
  "base": "B7",
  "bridge": [
    "N",
    "S"
  ],
  "S1_ref": 0.0,
  "S2_ref": 0.0,
  "mulliken_q_e": [
    0.6246998399551362,
    0.41877559419822574,
    -0.36073769119526067,
    -0.17137215745921192,
    -0.1773736929161025,
    -0.16849463583387725,
    -0.16413984670014736,
    -0.14838564943008326,
    0.05204739166016048,
    -0.007702356922862252,
    -0.02061668711028175,
    -0.03215763670160965,
    -0.0216023167559507,
    -0.008018654128731262,
    0.05884375496722771,
    0.061681815679232144,
    0.05876147678286259,
    0.059632388239867495,
    0.04698149866157686,
    0.04589698883395266,
    0.052245049315313374,
    0.10693411144405296,
    -0.0313323341098275,
    -0.02038599607902447,
    -0.042258367904450145,
    -0.020484434563697862,
    -0.023616186252070737,
    0.049588199720351445,
    0.053509937116356876,
    0.05156861043909122,
    0.055045112142563024,
    0.04158732019371225,
    0.0487450232004536,
    0.05175164260709186,
    0.016356327672549353,
    -0.0544544606908377,
    0.0538978970556685,
    0.07602424614727765,
    -0.011092027521371284,
    0.08337634552631334,
    0.08337634552631368,
    0.025368488654415655,
    -0.04844324647249465,
    0.042127672352929246,
    0.06691586000267324,
    0.0017540838749192655,
    0.07258768138801741,
    0.07258768138801519
  ],
  "dipole_vec_eA": [
    0.019276243638099027,
    -0.1591033445298315,
    -2.1003293857077357e-15
  ],
  "dipole_mag_D": 0.7697941874968494,
  "HOMO_eV": -11.516421088446885,
  "LUMO_eV": -11.239196979918043,
  "gap_eV": 0.2772241085288414
}