{
  "tag": "RMC-Hf_2-Hf_2-A2-B7-NNNNNS",
  "energy_eV": -2086.7999843962075,
  "multiplicity": 1,
  "charge": 1,
  "sym1": "Hf",
  "ox1": 2,
  "sym2": "Hf",
  "ox2": 2,
  "acid": "A2",
  "base": "B7",
  "bridge": [
    "N",
    "S"
  ],
  "S1_ref": 1.0,
  "S2_ref": 1.0,
  "mulliken_q_e": [
    0.30120698004219826,
    0.30119943408669236,
    -0.306121830618856,
    -0.16581401809662166,
    -0.12526336643766034,
    -0.12630658788490656,
    -0.12526358309928298,
    -0.12631896646707097,
    0.08071131474536397,
    0.0021872085334664337,
    -0.03220841546590414,
    -0.026220688984366358,
    -0.032207711184125465,
    0.002187481690592019,
    0.0550424423498993,
    0.06091969217993376,
    0.05504255592498386,
    0.048933792484838756,
    0.04892558020491489,
    0.0541168361821498,
    0.05411641882283691,
    0.12746686941377394,
    -0.012392604306358468,
    -0.0272738411721567,
    -0.03347095504141806,
    -0.02727348009052588,
    -0.012393340856412971,
    0.05292445569404347,
    0.05941625460024469,
    0.05292423563943194,
    0.05207186546081366,
    0.05207124372178762,
    0.06412258755393174,
    0.0641223747616646,
    0.03239423712065448,
    -0.05763752610716444,
    0.06139314037646626,
    0.07687850604496582,
    0.006836822305914758,
    0.08726964996535935,
    0.08726964996535458,
    0.03240352799058188,
    -0.05762538037089748,
    0.06139151343519467,
    0.07687838571299965,
    0.0068316144512912125,
    0.08726781230269365,
    0.08726781230269065
  ],
  "dipole_vec_eA": [
    2.8077202271852228e-05,
    0.08323913016901102,
    2.2035099027328883e-13
  ],
  "dipole_mag_D": 0.3998145682036301,
  "HOMO_eV": -11.202444384552978,
  "LUMO_eV": -11.193704083035191,
  "gap_eV": 0.008740301517786264
}