{
  "tag": "RMC-Co_2-Ni_2-A2-B2-NNNNSS",
  "energy_eV": -3104.6756680312337,
  "multiplicity": 2,
  "charge": 2,
  "sym1": "Co",
  "ox1": 2,
  "sym2": "Ni",
  "ox2": 2,
  "acid": "A2",
  "base": "B2",
  "bridge": [
    "S",
    "S"
  ],
  "S1_ref": 0.5,
  "S2_ref": 0.0,
  "mulliken_q_e": [
    -0.03226439507335155,
    -0.2200945838143431,
    0.09736435851744257,
    0.09720083137673563,
    -0.053138748171998706,
    -0.05352904310659423,
    0.005061229057062633,
    0.005355848967703469,
    0.04611385036020299,
    0.010770866834702186,
    -0.011043398917747194,
    -0.017063121791156766,
    -0.010805201907621687,
    0.008260376158222726,
    0.07858364657054917,
    0.08821199126348256,
    0.07876374091117866,
    0.05057954022036859,
    0.043227068967463866,
    0.09436863872250212,
    0.08523305755594268,
    0.04614738360140569,
    0.01079769506219086,
    -0.010976751211156044,
    -0.01707623834926819,
    -0.010883443424516637,
    0.008243804325051007,
    0.07864700765456534,
    0.08823038281655715,
    0.07866461258986679,
    0.050852633864846286,
    0.04296347189042993,
    0.09420541234402835,
    0.08535737118435516,
    -0.013203772830093996,
    0.026523094048235718,
    0.014267837139332329,
    0.06950385007858673,
    -0.03237342990828762,
    -0.018201380779599763,
    0.0847873288276133,
    0.07053083037759544,
    0.08123655848186961,
    0.06947681125702432,
    -0.013192841826790147,
    -0.018244079844832894,
    -0.03245950131906894,
    0.08480985891555948,
    0.08121525911957816,
    0.07057285469336638,
    -0.01356761185464972,
    0.02681300944720144,
    0.019215638544388014,
    0.06861613469181149,
    -0.03365619355393501,
    -0.01765561726359799,
    0.08585082381421427,
    0.07315869613253245,
    0.08332287615530953,
    0.06862669049626602,
    -0.013596634626581894,
    -0.01760604398976051,
    -0.03341886260027427,
    0.08584734593211862,
    0.08336589390558713,
    0.07310469746457948
  ],
  "dipole_vec_eA": [
    0.16530844312973467,
    0.002201226439214002,
    -2.2996530230791032e-15
  ],
  "dipole_mag_D": 0.7940806107588662,
  "HOMO_eV": -14.743059363410621,
  "LUMO_eV": -14.263584449180016,
  "gap_eV": 0.4794749142306056
}