{
  "tag": "RMC-Ir_2-Sc_3-A2-B6-NNNNOS",
  "energy_eV": -2200.798468864029,
  "multiplicity": 2,
  "charge": 3,
  "sym1": "Ir",
  "ox1": 2,
  "sym2": "Sc",
  "ox2": 3,
  "acid": "A2",
  "base": "B6",
  "bridge": [
    "O",
    "S"
  ],
  "S1_ref": 0.5,
  "S2_ref": 0.0,
  "mulliken_q_e": [
    0.23522996640102167,
    0.7051207189695863,
    -0.35815831532614184,
    -0.08391390245145483,
    -0.01203161672419406,
    -0.0004098671512120511,
    -0.1616402103896537,
    -0.17146114826690328,
    0.06784639197020592,
    0.007761106509721172,
    0.002476845784296522,
    -0.004488034588966627,
    0.0019595395095814983,
    0.017843205294917563,
    0.10891600635726284,
    0.12195483728916945,
    0.11316433074470245,
    0.08560121856759517,
    0.04567856597179065,
    0.10577645755421106,
    0.1246486102106763,
    0.19595585614230937,
    -0.013462633306051686,
    0.0003990600675891631,
    -0.011123207128063806,
    -0.0025263835888853503,
    -0.00021425778660888462,
    0.10849452916900626,
    0.12158434242349325,
    0.1104770367044986,
    0.09314585561631983,
    0.055858439740002375,
    0.11680756023691441,
    0.11710153332854589,
    -0.09463816323844476,
    -0.043121309198072,
    -0.04843281933232846,
    0.13056070397247965,
    0.11041144986719253,
    0.11789237259484708,
    0.12160254125915682,
    0.12997196332049155,
    0.13220631738455468,
    -0.08913962877684067,
    -0.018810219319321364,
    -0.0198781316852521,
    0.13778575828562067,
    0.10712393626305405,
    0.12141228205089116,
    0.11640362362237999,
    0.12418713430573625,
    0.12008975076438488
  ],
  "dipole_vec_eA": [
    1.1957132328432154,
    -0.00930911782335765,
    0.21127044886776392
  ],
  "dipole_mag_D": 5.8323875699174605,
  "HOMO_eV": -18.57568294476132,
  "LUMO_eV": -18.372984465451406,
  "gap_eV": 0.20269847930991247
}