{
  "tag": "RMC-Ag_2-In_3-A2-B4-NNNNOS",
  "energy_eV": -2026.985054822058,
  "multiplicity": 1,
  "charge": 3,
  "sym1": "Ag",
  "ox1": 2,
  "sym2": "In",
  "ox2": 3,
  "acid": "A2",
  "base": "B4",
  "bridge": [
    "O",
    "S"
  ],
  "S1_ref": 0.5,
  "S2_ref": 0.5,
  "mulliken_q_e": [
    0.27113771135815046,
    0.34597333475979763,
    -0.10807494437215892,
    0.25400203771018404,
    -0.03788450753885564,
    -0.1693112288206884,
    -0.121116557014322,
    -0.14259462094267938,
    0.021097286404498705,
    0.024379261186818546,
    -0.0008374114104046093,
    -0.004616491127562794,
    0.004501484196390182,
    0.01619917577030705,
    0.11094191525721542,
    0.12202018000493897,
    0.11596209993607576,
    0.09654328024022418,
    0.05757937061681484,
    0.19650687249582244,
    0.11650708301346346,
    0.15543394471398764,
    0.011395670574713135,
    -0.0014042415857407065,
    -0.007693287423215178,
    0.0016081736866164764,
    0.0048558434911119,
    0.1154425756150188,
    0.125042848252364,
    0.1153385964391267,
    0.10102590787329246,
    0.05823569967249398,
    0.2063181071939787,
    0.13121817503357147,
    -0.060244034586069084,
    -0.0572741562800243,
    0.1299961550812867,
    0.12999615508128537,
    0.12922415750630667,
    0.129224157506308,
    -0.03788481740347138,
    -0.047385639854542694,
    0.12362115797280637,
    0.12362115797280981,
    0.12568618089435246,
    0.1256861808943539
  ],
  "dipole_vec_eA": [
    -0.05125219445694676,
    0.29719480338333104,
    -2.3059560388539475e-14
  ],
  "dipole_mag_D": 1.4485586431360462,
  "solvation_E_eV": null
}