{
  "tag": "RMC-Ag_2-Rh_2-A2-B4-NNNNOO",
  "energy_eV": -2143.350661632339,
  "multiplicity": 1,
  "charge": 2,
  "sym1": "Ag",
  "ox1": 2,
  "sym2": "Rh",
  "ox2": 2,
  "acid": "A2",
  "base": "B4",
  "bridge": [
    "O",
    "O"
  ],
  "S1_ref": 0.5,
  "S2_ref": 0.5,
  "mulliken_q_e": [
    0.19313692078544947,
    0.09549756663666586,
    -0.10295196739168744,
    -0.10295018200390382,
    -0.026434942490336732,
    -0.026433900186009884,
    -0.09182322161131573,
    -0.09168732433866134,
    0.1440764183528147,
    0.0037831117471229803,
    -0.013017745708903128,
    -0.016556268882490732,
    -0.008677006465898307,
    -0.0023858834822401143,
    0.08913022602959575,
    0.09650016356385627,
    0.0932569066149257,
    0.07054682704369952,
    0.046337356972566024,
    0.11275067687207341,
    0.10577601877980458,
    0.144085371122757,
    0.003776875789820222,
    -0.013017610109618882,
    -0.016560588480558858,
    -0.008696354835469489,
    -0.002378763888232882,
    0.0891273967260654,
    0.09650518266346919,
    0.09326524754363175,
    0.07051971802225676,
    0.04634421118821197,
    0.11274159182564492,
    0.10577419216681994,
    -0.06560673653921234,
    -0.06560137266514121,
    0.0996096187122163,
    0.09960961871221508,
    0.09960901431270874,
    0.09960901431270863,
    -0.03351976020781655,
    -0.03352587859561296,
    0.12761412286427565,
    0.12761412286427665,
    0.12761401067304923,
    0.127614010673049
  ],
  "dipole_vec_eA": [
    0.30067584286269594,
    -0.00034027676091251353,
    -7.520060457918606e-15
  ],
  "dipole_mag_D": 1.444208417164717,
  "HOMO_eV": -15.74097785346128,
  "LUMO_eV": -14.786768203015678,
  "gap_eV": 0.9542096504456019
}