{
  "tag": "RMC-Os_3-Os_3-A2-B5-NNNNOO",
  "energy_eV": -2010.565477824739,
  "multiplicity": 1,
  "charge": 4,
  "sym1": "Os",
  "ox1": 3,
  "sym2": "Os",
  "ox2": 3,
  "acid": "A2",
  "base": "B5",
  "bridge": [
    "O",
    "O"
  ],
  "S1_ref": 0.5,
  "S2_ref": 0.5,
  "mulliken_q_e": [
    0.5446455890006018,
    0.5446414495237676,
    -0.24125014138113876,
    -0.24117614395243003,
    -0.13248058971592602,
    -0.13244441922022343,
    -0.1324613725551924,
    -0.13247234026674448,
    0.24047272791686125,
    0.02468588249684056,
    0.0267068371954593,
    0.016670022560328457,
    0.026711791375460425,
    0.02470388614530017,
    0.1598497910297536,
    0.16676433779947197,
    0.15985095426108842,
    0.10774736229750448,
    0.10774064552672336,
    0.18890865740053586,
    0.18891055440732674,
    0.2404521007760665,
    0.024699583696151883,
    0.02670834907446462,
    0.016668606541869524,
    0.026705178053946677,
    0.02468159835427497,
    0.1598435196990704,
    0.16676935071005616,
    0.1598457502277144,
    0.10774944065784453,
    0.10775224091385582,
    0.1889163781269142,
    0.18891636479505347,
    0.0260467149616761,
    0.025999785991727142,
    0.23486231372531907,
    0.23486816070041483,
    0.02602565575797322,
    0.026013862295243495,
    0.23487100031543717,
    0.2348785627796175
  ],
  "dipole_vec_eA": [
    5.91922458242952e-05,
    -0.00032673363976795644,
    -2.521378582088308e-08
  ],
  "dipole_mag_D": 0.0015949140417496025,
  "HOMO_eV": -22.534390611291467,
  "LUMO_eV": -22.36653203698214,
  "gap_eV": 0.16785857430932793
}