{
  "tag": "RMC-Mn_2-Sc_3-A2-B1-NNNNSS",
  "energy_eV": -2440.232186408612,
  "multiplicity": 2,
  "charge": 3,
  "sym1": "Mn",
  "ox1": 2,
  "sym2": "Sc",
  "ox2": 3,
  "acid": "A2",
  "base": "B1",
  "bridge": [
    "S",
    "S"
  ],
  "S1_ref": 0.5,
  "S2_ref": 0.0,
  "mulliken_q_e": [
    0.14289345078670856,
    0.5574986664530659,
    -0.1047255272286931,
    -0.1047273509311607,
    -0.04474964451151098,
    -0.04475204270951583,
    -0.13293768403167072,
    -0.1329344068851681,
    0.08363344580442456,
    0.019358252119019426,
    0.0006722070446119055,
    -0.0051755492318839025,
    0.000292492805146205,
    0.025804670275211716,
    0.10929697713221698,
    0.1213069446673466,
    0.1106996509087892,
    0.09346400035534619,
    0.05771056176429723,
    0.1208111904018565,
    0.11530370331625528,
    0.08365416385691837,
    0.019355365710998607,
    0.0006752421782385554,
    -0.005182025432886483,
    0.00030402568712584177,
    0.025809387692974584,
    0.10929574263266995,
    0.12130640092389922,
    0.11069779861910889,
    0.0934727303177334,
    0.05774713566241685,
    0.1208102549794482,
    0.11530010893871367,
    -0.01560257952738886,
    0.08341820758155971,
    0.08340379710114276,
    -0.015606375618628876,
    -0.0001494285046148569,
    -0.00013791873146118405,
    0.10519519140130906,
    0.10519554361706296,
    0.12496387593825709,
    0.12496303557547184,
    -0.00846004512973253,
    0.05284450597690715,
    0.05283843865818083,
    -0.008459697231254948,
    0.0017491567525935725,
    0.0017551955129231356,
    0.10829754827513849,
    0.10829748046400123,
    0.12675205180259264,
    0.12675167606159365
  ],
  "dipole_vec_eA": [
    0.5506184960624841,
    0.00021676429273059108,
    2.4995544309446226e-14
  ],
  "dipole_mag_D": 2.6447333163678315,
  "HOMO_eV": -18.05688554207449,
  "LUMO_eV": -17.814733776738187,
  "gap_eV": 0.24215176533630256
}