{
  "tag": "RMC-Cr_3-Nb_3-A2-B5-NNNNOS",
  "energy_eV": -1917.0277174506764,
  "multiplicity": 4,
  "charge": 4,
  "sym1": "Cr",
  "ox1": 3,
  "sym2": "Nb",
  "ox2": 3,
  "acid": "A2",
  "base": "B5",
  "bridge": [
    "O",
    "S"
  ],
  "S1_ref": 0.5,
  "S2_ref": 1.0,
  "mulliken_q_e": [
    0.6573190583959457,
    0.37906385814878085,
    -0.2611488367921886,
    0.3394261974428634,
    -0.03840272408829892,
    -0.14828219387888986,
    -0.15548459952033444,
    -0.12792781418197663,
    0.030156607334027363,
    0.03538040665592912,
    0.026153086847320983,
    0.016745674601674976,
    0.028894746131098437,
    0.03453892220933796,
    0.1524377037365835,
    0.1639762874050973,
    0.1582311229600415,
    0.11228727233236913,
    0.06362718723219385,
    0.1949216734509115,
    0.17346390549257606,
    0.20825272043512122,
    0.020980647273302733,
    0.020263788107644176,
    0.01985998070886219,
    0.02054682946985742,
    0.03228530614286185,
    0.14791839052699352,
    0.16846976138596537,
    0.15923286468978348,
    0.12348053628770428,
    0.07438182882219979,
    0.1906576341422972,
    0.1764484120866786,
    -0.11237871835411539,
    0.059858623436025216,
    0.16800243206218857,
    0.18074884665448365,
    0.030629796062068282,
    0.03204279996140391,
    0.22406187577433523,
    0.21887810240914862
  ],
  "dipole_vec_eA": [
    1.406300399608733,
    0.11695426236553023,
    -1.416369334565006e-14
  ],
  "dipole_mag_D": 6.778066877882372,
  "solvation_E_eV": null
}