{
  "tag": "RMC-Nb_3-Pb_2-A2-B1-NNNNSS",
  "energy_eV": -2444.368009308727,
  "multiplicity": 3,
  "charge": 3,
  "sym1": "Nb",
  "ox1": 3,
  "sym2": "Pb",
  "ox2": 2,
  "acid": "A2",
  "base": "B1",
  "bridge": [
    "S",
    "S"
  ],
  "S1_ref": 1.0,
  "S2_ref": 0.0,
  "mulliken_q_e": [
    0.19288953654621932,
    0.6206666847499369,
    -0.13293794866938136,
    -0.13294601484391416,
    -0.03677164610485928,
    -0.03679735121744798,
    -0.15397619180833444,
    -0.15396868238853378,
    0.07115317181825231,
    0.009139036035482384,
    0.001956062563300165,
    -0.004709552733888067,
    0.0004375390766995224,
    0.025845233014853308,
    0.10504783391489392,
    0.1191211070857392,
    0.1094694313282808,
    0.07680289692095088,
    0.07134077853862153,
    0.0976584436613065,
    0.12598283086748818,
    0.07115851885075908,
    0.009141982628776857,
    0.001957326882219723,
    -0.004709898957395708,
    0.0004448357774307077,
    0.025844625358735218,
    0.10504931963904895,
    0.11912012010144246,
    0.10946710392279213,
    0.07680014713167882,
    0.07137265075473165,
    0.09766411414480036,
    0.12598148662935071,
    0.00879988895932926,
    0.06218049641649315,
    0.06212254362322489,
    0.00879296642407601,
    0.010007866559378131,
    0.010033404900297693,
    0.13928146111040685,
    0.13928185549055194,
    0.1394826278942103,
    0.13948132997993268,
    -0.014493407149472226,
    0.05953116658842794,
    0.059517807167765335,
    -0.014489682797441894,
    0.0007293802755421464,
    0.0007312031011119657,
    0.08836007505583665,
    0.08835939878796928,
    0.11379606946593834,
    0.11379801692715308
  ],
  "dipole_vec_eA": [
    -0.6765191316333033,
    0.00034158320199968376,
    -7.287135796791543e-05
  ],
  "dipole_mag_D": 3.2494600148524735,
  "HOMO_eV": -17.99768239530731,
  "LUMO_eV": -17.834677385372192,
  "gap_eV": 0.16300500993511946
}