{
  "tag": "RMC-Cd_2-Hg_2-A2-B4-NNNNNO",
  "energy_eV": -1945.8530336744384,
  "multiplicity": 1,
  "charge": 1,
  "sym1": "Cd",
  "ox1": 2,
  "sym2": "Hg",
  "ox2": 2,
  "acid": "A2",
  "base": "B4",
  "bridge": [
    "N",
    "O"
  ],
  "S1_ref": 0.0,
  "S2_ref": 0.0,
  "mulliken_q_e": [
    0.3569447135635626,
    0.11805176045013599,
    -0.12590097389393806,
    -0.07378981501837667,
    -0.080894215120487,
    -0.3013435809297347,
    -0.20670463175700027,
    -0.038534595029326546,
    0.1405890471555149,
    -0.010787984941824647,
    -0.020001936239772755,
    -0.02630548540106603,
    -0.019953557896400742,
    -0.0043137374392208105,
    0.06937970903498203,
    0.0701305981568412,
    0.06867054671848205,
    0.0418506747138645,
    0.10059068526497361,
    0.08505504368077932,
    0.025823558672271152,
    0.07165325126461353,
    -0.00593029495923969,
    -0.020260810359092662,
    -0.02851924183205723,
    -0.01936360095076939,
    -0.014767845198823348,
    0.055116189770285984,
    0.056084028539967745,
    0.051823940488888165,
    0.09514935431595628,
    0.010162654172129582,
    0.09688798204609383,
    0.05508103938667053,
    -0.05851251949458813,
    -0.06140360308388004,
    0.09484271649633025,
    0.0948427164963308,
    0.0907302759170735,
    0.09073027591707405,
    -0.0652178800855685,
    -0.048394262735167004,
    0.06724940438913907,
    0.06724940438913951,
    0.07810550068261302,
    0.07810550068261324
  ],
  "dipole_vec_eA": [
    -1.3774894588332713,
    -0.4672511903187679,
    -8.621631814059027e-15
  ],
  "dipole_mag_D": 6.986641412457426,
  "solvation_E_eV": null
}