{
  "tag": "RMC-Cr_2-V_3-A2-B5-NNNNSS",
  "energy_eV": -1916.289115277713,
  "multiplicity": 3,
  "charge": 3,
  "sym1": "Cr",
  "ox1": 2,
  "sym2": "V",
  "ox2": 3,
  "acid": "A2",
  "base": "B5",
  "bridge": [
    "S",
    "S"
  ],
  "S1_ref": 0.0,
  "S2_ref": 1.0,
  "mulliken_q_e": [
    0.5736729179209543,
    0.2366758816564779,
    0.23286386091778744,
    0.2328604133945057,
    -0.28266420415240123,
    -0.28266373191909167,
    -0.12835172012251683,
    -0.12834888787171872,
    0.02902049327623968,
    0.020595319487638486,
    0.008805422811031693,
    -0.0015154239161709882,
    0.006994144213554376,
    0.018063456922087884,
    0.1203480083590166,
    0.1268982549905474,
    0.11683955075271923,
    0.05386521301285385,
    0.10320631411943548,
    0.13089923303621143,
    0.12325603955992603,
    0.0290200977382582,
    0.020597290357759812,
    0.008803073991897614,
    -0.0015163646890143934,
    0.006995243646893634,
    0.01806396467340665,
    0.12034992658526877,
    0.12689937428608833,
    0.11683810057317912,
    0.053864245909838626,
    0.10320584723147896,
    0.13090018660879332,
    0.12325591685758386,
    -0.0035300787018732738,
    -0.003529549962651757,
    0.20609922800817648,
    0.2060992465344329,
    0.007972984775833858,
    0.007969520479909287,
    0.20515983736997223,
    0.20516135127559043
  ],
  "dipole_vec_eA": [
    0.1930797402129381,
    4.643920821712613e-07,
    1.3130542798963524e-07
  ],
  "dipole_mag_D": 0.9274014326441721,
  "HOMO_eV": -18.43912215015307,
  "LUMO_eV": -18.345649126635625,
  "gap_eV": 0.09347302351744702
}