{
  "tag": "RMC-Cr_2-Mn_2-A2-B4-NNNNOS",
  "energy_eV": -2039.073443780651,
  "multiplicity": 2,
  "charge": 2,
  "sym1": "Cr",
  "ox1": 2,
  "sym2": "Mn",
  "ox2": 2,
  "acid": "A2",
  "base": "B4",
  "bridge": [
    "O",
    "S"
  ],
  "S1_ref": 0.0,
  "S2_ref": 0.5,
  "mulliken_q_e": [
    0.5835246313795679,
    0.17710797692683578,
    -0.34265663484588615,
    0.27439094779772016,
    -0.1261167581214393,
    -0.32180500171351745,
    -0.14437730754552414,
    -0.19723712134054394,
    0.0006550173109833857,
    0.00511512167024919,
    -0.009598403442361292,
    -0.01122376253147861,
    -0.009883457703857346,
    0.005316408406149442,
    0.09080989869513878,
    0.09672077615790309,
    0.08922500878980733,
    0.04930603489496144,
    0.08955762779414256,
    0.0917196227772461,
    0.09338368403351527,
    0.16968063990940863,
    0.008250877964605996,
    -0.015236959136228467,
    -0.012760864619155265,
    -0.01218328651025713,
    -0.008335500809354635,
    0.09593180457912509,
    0.10305899596008072,
    0.09292081644074479,
    0.06274384995683513,
    0.04209217753085137,
    0.12061218925424189,
    0.08831849400512548,
    -0.06370618536355432,
    -0.011533786107388755,
    0.11003884447656376,
    0.11003876453387362,
    0.10905704017827089,
    0.10905699415864367,
    -0.061617016991227125,
    -0.041741568710149,
    0.1273018719354594,
    0.12730186228753515,
    0.13338782381433123,
    0.13338781204509653
  ],
  "dipole_vec_eA": [
    -0.04218645970389016,
    -0.671457384811399,
    -3.9164224631156456e-06
  ],
  "dipole_mag_D": 3.2315061535300145,
  "solvation_E_eV": null
}