{
  "tag": "RMC-Fe_2-Sc_3-A2-B5-NNNNNO",
  "energy_eV": -1959.437892743297,
  "multiplicity": 1,
  "charge": 2,
  "sym1": "Fe",
  "ox1": 2,
  "sym2": "Sc",
  "ox2": 3,
  "acid": "A2",
  "base": "B5",
  "bridge": [
    "N",
    "O"
  ],
  "S1_ref": 0.0,
  "S2_ref": 0.0,
  "mulliken_q_e": [
    0.6705847485863685,
    0.665266909635034,
    -0.14247570348243355,
    -0.3871494841994212,
    -0.10893498220768505,
    -0.25704613362531714,
    -0.14324830215946083,
    -0.11089963683046933,
    0.18926617612751473,
    -0.012342798589962678,
    -0.017419130320138088,
    -0.020110790307640736,
    -0.012885488010425883,
    -0.00225232864667424,
    0.09070803304804353,
    0.09908267442691743,
    0.09368764731407964,
    0.07610285909994752,
    0.06594816208279397,
    0.10582192447690286,
    0.11112845151977202,
    0.07452726525993492,
    -0.001172239343370407,
    -0.008779778493928303,
    -0.01664215761268517,
    -0.004159632905752497,
    0.004669321492782652,
    0.0891345038627116,
    0.09531543750874882,
    0.0922400115118367,
    0.06948574506204719,
    0.018100751901477752,
    0.10057970744585198,
    0.08290265448040601,
    -0.038109052254185594,
    -0.0742298858356707,
    0.1531631325277214,
    0.14328575185730175,
    0.02233652035400091,
    0.024643107907214246,
    0.11177585616575669,
    0.10810017681765749
  ],
  "dipole_vec_eA": [
    0.14133468363211274,
    0.11890391159613105,
    9.539487505738311e-16
  ],
  "dipole_mag_D": 0.887145886279897,
  "solvation_E_eV": null
}