{
  "tag": "RMC-Zn_2-Zn_2-A2-B2-NNNNSS",
  "energy_eV": -2903.9938479732587,
  "multiplicity": 1,
  "charge": 2,
  "sym1": "Zn",
  "ox1": 2,
  "sym2": "Zn",
  "ox2": 2,
  "acid": "A2",
  "base": "B2",
  "bridge": [
    "S",
    "S"
  ],
  "S1_ref": 0.0,
  "S2_ref": 0.0,
  "mulliken_q_e": [
    0.30806670713842055,
    0.30806013155283873,
    -0.22087696839126647,
    -0.22089099559725697,
    -0.10438806683823909,
    -0.10438829768379754,
    -0.10439239111726772,
    -0.10439247118812767,
    0.09011936632096185,
    0.006334045954773604,
    -0.007197316199365034,
    -0.02009976790360457,
    -0.007192809085474483,
    0.006336197482497141,
    0.079551693610172,
    0.08902052995014942,
    0.0795509154183568,
    0.06596865034587496,
    0.06595789046093192,
    0.08767181634622734,
    0.08767297538967711,
    0.09011305148357374,
    0.006338653061787269,
    -0.007202634384581019,
    -0.020109293276538542,
    -0.007197828402726758,
    0.006340716149919157,
    0.07955273429134158,
    0.08902504259491772,
    0.0795519031760148,
    0.06597274972219602,
    0.06596180162209242,
    0.08767031245594525,
    0.08767145716452496,
    -0.015164901611424142,
    0.027240269778251003,
    0.0030882602315769336,
    0.061298661709593194,
    -0.030943993585409668,
    -0.01817440022454697,
    0.08476001642311504,
    0.07020103420302426,
    0.08181432589125193,
    0.06129531389696896,
    -0.0151646896640385,
    -0.01817551569990039,
    -0.03094534297535323,
    0.08476002824061568,
    0.08181512910427324,
    0.0702022102689619,
    -0.015168635854806656,
    0.027285672953850426,
    0.0030810130394649526,
    0.06130446134863288,
    -0.030929721248504682,
    -0.01821160671517119,
    0.08476140144818678,
    0.07019889554509784,
    0.08181970947705908,
    0.06130083875910586,
    -0.015168483648768882,
    -0.018212201958892615,
    -0.030930439987666425,
    0.0847615649336928,
    0.08182073926818423,
    0.07019988501699537
  ],
  "dipole_vec_eA": [
    -1.3741018403209747e-06,
    0.0025028933919158925,
    -1.8699915751744431e-16
  ],
  "dipole_mag_D": 0.012021910039147893,
  "HOMO_eV": -15.13069922882094,
  "LUMO_eV": -13.890130362151005,
  "gap_eV": 1.2405688666699355
}