{
  "tag": "RMC-Ir_2-Sc_3-A2-B5-NNNNNN",
  "energy_eV": -1955.8310828004928,
  "multiplicity": 2,
  "charge": 1,
  "sym1": "Ir",
  "ox1": 2,
  "sym2": "Sc",
  "ox2": 3,
  "acid": "A2",
  "base": "B5",
  "bridge": [
    "N",
    "N"
  ],
  "S1_ref": 0.5,
  "S2_ref": 0.0,
  "mulliken_q_e": [
    0.08943803116456883,
    0.6654982077522564,
    -0.1534633204391378,
    -0.1476356399331329,
    -0.0019758640323781496,
    0.014643149293113611,
    -0.27714870307975725,
    -0.28398804709659053,
    0.06305061842531456,
    -0.008341426387868944,
    -0.021451445570205507,
    -0.02810738402941304,
    -0.022368121849237088,
    -0.007255435272272459,
    0.06222851622914072,
    0.0636787336625555,
    0.06088776633250015,
    0.09658176344673586,
    -0.0031553632062055748,
    0.07720419412379032,
    0.07954319610048899,
    0.06404407868498008,
    -0.010088575332675154,
    -0.0222199614957177,
    -0.027321747765015614,
    -0.025164136083443145,
    -0.009740797853723837,
    0.061051156746643076,
    0.062287204436561994,
    0.0566458633275132,
    0.09552171599498549,
    0.0020640178363204864,
    0.0766988930164122,
    0.06912172050004128,
    -0.04303469523832093,
    -0.03317214644285538,
    0.1257678234768489,
    0.1309774709252114,
    -0.05498722334416328,
    -0.05431421645286583,
    0.1085825147947237,
    0.10941761510917836
  ],
  "dipole_vec_eA": [
    -1.2301426994359888,
    0.22374047246484902,
    4.0478887556622235e-09
  ],
  "dipole_mag_D": 6.005563025910553,
  "solvation_E_eV": null
}