{
  "tag": "RMC-Ti_3-Zn_2-A2-B5-NNNNSS",
  "energy_eV": -1867.9221663581177,
  "multiplicity": 2,
  "charge": 3,
  "sym1": "Ti",
  "ox1": 3,
  "sym2": "Zn",
  "ox2": 2,
  "acid": "A2",
  "base": "B5",
  "bridge": [
    "S",
    "S"
  ],
  "S1_ref": 0.5,
  "S2_ref": 0.0,
  "mulliken_q_e": [
    0.6943991196009934,
    0.29104122782427266,
    0.17777506131661835,
    0.17777960938324394,
    -0.2929086499003033,
    -0.2929087664997143,
    -0.13789390287939685,
    -0.13790034214269298,
    0.038660576246656975,
    0.016842265692791347,
    0.011762620409120794,
    -0.005920360737456276,
    0.008783755491726719,
    0.012405557599794781,
    0.11761818122735068,
    0.1216329059684077,
    0.11033171759137994,
    0.06989514592991442,
    0.1015483917583091,
    0.1154052347661042,
    0.09517856631838595,
    0.0386603270341348,
    0.016839569572425717,
    0.011764672416487265,
    -0.005920935684580186,
    0.008782195557109906,
    0.012403006253543403,
    0.11761797851842581,
    0.12163297810767448,
    0.11033197156029784,
    0.06990002525145744,
    0.10154952836131459,
    0.11540388494422793,
    0.09517793599880298,
    0.0013810886989520377,
    0.0013705855237877707,
    0.2265798737514083,
    0.22657965441190997,
    0.010589220434623181,
    0.010613635363423413,
    0.2076077554425042,
    0.2076071333019277
  ],
  "dipole_vec_eA": [
    -1.2561229392414908,
    5.077209367960061e-06,
    -1.935658754082992e-14
  ],
  "dipole_mag_D": 6.033415065458964,
  "HOMO_eV": -17.84725940324335,
  "LUMO_eV": -17.504687321058405,
  "gap_eV": 0.34257208218494384
}