{
  "tag": "RMC-W_2-Zn_2-A2-B2-NNNNOS",
  "energy_eV": -2980.1587202966734,
  "multiplicity": 1,
  "charge": 2,
  "sym1": "W",
  "ox1": 2,
  "sym2": "Zn",
  "ox2": 2,
  "acid": "A2",
  "base": "B2",
  "bridge": [
    "O",
    "S"
  ],
  "S1_ref": 0.0,
  "S2_ref": 0.0,
  "mulliken_q_e": [
    -0.02245737105985257,
    0.33493687809588457,
    -0.30255868614753867,
    0.007237916871864841,
    -0.040577635538850076,
    -0.048219156581033706,
    -0.09610442274469033,
    -0.12196509765629537,
    0.051302151215951275,
    0.00493324449081145,
    -0.012090355346636494,
    -0.017122652191728926,
    -0.012414607255261778,
    0.014150461738035913,
    0.0803119979632183,
    0.09127618504934532,
    0.08055170989043348,
    0.057149062541748785,
    0.025687995521594287,
    0.08917958030919282,
    0.08176474200715833,
    0.1981390633843647,
    -0.014878729855725359,
    -0.012571519321136426,
    -0.02210320358643525,
    -0.012590641525646928,
    -0.005048359726536278,
    0.07890861205163913,
    0.0910262089808187,
    0.07990319571791449,
    0.06413817410166822,
    0.054211657124104695,
    0.09521884655548885,
    0.08155434765020475,
    -0.016589445746169273,
    0.026795643480633125,
    0.019092358469382287,
    0.08024420051177872,
    -0.031393574498914,
    -0.01842166960435976,
    0.08678214149219421,
    0.07542843148224276,
    0.08436632735784666,
    0.07983795172690744,
    -0.016195903638197562,
    -0.018273701617528504,
    -0.030913506088624088,
    0.08695941171150046,
    0.08474598544223821,
    0.07334769342018854,
    -0.014426368635875653,
    0.02851890327396478,
    0.0038663884394884995,
    0.06443326952792505,
    -0.030402613316948157,
    -0.017390101563825144,
    0.08656820440106516,
    0.07058916091430845,
    0.08318640933021926,
    0.06110505772297792,
    -0.015074286205056797,
    -0.017541736331515123,
    -0.03142656223147511,
    0.08695869181300442,
    0.08366655019979219,
    0.0706770960366877
  ],
  "dipole_vec_eA": [
    0.0018103330937547489,
    0.019506978011379034,
    -7.447626932465447e-07
  ],
  "dipole_mag_D": 0.09409862070516672,
  "HOMO_eV": -14.410048059776763,
  "LUMO_eV": -14.32832052740046,
  "gap_eV": 0.08172753237630204
}