{
  "tag": "RMC-Pt_2-Sc_3-A2-B7-NNNNOO",
  "energy_eV": -2186.869725609616,
  "multiplicity": 1,
  "charge": 3,
  "sym1": "Pt",
  "ox1": 2,
  "sym2": "Sc",
  "ox2": 3,
  "acid": "A2",
  "base": "B7",
  "bridge": [
    "O",
    "O"
  ],
  "S1_ref": 0.0,
  "S2_ref": 0.0,
  "mulliken_q_e": [
    0.23893711429571562,
    0.8023382636907325,
    -0.33042726484578333,
    -0.32694156894574244,
    0.005667668576886831,
    0.021151203155173937,
    -0.13999874006142377,
    -0.13108764228017922,
    0.18898730707310785,
    -0.006157953685877127,
    0.0016205314455588482,
    -0.008857109886066805,
    -0.0003936337186070116,
    0.002151553266179329,
    0.11604275683270426,
    0.12740675135030777,
    0.11633172514929346,
    0.07918669475247908,
    0.05230414861869481,
    0.12257520412156753,
    0.13103981470107717,
    0.19102233355789022,
    -0.008920631795913847,
    0.002072497091886172,
    -0.00955299534746512,
    -5.6737235654802376e-05,
    -0.0006824687723459011,
    0.11585538599043033,
    0.12789498101548502,
    0.11593470459053257,
    0.08301161044050742,
    0.055986677305634336,
    0.1203346953938993,
    0.12826786195106188,
    0.0070598790848444,
    -0.01915006577541245,
    0.12526764051331707,
    0.14224822573231333,
    -0.03815354549075778,
    0.14792510196714215,
    0.1479251019671426,
    0.022121821073782133,
    -0.029708625921281318,
    0.11624651142466991,
    0.13670111209788904,
    -0.01866230987135742,
    0.13856720700220748,
    0.13856720700220948
  ],
  "dipole_vec_eA": [
    0.46986800130248857,
    0.3352290732081883,
    -2.5703331643276482e-16
  ],
  "dipole_mag_D": 2.772387161881846,
  "HOMO_eV": -19.2368914764676,
  "LUMO_eV": -18.560098459322127,
  "gap_eV": 0.6767930171454744
}