{
  "tag": "RMC-Hf_2-Ta_3-A2-B4-NNNNNO",
  "energy_eV": -1994.5350133994523,
  "multiplicity": 3,
  "charge": 2,
  "sym1": "Hf",
  "ox1": 2,
  "sym2": "Ta",
  "ox2": 3,
  "acid": "A2",
  "base": "B4",
  "bridge": [
    "N",
    "O"
  ],
  "S1_ref": 1.0,
  "S2_ref": 1.0,
  "mulliken_q_e": [
    0.6665581705890951,
    0.5588359749655297,
    -0.13195290491739287,
    -0.3720554544825885,
    -0.1405382506378845,
    -0.11276220131925396,
    -0.13007364830000934,
    -0.2463279976791104,
    0.18852442127450764,
    -0.001738102897866023,
    -0.007421260124213402,
    -0.01792745998191214,
    -0.013169279536098255,
    -0.016195242110309316,
    0.09831751986895709,
    0.10182901569217773,
    0.09055475396408841,
    0.0931473436107153,
    0.06718860098193336,
    0.11122960511242619,
    0.10059441208120046,
    0.07148477548155219,
    0.0014883315493567917,
    -0.007077940472273836,
    -0.016115095664714918,
    -0.011795986921315116,
    -0.009322855754894999,
    0.08790680822130803,
    0.09240430017557555,
    0.08392527092278534,
    0.030135836352869205,
    0.055685117221992986,
    0.08237804568260587,
    0.09820869835601032,
    -0.02532907273432361,
    -0.023288731727117096,
    0.11076900789535249,
    0.1107690078953516,
    0.10991029941728792,
    0.10991029941728647,
    -0.07330854143453758,
    -0.07801108323544459,
    0.08417215177857085,
    0.08417215177856996,
    0.07215559462658161,
    0.07215559462658006
  ],
  "dipole_vec_eA": [
    -0.9949742037184153,
    0.24046634849525547,
    -5.5724823002623415e-14
  ],
  "dipole_mag_D": 4.916655547615315,
  "solvation_E_eV": null
}