{
  "tag": "RMC-Ag_2-Ag_2-A2-B6-NNNNNO",
  "energy_eV": -2298.7061966918036,
  "multiplicity": 1,
  "charge": 1,
  "sym1": "Ag",
  "ox1": 2,
  "sym2": "Ag",
  "ox2": 2,
  "acid": "A2",
  "base": "B6",
  "bridge": [
    "N",
    "O"
  ],
  "S1_ref": 0.5,
  "S2_ref": 0.5,
  "mulliken_q_e": [
    0.2707443690786183,
    0.27074744144157215,
    -0.2518896674956628,
    -0.36297044865668093,
    -0.14599208262666163,
    -0.1474116142934574,
    -0.1459910300976155,
    -0.14741107551186938,
    0.2024165176243693,
    -0.02781351025327039,
    -0.01755174831437256,
    -0.03809406830393991,
    -0.017551878878893534,
    -0.02781343255246327,
    0.0583824273357213,
    0.061533281133886675,
    0.058382605026970014,
    0.0821442661603402,
    0.08214430633210767,
    0.0456047163702743,
    0.04560484753011573,
    0.12537359594426656,
    -0.016799300863114208,
    -0.014424150247900114,
    -0.03991813351964524,
    -0.014424987292771974,
    -0.01680074813832033,
    0.0575533059344433,
    0.059224324460098954,
    0.057553100719127004,
    0.07061717580594484,
    0.07061642047472994,
    0.06054895797268045,
    0.060548735632981465,
    -0.07083800818399455,
    0.002162955037158687,
    0.0021551902901286724,
    0.07435927864061087,
    0.07958095297967971,
    0.0593650486457582,
    0.055243408931140325,
    0.07288970880252654,
    0.07164003462249435,
    -0.07083801510852017,
    0.002162876677413772,
    0.0021551630489313744,
    0.07435927773727946,
    0.07958100203328944,
    0.059365208879068154,
    0.05524345870133507,
    0.07288989149666802,
    0.07164004883733266
  ],
  "dipole_vec_eA": [
    1.4430434012046975e-05,
    0.019072161720883527,
    0.04797391072544478
  ],
  "dipole_mag_D": 0.24797021411764344,
  "HOMO_eV": -11.79539951697549,
  "LUMO_eV": -11.261401949349631,
  "gap_eV": 0.5339975676258586
}