{
  "tag": "RMC-In_1-V_3-A2-B7-NNNNOS",
  "energy_eV": -2111.1601517512468,
  "multiplicity": 3,
  "charge": 2,
  "sym1": "In",
  "ox1": 1,
  "sym2": "V",
  "ox2": 3,
  "acid": "A2",
  "base": "B7",
  "bridge": [
    "O",
    "S"
  ],
  "S1_ref": 0.0,
  "S2_ref": 1.0,
  "mulliken_q_e": [
    0.39687070660615514,
    0.22811750232306371,
    -0.33221571688187046,
    -0.021739639705201846,
    -0.10415167119881263,
    -0.10940424852869346,
    -0.09427752468545814,
    -0.08802619254825861,
    0.058882454192885625,
    0.01355992206199752,
    -0.007741467165264915,
    -0.015844700281077095,
    -0.00911509458031734,
    0.0101064380941569,
    0.09115110611914745,
    0.09739620739140875,
    0.08947850995319495,
    0.04421241547412724,
    0.07083648234328166,
    0.08578457911547321,
    0.0901958202163301,
    0.19865984800393321,
    -0.0035511557086085332,
    -0.008938128582685057,
    -0.02244436343217404,
    -0.010848694360964917,
    -0.014741903496962472,
    0.08904896288351838,
    0.09623918082481853,
    0.08618119341377117,
    0.061453634294711845,
    0.08079927777841567,
    0.0812242740652771,
    0.09693115947772468,
    0.022934525298741404,
    -0.04569162283067896,
    0.08261263168204414,
    0.10343164829762541,
    -0.011029962403004578,
    0.11259555517519959,
    0.11259555517556996,
    0.025388713729337375,
    -0.037252111619551886,
    0.08734079762198221,
    0.10430575852059298,
    -0.004918566754774423,
    0.11179895231488768,
    0.11179895231504144
  ],
  "dipole_vec_eA": [
    -0.3790299358911748,
    0.17979226763195993,
    -1.6113719703340706e-11
  ],
  "dipole_mag_D": 2.0149940077315325,
  "HOMO_eV": -14.675709715498227,
  "LUMO_eV": -14.670034275476983,
  "gap_eV": 0.005675440021244427
}