{
  "tag": "RMC-Ni_2-Zn_2-A2-B10-NNNNNN",
  "energy_eV": -3255.1048930551565,
  "multiplicity": 1,
  "charge": 0,
  "sym1": "Ni",
  "ox1": 2,
  "sym2": "Zn",
  "ox2": 2,
  "acid": "A2",
  "base": "B10",
  "bridge": [
    "N",
    "N"
  ],
  "S1_ref": 0.0,
  "S2_ref": 0.0,
  "mulliken_q_e": [
    -0.27985698082007504,
    0.2683546199545266,
    -0.1703432901159352,
    -0.17033751592175328,
    -0.05712030527661227,
    -0.057125181507113876,
    -0.17003765983697638,
    -0.17003398589911245,
    0.11446608125496294,
    -0.02742672540660629,
    -0.022384938769145935,
    -0.048942843991221174,
    -0.02307905638399621,
    -0.016345587491550573,
    0.02996699815161108,
    0.030851213631836183,
    0.030583768489654717,
    0.061227861099837355,
    0.062152628594259296,
    0.03989142425682446,
    0.047211746208867145,
    0.11446048798610065,
    -0.027416770651486955,
    -0.022391529475305205,
    -0.04894216937124618,
    -0.023085774239194556,
    -0.016338999108929775,
    0.02996914981491039,
    0.030854043346875804,
    0.030584958469294765,
    0.06122769564905961,
    0.06215119130522173,
    0.039893990619026654,
    0.047212843597321585,
    0.06665293982823806,
    0.005873600484002317,
    0.0030916561663605346,
    -0.037496268404829,
    -0.03173127406046716,
    -0.05187700205607837,
    0.03596145954556651,
    0.03511389467201853,
    0.0356400814809118,
    -0.03750283459849535,
    0.00309134717321502,
    0.005873501936871639,
    0.06665134860177235,
    -0.05188022475314602,
    -0.03172398288813394,
    0.03596627808989239,
    0.03564088010167654,
    0.035111894164661095,
    0.07259139287553151,
    -0.002970654197586464,
    0.004255389235781504,
    -0.03777992079761061,
    -0.031393819900751296,
    -0.049973720329299365,
    0.037258812520575835,
    0.03651299644731554,
    0.035347866438728226,
    -0.0377723818936877,
    0.004264994398560207,
    -0.002977161428453501,
    0.07258418348412388,
    -0.049979211198261764,
    -0.03139271482571915,
    0.03725183011418476,
    0.035348079607274596,
    0.03651535972401432
  ],
  "dipole_vec_eA": [
    0.07469881962252774,
    3.0164332686595365e-05,
    -3.8458444511428955e-15
  ],
  "dipole_mag_D": 0.35879371862817716,
  "HOMO_eV": -8.948401360212186,
  "LUMO_eV": -8.085665935366647,
  "gap_eV": 0.862735424845539
}