{
  "tag": "RMC-Ag_1-Sn_2-A2-B7-NNNNNO",
  "energy_eV": -2202.59636697952,
  "multiplicity": 1,
  "charge": 0,
  "sym1": "Ag",
  "ox1": 1,
  "sym2": "Sn",
  "ox2": 2,
  "acid": "A2",
  "base": "B7",
  "bridge": [
    "N",
    "O"
  ],
  "S1_ref": 0.0,
  "S2_ref": 0.0,
  "mulliken_q_e": [
    0.1861221615792395,
    0.49334178012825153,
    -0.3732119052844336,
    -0.40524239197052947,
    -0.14059064219434747,
    -0.13764953162263027,
    -0.22886447883161032,
    -0.19220345250812843,
    0.2014288590074158,
    -0.036960285738338206,
    -0.03343239288387201,
    -0.046953916877536805,
    -0.0339422767139852,
    -0.029065213220206054,
    0.03050397677260097,
    0.03141200127729493,
    0.03231817623788691,
    0.07252173903177073,
    0.07045931709725717,
    0.009834394265256785,
    0.021053802707570624,
    0.11963688944560213,
    -0.03253516130646217,
    -0.02499985693627349,
    -0.048596246589627023,
    -0.02513729814394572,
    -0.01803854375702829,
    0.024872043618424988,
    0.027234232071496778,
    0.02867387083898154,
    0.06875564264503709,
    0.07274241867157794,
    0.009092269757344784,
    0.01976078573490736,
    0.03010845113166427,
    -0.059198627604375886,
    0.02882875148928432,
    0.050354862230612585,
    0.007173128025280473,
    0.06239981221401125,
    0.062399812214012806,
    0.03138085539876512,
    -0.06966307457332443,
    0.012855370410155942,
    0.0327336940403411,
    0.021980597956330117,
    0.03815280037914204,
    0.03815280037915847
  ],
  "dipole_vec_eA": [
    0.1979864635420835,
    0.08325419089278138,
    -4.0516528859748766e-13
  ],
  "dipole_mag_D": 1.0316260815835534,
  "HOMO_eV": -7.903999012149751,
  "LUMO_eV": -7.8023748657122,
  "gap_eV": 0.10162414643755113
}