{
  "tag": "RMC-Os_3-Re_3-A2-B6-NNNNOS",
  "energy_eV": -2225.7986587962428,
  "multiplicity": 2,
  "charge": 4,
  "sym1": "Os",
  "ox1": 3,
  "sym2": "Re",
  "ox2": 3,
  "acid": "A2",
  "base": "B6",
  "bridge": [
    "O",
    "S"
  ],
  "S1_ref": 0.5,
  "S2_ref": 0.0,
  "mulliken_q_e": [
    0.41105760295379834,
    0.3452883004574816,
    -0.28731667630839497,
    0.17406338216159323,
    -0.04754919754583353,
    -0.058836141174237966,
    -0.00850834544881729,
    -0.016831660344928112,
    0.031038940614035226,
    0.028182799038494855,
    0.012738976220236786,
    0.015561011319686902,
    0.013228886758416936,
    0.02462467943953195,
    0.14455931781274278,
    0.16085029156124786,
    0.1423354217624221,
    0.04978850602448581,
    0.05436284182168949,
    0.14930123349800284,
    0.15076220157674058,
    0.20019780849928348,
    0.012773108325917049,
    0.008496329083282017,
    0.011168654526827915,
    0.007662275910905958,
    0.006425315554925204,
    0.14238430312325212,
    0.15879550552295618,
    0.13702396714858722,
    0.06293021356659056,
    0.06804397187142364,
    0.1463393923928803,
    0.15485110077685582,
    -0.09357724639518494,
    -0.03244074271161579,
    -0.035755021889272376,
    0.1586968672851352,
    0.13128869775068208,
    0.14845889444192306,
    0.14437860359089671,
    0.14588047232315404,
    0.14534588716170815,
    -0.0978450599691092,
    -0.050155782120111514,
    -0.05115396485004764,
    0.15891518698461948,
    0.12733197272681684,
    0.14460230568684218,
    0.14311354920439578,
    0.15318639368263587,
    0.15393466031211167
  ],
  "dipole_vec_eA": [
    -0.8221856485315303,
    -0.27112392972140803,
    0.17094766536615744
  ],
  "dipole_mag_D": 4.238594487268081,
  "HOMO_eV": -22.31557693247682,
  "LUMO_eV": -21.69165195146941,
  "gap_eV": 0.6239249810074092
}