{
  "tag": "RMC-Mn_3-Sc_3-A2-B10-NNNNOO",
  "energy_eV": -3222.507971449778,
  "multiplicity": 1,
  "charge": 4,
  "sym1": "Mn",
  "ox1": 3,
  "sym2": "Sc",
  "ox2": 3,
  "acid": "A2",
  "base": "B10",
  "bridge": [
    "O",
    "O"
  ],
  "S1_ref": 0.0,
  "S2_ref": 0.0,
  "mulliken_q_e": [
    0.43079971242757087,
    0.8048318722008135,
    -0.3614587965538849,
    -0.361458204901385,
    -0.08892016377139522,
    -0.08892689297152256,
    -0.1282985144602018,
    -0.12829665651908018,
    0.1962396062537506,
    -0.010053280844461554,
    0.0020251484808468945,
    -0.008062559263505076,
    0.0006803943405189194,
    -0.003590736348398238,
    0.11096330085518247,
    0.13094254451575005,
    0.10986164433560541,
    0.07513196744453055,
    0.06642759607407944,
    0.12435185516236125,
    0.12200723642183686,
    0.19623981929995726,
    -0.010053024261703847,
    0.0020245350758771874,
    -0.008061340860721966,
    0.0006824464633583549,
    -0.00359529175922102,
    0.11096450774671185,
    0.130941443326838,
    0.10985918070744027,
    0.07513124051575804,
    0.06643084401325616,
    0.1243526807662404,
    0.12200507329059629,
    0.08130069132404061,
    0.03403265325772775,
    0.05716072145443851,
    0.003801474070412203,
    0.015616182376477994,
    -0.01994165330061981,
    0.13726191952873656,
    0.13513696215686088,
    0.10353377169270761,
    0.003801522986929484,
    0.05716025435600436,
    0.0340327030227594,
    0.08130288072409853,
    -0.019941801370184198,
    0.015616209196930075,
    0.13726190753491874,
    0.10353359975910648,
    0.13513669134339823,
    0.0744621375133121,
    0.016892552840964914,
    0.0509897971174873,
    0.0027292658769073608,
    0.010451634959889988,
    -0.021848573318431486,
    0.1324279068177372,
    0.1300991936516579,
    0.0998331372718414,
    0.00272909056867654,
    0.05098947139056209,
    0.016893105298320554,
    0.07446148884455228,
    -0.021848137990832406,
    0.01045137602108892,
    0.13242833951648258,
    0.09983333438502551,
    0.13009900262857377
  ],
  "dipole_vec_eA": [
    0.23681476519632746,
    -4.657311642014124e-06,
    -3.216800328472553e-08
  ],
  "dipole_mag_D": 1.1374696916100278,
  "HOMO_eV": -20.156891463836672,
  "LUMO_eV": -20.0600972355452,
  "gap_eV": 0.096794228291472
}