{
  "tag": "RMC-Bi_3-Rh_2-A2-B6-NNNNNO",
  "energy_eV": -2249.1383312004646,
  "multiplicity": 1,
  "charge": 2,
  "sym1": "Bi",
  "ox1": 3,
  "sym2": "Rh",
  "ox2": 2,
  "acid": "A2",
  "base": "B6",
  "bridge": [
    "N",
    "O"
  ],
  "S1_ref": 0.5,
  "S2_ref": 0.5,
  "mulliken_q_e": [
    0.8738382130769802,
    0.023449197159455037,
    -0.2632016564130304,
    -0.30631040843721347,
    -0.16718919264025578,
    -0.16354051030354078,
    -0.01965835397842053,
    -0.04115346469423664,
    0.1822137115680067,
    -0.008473966620121232,
    -0.00841437817559143,
    -0.022804041382056495,
    -0.010022211198633002,
    -0.02845627538468154,
    0.08923111293131614,
    0.09496867651512941,
    0.08440533717394871,
    0.062419911007557616,
    0.07140954388914733,
    0.07638885166308629,
    0.08664112640456734,
    0.10515897478061786,
    0.005022305321222387,
    -0.006439869773666507,
    -0.01910030003504337,
    -0.007206651892710969,
    -0.02465912176752383,
    0.08727970311569888,
    0.0929870314592075,
    0.08069517738164933,
    0.048213571217523565,
    0.06028291451120249,
    0.08420244531883869,
    0.08829294377878294,
    -0.08822763672159328,
    -0.015749307023160908,
    -0.01729624908536631,
    0.103901216652735,
    0.05281558967535949,
    0.08233354997607845,
    0.08109931365594203,
    0.09538290564220853,
    0.09589122764593072,
    -0.07577891043203877,
    -0.024733644146092137,
    -0.019454180959167067,
    0.09220981561685204,
    0.08524272858091053,
    0.08249874204244512,
    0.07606039233646955,
    0.09841101907883654,
    0.09492308192129639
  ],
  "dipole_vec_eA": [
    -0.8374253513894224,
    -0.1023708682616951,
    0.9025983745433159
  ],
  "dipole_mag_D": 5.934328920205618,
  "HOMO_eV": -15.256131880014387,
  "LUMO_eV": -14.106922874083942,
  "gap_eV": 1.1492090059304445
}