{
  "tag": "RMC-Cr_2-Ta_3-A2-B7-NNNNNO",
  "energy_eV": -2123.8336892990974,
  "multiplicity": 3,
  "charge": 2,
  "sym1": "Cr",
  "ox1": 2,
  "sym2": "Ta",
  "ox2": 3,
  "acid": "A2",
  "base": "B7",
  "bridge": [
    "N",
    "O"
  ],
  "S1_ref": 0.0,
  "S2_ref": 1.0,
  "mulliken_q_e": [
    0.6258927326846342,
    0.7621533979010349,
    -0.33622324769158785,
    -0.3701080285243432,
    -0.13461231280870223,
    -0.18474876239037652,
    -0.2356222074677352,
    -0.12823796716829605,
    0.17622898496746364,
    -0.006444129394940212,
    -0.01111997109544638,
    -0.0190508547680317,
    -0.013607586774914138,
    -0.0069505091542758635,
    0.09259326792839273,
    0.10127183385917415,
    0.08800048698181384,
    0.07445404456066473,
    0.0464782393399239,
    0.09255749388061751,
    0.06503224268261365,
    0.1019341833312224,
    -0.004629714742528712,
    -0.01647035447394507,
    -0.016999435590190126,
    -0.009081350345993444,
    0.002851554463160433,
    0.08079892979101211,
    0.09614281360662147,
    0.0884472536134775,
    0.0426251115616767,
    0.031296831283350146,
    0.07685092292903306,
    0.08777748947739972,
    0.02019728149879918,
    -0.06590134358834954,
    0.07490541113509475,
    0.09531521457476033,
    -0.005139500934707497,
    0.11174842713584743,
    0.11174842713538646,
    0.031050835975889646,
    -0.03676790069373914,
    0.09491136294284697,
    0.10974717581194438,
    -0.005269130567703284,
    0.11198617856000304,
    0.1119861785606796
  ],
  "dipole_vec_eA": [
    -0.1449198079038753,
    -0.16998054726042747,
    -1.0832947451421526e-10
  ],
  "dipole_mag_D": 1.0729022772831296,
  "solvation_E_eV": null
}