{
  "tag": "RMC-Mn_2-Re_3-A2-B5-NNNNSS",
  "energy_eV": -1974.7915374160195,
  "multiplicity": 2,
  "charge": 3,
  "sym1": "Mn",
  "ox1": 2,
  "sym2": "Re",
  "ox2": 3,
  "acid": "A2",
  "base": "B5",
  "bridge": [
    "S",
    "S"
  ],
  "S1_ref": 0.5,
  "S2_ref": 0.0,
  "mulliken_q_e": [
    0.29413439325654067,
    0.165099697146322,
    0.26845105855668405,
    0.2684568562839932,
    -0.14301546148564337,
    -0.1430178790941794,
    -0.12370039639909525,
    -0.12370165702330582,
    0.024107100164569406,
    0.02227214864588012,
    0.005896870554290556,
    -0.0017555500145376435,
    0.012168117027921976,
    0.018623764041771684,
    0.11584244946371491,
    0.12680454378378603,
    0.12143118667481789,
    0.08455071398757052,
    0.05522283479487311,
    0.1384692968532738,
    0.12873367728537322,
    0.024104130329668738,
    0.02226906294470865,
    0.005890972515279591,
    -0.0017547882260617875,
    0.01216245002535854,
    0.01862246693085856,
    0.11584369490776214,
    0.1268037745436955,
    0.12142987044417197,
    0.08453918687174755,
    0.05522233476016769,
    0.1384692661411122,
    0.12873382725316307,
    -0.007808665537988979,
    -0.007810812042387649,
    0.18936058189188798,
    0.18936145386438996,
    0.03503229279201392,
    0.03503167734961754,
    0.19971204105306983,
    0.19971141704075013
  ],
  "dipole_vec_eA": [
    0.14380844503960982,
    -0.00011320893536837237,
    -4.0888866221870165e-05
  ],
  "dipole_mag_D": 0.6907415792286955,
  "HOMO_eV": -18.632413390918558,
  "LUMO_eV": -18.5331578459258,
  "gap_eV": 0.0992555449927579
}