{
  "tag": "RMC-Ir_3-V_3-A2-B6-NNNNOS",
  "energy_eV": -2203.625918545209,
  "multiplicity": 3,
  "charge": 4,
  "sym1": "Ir",
  "ox1": 3,
  "sym2": "V",
  "ox2": 3,
  "acid": "A2",
  "base": "B6",
  "bridge": [
    "O",
    "S"
  ],
  "S1_ref": 0.0,
  "S2_ref": 1.0,
  "mulliken_q_e": [
    0.29139688031230215,
    0.2895465242956259,
    -0.2792706690829787,
    0.174444330023927,
    0.01526801191654914,
    0.01272308785537013,
    -0.058743277311412045,
    -0.07546958421955274,
    0.038987726821854585,
    0.02957447258795254,
    0.01958741976576861,
    0.01897399310648118,
    0.014632021413447438,
    0.03663862241107685,
    0.14499653991556638,
    0.16185819364358756,
    0.1456839772315789,
    0.07898697412207234,
    0.045640421035229695,
    0.14408684320599796,
    0.15256782122557444,
    0.2146012396267729,
    0.015419661275650087,
    0.016790437014255977,
    0.01632218581660294,
    0.014762631303483875,
    0.01649090504559325,
    0.14382601381102023,
    0.16157359329555865,
    0.14564736761291064,
    0.08207194094571135,
    0.058834542942549195,
    0.1439734648262403,
    0.1507151416017618,
    -0.09914840349493437,
    -0.05260791129498399,
    -0.056517125515312294,
    0.15633551574558124,
    0.12480462645586543,
    0.1523652498952317,
    0.14851474772922313,
    0.16370245451296606,
    0.1589030845230126,
    -0.07545112805078302,
    -0.024092593023280484,
    -0.022369036606640913,
    0.15570272561227505,
    0.13058411800214265,
    0.13922672625967447,
    0.13281151167837568,
    0.14249121662059472,
    0.14160476785723586
  ],
  "dipole_vec_eA": [
    0.8767782843602177,
    -0.1745989642912833,
    0.21701440015067774
  ],
  "dipole_mag_D": 4.418739631832746,
  "HOMO_eV": -22.514201715000233,
  "LUMO_eV": -22.384543672943654,
  "gap_eV": 0.1296580420565796
}