{
  "tag": "RMC-Mg_2-Pd_2-A2-B10-NNNNNN",
  "energy_eV": -3249.4405562474,
  "multiplicity": 1,
  "charge": 0,
  "sym1": "Mg",
  "ox1": 2,
  "sym2": "Pd",
  "ox2": 2,
  "acid": "A2",
  "base": "B10",
  "bridge": [
    "N",
    "N"
  ],
  "S1_ref": 0.0,
  "S2_ref": 0.0,
  "mulliken_q_e": [
    0.4109683349722947,
    -0.15602331041266082,
    -0.21089009092374056,
    -0.21089494433196476,
    -0.1846606726003308,
    -0.18471127971375134,
    -0.0880659681075524,
    -0.08809332423949412,
    0.1106431800624359,
    -0.01937308148965089,
    -0.025543372805897135,
    -0.05112038454250811,
    -0.024056938225662572,
    -0.031732715990565374,
    0.028698552269957656,
    0.029113823619421497,
    0.028617376252776716,
    0.0613454723276774,
    0.057619715181270514,
    0.04347342858336356,
    0.03673056717779699,
    0.11066114367583291,
    -0.019408512832574498,
    -0.025555891315353296,
    -0.05112861572128202,
    -0.024067099269528214,
    -0.031785593548900426,
    0.02870186440175604,
    0.02911216168679276,
    0.028619497673076366,
    0.061364903396509574,
    0.057649543053600816,
    0.04346639533737928,
    0.03671723673545624,
    0.07177566762356835,
    -0.0044268359639509924,
    0.003269931748729027,
    -0.03916998999554244,
    -0.032538240122490736,
    -0.05138224389633561,
    0.03594909090650111,
    0.03496050877478529,
    0.03504249308459584,
    -0.039163711710507254,
    0.0032641591308122386,
    -0.004431609643172685,
    0.07178952461070942,
    -0.05138666879276377,
    -0.03254396789267511,
    0.03594680448565957,
    0.03504270615271465,
    0.034961829616492524,
    0.06821893354826747,
    0.0026850065544021806,
    0.002777776210271643,
    -0.03848865223572928,
    -0.032004957567704606,
    -0.052308006024156084,
    0.03594340133352525,
    0.035230602941117906,
    0.0362686269308633,
    -0.038462675693532455,
    0.002777467442350634,
    0.0026787495164772857,
    0.0682245348891306,
    -0.05231149139237501,
    -0.03201770819222571,
    0.035934878962850414,
    0.036269131399965016,
    0.035233561700557026
  ],
  "dipole_vec_eA": [
    -0.0689788066352249,
    -0.00019029417838320784,
    -1.163501939755788e-16
  ],
  "dipole_mag_D": 0.331320559338935,
  "HOMO_eV": -8.826498169294275,
  "LUMO_eV": -7.98322038931968,
  "gap_eV": 0.8432777799745956
}