{
  "tag": "RMC-Mn_3-Ni_2-A2-B1-NNNNNS",
  "energy_eV": -2552.5088172238466,
  "multiplicity": 1,
  "charge": 2,
  "sym1": "Mn",
  "ox1": 3,
  "sym2": "Ni",
  "ox2": 2,
  "acid": "A2",
  "base": "B1",
  "bridge": [
    "N",
    "S"
  ],
  "S1_ref": 0.0,
  "S2_ref": 0.0,
  "mulliken_q_e": [
    0.17235609160269894,
    -0.16222360615739628,
    -0.10165080068258914,
    0.14376123012035139,
    -0.06144204252553864,
    -0.12593812152942752,
    0.006581400034196827,
    -0.012914528905101363,
    0.041817007201490064,
    0.009921209778337214,
    -0.005003034482209623,
    -0.015971335854430224,
    -0.004232250468161336,
    0.007630645477146425,
    0.08835891439076449,
    0.09505022644311523,
    0.08898636995121767,
    0.05911922163816263,
    0.057865912063045366,
    0.09465015913049146,
    0.07435526585964869,
    0.11512494264127948,
    0.015759554542274623,
    -0.008789453896796973,
    -0.011978867142678151,
    -0.006345378426663828,
    0.019322911948234767,
    0.09100706949386084,
    0.09991109695867118,
    0.09655379232762773,
    0.06503028386411303,
    0.047707250646997545,
    0.10165436198774358,
    0.09524847811774273,
    -0.02733553810710454,
    0.06832481820632741,
    0.0732595733010657,
    -0.028530818449669093,
    -0.0112510009890332,
    -0.010305490884165991,
    0.07889656518239774,
    0.07249629913161315,
    0.091392516176388,
    0.09311978881265492,
    -0.02830849065208385,
    0.0724645847860752,
    0.0761479888626142,
    -0.027942602235492275,
    -0.008760181577105008,
    -0.007567147597604906,
    0.08000033013630325,
    0.07875754568459625,
    0.09647367357335779,
    0.09738361049082445
  ],
  "dipole_vec_eA": [
    0.2759063781968556,
    -0.3900089264159038,
    2.6835928988812372e-15
  ],
  "dipole_mag_D": 2.2946616170776486,
  "HOMO_eV": -15.098199328055975,
  "LUMO_eV": -14.82852613089069,
  "gap_eV": 0.26967319716528415
}