{
  "tag": "RMC-Nb_3-Ru_3-A2-B7-NNNNOS",
  "energy_eV": -2125.251186761916,
  "multiplicity": 2,
  "charge": 4,
  "sym1": "Nb",
  "ox1": 3,
  "sym2": "Ru",
  "ox2": 3,
  "acid": "A2",
  "base": "B7",
  "bridge": [
    "O",
    "S"
  ],
  "S1_ref": 1.0,
  "S2_ref": 0.5,
  "mulliken_q_e": [
    0.3369934316929146,
    0.042372070438776666,
    -0.26610332480708365,
    0.1632135713670297,
    -0.04451949461160298,
    -0.04703122430488027,
    0.01947122975198967,
    0.021718281058783706,
    0.06599790989651688,
    0.04018416335409669,
    0.01932833936545375,
    0.017101108381883057,
    0.02156181481345154,
    0.03572546808596666,
    0.15102380904604984,
    0.16669770992395994,
    0.15110627082955963,
    0.06617381208038386,
    0.07902347447683367,
    0.16470247103724445,
    0.15262847209393193,
    0.21195523624066337,
    0.0250020764962533,
    0.013664823636946766,
    0.010455132873860462,
    0.02007410441891011,
    0.016436008380648737,
    0.14440037983142073,
    0.16500237611916213,
    0.14919006279545766,
    0.07653378424394885,
    0.09489059114863574,
    0.16107027592630574,
    0.15342156307033938,
    0.028346312884113045,
    -0.01014385968983178,
    0.1475519116339813,
    0.17008798198121788,
    -0.018239310884113014,
    0.17445913397753432,
    0.17445913397000123,
    0.0440821756424119,
    0.006992953983331995,
    0.15785832529950394,
    0.1714078538247149,
    -0.009821526525493507,
    0.1817465693726038,
    0.1817465694174778
  ],
  "dipole_vec_eA": [
    0.25598270331118145,
    0.164457166183958,
    3.242517528388932e-09
  ],
  "dipole_mag_D": 1.4614162716644263,
  "HOMO_eV": -22.545834351463288,
  "LUMO_eV": -22.02765816795757,
  "gap_eV": 0.5181761835057195
}