{
  "tag": "RMC-Mg_2-Ti_3-A2-B1-NNNNOS",
  "energy_eV": -2419.2784661514197,
  "multiplicity": 2,
  "charge": 3,
  "sym1": "Mg",
  "ox1": 2,
  "sym2": "Ti",
  "ox2": 3,
  "acid": "A2",
  "base": "B1",
  "bridge": [
    "O",
    "S"
  ],
  "S1_ref": 0.0,
  "S2_ref": 0.5,
  "mulliken_q_e": [
    0.5131921427005315,
    0.6571638355221167,
    -0.3608269674356377,
    -0.14186334409449305,
    -0.09042716501113057,
    -0.09935727841462039,
    -0.13672447270707155,
    -0.15357661239714804,
    0.07812506187390089,
    0.013693058016668092,
    0.0023260411707235473,
    -0.007768851217287542,
    0.0062196249139676585,
    0.01744833266444501,
    0.10958507508226423,
    0.1214411833630703,
    0.1130932285999735,
    0.08023432359140736,
    0.07046423244634048,
    0.1128034244422067,
    0.1120798302485938,
    0.18452719605742263,
    -0.0006668558098481547,
    -0.0004933804162534638,
    -0.010023514557144564,
    0.0015508023355192968,
    0.002499620759260246,
    0.11150087189790636,
    0.12450385604048408,
    0.11375119625900021,
    0.08749612862952705,
    0.0699366431243007,
    0.11752263697676935,
    0.11879371525573545,
    -0.015511165833932639,
    0.047361086656319884,
    0.05202470335812848,
    -0.01611596780308311,
    0.0022614148073174523,
    0.0013205828287508048,
    0.09772390915569151,
    0.09821628009958461,
    0.12024229978167622,
    0.12053750827231624,
    -0.014068724711410185,
    0.061785197952798576,
    0.062059955828090096,
    -0.016527850863833793,
    0.002904388432040994,
    0.0020667451566076522,
    0.10372682030241964,
    0.10180561122326293,
    0.12473157927387912,
    0.1252320067872723
  ],
  "dipole_vec_eA": [
    0.6030749558115654,
    0.11206863308619593,
    6.879747478864103e-12
  ],
  "dipole_mag_D": 2.94628244866071,
  "HOMO_eV": -18.045206232907262,
  "LUMO_eV": -17.75836411934254,
  "gap_eV": 0.28684211356472034
}