{
  "tag": "RMC-Pt_2-Ru_2-A2-B6-NNNNSS",
  "energy_eV": -2271.322135348775,
  "multiplicity": 1,
  "charge": 2,
  "sym1": "Pt",
  "ox1": 2,
  "sym2": "Ru",
  "ox2": 2,
  "acid": "A2",
  "base": "B6",
  "bridge": [
    "S",
    "S"
  ],
  "S1_ref": 0.0,
  "S2_ref": 0.0,
  "mulliken_q_e": [
    0.0009446064930592746,
    -0.129030541759096,
    0.01739076708808837,
    0.017397023600032036,
    -0.017445436410397308,
    -0.017456682365265985,
    -0.05425317408425667,
    -0.05423737804873996,
    0.06169313147489497,
    0.004956768199203765,
    -0.00862456321984828,
    -0.020326121556521803,
    -0.009482488482024598,
    0.00432617385536771,
    0.08349240683341641,
    0.09205172567691344,
    0.0854013586628326,
    0.05624603892209268,
    0.0561782606913932,
    0.08317395323595111,
    0.0943366493647626,
    0.06169606759486723,
    0.0049674491587285985,
    -0.008628721671058104,
    -0.020327430914198308,
    -0.009481989276043823,
    0.004314668382852993,
    0.08349427252213348,
    0.09205172480510448,
    0.08539986468308025,
    0.05623039987015499,
    0.05618890833745693,
    0.08317708223813791,
    0.09433312943891725,
    -0.08091845981027923,
    -0.025051847223733548,
    -0.02505181541684598,
    0.105131110118736,
    0.10735505785916133,
    0.09422598640144253,
    0.09422638862756871,
    0.10828884238030889,
    0.10828929793861197,
    -0.051706291371715896,
    0.011689729149377825,
    0.011688883316982368,
    0.10097869492701628,
    0.12422413010910205,
    0.08852863563060209,
    0.08852825321216617,
    0.10471282015721739,
    0.10471268056437721
  ],
  "dipole_vec_eA": [
    0.5909593601020258,
    -5.19075576600382e-05,
    0.1518817303435622
  ],
  "dipole_mag_D": 2.9307459556533555,
  "HOMO_eV": -15.012022966036163,
  "LUMO_eV": -14.085920329598386,
  "gap_eV": 0.9261026364377773
}