{
  "tag": "RMC-Os_2-Y_3-A2-B1-NNNNNO",
  "energy_eV": -2492.18127686173,
  "multiplicity": 1,
  "charge": 2,
  "sym1": "Os",
  "ox1": 2,
  "sym2": "Y",
  "ox2": 3,
  "acid": "A2",
  "base": "B1",
  "bridge": [
    "N",
    "O"
  ],
  "S1_ref": 0.0,
  "S2_ref": 0.0,
  "mulliken_q_e": [
    0.3230044160688219,
    0.497401141316851,
    -0.23859694639713802,
    -0.2998334163944325,
    -0.051387971511857256,
    -0.100493219031065,
    -0.13056084611427088,
    -0.12803387482803474,
    0.18523175788888113,
    -0.013959613285961403,
    -0.011351531009002214,
    -0.023264841354714516,
    -0.012471005540525715,
    -0.010633745751680301,
    0.08631111906644262,
    0.09366911380071874,
    0.08594284203559022,
    0.07627572018448103,
    0.05850080117258183,
    0.08741118812034687,
    0.07701227706543312,
    0.10940891505751615,
    -0.0007525027618799918,
    -0.008973460339271933,
    -0.01706634667126461,
    -0.008903999414179742,
    0.011247961224989833,
    0.0876694050405965,
    0.09650875751310051,
    0.09237612095053582,
    0.0671358187478508,
    0.040361167317601865,
    0.0963863603430486,
    0.09982597486457467,
    -0.02768464437442275,
    0.05893702066051265,
    0.06224301645717323,
    -0.028583855485420973,
    -0.01203429375891285,
    -0.011807012144869455,
    0.08051824523156637,
    0.07548673938166339,
    0.09305239496229101,
    0.09426524161670113,
    -0.025266695157923236,
    0.06294249228215287,
    0.0601633406596922,
    -0.024368698254214838,
    -0.011065216230433439,
    -0.009482209337627667,
    0.07955253147372776,
    0.07782947762070636,
    0.09460841007126108,
    0.09529617695172365
  ],
  "dipole_vec_eA": [
    0.2950051903041083,
    -0.21044752365727729,
    8.806663310376956e-05
  ],
  "dipole_mag_D": 1.7405650551839291,
  "HOMO_eV": -14.943560751231173,
  "LUMO_eV": -14.60930047014483,
  "gap_eV": 0.3342602810863422
}