{
  "tag": "RMC-In_3-Os_3-A2-B6-NNNNNS",
  "energy_eV": -2159.0940337720094,
  "multiplicity": 1,
  "charge": 3,
  "sym1": "In",
  "ox1": 3,
  "sym2": "Os",
  "ox2": 3,
  "acid": "A2",
  "base": "B6",
  "bridge": [
    "N",
    "S"
  ],
  "S1_ref": 0.5,
  "S2_ref": 0.5,
  "mulliken_q_e": [
    0.548273383885975,
    0.3450769718523071,
    -0.16727301217204604,
    0.017981136317648277,
    -0.15427599434331607,
    -0.09747003706996038,
    -0.049785658408734834,
    -0.11679478847737612,
    0.048909957661865455,
    0.010474135215426728,
    -0.00352623487296011,
    -0.0021448093073852537,
    0.003476150067889705,
    0.016833896520941805,
    0.10788519537903019,
    0.12321086843666773,
    0.1146616669250351,
    0.0681420175141747,
    0.06790400676763286,
    0.09601587174324788,
    0.11197732133833205,
    0.11614440573147866,
    0.029531778443783407,
    0.0002627827041041808,
    0.008622841417122329,
    -0.0024921178815209277,
    0.02294840903966211,
    0.12770861820934498,
    0.1334142043743568,
    0.1201381509498326,
    0.05902791119836581,
    0.06388158294404733,
    0.12308678851709931,
    0.09244108246128246,
    -0.08447634618374922,
    -0.022650702290272884,
    -0.014910059547000643,
    0.11866409419607149,
    0.09011807272708339,
    0.08710339763264341,
    0.10664086524202798,
    0.11636909109868343,
    0.11897385666943439,
    -0.08027136233403409,
    -0.026325108550385057,
    -0.013892200507577668,
    0.11509886321981244,
    0.09044198441859841,
    0.10595043251141656,
    0.08809106027972557,
    0.11817387071502305,
    0.10263170806913835
  ],
  "dipole_vec_eA": [
    -0.1711194014140378,
    0.13458306429593248,
    1.2344510599975589
  ],
  "dipole_mag_D": 6.020819656737068,
  "solvation_E_eV": null
}