{
  "tag": "RMC-Bi_3-Ti_3-A2-B2-NNNNSS",
  "energy_eV": -2947.5824497748804,
  "multiplicity": 1,
  "charge": 4,
  "sym1": "Bi",
  "ox1": 3,
  "sym2": "Ti",
  "ox2": 3,
  "acid": "A2",
  "base": "B2",
  "bridge": [
    "S",
    "S"
  ],
  "S1_ref": 0.5,
  "S2_ref": 0.5,
  "mulliken_q_e": [
    0.875669062430017,
    0.6488451093307325,
    -0.17670787316510472,
    -0.17655324650531762,
    -0.13597230322943554,
    -0.13598665317190184,
    -0.12936775118721577,
    -0.12943086614945143,
    0.0734856466223286,
    0.02024423635292094,
    0.005213755273188347,
    -0.0003639413786897805,
    0.006468490473329425,
    0.013772131339571558,
    0.12197789222593625,
    0.1381622424645148,
    0.11996829144046073,
    0.06515778985100451,
    0.046699598581944946,
    0.12746333252619124,
    0.12563650401384208,
    0.07349769699324571,
    0.02023526099743478,
    0.005216426786211148,
    -0.00035374415531097547,
    0.006452941859718564,
    0.013772315127434043,
    0.121978016659822,
    0.1381676129130801,
    0.11993507443445495,
    0.06513036491976076,
    0.046665788866700364,
    0.12746341116935622,
    0.1256837835692476,
    0.006033164513408407,
    0.03858643441413245,
    -0.0016307656199865406,
    0.04774607628685712,
    -0.01904048681090109,
    -0.004233922439672355,
    0.1251191242687053,
    0.08931117382517251,
    0.12160794605878511,
    0.047726804376466925,
    0.006033865763390711,
    -0.004233690054720629,
    -0.01907837004138324,
    0.12511809785042738,
    0.12160617704417875,
    0.08930497588297182,
    0.004797293031061578,
    0.04285481631813859,
    0.010345201756574829,
    0.06010803499867623,
    -0.015580625091331513,
    -0.004087267632179259,
    0.13010043970002183,
    0.10173517168866142,
    0.12719886834339988,
    0.060143719266434026,
    0.004802130638804414,
    -0.004080784083605016,
    -0.01558793245262402,
    0.13010773629280692,
    0.12718889631406383,
    0.10175129751118561
  ],
  "dipole_vec_eA": [
    0.008079893622108678,
    0.004595735892837725,
    -1.2441662655397983
  ],
  "dipole_mag_D": 5.976151504546862,
  "solvation_E_eV": null
}