{
  "tag": "RMC-Os_3-Sc_3-A2-B1-NNNNNO",
  "energy_eV": -2471.1084153938687,
  "multiplicity": 2,
  "charge": 3,
  "sym1": "Os",
  "ox1": 3,
  "sym2": "Sc",
  "ox2": 3,
  "acid": "A2",
  "base": "B1",
  "bridge": [
    "N",
    "O"
  ],
  "S1_ref": 0.5,
  "S2_ref": 0.0,
  "mulliken_q_e": [
    0.40585823966231593,
    0.6629079621818066,
    -0.23716831703553742,
    -0.325748346868149,
    -0.02902598365579112,
    -0.08962244035532119,
    -0.14103483388181792,
    -0.13119361604395063,
    0.18918694219721122,
    -0.005613072610992198,
    0.0018791527014507814,
    -0.01176094980561837,
    -0.0014490519205914154,
    -0.00037923964432695634,
    0.11251680068694403,
    0.12245860967569866,
    0.1112516588670851,
    0.08647039443458593,
    0.06695692406220966,
    0.11837832349706423,
    0.10301991389928489,
    0.1179326447800999,
    0.013080390580170853,
    0.0018877948772966224,
    0.0027869898093952905,
    0.0006825901558182856,
    0.03029612557475536,
    0.11645181090523671,
    0.13044423131922422,
    0.12305317417906203,
    0.08027121906427226,
    0.043801300797619014,
    0.12343076000632691,
    0.12741159144809622,
    -0.015584539107802442,
    0.05844285919425096,
    0.06370438933125877,
    -0.018193134568521785,
    0.003197750539188915,
    -0.0008336013919429952,
    0.09993509861097694,
    0.09506686692977917,
    0.12072546171584853,
    0.12106762625906109,
    -0.014108059037934106,
    0.06532326689758605,
    0.0667145009065917,
    -0.014026327280539652,
    0.003285351407539494,
    0.0014182873392292183,
    0.0986115952460942,
    0.10015164565171009,
    0.12307775513096653,
    0.12260351352860122
  ],
  "dipole_vec_eA": [
    0.4589246646606656,
    -0.009148242392628205,
    6.361973615457447e-06
  ],
  "dipole_mag_D": 2.2047468261645853,
  "HOMO_eV": -18.42589264178151,
  "LUMO_eV": -18.287960560276495,
  "gap_eV": 0.13793208150501357
}