{
  "tag": "RMC-Co_3-Sc_3-A2-B4-NNNNSS",
  "energy_eV": -1974.9449651338477,
  "multiplicity": 1,
  "charge": 4,
  "sym1": "Co",
  "ox1": 3,
  "sym2": "Sc",
  "ox2": 3,
  "acid": "A2",
  "base": "B4",
  "bridge": [
    "S",
    "S"
  ],
  "S1_ref": 0.0,
  "S2_ref": 0.0,
  "mulliken_q_e": [
    0.3082425838516991,
    0.7515875229148433,
    0.22994453797865005,
    0.22993287346423655,
    -0.13055299642308826,
    -0.13055571890649453,
    -0.25941345629928136,
    -0.25945238425424244,
    0.03973291801547152,
    0.020689833309243122,
    0.01938454079619123,
    0.010591852236038868,
    0.016864656439161907,
    0.030597853417866805,
    0.13625087729657326,
    0.15219987661466872,
    0.14518250254322007,
    0.11448343368144132,
    0.0648648387004096,
    0.151840359619968,
    0.1514308617618093,
    0.03974748408518658,
    0.020699659404060933,
    0.019398155788389992,
    0.010612839030723853,
    0.016860298638242677,
    0.030601279523768676,
    0.13624848492725006,
    0.15219763868549308,
    0.14518075728799829,
    0.11448763512693727,
    0.0648602241752847,
    0.1518478177756234,
    0.151430965602543,
    -0.05561526752690238,
    -0.05561542268353059,
    0.16086829288734883,
    0.16086829288735005,
    0.16086851938154556,
    0.16086851938154778,
    -0.05144683093567437,
    -0.05144331636070287,
    0.18065676634234074,
    0.18065676634234173,
    0.18065653673723714,
    0.18065653673723547
  ],
  "dipole_vec_eA": [
    2.2140300300999276,
    0.00032354011378262133,
    -4.927695866468149e-15
  ],
  "dipole_mag_D": 10.634438608030718,
  "HOMO_eV": -22.1460833975794,
  "LUMO_eV": -21.271068596525968,
  "gap_eV": 0.8750148010534318
}