{
  "tag": "RMC-Ni_3-Pb_2-A2-B7-NNNNSS",
  "energy_eV": -2176.2585914801393,
  "multiplicity": 2,
  "charge": 3,
  "sym1": "Ni",
  "ox1": 3,
  "sym2": "Pb",
  "ox2": 2,
  "acid": "A2",
  "base": "B7",
  "bridge": [
    "S",
    "S"
  ],
  "S1_ref": 0.5,
  "S2_ref": 0.0,
  "mulliken_q_e": [
    -0.10285558582799703,
    0.6280230421196904,
    0.002154273623125258,
    -0.007573438019191067,
    0.03230662457980982,
    0.026662303989149372,
    -0.15327366855532376,
    -0.14070859205695596,
    0.06746552101004943,
    0.01980805227303839,
    0.003630782298189583,
    -0.0003836890353714484,
    0.004211278416236253,
    0.024501341640143615,
    0.11532254132173303,
    0.1257740552106601,
    0.11592269865515159,
    0.07763517171716239,
    0.06324102593059289,
    0.10723792814293887,
    0.1269825621505557,
    0.06409338600229741,
    0.01731832309169179,
    0.003378538733793013,
    -0.0024305462268197076,
    0.00385379066301339,
    0.022148853671095425,
    0.11465082770242974,
    0.12570308195778135,
    0.11508159071694057,
    0.07980042488798866,
    0.06256705131612228,
    0.10445050185304794,
    0.13031474076716454,
    0.04667316112343478,
    0.00021677104608408548,
    0.11518559718606791,
    0.1258121183127613,
    -0.002727706430899035,
    0.14180793501674094,
    0.14180793501607325,
    0.02401551693451487,
    -0.05045914681886754,
    0.10942134445709772,
    0.12957132658257675,
    -0.02273122814917161,
    0.1321957931441401,
    0.13219579313980934
  ],
  "dipole_vec_eA": [
    -0.18003470853595566,
    0.2762738377756707,
    1.6812667463192708e-10
  ],
  "dipole_mag_D": 1.583890599474058,
  "HOMO_eV": -18.97209407292077,
  "LUMO_eV": -18.346681578569537,
  "gap_eV": 0.6254124943512309
}