{
  "tag": "RMC-Ni_3-Pt_2-A2-B2-NNNNNO",
  "energy_eV": -3144.5731180255116,
  "multiplicity": 2,
  "charge": 2,
  "sym1": "Ni",
  "ox1": 3,
  "sym2": "Pt",
  "ox2": 2,
  "acid": "A2",
  "base": "B2",
  "bridge": [
    "N",
    "O"
  ],
  "S1_ref": 0.5,
  "S2_ref": 0.0,
  "mulliken_q_e": [
    -0.05368147751603303,
    0.1714717711532735,
    -0.11853902266124483,
    -0.19052639769256352,
    -0.006039042446204679,
    -0.023860418999242627,
    -0.032665157852466375,
    -0.06263499931426386,
    0.18887806368260884,
    -0.016011121365809178,
    -0.014692869043948287,
    -0.022666399738168863,
    -0.013589556611234066,
    -0.012741981492778054,
    0.0764633095899202,
    0.08795609382530678,
    0.07725268128847795,
    0.05737681578733911,
    0.060797345653746726,
    0.08179792974086264,
    0.0853508572489281,
    0.11470325240293944,
    0.003784505082725209,
    -0.01108719059283425,
    -0.01618130045808197,
    -0.009906166261915317,
    0.004658162904040308,
    0.07823957866917763,
    0.08945374858698274,
    0.07836604341724573,
    0.04102239611097391,
    0.04824410912685595,
    0.09450280855281035,
    0.09747028609357133,
    -0.012846428784828445,
    0.02687605358981604,
    0.015472165880008548,
    0.06989364347613525,
    -0.033542273581599336,
    -0.016940015961721233,
    0.08491447663020435,
    0.06950811260013168,
    0.08129038834517976,
    0.07055289065858239,
    -0.012277674495104751,
    -0.016510537876090803,
    -0.03421021043239514,
    0.08597110432796506,
    0.08297573839771222,
    0.07221696576274161,
    -0.01255929701179892,
    0.027496081690268293,
    0.010500678674265851,
    0.0676497835359855,
    -0.03249215679076567,
    -0.016779638430401533,
    0.08666334840216694,
    0.06957153794262949,
    0.08285249946064022,
    0.06730015838505721,
    -0.012086498835826465,
    -0.0164059113951891,
    -0.03316365695294654,
    0.08761883632121725,
    0.08442983444905294,
    0.07309334773476583
  ],
  "dipole_vec_eA": [
    0.09076652962902787,
    -0.11011734971355196,
    -8.28008985239e-16
  ],
  "dipole_mag_D": 0.6854358225134568,
  "HOMO_eV": -14.93863672356424,
  "LUMO_eV": -13.789397510083589,
  "gap_eV": 1.1492392134806515
}