{
  "tag": "RMC-Co_2-Ga_3-A2-B1-NNNNOS",
  "energy_eV": -2492.1424295099437,
  "multiplicity": 1,
  "charge": 3,
  "sym1": "Co",
  "ox1": 2,
  "sym2": "Ga",
  "ox2": 3,
  "acid": "A2",
  "base": "B1",
  "bridge": [
    "O",
    "S"
  ],
  "S1_ref": 0.5,
  "S2_ref": 0.5,
  "mulliken_q_e": [
    0.15955723941912447,
    0.2806622960546177,
    -0.24302464181999817,
    0.09278214577426508,
    -0.03258479120246416,
    -0.047724307134145105,
    -0.038413153557434354,
    -0.07493871181428835,
    0.05895140503540497,
    0.01921259895352634,
    0.00462573460347282,
    -0.003367938599400322,
    0.00755781172536385,
    0.02096349264329289,
    0.1152337813612091,
    0.12713422775676209,
    0.11854081267189909,
    0.07415542762536953,
    0.05359349873428365,
    0.12037158767535228,
    0.11979660571668926,
    0.1908854488907843,
    0.00488069521759793,
    0.0024248164301716724,
    -0.00787192836577888,
    0.005106207461337942,
    0.010240394610126824,
    0.11439046132305264,
    0.1272112455826262,
    0.11761733005383335,
    0.08279071762279577,
    0.068254267481342,
    0.12676858620960996,
    0.11836154372218588,
    -0.015272881686449358,
    0.06622431684801167,
    0.06855461356190595,
    -0.015726781489016517,
    0.002416190883334446,
    0.0035221317761360282,
    0.0989030616547556,
    0.09797929161645491,
    0.12214234579476457,
    0.12278940583544129,
    -0.016631354696791556,
    0.06270181116876072,
    0.06705730875719351,
    -0.016714819769968248,
    0.004753436952607659,
    0.005313943648662445,
    0.09910506361036053,
    0.09972536841027846,
    0.12422316633589181,
    0.12478947293101306
  ],
  "dipole_vec_eA": [
    0.5704025105662437,
    -0.07893800922787952,
    -6.137548556741439e-16
  ],
  "dipole_mag_D": 2.7658710067007775,
  "HOMO_eV": -18.817488196551185,
  "LUMO_eV": -17.631788447793195,
  "gap_eV": 1.1856997487579903
}