{
  "tag": "RMC-Cu_2-Rh_3-A2-B1-NNNNNS",
  "energy_eV": -2560.028988477393,
  "multiplicity": 2,
  "charge": 2,
  "sym1": "Cu",
  "ox1": 2,
  "sym2": "Rh",
  "ox2": 3,
  "acid": "A2",
  "base": "B1",
  "bridge": [
    "N",
    "S"
  ],
  "S1_ref": 0.5,
  "S2_ref": 0.0,
  "mulliken_q_e": [
    0.5298122544844731,
    -0.06362473023912851,
    -0.17623173777253243,
    -0.1353067330462872,
    -0.20205698700700148,
    -0.07549652196087764,
    -0.014720574495007854,
    -0.02947234149840483,
    0.07410820382927796,
    0.01706896880823683,
    -0.0033840143329488814,
    -0.015278930079953845,
    -0.0054572744905849735,
    0.007385629254972104,
    0.09066199370917727,
    0.09698267175780262,
    0.08862447497987136,
    0.0551453109900919,
    0.06288556639858567,
    0.08193113886111247,
    0.1108796437442846,
    0.1269300319093576,
    0.0208390666488234,
    -0.0055029891878750625,
    -0.015300458787306015,
    -0.002771199674861835,
    -0.004489272434169855,
    0.09223243188477559,
    0.09654850246701319,
    0.08714105819339502,
    0.060433704527967036,
    0.0732917795986463,
    0.08476581687118157,
    0.09780461462917645,
    -0.027744347071384512,
    0.05514511294735036,
    0.049425961964325804,
    -0.02396429803148359,
    -0.01027449747662379,
    -0.008395648839842007,
    0.07439594194195354,
    0.0798646844478923,
    0.09882053305692029,
    0.09880753081556004,
    -0.025283696220953722,
    0.06941493674801702,
    0.06935518131766938,
    -0.02528058979522907,
    -0.009924583341084148,
    -0.009177034079298041,
    0.07735069212688328,
    0.0754776092011159,
    0.09250286572119515,
    0.09310454678155944
  ],
  "dipole_vec_eA": [
    -0.3850491276965764,
    -0.2452711595670146,
    1.183493024431541e-15
  ],
  "dipole_mag_D": 2.19281279798599,
  "HOMO_eV": -15.415973052470697,
  "LUMO_eV": -14.797693133636642,
  "gap_eV": 0.6182799188340553
}