{
  "tag": "RMC-Ni_3-Rh_2-A2-B10-NNNNNO",
  "energy_eV": -3358.1916765553406,
  "multiplicity": 1,
  "charge": 2,
  "sym1": "Ni",
  "ox1": 3,
  "sym2": "Rh",
  "ox2": 2,
  "acid": "A2",
  "base": "B10",
  "bridge": [
    "N",
    "O"
  ],
  "S1_ref": 0.5,
  "S2_ref": 0.5,
  "mulliken_q_e": [
    -0.032171016400819874,
    0.06349148004436855,
    -0.06942447171865096,
    -0.18630677934010254,
    -0.018640316472033902,
    -0.04551254491746781,
    -0.04837192908269339,
    -0.08691529385969421,
    0.19913097267959667,
    -0.013908015594912948,
    -0.01497059943382495,
    -0.022868723002741564,
    -0.01129138556315512,
    -0.014038041257465883,
    0.07282685373550302,
    0.08595598787420677,
    0.07607179149029686,
    0.07172794234540958,
    0.06757166038313334,
    0.07768951511344224,
    0.08448755792383789,
    0.11277064261809411,
    0.012072369860139931,
    -0.010093562508130205,
    -0.010916882191320587,
    -0.013358132677949053,
    0.014854993644963566,
    0.08143571492257273,
    0.09211916411640364,
    0.07739977094027206,
    0.0533870881007934,
    0.0542770261147294,
    0.08839253205953013,
    0.10159901489314604,
    0.06812195063162774,
    0.026010528575145964,
    0.024598868879167624,
    -0.018277330915350554,
    -0.010155964086691727,
    -0.04781821859792923,
    0.08528098927512873,
    0.08327812252137434,
    0.06534145779922373,
    -0.017393165264465882,
    0.02433169662640755,
    0.019484369247190214,
    0.07269314640798719,
    -0.04224295088871943,
    -0.008996308764030347,
    0.08393945664187152,
    0.0648513794159401,
    0.08299946542926251,
    0.07423953072300726,
    0.02521231393390977,
    0.023168872591480927,
    -0.01805014906038349,
    -0.00892409898741553,
    -0.045992596744640846,
    0.08450048020619083,
    0.08290257979054971,
    0.06448500272523094,
    -0.0181660346232968,
    0.024006099866437314,
    0.02046849518351057,
    0.07431872629309866,
    -0.04491266912206737,
    -0.00892623622544031,
    0.0836690437737797,
    0.06223247115377695,
    0.08124629075930212
  ],
  "dipole_vec_eA": [
    0.03315421966047246,
    0.12062782426261316,
    1.0346880069806126e-15
  ],
  "dipole_mag_D": 0.6008859274225425,
  "HOMO_eV": -15.098891727296154,
  "LUMO_eV": -14.818601400320047,
  "gap_eV": 0.28029032697610745
}