{
  "tag": "RMC-Ru_2-W_2-A2-B5-NNNNSS",
  "energy_eV": -1979.6662143182057,
  "multiplicity": 1,
  "charge": 2,
  "sym1": "Ru",
  "ox1": 2,
  "sym2": "W",
  "ox2": 2,
  "acid": "A2",
  "base": "B5",
  "bridge": [
    "S",
    "S"
  ],
  "S1_ref": 0.0,
  "S2_ref": 0.0,
  "mulliken_q_e": [
    -0.06335486475309882,
    0.15566666101348692,
    0.24055790138214286,
    0.031323986352181865,
    -0.12220607913846715,
    -0.08516946953400706,
    -0.2521103100036808,
    -0.20485179471365011,
    0.06079490886664951,
    0.021352364791817458,
    -0.00769946314743386,
    -0.00886508627594118,
    -0.008504231872986434,
    0.029387545763389866,
    0.09535900939059505,
    0.104573995754212,
    0.09553128196972072,
    0.11097944527747172,
    0.061277231698210644,
    0.09743704071727421,
    0.12877465478350747,
    0.024455561140755977,
    0.006729027003931964,
    -0.0016308197633172483,
    -0.012078256353186934,
    0.0020351318311853106,
    0.007284682999052938,
    0.09033297051101519,
    0.09789833552705474,
    0.09549151248218557,
    0.1012506650585645,
    0.05840971112665261,
    0.07529449549239942,
    0.09123136314988434,
    0.028859569722587297,
    0.019888747962016673,
    0.18961726092089615,
    0.1823762039271678,
    0.03993843557429866,
    0.02394914794549652,
    0.20544710317053072,
    0.1929644222507929
  ],
  "dipole_vec_eA": [
    0.4639126586486925,
    0.17397083251212472,
    3.0590511555076854e-07
  ],
  "dipole_mag_D": 2.37979652709945,
  "solvation_E_eV": null
}