{
  "tag": "RMC-Mo_2-Os_3-A2-B5-NNNNNN",
  "energy_eV": -1971.3152175681034,
  "multiplicity": 2,
  "charge": 1,
  "sym1": "Mo",
  "ox1": 2,
  "sym2": "Os",
  "ox2": 3,
  "acid": "A2",
  "base": "B5",
  "bridge": [
    "N",
    "N"
  ],
  "S1_ref": 0.0,
  "S2_ref": 0.5,
  "mulliken_q_e": [
    0.45399335011756614,
    0.24416389611928546,
    -0.0802446233049372,
    -0.0802462111420057,
    -0.07618972812741909,
    -0.07618778181268526,
    -0.23213986231964023,
    -0.2321409486313124,
    0.0740311904864186,
    0.0018257274184625416,
    -0.021378271934277215,
    -0.02101902517650922,
    -0.02190518931859442,
    0.0008947629086883957,
    0.06883007505824645,
    0.07197371021801224,
    0.06885840733627169,
    0.06976107578965429,
    0.035468248051790496,
    0.06037205884578345,
    0.0827964891519486,
    0.07403071307481146,
    0.0018252190678642588,
    -0.021377067744904554,
    -0.02102017820279789,
    -0.021905841683951044,
    0.0008956821286667527,
    0.06882858819632187,
    0.07197449676680878,
    0.06885883383084179,
    0.0697615145919468,
    0.03546756524574768,
    0.06037189982157043,
    0.08279715338324012,
    -0.0772974167945828,
    -0.07729756021674228,
    0.07963468724405143,
    0.07963470532063543,
    -0.04471608432341512,
    -0.044716180165347286,
    0.11136593662455818,
    0.11136598410063803
  ],
  "dipole_vec_eA": [
    0.19415886765229948,
    -3.9662435704909767e-07,
    4.555416274366835e-08
  ],
  "dipole_mag_D": 0.9325847021678613,
  "HOMO_eV": -12.432149744776307,
  "LUMO_eV": -11.862167514628677,
  "gap_eV": 0.5699822301476303
}