{
  "tag": "RMC-Cr_2-V_3-A2-B7-NNNNOS",
  "energy_eV": -2117.416289361079,
  "multiplicity": 3,
  "charge": 3,
  "sym1": "Cr",
  "ox1": 2,
  "sym2": "V",
  "ox2": 3,
  "acid": "A2",
  "base": "B7",
  "bridge": [
    "O",
    "S"
  ],
  "S1_ref": 0.0,
  "S2_ref": 1.0,
  "mulliken_q_e": [
    0.6271694571521964,
    0.2696874206305031,
    -0.33845761457599366,
    0.039021893277357694,
    -0.13128671450001095,
    -0.12458136379962803,
    -0.07018795490099894,
    -0.05008748423633169,
    0.04148885392907675,
    0.024272795295123606,
    0.009510754588763382,
    0.00031152491385499914,
    0.007340321690338936,
    0.01974709535861452,
    0.12203002178374589,
    0.1326933072635751,
    0.12019672956016125,
    0.05696691708595081,
    0.05109954624798818,
    0.12420529815387293,
    0.11679692370520067,
    0.20427162649808994,
    0.002417676668315716,
    0.0019298579605147026,
    -0.006726022081067873,
    0.003330497417139977,
    -0.0035402903359882387,
    0.11631031604607378,
    0.13008729204852376,
    0.11734863081864244,
    0.07216431574865134,
    0.06147810565410472,
    0.11873678479612504,
    0.11554621429071954,
    0.011901747780255212,
    -0.039873711016018554,
    0.11560162885075476,
    0.13631104601147936,
    -0.01853705417528273,
    0.14082330436635515,
    0.14082330436838342,
    0.020200129549281076,
    -0.020223359555400888,
    0.12011285762426249,
    0.13984265679160546,
    -0.01901137893528282,
    0.14536804720811014,
    0.14536804719556828
  ],
  "dipole_vec_eA": [
    -0.1893274583478397,
    0.04392295535082412,
    9.813301719551438e-10
  ],
  "dipole_mag_D": 0.9335298114197365,
  "HOMO_eV": -18.735853481234873,
  "LUMO_eV": -18.65551808393538,
  "gap_eV": 0.08033539729949268
}