{
  "tag": "RMC-Fe_3-Ta_3-A2-B2-NNNNSS",
  "energy_eV": -2977.555054872385,
  "multiplicity": 2,
  "charge": 4,
  "sym1": "Fe",
  "ox1": 3,
  "sym2": "Ta",
  "ox2": 3,
  "acid": "A2",
  "base": "B2",
  "bridge": [
    "S",
    "S"
  ],
  "S1_ref": 0.5,
  "S2_ref": 1.0,
  "mulliken_q_e": [
    0.7340514734379378,
    0.6497709650364207,
    -0.12025635610535035,
    -0.12025811712666984,
    -0.1416398094609359,
    -0.14163407808857587,
    -0.15352186943888046,
    -0.15350275593328933,
    0.058554264358238406,
    0.016161959985996788,
    0.005042072424061628,
    0.0011437778776759444,
    0.004136966919649154,
    0.017589486870564608,
    0.12068824350789986,
    0.13831811304411712,
    0.12051362060306536,
    0.06540060160171546,
    0.0418090855723976,
    0.12162364656016,
    0.13223683312692025,
    0.05854775326256867,
    0.01616772229371599,
    0.005039517525579962,
    0.00114514982451408,
    0.00413520682207813,
    0.01758677670899922,
    0.12069238241699565,
    0.13832553750166676,
    0.12051530113538078,
    0.06540914516041285,
    0.04180798214588588,
    0.12163154221481143,
    0.13223913728298387,
    0.01270103600371475,
    0.04252031421129687,
    0.009748387309978623,
    0.0686178769557011,
    -0.015474054245416813,
    -0.00023760624475355208,
    0.13470085696419576,
    0.10384835580564633,
    0.13295294331001328,
    0.06861846078271205,
    0.012699055098766232,
    -0.00024055622478358352,
    -0.015479164945878088,
    0.13469573492290288,
    0.1329513583154599,
    0.10385253777335135,
    0.005701207858683333,
    0.04029312295456777,
    0.0028565105062787755,
    0.05871317767917339,
    -0.015842062302788618,
    -0.0031955863150374686,
    0.12795021729388167,
    0.09634008430670482,
    0.12578805406092808,
    0.0587108000615395,
    0.005701422199232642,
    -0.003196660208054869,
    -0.015842275662223404,
    0.12794588451241318,
    0.12578801646753734,
    0.09634127172556362
  ],
  "dipole_vec_eA": [
    -0.13337282042046783,
    0.0050238772908591765,
    2.7771688736903307e-15
  ],
  "dipole_mag_D": 0.6410712163047344,
  "HOMO_eV": -20.604159257976207,
  "LUMO_eV": -20.26518786152602,
  "gap_eV": 0.33897139645018726
}