{
  "tag": "RMC-Au_3-Ti_2-A2-B6-NNNNNO",
  "energy_eV": -2223.563646151771,
  "multiplicity": 3,
  "charge": 2,
  "sym1": "Au",
  "ox1": 3,
  "sym2": "Ti",
  "ox2": 2,
  "acid": "A2",
  "base": "B6",
  "bridge": [
    "N",
    "O"
  ],
  "S1_ref": 0.0,
  "S2_ref": 1.0,
  "mulliken_q_e": [
    0.3788110377626344,
    0.65706581309851,
    -0.34543029518643076,
    -0.37874360298645104,
    -0.12456441627018644,
    -0.13164073762346717,
    -0.16255411754333893,
    -0.1452024261425886,
    0.19266322271302738,
    -0.015430141099895822,
    -0.008000908604397283,
    -0.019373056477083317,
    -0.007950396653300329,
    -0.014520803505301272,
    0.09003710166483347,
    0.09952345130501461,
    0.08962775813153667,
    0.07983266956237478,
    0.07754922600916103,
    0.08094920324408539,
    0.08111737112941342,
    0.12740225898703827,
    -0.011904938882431937,
    -0.00563939423491866,
    -0.023860646922617912,
    -0.002482373910610347,
    -0.01311563043896058,
    0.08469469379560146,
    0.09168979111145614,
    0.08480623869179027,
    0.06630716613609189,
    0.07102027093614871,
    0.08797172016274679,
    0.09270228799262281,
    -0.07949240979924155,
    -0.010386329440769337,
    -0.010298552675089168,
    0.09526366853856105,
    0.07001535841551587,
    0.08624644740467324,
    0.07851182745705032,
    0.08747559848177933,
    0.08876421290983627,
    -0.07392035132725838,
    -0.015111118620679598,
    -0.013104413372255985,
    0.1057982223534435,
    0.09578287643576644,
    0.09017013858198175,
    0.08396960449815827,
    0.09875644661821736,
    0.09820137758804592
  ],
  "dipole_vec_eA": [
    0.3926194778816039,
    -0.31837787499921383,
    0.0684157600120051
  ],
  "dipole_mag_D": 2.450082633113597,
  "solvation_E_eV": null
}