{
  "tag": "RMC-Ir_3-Ta_3-A2-B2-NNNNOO",
  "energy_eV": -3044.059196286376,
  "multiplicity": 3,
  "charge": 4,
  "sym1": "Ir",
  "ox1": 3,
  "sym2": "Ta",
  "ox2": 3,
  "acid": "A2",
  "base": "B2",
  "bridge": [
    "O",
    "O"
  ],
  "S1_ref": 0.0,
  "S2_ref": 1.0,
  "mulliken_q_e": [
    0.3019165087171748,
    0.9513308812949867,
    -0.3627317328131854,
    -0.36273369427636704,
    -0.010677521536610168,
    -0.01069071445169012,
    -0.17839997134490782,
    -0.17840886872449357,
    0.18366951379610996,
    -0.008495421863856434,
    0.007305428917585344,
    -0.0029846536891089404,
    0.0028291061028582476,
    0.006552594938863843,
    0.12288502941225266,
    0.14224681866000988,
    0.12310255561377015,
    0.06758959381535301,
    0.045575240143722384,
    0.12327852797505479,
    0.13480572893560172,
    0.18365734023412683,
    -0.008491357307396807,
    0.007298658766384358,
    -0.00297047522163707,
    0.0028085235220731697,
    0.00654153596600171,
    0.12289071497943516,
    0.14225017232682147,
    0.12310215058139684,
    0.06757015003202427,
    0.04552066983716463,
    0.12328146518834937,
    0.13480864839567752,
    0.019063346398830783,
    0.045411896211212444,
    0.023339444676998777,
    0.0782163698488405,
    -0.01375831514278314,
    0.005087013693584774,
    0.1409148073941464,
    0.10887721662267125,
    0.13767488495441915,
    0.07819634059921587,
    0.019056288181975356,
    0.0050851582011472996,
    -0.013779613468604124,
    0.14091629447154463,
    0.13767518645255372,
    0.10888163616949043,
    0.013662395368671199,
    0.04105606379156468,
    0.010061991785482283,
    0.07774972473187791,
    -0.016797079798703596,
    0.002218602163897465,
    0.134531399083895,
    0.0989412779003096,
    0.13058825882236835,
    0.07774802058537067,
    0.013667321964520251,
    0.002216832838185523,
    -0.01679858760930042,
    0.13453179613512978,
    0.13058625596217788,
    0.09894462415523608
  ],
  "dipole_vec_eA": [
    0.10099664855707204,
    0.0047705096739885,
    -2.679959250902568e-15
  ],
  "dipole_mag_D": 0.4856483895726415,
  "HOMO_eV": -20.762266163751075,
  "LUMO_eV": -20.055565067716817,
  "gap_eV": 0.7067010960342586
}