{
  "tag": "RMC-Hg_2-Rh_2-A2-B4-NNNNOO",
  "energy_eV": -2056.396448683279,
  "multiplicity": 2,
  "charge": 2,
  "sym1": "Hg",
  "ox1": 2,
  "sym2": "Rh",
  "ox2": 2,
  "acid": "A2",
  "base": "B4",
  "bridge": [
    "O",
    "O"
  ],
  "S1_ref": 0.0,
  "S2_ref": 0.5,
  "mulliken_q_e": [
    0.2100949158089267,
    -0.10084440275072637,
    -0.09342487378071995,
    -0.0934251942200166,
    -0.16546579420801022,
    -0.1654594009761836,
    0.08958138899543,
    0.089584866222852,
    0.1451375210229655,
    0.003985113030934961,
    -0.006483492044520478,
    -0.01251479437929337,
    -0.007295104078351766,
    0.0016577657951335478,
    0.10030396497452854,
    0.10343809786215119,
    0.097229243117252,
    0.027176360236527586,
    0.10783937440863167,
    0.12201319051595949,
    0.13266918096007552,
    0.14513980945701488,
    0.003983805084964764,
    -0.006482186858441263,
    -0.012512107584383036,
    -0.007291347204915644,
    0.001655938409512503,
    0.10030536093422593,
    0.10343627880867334,
    0.09723095294730966,
    0.027174867910504164,
    0.107838435507156,
    0.12201252032734278,
    0.13266930713799363,
    -0.054057200223791124,
    -0.05405738144773142,
    0.09286103232954168,
    0.09286103232954002,
    0.09286029646695759,
    0.09286029646695626,
    -0.0549467247614317,
    -0.05494749214788297,
    0.1114016533002341,
    0.11140165330023366,
    0.11140163649853263,
    0.11140163649853296
  ],
  "dipole_vec_eA": [
    0.3192292076705654,
    4.041498339084055e-06,
    -4.4062854245616826e-17
  ],
  "dipole_mag_D": 1.533323093514857,
  "HOMO_eV": -16.02180140131307,
  "LUMO_eV": -14.241248131535865,
  "gap_eV": 1.7805532697772044
}