{
  "tag": "RMC-Ni_2-Y_3-A2-B1-NNNNNS",
  "energy_eV": -2507.539795698075,
  "multiplicity": 1,
  "charge": 2,
  "sym1": "Ni",
  "ox1": 2,
  "sym2": "Y",
  "ox2": 3,
  "acid": "A2",
  "base": "B1",
  "bridge": [
    "N",
    "S"
  ],
  "S1_ref": 0.0,
  "S2_ref": 0.0,
  "mulliken_q_e": [
    -0.12458543228501318,
    0.525487883389036,
    -0.21404947783658113,
    -0.04914375832645711,
    0.02220879499997719,
    0.00545909644765552,
    -0.15473146555023765,
    -0.16149935001853177,
    0.07099239470062879,
    0.0023581843368274402,
    -0.0060443584593379285,
    -0.01972487977855364,
    -0.004008428804344488,
    0.012271633096099244,
    0.08369608827240249,
    0.09274658287236226,
    0.0881311517961948,
    0.07655764574841228,
    0.06026343255126276,
    0.08144239321116664,
    0.09357529517134122,
    0.12596613307806281,
    -0.007964410645612041,
    -0.006084278796854248,
    -0.021629234987255552,
    -0.0036040387405029684,
    0.009824913790471346,
    0.08226014724225006,
    0.09133118206674629,
    0.08737070214984866,
    0.07387520655154556,
    0.05903708462758117,
    0.09471907719853256,
    0.10301629227400566,
    -0.029590684724889016,
    0.07088954431323957,
    0.07351744972115326,
    -0.027440949437571138,
    -0.011248229227769357,
    -0.00861154830766786,
    0.08042972675527205,
    0.0799738280075365,
    0.09478702094520797,
    0.09609128356628327,
    -0.02266106323391348,
    0.0667609460186449,
    0.05821048436185605,
    -0.0220849292786216,
    -0.0118065391766502,
    -0.008874721482655001,
    0.08286208205643719,
    0.07842234145272697,
    0.09456247947408258,
    0.09628927675966303
  ],
  "dipole_vec_eA": [
    0.6832078969867404,
    -0.228744074493322,
    -2.947406573228614e-11
  ],
  "dipole_mag_D": 3.4606307848208786,
  "HOMO_eV": -15.572367298325391,
  "LUMO_eV": -15.005595875151258,
  "gap_eV": 0.5667714231741332
}