{
  "tag": "RMC-Mn_3-Ru_3-A2-B4-NNNNOO",
  "energy_eV": -2051.6776951352194,
  "multiplicity": 2,
  "charge": 4,
  "sym1": "Mn",
  "ox1": 3,
  "sym2": "Ru",
  "ox2": 3,
  "acid": "A2",
  "base": "B4",
  "bridge": [
    "O",
    "O"
  ],
  "S1_ref": 0.0,
  "S2_ref": 0.5,
  "mulliken_q_e": [
    0.6157017613163829,
    0.17808782750299668,
    -0.2193912050904776,
    -0.21940518035363255,
    -0.17732692898432134,
    -0.17734977389210127,
    -0.06816810627280345,
    -0.06815193563339861,
    0.24284614468206045,
    0.03146900813274289,
    0.0301360429286488,
    0.019470439452066612,
    0.03220891179779062,
    0.026233852101172017,
    0.1626518652690081,
    0.17020320941756428,
    0.16267072536514582,
    0.11015057601449918,
    0.11732301477330243,
    0.19346188863295455,
    0.19056694769379579,
    0.24283598350828228,
    0.03145186103987507,
    0.03012165367217401,
    0.019456764952113126,
    0.03221203503358927,
    0.026237650359796527,
    0.16264800442837424,
    0.1701986159164468,
    0.16269762236999719,
    0.11015746185282294,
    0.11732086636012817,
    0.1934716124606729,
    0.1905940246508403,
    -0.05577785236580257,
    -0.05591902413587291,
    0.16046247882300002,
    0.16046247882120257,
    0.16048102337310477,
    0.16048102337130699,
    -0.024211813483868916,
    -0.02422706629370941,
    0.16885938856486937,
    0.16885938856473603,
    0.1688683666513593,
    0.1688683666512234
  ],
  "dipole_vec_eA": [
    -0.019847480580999444,
    -4.273283751888371e-05,
    -9.681366958855042e-11
  ],
  "dipole_mag_D": 0.09533172443792919,
  "HOMO_eV": -22.894829593341818,
  "LUMO_eV": -22.543717223882883,
  "gap_eV": 0.3511123694589351
}