{
  "tag": "RMC-Co_3-Pt_2-A2-B1-NNNNNO",
  "energy_eV": -2593.1877235258758,
  "multiplicity": 1,
  "charge": 2,
  "sym1": "Co",
  "ox1": 3,
  "sym2": "Pt",
  "ox2": 2,
  "acid": "A2",
  "base": "B1",
  "bridge": [
    "N",
    "O"
  ],
  "S1_ref": 0.0,
  "S2_ref": 0.0,
  "mulliken_q_e": [
    0.31066164655048645,
    0.2226670722617664,
    -0.16280615273612642,
    -0.18520286740792224,
    -0.08945103960426248,
    -0.09082736758676369,
    -0.05217558936406386,
    -0.06230976956128642,
    0.171698925652352,
    -0.013108424442759503,
    -0.01081315776274705,
    -0.02262779049516639,
    -0.0079636701433492,
    -0.012273568356950593,
    0.09075267774017426,
    0.09790734886327623,
    0.09309605761503092,
    0.05938691688965925,
    0.061129139180753356,
    0.09526090304497681,
    0.09336558923908156,
    0.11347547392240664,
    -0.002897721620485294,
    -0.005279004264707732,
    -0.023056038477468288,
    -0.0024334993232670854,
    -0.004409725278582632,
    0.09077286695139475,
    0.09512691566722142,
    0.09276356699431831,
    0.05020517176962436,
    0.05365646517703215,
    0.10502563521325958,
    0.10154783251886623,
    -0.03298948421383363,
    0.06263243886161485,
    0.05865298148522369,
    -0.03110355031142764,
    -0.013078046625468964,
    -0.010025993737100558,
    0.0755088921522663,
    0.07273932159751939,
    0.09227173753164553,
    0.0933264833977826,
    -0.03194366972342122,
    0.06237568005690197,
    0.05845500686442717,
    -0.02973423663160868,
    -0.012500914591513812,
    -0.008832678129196525,
    0.07819414374613876,
    0.0750582000248956,
    0.09441308179861807,
    0.09571578762050426
  ],
  "dipole_vec_eA": [
    0.13462210513507336,
    -0.3432768787903438,
    6.953389910912205e-16
  ],
  "dipole_mag_D": 1.7710875543292788,
  "HOMO_eV": -15.498174316489354,
  "LUMO_eV": -14.958848663707675,
  "gap_eV": 0.5393256527816792
}