{
  "tag": "RMC-Ru_2-W_2-A2-B2-NNNNNN",
  "energy_eV": -3036.752270245362,
  "multiplicity": 1,
  "charge": 0,
  "sym1": "Ru",
  "ox1": 2,
  "sym2": "W",
  "ox2": 2,
  "acid": "A2",
  "base": "B2",
  "bridge": [
    "N",
    "N"
  ],
  "S1_ref": 0.0,
  "S2_ref": 0.0,
  "mulliken_q_e": [
    -0.06948253392351567,
    -0.17140954280249443,
    -0.10780481473789338,
    -0.10781059483519684,
    -0.09748254384361354,
    -0.09746767139368351,
    -0.08784169112181428,
    -0.08783222552193304,
    0.10218963242178147,
    -0.006475217094204178,
    -0.032475081865557476,
    -0.037107674984300454,
    -0.03311754416221113,
    -0.009734655471895115,
    0.03313594911884188,
    0.03610176269470278,
    0.03242447192753262,
    0.04584702457242562,
    0.04374963817311195,
    0.0409468241995633,
    0.042118269897808536,
    0.1021944712593561,
    -0.00647522344727558,
    -0.03250696103481321,
    -0.037108012229707166,
    -0.03314834927351673,
    -0.009734618020983632,
    0.03314323110578421,
    0.036101542232430894,
    0.03243179820354691,
    0.045817367129331155,
    0.0437231103890261,
    0.040950555323821525,
    0.04211895234813334,
    -0.03642887820901053,
    0.01199040782103622,
    0.0024827378450100746,
    0.07526926948675161,
    -0.05074509273898031,
    -0.03155177154255062,
    0.039036563788714895,
    0.043263525691557336,
    0.03578696077214205,
    0.07525524950594953,
    -0.0364218297685599,
    -0.03155191187438522,
    -0.05074650061953001,
    0.03902928899445646,
    0.03578374634037673,
    0.04326018203643722,
    -0.037270007635155755,
    0.011270342564468017,
    0.0025889881921898894,
    0.0752015972582738,
    -0.051668297362602145,
    -0.03172709779934513,
    0.03740843509234604,
    0.04113329277020017,
    0.03415856199105771,
    0.07518913715539388,
    -0.037266200718143905,
    -0.031731074764250744,
    -0.05166877744028997,
    0.03740397917171978,
    0.03415806765424445,
    0.041127461107805185
  ],
  "dipole_vec_eA": [
    -0.10325202580249544,
    -0.00045807265594368176,
    -2.6228069774289124e-06
  ],
  "dipole_mag_D": 0.49594545193420897,
  "HOMO_eV": -8.429214168698858,
  "LUMO_eV": -8.365823486920162,
  "gap_eV": 0.06339068177869578
}