{
  "tag": "RMC-Fe_2-Pt_2-A2-B7-NNNNNN",
  "energy_eV": -2219.4112640269327,
  "multiplicity": 1,
  "charge": 0,
  "sym1": "Fe",
  "ox1": 2,
  "sym2": "Pt",
  "ox2": 2,
  "acid": "A2",
  "base": "B7",
  "bridge": [
    "N",
    "N"
  ],
  "S1_ref": 0.0,
  "S2_ref": 0.0,
  "mulliken_q_e": [
    0.5340026679710383,
    -0.045120073254880766,
    -0.22577832651152874,
    -0.22015943829850904,
    -0.20012550166607257,
    -0.17854281426511176,
    -0.10122793495372062,
    -0.08326541004089938,
    0.09068405048100048,
    -0.0254868872576528,
    -0.03448866122865346,
    -0.04778322515810296,
    -0.03547351598345028,
    -0.024972517448444753,
    0.02785924528409356,
    0.027001340665415596,
    0.028599816663965605,
    0.038154890456869595,
    0.04182511832502134,
    0.026187569389304444,
    0.021332286792898447,
    0.09208427142146047,
    -0.02848637742497928,
    -0.03247865444685316,
    -0.051093417721183476,
    -0.03233379524931679,
    -0.02902862790661631,
    0.02759881191188862,
    0.027016402038937848,
    0.028716967932809312,
    0.04799730627444454,
    0.04695513303750776,
    0.023892949469086155,
    0.015966711794099586,
    0.02429748592986014,
    -0.06740568402391633,
    0.02502424672884407,
    0.04059605409742184,
    0.012784725947977416,
    0.04909410100076084,
    0.049094101000761614,
    0.025915376285658098,
    -0.06580103764780976,
    0.02240186780493658,
    0.03358338844394626,
    0.019235125896434946,
    0.04057494372275494,
    0.04057494372275505
  ],
  "dipole_vec_eA": [
    -0.11294151179045867,
    0.2140436110809392,
    -6.095361503976994e-16
  ],
  "dipole_mag_D": 1.1624394663284339,
  "HOMO_eV": -7.872045501617124,
  "LUMO_eV": -7.636893433919931,
  "gap_eV": 0.235152067697193
}