{
  "tag": "RMC-Cd_2-Cu_1-A2-B5-NNNNOO",
  "energy_eV": -2003.3902739816472,
  "multiplicity": 1,
  "charge": 1,
  "sym1": "Cd",
  "ox1": 2,
  "sym2": "Cu",
  "ox2": 1,
  "acid": "A2",
  "base": "B5",
  "bridge": [
    "O",
    "O"
  ],
  "S1_ref": 0.0,
  "S2_ref": 0.0,
  "mulliken_q_e": [
    0.3371257896247447,
    0.19065584489376008,
    -0.09669633357437979,
    -0.09672319441995492,
    -0.3017190422492799,
    -0.3018854073668482,
    -0.03234941910065081,
    -0.03239871084270929,
    0.1417774585641105,
    -0.009147838803088781,
    -0.024565988722901944,
    -0.022188128259778228,
    -0.018623896831248876,
    -0.010053706485838365,
    0.06784301156605854,
    0.07311394482645361,
    0.07602081910579273,
    0.038551302652367836,
    0.08735259067518752,
    0.08291382119812196,
    0.04896990767044296,
    0.1417751456737737,
    -0.009156435962566656,
    -0.024569669377031866,
    -0.02219067022023702,
    -0.018622433248168146,
    -0.010037633563259485,
    0.06784231691386788,
    0.07311107004555295,
    0.07601951818991193,
    0.03856799011687584,
    0.08732063589620953,
    0.08291663946940087,
    0.04896394670754056,
    -0.06376505302265789,
    -0.06361146567487941,
    0.11108760978814225,
    0.11108799517988932,
    -0.04401234739776316,
    -0.044036006698297436,
    0.13166858903781498,
    0.13166743402550352
  ],
  "dipole_vec_eA": [
    2.3448239103942443,
    0.0004132081019506139,
    1.785282722097052e-15
  ],
  "dipole_mag_D": 11.262668393679036,
  "solvation_E_eV": null
}