{
  "tag": "RMC-Rh_2-Y_3-A2-B5-NNNNOS",
  "energy_eV": -1974.3518696952704,
  "multiplicity": 2,
  "charge": 3,
  "sym1": "Rh",
  "ox1": 2,
  "sym2": "Y",
  "ox2": 3,
  "acid": "A2",
  "base": "B5",
  "bridge": [
    "O",
    "S"
  ],
  "S1_ref": 0.5,
  "S2_ref": 0.0,
  "mulliken_q_e": [
    0.11253564987860809,
    0.5762070792893246,
    -0.3163193943178786,
    0.3002198252173389,
    -0.08555207948326671,
    -0.10359891346730432,
    -0.18065583403852914,
    -0.15221317447722904,
    0.017794430959892305,
    0.014345602409707725,
    0.004920858498132841,
    -0.0004585548923667915,
    0.006279774672313554,
    0.026869249756021008,
    0.11477079084205699,
    0.1259695717916991,
    0.11859199701503409,
    0.05809923987802157,
    0.0796511443744552,
    0.11756710387166847,
    0.13947403308557127,
    0.21216426711135328,
    -0.0035874576261465396,
    0.00497990205054788,
    -0.00442363466875384,
    -0.004359235273828865,
    0.012434150332094163,
    0.11969704585051477,
    0.1284454687240082,
    0.11387840013576078,
    0.11137735454030162,
    0.0832566886694428,
    0.17810685226231293,
    0.14262274714860035,
    0.04178177604856281,
    0.027033995245404396,
    0.2087405613888017,
    0.20531288644086532,
    -0.012757223639365156,
    0.029044087416185027,
    0.20481778064501566,
    0.22693518633512721
  ],
  "dipole_vec_eA": [
    0.5966953152550963,
    -0.17045782822876823,
    -4.388509984619792e-15
  ],
  "dipole_mag_D": 2.980701430066599,
  "solvation_E_eV": null
}