{
  "tag": "RMC-In_1-Mo_2-A2-B7-NNNNSS",
  "energy_eV": -2105.075255198319,
  "multiplicity": 1,
  "charge": 1,
  "sym1": "In",
  "ox1": 1,
  "sym2": "Mo",
  "ox2": 2,
  "acid": "A2",
  "base": "B7",
  "bridge": [
    "S",
    "S"
  ],
  "S1_ref": 0.0,
  "S2_ref": 0.0,
  "mulliken_q_e": [
    0.32743595067454534,
    0.19428394299255913,
    -0.16865223152429004,
    -0.17134053079126838,
    -0.14950479445116316,
    -0.14376023436666063,
    -0.1416215786672017,
    -0.12341347446674589,
    0.07315213784608554,
    0.00753501226730946,
    -0.026393067842111373,
    -0.026988951911844028,
    -0.0249446710861283,
    0.004772286875608378,
    0.05835692217788857,
    0.06446840314643165,
    0.060614806869542126,
    0.026408302346097923,
    0.07671665415281637,
    0.04785792231812025,
    0.05523084603809869,
    0.06942392451752277,
    0.006656922683242916,
    -0.024851055569581115,
    -0.02763214692975824,
    -0.024015580226382394,
    0.004005578912234409,
    0.05905986765988447,
    0.06523112896696315,
    0.0607107124827162,
    0.023142609997337305,
    0.08159020251019333,
    0.04416094835342088,
    0.05456463775039866,
    0.027147452711214992,
    -0.06670120628134546,
    0.057610397614413666,
    0.06919423188903073,
    -0.005580882251961405,
    0.08368533793655764,
    0.08367889047035804,
    0.04809077934474426,
    -0.05507326975722204,
    0.06812597422408562,
    0.07544992479788015,
    0.029850276146007326,
    0.08613040393402727,
    0.08613028554439894
  ],
  "dipole_vec_eA": [
    0.1659179605170886,
    0.21982513935802617,
    -4.5003632566356686e-05
  ],
  "dipole_mag_D": 1.3228609123242647,
  "HOMO_eV": -11.339507575671545,
  "LUMO_eV": -10.944131172050396,
  "gap_eV": 0.39537640362114956
}