{
  "tag": "RMC-Ag_1-Fe_2-A2-B1-NNNNSS",
  "energy_eV": -2554.357195934043,
  "multiplicity": 1,
  "charge": 1,
  "sym1": "Ag",
  "ox1": 1,
  "sym2": "Fe",
  "ox2": 2,
  "acid": "A2",
  "base": "B1",
  "bridge": [
    "S",
    "S"
  ],
  "S1_ref": 0.0,
  "S2_ref": 0.0,
  "mulliken_q_e": [
    0.2743096293978631,
    0.5197092492600028,
    -0.25559886326676184,
    -0.25559766501245684,
    -0.15455422146997821,
    -0.15455250529899955,
    -0.14387222274629496,
    -0.1438633490997252,
    0.0779490236994107,
    -0.0003538168186185686,
    -0.025978051554505832,
    -0.0314529381908486,
    -0.024225359425626536,
    -0.0010667849428125376,
    0.05373049688305498,
    0.06044717975993441,
    0.05602353311396924,
    0.03714241301753285,
    0.07595411481918024,
    0.06024500496368479,
    0.05169191379716698,
    0.07794147871416301,
    -0.0003543128766667625,
    -0.02599181447678167,
    -0.03144960584604717,
    -0.024238717901174045,
    -0.0010666283666660448,
    0.053730937974025283,
    0.0604474953826839,
    0.056026019982710173,
    0.03710736015173266,
    0.07594465540225448,
    0.06024704265875891,
    0.0516936670773932,
    -0.029553773656551874,
    0.06704274430924229,
    0.06704392001250126,
    -0.0295522134089532,
    -0.021354766342164044,
    -0.021356563983310872,
    0.0650141680711459,
    0.06501396555991168,
    0.06900558307878824,
    0.06900641587299361,
    -0.033182498906946245,
    0.045689625255001864,
    0.04569296390846267,
    -0.03317678540580382,
    -0.026128217721466118,
    -0.02612637689391506,
    0.06217373897979095,
    0.062173660977955736,
    0.0682251253022248,
    0.06822492482520115
  ],
  "dipole_vec_eA": [
    0.4782068164244235,
    -0.0002588150342614738,
    -4.276370407099407e-09
  ],
  "dipole_mag_D": 2.296925358999311,
  "HOMO_eV": -11.184506022657265,
  "LUMO_eV": -11.114850130520157,
  "gap_eV": 0.06965589213710821
}