{
  "tag": "RMC-Pb_2-V_2-A2-B7-NNNNNS",
  "energy_eV": -2121.0218373178254,
  "multiplicity": 2,
  "charge": 1,
  "sym1": "Pb",
  "ox1": 2,
  "sym2": "V",
  "ox2": 2,
  "acid": "A2",
  "base": "B7",
  "bridge": [
    "N",
    "S"
  ],
  "S1_ref": 0.0,
  "S2_ref": 0.5,
  "mulliken_q_e": [
    0.5707132190522357,
    0.21435039636721587,
    -0.2774700418621847,
    -0.19094265347846817,
    -0.21134974074516966,
    -0.18118933957456895,
    -0.09998681048183311,
    -0.1550779699871987,
    0.06944816663139108,
    0.005991271540231269,
    -0.01764882739419371,
    -0.026419390985367386,
    -0.0195982211290211,
    0.0006570704412092176,
    0.06417793841252095,
    0.06684520713495123,
    0.06244028059120155,
    0.07063877012755237,
    0.0678549752094697,
    0.03325930832596091,
    0.04345967598730771,
    0.0937184180790287,
    0.0055219785539430966,
    -0.021158204290001148,
    -0.03038767673026621,
    -0.024848162032644172,
    -0.013583729884505624,
    0.06220359908605588,
    0.0634878960417653,
    0.05603057546102175,
    0.013431961566183537,
    0.07445002707243065,
    0.05502536558115023,
    0.04258565227617639,
    0.024942591611752718,
    -0.059439455264314045,
    0.046665323386741786,
    0.07158888307847178,
    0.005606759839424935,
    0.07734699240437004,
    0.07734699241340226,
    0.042070041138986936,
    -0.03613108625802375,
    0.034268704083116774,
    0.06847310177733323,
    0.0007616664147520602,
    0.08993425020295842,
    0.08993425020745283
  ],
  "dipole_vec_eA": [
    -0.3401188009849858,
    -0.3077923383227451,
    -4.175508575469158e-10
  ],
  "dipole_mag_D": 2.2032886065592474,
  "HOMO_eV": -11.281234036305161,
  "LUMO_eV": -11.040289546901253,
  "gap_eV": 0.24094448940390834
}