{
  "tag": "RMC-Cu_1-Hf_2-A2-B2-NNNNNN",
  "energy_eV": -3033.4222978327007,
  "multiplicity": 3,
  "charge": -1,
  "sym1": "Cu",
  "ox1": 1,
  "sym2": "Hf",
  "ox2": 2,
  "acid": "A2",
  "base": "B2",
  "bridge": [
    "N",
    "N"
  ],
  "S1_ref": 0.0,
  "S2_ref": 1.0,
  "mulliken_q_e": [
    0.2566122483544265,
    0.6784174976294302,
    -0.36238709513264156,
    -0.36239160668100134,
    -0.17674630380863432,
    -0.1767406091472643,
    -0.21782647331280636,
    -0.21783607419186368,
    0.11146278277833455,
    -0.03866400453717023,
    -0.06342716038601681,
    -0.05011523438106136,
    -0.06148777857498744,
    -0.03453813375609105,
    -0.0023795107743440624,
    0.000285784922204102,
    -9.919555672421865e-07,
    1.1866526373971453e-05,
    0.036285398754527964,
    0.028281456500046653,
    0.02806500330445072,
    0.1114649278178641,
    -0.03866418156078666,
    -0.0634268183598019,
    -0.05011943943862218,
    -0.0614962484456516,
    -0.03453331447302865,
    -0.002385175489230784,
    0.00028275258421550653,
    -3.269902908220601e-06,
    3.839160536545094e-05,
    0.03626600812101266,
    0.02828077023961384,
    0.028070289103483415,
    -0.06083317051232817,
    0.005705186291171227,
    -0.014071541813693633,
    0.0650497715514855,
    -0.06971854577752734,
    -0.04005297505687522,
    0.007187124410044987,
    0.018911435808338983,
    0.004891814003941564,
    0.0650617465038279,
    -0.060834715878231194,
    -0.04004497588679534,
    -0.06973516725884155,
    0.007190699011272783,
    0.004896219246555034,
    0.018919758158487454,
    -0.06308951014080799,
    0.005801757383911532,
    -0.022921105826838373,
    0.06491663476997434,
    -0.07154002111078506,
    -0.040371772560327646,
    0.007435824578328365,
    0.020023134319647196,
    0.005576446829962167,
    0.06493397094476805,
    -0.06308969372308137,
    -0.040376931453794285,
    -0.07154200859940718,
    0.007444137453773592,
    0.005589172065193715,
    0.020031548324460413
  ],
  "dipole_vec_eA": [
    0.39826098015428496,
    -0.001199414050574583,
    8.512050813564837e-16
  ],
  "dipole_mag_D": 1.9129375154733934,
  "HOMO_eV": -5.208869199444289,
  "LUMO_eV": -5.136881344440068,
  "gap_eV": 0.07198785500422034
}