{
  "tag": "RMC-Pd_2-Ru_3-A2-B5-NNNNOS",
  "energy_eV": -2039.3809397519872,
  "multiplicity": 2,
  "charge": 3,
  "sym1": "Pd",
  "ox1": 2,
  "sym2": "Ru",
  "ox2": 3,
  "acid": "A2",
  "base": "B5",
  "bridge": [
    "O",
    "S"
  ],
  "S1_ref": 0.0,
  "S2_ref": 0.5,
  "mulliken_q_e": [
    0.40747996667677644,
    0.06606997635181378,
    -0.27832102183615715,
    0.2794072547701595,
    -0.11564759354468168,
    -0.1508275938664949,
    -0.048259696588922374,
    -0.10331699077078804,
    0.01623708427674786,
    0.01601304688245908,
    0.005387328099036193,
    -0.0019092129876630004,
    0.004907968580713851,
    0.022377886506847355,
    0.11681156256611425,
    0.12725870488206203,
    0.11626253631378192,
    0.06094691507544758,
    0.09414618091706073,
    0.1174218828715391,
    0.15530098689023963,
    0.2210956159883921,
    0.023826555773097224,
    -0.0007114581902378792,
    -0.00021373640928867843,
    0.0030335028109789164,
    0.0044068248412327815,
    0.12495609184621714,
    0.13313235514005162,
    0.11596578983182293,
    0.09106805326794043,
    0.09463038951703173,
    0.17006318664236608,
    0.15999947406152848,
    0.02087481024486837,
    0.014917561050936001,
    0.22606237420877973,
    0.21986569333757622,
    0.01584332027723767,
    0.045708050784761145,
    0.20008139963423144,
    0.20764697042683022
  ],
  "dipole_vec_eA": [
    -0.9025614667745072,
    -0.014402468749409592,
    4.198163633984477e-08
  ],
  "dipole_mag_D": 4.335739004006516,
  "solvation_E_eV": null
}