{
  "tag": "RMC-Pb_2-Sn_2-A2-B7-NNNNNO",
  "energy_eV": -2148.821940577501,
  "multiplicity": 1,
  "charge": 1,
  "sym1": "Pb",
  "ox1": 2,
  "sym2": "Sn",
  "ox2": 2,
  "acid": "A2",
  "base": "B7",
  "bridge": [
    "N",
    "O"
  ],
  "S1_ref": 0.0,
  "S2_ref": 0.0,
  "mulliken_q_e": [
    0.5554150461199372,
    0.5288222227798707,
    -0.4011151626747307,
    -0.4221060508488297,
    -0.18260565152982733,
    -0.18686484630076472,
    -0.16908507209149448,
    -0.15711493291797396,
    0.20165516321205335,
    -0.022035894324170968,
    -0.018399784425192633,
    -0.036477077863030116,
    -0.0189800538230831,
    -0.023539068058337165,
    0.05972230239386345,
    0.06251530645697723,
    0.059444600108267465,
    0.08064516047691406,
    0.08207157167401435,
    0.04597303032490263,
    0.03826431035262412,
    0.12503782097874705,
    -0.011482863097309837,
    -0.013454440072732776,
    -0.03146597524890149,
    -0.014928905948997429,
    -0.011187222237848626,
    0.05673056798438847,
    0.061827300784095596,
    0.05673274344447832,
    0.07774542915361993,
    0.07354351760599132,
    0.050813307889243764,
    0.04521528708648914,
    0.02831734936762431,
    -0.06128144164195026,
    0.04429076076636573,
    0.07014948481598815,
    -0.0005144750198726733,
    0.07543385687863147,
    0.07543385685144921,
    0.0241196607028189,
    -0.06316227212833425,
    0.050165999542299056,
    0.0696229365068417,
    -0.00405522035063588,
    0.075073908165468,
    0.07507390817442361
  ],
  "dipole_vec_eA": [
    -0.02136084233152913,
    0.2557455558123882,
    1.6408967044184615e-09
  ],
  "dipole_mag_D": 1.2326754904478026,
  "HOMO_eV": -11.7273013845344,
  "LUMO_eV": -10.984586952577576,
  "gap_eV": 0.7427144319568235
}