{
  "tag": "RMC-Mn_3-V_3-A2-B4-NNNNNS",
  "energy_eV": -1988.127175596273,
  "multiplicity": 3,
  "charge": 3,
  "sym1": "Mn",
  "ox1": 3,
  "sym2": "V",
  "ox2": 3,
  "acid": "A2",
  "base": "B4",
  "bridge": [
    "N",
    "S"
  ],
  "S1_ref": 0.0,
  "S2_ref": 1.0,
  "mulliken_q_e": [
    0.2876240161446443,
    0.30264800944488224,
    -0.060964987853805,
    0.29682494918046326,
    -0.13671364019668242,
    -0.18497138086993803,
    -0.05175316491444737,
    -0.2223090423817411,
    0.02093319131580862,
    0.018278472387911693,
    0.008413328155066235,
    -0.0002587141450143271,
    0.013899974485815703,
    0.016780738229770664,
    0.11508044370651871,
    0.12670159728076447,
    0.12273855228663577,
    0.09734990817109823,
    0.06875305523992625,
    0.1317815204474614,
    0.11810434973143769,
    0.08171483006473257,
    0.021672236207349593,
    0.0220240719850493,
    0.003941157995303701,
    0.0038898924986161543,
    0.03246841222920338,
    0.12893226524363444,
    0.13118219118921304,
    0.11636595668095884,
    0.045828550362930986,
    0.08260768027226906,
    0.12426706945724464,
    0.16095423868221082,
    -0.04881500186235321,
    -0.05382212012973708,
    0.13833179736316648,
    0.1383317973631658,
    0.15423099017105135,
    0.15423099017104958,
    -0.044226129683833326,
    -0.046337686093464336,
    0.13859708314582264,
    0.13859708314582442,
    0.1430457338472857,
    0.14304573384728558
  ],
  "dipole_vec_eA": [
    0.19456014051677903,
    -0.4744406045496854,
    4.77347587660849e-15
  ],
  "dipole_mag_D": 2.463006789529561,
  "solvation_E_eV": null
}