{
  "tag": "RMC-Ni_3-Os_3-A2-B1-NNNNNN",
  "energy_eV": -2559.523670543215,
  "multiplicity": 1,
  "charge": 2,
  "sym1": "Ni",
  "ox1": 3,
  "sym2": "Os",
  "ox2": 3,
  "acid": "A2",
  "base": "B1",
  "bridge": [
    "N",
    "N"
  ],
  "S1_ref": 0.5,
  "S2_ref": 0.5,
  "mulliken_q_e": [
    -0.052692815760359446,
    0.3679596748663917,
    -0.10871838706265002,
    -0.10872530199590535,
    -0.01607353561971303,
    -0.016080730488398975,
    -0.09108177646589999,
    -0.09108448684025894,
    0.10508986323888636,
    0.008814161349033345,
    -0.007802964151803815,
    -0.014159414402169501,
    -0.0072637581629926284,
    0.0067945983749297945,
    0.09203499821048722,
    0.09749785180337467,
    0.09057066813483017,
    0.048279228947047725,
    0.06139258164199779,
    0.08910881699965179,
    0.09968639795507894,
    0.10509496656154593,
    0.008811109892263413,
    -0.00780927590950542,
    -0.014160829094126637,
    -0.007268520039672932,
    0.006790534482179256,
    0.09203621969901654,
    0.09749841820312877,
    0.0905715832972458,
    0.0482745587192952,
    0.06139537722876365,
    0.08910888305321363,
    0.0996853210957277,
    -0.029521831803734244,
    0.06708255178515077,
    0.06708759354958893,
    -0.029527940748489856,
    -0.00977852678059321,
    -0.009780911397363923,
    0.07675898782576385,
    0.07675946130706912,
    0.09475722605759129,
    0.09475689451390756,
    -0.028536100828740363,
    0.06107985905216107,
    0.061081697903524024,
    -0.028534848928183143,
    -0.011854627589740874,
    -0.011855725883381796,
    0.07545583186210258,
    0.0754558598980869,
    0.09277022016122805,
    0.09277031233238953
  ],
  "dipole_vec_eA": [
    -0.0986997528330783,
    -4.129241520772163e-05,
    2.7186867186365213e-08
  ],
  "dipole_mag_D": 0.47407511574409555,
  "HOMO_eV": -15.355704176617667,
  "LUMO_eV": -14.930698387897861,
  "gap_eV": 0.42500578871980643
}