{
  "tag": "RMC-Mg_2-Os_3-A2-B4-NNNNNO",
  "energy_eV": -2006.9688806216075,
  "multiplicity": 2,
  "charge": 2,
  "sym1": "Mg",
  "ox1": 2,
  "sym2": "Os",
  "ox2": 3,
  "acid": "A2",
  "base": "B4",
  "bridge": [
    "N",
    "O"
  ],
  "S1_ref": 0.0,
  "S2_ref": 0.5,
  "mulliken_q_e": [
    0.4431638062740542,
    0.3311026467100112,
    -0.10616942001372154,
    -0.3101141985776721,
    -0.11651611939909556,
    -0.09591112315790973,
    -0.06206678646909691,
    -0.14247960218045663,
    0.18716031831078084,
    0.0009845878015155574,
    -0.012775805467966528,
    -0.019615248739193847,
    -0.00859577691737723,
    -0.015877823407225877,
    0.09257625977816286,
    0.10123759482908945,
    0.09216503062878012,
    0.07809185244988415,
    0.06804812494301604,
    0.12977965593352137,
    0.0848015876291558,
    0.06474723907142366,
    -0.0013081023487064858,
    -0.008920831636179738,
    -0.018691447470982503,
    -0.007169286965246657,
    -0.005595978491014231,
    0.08248552255702579,
    0.0881659473256432,
    0.08328554258248322,
    0.010550208327908539,
    0.06504897554370892,
    0.07404252773208975,
    0.08337330485705086,
    -0.027631780618202262,
    -0.024118570910750092,
    0.09605969212640053,
    0.0960596963028254,
    0.09378402692527177,
    0.0937840278522436,
    -0.026157736957435285,
    -0.07132023952260491,
    0.13828346638268196,
    0.13828343114421238,
    0.131985438786844,
    0.13198537761627738
  ],
  "dipole_vec_eA": [
    0.6187105557667558,
    -0.3314793820745889,
    4.2884064611551034e-07
  ],
  "dipole_mag_D": 3.3714297155945867,
  "solvation_E_eV": null
}