{
  "tag": "RMC-Ir_3-Rh_3-A2-B1-NNNNOO",
  "energy_eV": -2577.75749264834,
  "multiplicity": 1,
  "charge": 4,
  "sym1": "Ir",
  "ox1": 3,
  "sym2": "Rh",
  "ox2": 3,
  "acid": "A2",
  "base": "B1",
  "bridge": [
    "O",
    "O"
  ],
  "S1_ref": 0.0,
  "S2_ref": 0.0,
  "mulliken_q_e": [
    0.3437878276313201,
    0.25229239805184356,
    -0.11465695896964112,
    -0.11460235090344129,
    -0.023906658953620097,
    -0.023907639945784265,
    -0.02784822336197501,
    -0.02784742781011662,
    0.18341872381100788,
    0.019502382262777562,
    0.01193801578968734,
    0.017350197981952364,
    0.01104042667932581,
    0.01939365110902269,
    0.14955636281696372,
    0.16294186080953332,
    0.14965736383123518,
    0.0636975259246555,
    0.06062280337404191,
    0.14441936807341016,
    0.14958783135448106,
    0.18338047544346137,
    0.01949181631559238,
    0.011926709559060056,
    0.017313676727915173,
    0.01103071077740747,
    0.01938123968831129,
    0.1495558981079752,
    0.16294249698749508,
    0.14965673488606468,
    0.06369055903662679,
    0.06061403815997468,
    0.144420356771223,
    0.14958947323488825,
    0.0018603383041866373,
    0.06570413592753699,
    0.06571400485127588,
    0.0018625175978559394,
    0.017425735162600597,
    0.017436035575677078,
    0.12396338622050762,
    0.12396180670889856,
    0.15464607537078412,
    0.15464740067296945,
    0.0007963529168966144,
    0.06918079885689066,
    0.06919021369266254,
    0.0007991406636620457,
    0.017641949141720348,
    0.017651048952791015,
    0.1212591351007658,
    0.12125748008297699,
    0.15278455331145746,
    0.15278622563547017
  ],
  "dipole_vec_eA": [
    -0.0014023035151294171,
    -0.000600711309721898,
    -7.751615242163526e-16
  ],
  "dipole_mag_D": 0.0073275383865786066,
  "HOMO_eV": -22.35267730444762,
  "LUMO_eV": -22.13089495825231,
  "gap_eV": 0.22178234619531167
}