{
  "tag": "RMC-Au_3-Pt_2-A2-B5-NNNNOS",
  "energy_eV": -2057.979605008353,
  "multiplicity": 1,
  "charge": 3,
  "sym1": "Au",
  "ox1": 3,
  "sym2": "Pt",
  "ox2": 2,
  "acid": "A2",
  "base": "B5",
  "bridge": [
    "O",
    "S"
  ],
  "S1_ref": 0.0,
  "S2_ref": 0.0,
  "mulliken_q_e": [
    0.3020297135779749,
    0.3277772646742537,
    -0.1161989081081487,
    0.21293334674485598,
    -0.041557656501382656,
    -0.16062238056787104,
    -0.08689181136151047,
    -0.09532963482159951,
    0.023078731496023464,
    0.020309119058609992,
    0.0020748379694439656,
    -0.0034424104087691365,
    0.010828565527859046,
    0.01754318249661857,
    0.10944073117073427,
    0.12563442033766437,
    0.11931284459740876,
    0.08863973427760063,
    0.06198744643945453,
    0.18041193847821202,
    0.10614634018639035,
    0.1535367236099685,
    0.008039667005711015,
    -0.0018368378730033719,
    -0.006108277631357684,
    0.010179386619243891,
    0.01046504056170039,
    0.11006824597366416,
    0.127984091856018,
    0.1244925913373971,
    0.09206693981066483,
    0.056354726523795806,
    0.17944576608075602,
    0.11411493986763177,
    -0.020487746817856367,
    -0.023217742194044044,
    0.1689771189321636,
    0.16781214513610054,
    0.03830096404897354,
    0.034861250183445325,
    0.22556161753413362,
    0.22528397417112878
  ],
  "dipole_vec_eA": [
    1.4980582388407124,
    -0.046276483145597375,
    -3.458332633501655e-16
  ],
  "dipole_mag_D": 7.198912063072718,
  "solvation_E_eV": null
}