{
  "tag": "RMC-Co_2-Ir_3-A2-B5-NNNNSS",
  "energy_eV": -2012.081975643466,
  "multiplicity": 2,
  "charge": 3,
  "sym1": "Co",
  "ox1": 2,
  "sym2": "Ir",
  "ox2": 3,
  "acid": "A2",
  "base": "B5",
  "bridge": [
    "S",
    "S"
  ],
  "S1_ref": 0.5,
  "S2_ref": 0.0,
  "mulliken_q_e": [
    0.16974742806689536,
    0.2706650519419831,
    0.22402782546219602,
    0.23743736907412405,
    -0.10567345766784819,
    -0.11043868825487624,
    -0.16080336985248578,
    -0.16416551195119977,
    0.02435628330667705,
    0.02069857985037915,
    0.004815197848138553,
    0.002027267764846963,
    0.009307032703669282,
    0.016849984491122072,
    0.11685444450292748,
    0.12947627374476833,
    0.12312529473671885,
    0.07774970975585305,
    0.05354525051817949,
    0.13697553185475508,
    0.12892039581599823,
    0.029600648381342243,
    0.020298648607454783,
    0.005004331056150502,
    0.002657162400628188,
    0.007761832005240388,
    0.018520691133172562,
    0.1172300046222925,
    0.1311748600295226,
    0.12170237167801845,
    0.07832933834924871,
    0.057277706084097435,
    0.13906940707760784,
    0.1370235844585539,
    -0.0005295399758347141,
    0.0067802169820005975,
    0.1967525597791382,
    0.19995002525351602,
    0.03883103325531012,
    0.04514071976626699,
    0.22049018868228154,
    0.22143632174408068
  ],
  "dipole_vec_eA": [
    0.7444411520038817,
    0.10968751610220027,
    -5.022011277062237e-15
  ],
  "dipole_mag_D": 3.6143082220257536,
  "solvation_E_eV": null
}