{
  "tag": "RMC-Cr_3-Y_3-A2-B2-NNNNOS",
  "energy_eV": -2951.713955668895,
  "multiplicity": 2,
  "charge": 4,
  "sym1": "Cr",
  "ox1": 3,
  "sym2": "Y",
  "ox2": 3,
  "acid": "A2",
  "base": "B2",
  "bridge": [
    "O",
    "S"
  ],
  "S1_ref": 0.5,
  "S2_ref": 0.0,
  "mulliken_q_e": [
    0.648989346611367,
    0.5258907942592821,
    -0.3650977370678121,
    -0.03131213303009148,
    -0.1291848585615667,
    -0.1279021667578697,
    -0.08019495903562524,
    -0.08752611012876943,
    0.05448271278239902,
    0.018470203213123426,
    0.0077043232715841015,
    0.0016726175879016036,
    0.006022966594879886,
    0.019245516898668713,
    0.12110535245094023,
    0.1397603747899181,
    0.1220732019547931,
    0.054572800958376355,
    0.0409359784186516,
    0.13003899320584478,
    0.12571728697327467,
    0.20874086312086337,
    -0.0040554557262866275,
    0.008593933645916207,
    -0.004392308503439635,
    0.001994078886902173,
    0.0018899437703761013,
    0.1217428049196243,
    0.13958501852897598,
    0.11888913892023034,
    0.06657480275715488,
    0.06787435275176534,
    0.13205965343509862,
    0.13020233185402275,
    0.008813159302540452,
    0.0412149274258129,
    0.005752112377493068,
    0.06283433775789815,
    -0.014850936907801149,
    -0.002819831196023692,
    0.13141214382611777,
    0.10122736819989542,
    0.12857404059418864,
    0.06214151578477267,
    0.007466373748955757,
    -0.00298899669010555,
    -0.015548004354918987,
    0.13124028478620198,
    0.1294594197697605,
    0.10026286766077175,
    0.010722077527228313,
    0.044950023853883136,
    0.01716992730640854,
    0.07127196330985797,
    -0.011745727507251225,
    -0.0005220705263586645,
    0.13404784242472012,
    0.10346709023804701,
    0.13191508601377877,
    0.07081397645947929,
    0.009024996811517472,
    -7.982620022195519e-05,
    -0.01052350873363661,
    0.13348180850367208,
    0.13264184332593076,
    0.10401005141252706
  ],
  "dipole_vec_eA": [
    0.09265645137271745,
    -0.0066018181578960805,
    3.3783629529249333e-06
  ],
  "dipole_mag_D": 0.4461761054536508,
  "HOMO_eV": -20.651329770762796,
  "LUMO_eV": -20.552495515188927,
  "gap_eV": 0.09883425557386971
}