{
  "tag": "RMC-Ni_3-Ru_2-A2-B10-NNNNNS",
  "energy_eV": -3312.650439550575,
  "multiplicity": 2,
  "charge": 2,
  "sym1": "Ni",
  "ox1": 3,
  "sym2": "Ru",
  "ox2": 2,
  "acid": "A2",
  "base": "B10",
  "bridge": [
    "N",
    "S"
  ],
  "S1_ref": 0.5,
  "S2_ref": 0.0,
  "mulliken_q_e": [
    -0.20303275667097598,
    0.021318983335776087,
    -0.10892085895098003,
    0.1085252928959343,
    -0.02711898998104023,
    0.01447919161181277,
    -0.06798695678853739,
    -0.08880212604552762,
    0.0586216343418009,
    0.006138167657279814,
    -0.014439649041255054,
    -0.01627858197056753,
    -0.009355498580275068,
    0.016723243560459622,
    0.07304778437138026,
    0.08948372258002468,
    0.08244537342375868,
    0.06138019971543707,
    0.05780749670552798,
    0.08362428122882148,
    0.09122777338640531,
    0.1245335469494766,
    0.021272793598798634,
    -0.009740290540928509,
    -0.009707537167919611,
    -0.014881393554311728,
    0.020653690435585847,
    0.08808140880703708,
    0.09498134401550729,
    0.08065253843813436,
    0.057194132678195064,
    0.05694111941694757,
    0.0857682815117018,
    0.08063350083532805,
    0.07689353070527383,
    0.02801241219408701,
    0.02063365058873945,
    -0.01781341705368722,
    -0.011741718321125694,
    -0.046293795769371426,
    0.08299981046205196,
    0.07974317851916779,
    0.06261915125618545,
    -0.01760829469868308,
    0.02092664603860106,
    0.025962221732429125,
    0.0744891675338486,
    -0.041534362584022766,
    -0.010294277699262722,
    0.08463752686904158,
    0.06803508895648103,
    0.08478207479874844,
    0.0773864122295913,
    0.021621711193061,
    0.019068604177397752,
    -0.016856758868837307,
    -0.010784159665717219,
    -0.044835567596223536,
    0.08274603545857118,
    0.08165663850632532,
    0.06299688669999881,
    -0.01843945500524624,
    0.022755571868478652,
    0.018511052240577364,
    0.0730001232640487,
    -0.04836943337305377,
    -0.012124841664150843,
    0.08281528238861191,
    0.06080892106961422,
    0.07832352133968057
  ],
  "dipole_vec_eA": [
    0.10658936934639954,
    -0.03048825197635838,
    1.4009674887685703e-07
  ],
  "dipole_mag_D": 0.532502452708781,
  "solvation_E_eV": null
}