{
  "tag": "RMC-Ru_2-Zr_2-A2-B2-NNNNSS",
  "energy_eV": -3004.0331542416384,
  "multiplicity": 3,
  "charge": 2,
  "sym1": "Ru",
  "ox1": 2,
  "sym2": "Zr",
  "ox2": 2,
  "acid": "A2",
  "base": "B2",
  "bridge": [
    "S",
    "S"
  ],
  "S1_ref": 0.0,
  "S2_ref": 1.0,
  "mulliken_q_e": [
    -0.1007412979909722,
    0.7642328949638525,
    -0.11604620031685015,
    -0.11604746051758713,
    -0.039292880168448674,
    -0.03928293156186613,
    -0.18913702042498093,
    -0.18913447119928528,
    0.06751772996399841,
    0.0014641970592776943,
    -0.02255318030861697,
    -0.019493141899336708,
    -0.020051932408780004,
    0.01426645835400664,
    0.07044219420732534,
    0.08332923380458446,
    0.07387974512891815,
    0.039049087502348145,
    0.0423530439109141,
    0.08213633276759891,
    0.08155399474644187,
    0.0675230499522228,
    0.0014650683614962912,
    -0.022546145703226994,
    -0.01949323072771758,
    -0.02004772271046118,
    0.014266205425909728,
    0.07044410880489826,
    0.08332824836352026,
    0.0738799926700554,
    0.039073740141134516,
    0.04236296485774149,
    0.08213603402222558,
    0.08155305689373638,
    -0.015305022193388806,
    0.02677920227539765,
    0.02129477586690176,
    0.0755421386214381,
    -0.031282510844010236,
    -0.019567965377252916,
    0.08325318243760471,
    0.07148068832377863,
    0.08000620846441653,
    0.07554175976494082,
    -0.015306493483274064,
    -0.019568647306300146,
    -0.03127986716196762,
    0.083253916391125,
    0.08000580651603528,
    0.07148033080310823,
    -0.020707297379327638,
    0.03200742852916427,
    -0.012146940433832132,
    0.06065570953681365,
    -0.029593022834625282,
    -0.019312202669406142,
    0.0860518886035585,
    0.07880445371958644,
    0.08480923358089032,
    0.06065277836677341,
    -0.020704438167491013,
    -0.019313526610715837,
    -0.02958895206226364,
    0.08605089166688185,
    0.08480867914482026,
    0.0788080469687944
  ],
  "dipole_vec_eA": [
    1.3357266652222348,
    0.002701467136503234,
    7.202665389869682e-06
  ],
  "dipole_mag_D": 6.415781143508751,
  "HOMO_eV": -14.019357212597582,
  "LUMO_eV": -13.857340185739305,
  "gap_eV": 0.16201702685827613
}