{
  "tag": "RMC-Cu_2-Y_3-A2-B2-NNNNSS",
  "energy_eV": -2997.3624031719996,
  "multiplicity": 2,
  "charge": 3,
  "sym1": "Cu",
  "ox1": 2,
  "sym2": "Y",
  "ox2": 3,
  "acid": "A2",
  "base": "B2",
  "bridge": [
    "S",
    "S"
  ],
  "S1_ref": 0.5,
  "S2_ref": 0.0,
  "mulliken_q_e": [
    0.39559529579794195,
    0.47989910799793034,
    -0.17133416514036504,
    -0.1713471623070726,
    -0.10356504768196273,
    -0.10355744800373334,
    -0.11986490868629596,
    -0.11984914312123829,
    0.08584760381212764,
    0.011940116778519805,
    -0.003322009101883072,
    -0.010178448979678123,
    -0.0004172024737052471,
    0.015301711262899031,
    0.09827595088736574,
    0.11257011569532926,
    0.10036021954529417,
    0.07123728854885014,
    0.06046741576163428,
    0.10558575392694602,
    0.1078370056867447,
    0.08584481538838085,
    0.011939628440243766,
    -0.00332584101322575,
    -0.010179453879092026,
    -0.0004151099198974606,
    0.015304880580354174,
    0.09827639708026603,
    0.11256983224464989,
    0.10036144049175533,
    0.07124125906380474,
    0.06046945488223576,
    0.10558764063209136,
    0.10783624515493395,
    -0.002378282330206094,
    0.03476759164828103,
    0.006250014742516852,
    0.06121991787515624,
    -0.021398563683938,
    -0.010618370782665254,
    0.10701915865781364,
    0.08585012495040822,
    0.10669697484829,
    0.06121527313186603,
    -0.0023834850176345235,
    -0.010628518457167502,
    -0.021397244530547033,
    0.10702457425284839,
    0.10670203239432541,
    0.085848661631301,
    -0.005398459573884962,
    0.037526119860160634,
    0.007260378727971695,
    0.06350989658996098,
    -0.018255025212392084,
    -0.01081601657963116,
    0.10847642146805259,
    0.08775340576688839,
    0.10694455450185991,
    0.06350254382379372,
    -0.005399154390864469,
    -0.010813042262589168,
    -0.018251665513860704,
    0.10847621519349937,
    0.10694482594310506,
    0.08775590295013158
  ],
  "dipole_vec_eA": [
    0.5762849028312502,
    0.0038246873379430505,
    4.612669080825058e-14
  ],
  "dipole_mag_D": 2.7680750668513614,
  "HOMO_eV": -17.737845921786022,
  "LUMO_eV": -17.622003516125936,
  "gap_eV": 0.11584240566008575
}