{
  "tag": "RMC-Ni_2-Pt_2-A2-B5-NNNNNS",
  "energy_eV": -2084.261822172506,
  "multiplicity": 1,
  "charge": 1,
  "sym1": "Ni",
  "ox1": 2,
  "sym2": "Pt",
  "ox2": 2,
  "acid": "A2",
  "base": "B5",
  "bridge": [
    "N",
    "S"
  ],
  "S1_ref": 0.0,
  "S2_ref": 0.0,
  "mulliken_q_e": [
    -0.14502419410321676,
    0.17237769591938557,
    0.04510994149290304,
    0.2811795689493598,
    -0.08774273429814494,
    -0.198415901194255,
    -0.03423530110401862,
    -0.10482922677826911,
    -0.0011255816528552565,
    0.006514638468571254,
    -0.020897789077370943,
    -0.023028388739717798,
    -0.013891709295400068,
    -0.001968598828345991,
    0.06597680027046182,
    0.07198642613802131,
    0.0729403506780042,
    0.06374694380627433,
    0.04812077033517048,
    0.10049514470237397,
    0.07559110791717738,
    0.051362662903915,
    -0.009159195705319645,
    -0.01682152103927348,
    -0.026075837030891114,
    -0.01613623863206981,
    0.0014392408369963139,
    0.06917979355324666,
    0.07070898079282795,
    0.07098695449505155,
    0.010983376288622448,
    0.07763049234584263,
    0.07272568985468719,
    0.11682565365488051,
    -0.07479672424341133,
    -0.08081603813422222,
    0.08120992881131583,
    0.07521934125129337,
    -0.04245084572106017,
    -0.04444322075128371,
    0.11946505942346863,
    0.12008248343936667
  ],
  "dipole_vec_eA": [
    1.1416216885009771,
    -0.19086293122815118,
    -2.927728032741605e-16
  ],
  "dipole_mag_D": 5.559548117244583,
  "solvation_E_eV": null
}