{
  "tag": "RMC-Ag_2-Sc_3-A2-B7-NNNNSS",
  "energy_eV": -2120.162080400566,
  "multiplicity": 2,
  "charge": 3,
  "sym1": "Ag",
  "ox1": 2,
  "sym2": "Sc",
  "ox2": 3,
  "acid": "A2",
  "base": "B7",
  "bridge": [
    "S",
    "S"
  ],
  "S1_ref": 0.5,
  "S2_ref": 0.0,
  "mulliken_q_e": [
    0.4123322076469266,
    0.6055486789277192,
    -0.2344259947560779,
    -0.2215628954742606,
    -0.058462894197590876,
    -0.05017281874693169,
    -0.15690339184798585,
    -0.14535180965731187,
    0.10001624409890542,
    0.016517860356796144,
    0.0032631976770765014,
    -0.006072549097783098,
    0.006391040737821374,
    0.02272469360979157,
    0.10958413216203033,
    0.12186671300568974,
    0.1146747999944081,
    0.0958206248442599,
    0.0761647851511722,
    0.10873232030234248,
    0.13150298172771757,
    0.09963850174020594,
    0.013806326690559256,
    0.002596948405032995,
    -0.006892412184130503,
    0.005018922476972998,
    0.020372661991492347,
    0.10843105844300482,
    0.12160151432240796,
    0.11343812732390768,
    0.0967867983598294,
    0.0788626107896111,
    0.10634833394754295,
    0.12948928161809614,
    0.021210230174070643,
    -0.031225519127996204,
    0.14195646120608696,
    0.1570320638248529,
    -0.03769966061076224,
    0.16079117334839443,
    0.160791173348394,
    0.03182257095813101,
    -0.053034898443495404,
    0.11500642620430634,
    0.13019009361920109,
    -0.004103600078715575,
    0.13278844258955258,
    0.13278844258955202
  ],
  "dipole_vec_eA": [
    1.2111530487720041,
    0.228899688706186,
    5.360980599883381e-16
  ],
  "dipole_mag_D": 5.920398437967358,
  "HOMO_eV": -18.441123220455417,
  "LUMO_eV": -18.039180322663988,
  "gap_eV": 0.4019428977914288
}