{
  "tag": "RMC-Ni_3-Ni_3-A2-B2-NNNNNO",
  "energy_eV": -3134.483428546591,
  "multiplicity": 1,
  "charge": 3,
  "sym1": "Ni",
  "ox1": 3,
  "sym2": "Ni",
  "ox2": 3,
  "acid": "A2",
  "base": "B2",
  "bridge": [
    "N",
    "O"
  ],
  "S1_ref": 0.5,
  "S2_ref": 0.5,
  "mulliken_q_e": [
    -0.0058269739703692425,
    -0.005635367594389762,
    -0.06442142524689332,
    -0.1565320189367816,
    0.008152464800170511,
    -0.011110689253383876,
    0.008242976357742515,
    -0.011038602556839194,
    0.2013988781454401,
    -0.0036217392986934716,
    -0.00521101607061536,
    -0.00950209141407865,
    -0.005233188610182182,
    -0.0036551890519942454,
    0.09590158537946947,
    0.1117151371956544,
    0.09590365066075379,
    0.06375716738501525,
    0.06370203117602968,
    0.10345906995325116,
    0.1034679089797953,
    0.12601240742344122,
    0.020968147932480807,
    -0.0022831939270318014,
    0.0015554975226952372,
    -0.0023042721094663765,
    0.020899426074408423,
    0.09949214622463132,
    0.11578290702187621,
    0.09949464304535294,
    0.049300119014947796,
    0.04923195609065001,
    0.11284502884575143,
    0.11285736942871538,
    0.005566192545176651,
    0.03552396066300023,
    0.020382777757948833,
    0.08120969316082083,
    -0.021482376877919762,
    -0.005220071954231242,
    0.1127082273427753,
    0.09014319597939957,
    0.1095698097838782,
    0.08199396645050094,
    0.008595609113226654,
    -0.004790347127486161,
    -0.021532926437280775,
    0.11476884704406298,
    0.1113690828779863,
    0.09208183518587765,
    0.005565923071416901,
    0.03551631814421574,
    0.020409851636940868,
    0.08133019329587232,
    -0.021424988973587578,
    -0.0052062665185814705,
    0.11271722787664629,
    0.09013635272700427,
    0.1095704220359367,
    0.08213121599924667,
    0.00860723236002725,
    -0.004779214442921065,
    -0.021444806315411347,
    0.11477707186215202,
    0.11136887267217732,
    0.09207236845460032
  ],
  "dipole_vec_eA": [
    0.0034665973563141913,
    0.07429350554703681,
    5.955253750204861e-16
  ],
  "dipole_mag_D": 0.35723514143655005,
  "HOMO_eV": -18.193143524282895,
  "LUMO_eV": -17.847110867639294,
  "gap_eV": 0.34603265664360094
}