{
  "tag": "RMC-Cd_2-Ta_3-A2-B6-NNNNSS",
  "energy_eV": -2110.858571672224,
  "multiplicity": 3,
  "charge": 3,
  "sym1": "Cd",
  "ox1": 2,
  "sym2": "Ta",
  "ox2": 3,
  "acid": "A2",
  "base": "B6",
  "bridge": [
    "S",
    "S"
  ],
  "S1_ref": 0.0,
  "S2_ref": 1.0,
  "mulliken_q_e": [
    0.3988407155943078,
    0.5674520687489097,
    -0.12749104064064043,
    -0.12749538153627055,
    -0.12115324611372436,
    -0.12114878257409933,
    -0.14949466049051963,
    -0.1494951018314783,
    0.07346295355077714,
    0.014437161260593134,
    0.0007146140900491371,
    -0.005249586043201138,
    0.004658897034796716,
    0.017684320171048817,
    0.1104403087152499,
    0.12312016620196908,
    0.11335083009720837,
    0.06993884460042898,
    0.07805630633979455,
    0.11122903227743153,
    0.10448958474126302,
    0.07348555733998752,
    0.014440635198874396,
    0.0007271192315010389,
    -0.005257569637696191,
    0.004658635284770174,
    0.01767865068364949,
    0.11043826555972336,
    0.12311982682008116,
    0.11335036688939659,
    0.06998065963722722,
    0.07805635866502847,
    0.1112242143505987,
    0.10448930973877046,
    -0.0863862143877483,
    -0.03029419488496976,
    -0.030293371049876283,
    0.14811584896967345,
    0.12727797500486782,
    0.11238361613128267,
    0.11238349136486558,
    0.1348909901539015,
    0.1348911100532798,
    -0.09580483711229948,
    -0.02086481600807888,
    -0.020864692690690356,
    0.13172281956991183,
    0.11024914628291915,
    0.11506198268989498,
    0.11506203118819014,
    0.11986404115920224,
    0.11986504077452798
  ],
  "dipole_vec_eA": [
    0.1456499379852912,
    0.0001578176458123721,
    0.8206550674361588
  ],
  "dipole_mag_D": 4.003373999530429,
  "HOMO_eV": -18.020638995857265,
  "LUMO_eV": -17.6280850732321,
  "gap_eV": 0.3925539226251651
}