{
  "tag": "RMC-Au_3-Au_3-A2-B5-NNNNSS",
  "energy_eV": -1995.3659755667786,
  "multiplicity": 1,
  "charge": 4,
  "sym1": "Au",
  "ox1": 3,
  "sym2": "Au",
  "ox2": 3,
  "acid": "A2",
  "base": "B5",
  "bridge": [
    "S",
    "S"
  ],
  "S1_ref": 0.0,
  "S2_ref": 0.0,
  "mulliken_q_e": [
    0.48784049672494467,
    0.48700900682655757,
    0.28888500866480316,
    0.2885241190072233,
    -0.17456317829799906,
    -0.12303011028363953,
    -0.12271951949654669,
    -0.17523007896968257,
    0.029513658226657524,
    0.04361931585496559,
    0.01387955854201084,
    0.01416865825731306,
    0.023847930403504414,
    0.03366107316005729,
    0.1360595758587475,
    0.16666422995743257,
    0.15606322980617682,
    0.10630946888365589,
    0.06999700895265248,
    0.1705256362301536,
    0.1416716700682379,
    0.029513387893218113,
    0.033805114539481096,
    0.023842525703348327,
    0.014279539718810241,
    0.013658314188005782,
    0.04389846893613569,
    0.15637512014589405,
    0.16699276560090126,
    0.135920173476475,
    0.07025428236490883,
    0.10651162594131569,
    0.14260785668159337,
    0.170185201459772,
    0.016759481599003534,
    -0.020555589664534857,
    0.20990821514200286,
    0.20902452233022772,
    -0.0197861505008603,
    0.015674834403151205,
    0.20889898616747038,
    0.20953456549645222
  ],
  "dipole_vec_eA": [
    -0.005639405860992345,
    -0.0007063885464417982,
    -2.8651772227056497e-16
  ],
  "dipole_mag_D": 0.027298889346597906,
  "solvation_E_eV": null
}