{
  "tag": "RMC-Cu_2-Re_3-A2-B1-NNNNNN",
  "energy_eV": -2546.1273893776497,
  "multiplicity": 2,
  "charge": 1,
  "sym1": "Cu",
  "ox1": 2,
  "sym2": "Re",
  "ox2": 3,
  "acid": "A2",
  "base": "B1",
  "bridge": [
    "N",
    "N"
  ],
  "S1_ref": 0.5,
  "S2_ref": 0.0,
  "mulliken_q_e": [
    0.45126861691139664,
    -0.039067961524640205,
    -0.18593252922565484,
    -0.18593058844367572,
    -0.16030232450928317,
    -0.1603000413560225,
    -0.0535865023657891,
    -0.05358698415667584,
    0.10570161130694644,
    0.003079481182345578,
    -0.020367623052671258,
    -0.02897545739262264,
    -0.020752125640665975,
    -0.010698358586206158,
    0.063719014539935,
    0.0654733178812682,
    0.06060885468605304,
    0.035099547412383414,
    0.06236867444247429,
    0.060381879612479206,
    0.0683812917041533,
    0.10570742242308362,
    0.0030781574366467446,
    -0.020361897658792483,
    -0.028976127075833746,
    -0.020746754953559376,
    -0.010701884983419063,
    0.06371917525855031,
    0.06547217166409613,
    0.06060909919815505,
    0.035114477044193126,
    0.062371588784861265,
    0.06038148044296798,
    0.06838129741246746,
    -0.03591746749764968,
    0.05596954400373044,
    0.05596776913739765,
    -0.03591682898193005,
    -0.022296431349380308,
    -0.022297542690510763,
    0.05687818457488658,
    0.056877558943190354,
    0.06776524693110919,
    0.06776650767849157,
    -0.038124381217059966,
    0.06608919227720911,
    0.06608719132001406,
    -0.03812614964785799,
    -0.023671160519247447,
    -0.02367035550085128,
    0.05736917769124683,
    0.057369457546349145,
    0.06562548533681356,
    0.06562499277346479
  ],
  "dipole_vec_eA": [
    -0.22836080271266243,
    9.217416602942827e-05,
    -1.3746166697425544e-07
  ],
  "dipole_mag_D": 1.0968636720409777,
  "HOMO_eV": -11.587354291673751,
  "LUMO_eV": -11.55156669225635,
  "gap_eV": 0.03578759941740195
}