{
  "tag": "RMC-Pd_2-V_3-A2-B7-NNNNNS",
  "energy_eV": -2170.9457666182166,
  "multiplicity": 3,
  "charge": 2,
  "sym1": "Pd",
  "ox1": 2,
  "sym2": "V",
  "ox2": 3,
  "acid": "A2",
  "base": "B7",
  "bridge": [
    "N",
    "S"
  ],
  "S1_ref": 0.0,
  "S2_ref": 1.0,
  "mulliken_q_e": [
    0.008156449926979725,
    0.26807970573872375,
    -0.1454351138285095,
    0.06091026904002389,
    -0.03263582487227534,
    -0.018903801953362276,
    -0.08563965318727829,
    -0.13630844898868144,
    0.053757975592337415,
    0.010593723881323625,
    -0.006083220363048536,
    -0.013662929568763582,
    -0.009479824149718263,
    0.010671178652724711,
    0.09069905734256778,
    0.09603177711596178,
    0.08846697659607139,
    0.06659061579680614,
    0.056193834364860695,
    0.06674278812142576,
    0.09220899159475504,
    0.11094490316155081,
    0.013883502606943487,
    -0.007086383908391225,
    -0.01348007740762136,
    -0.009361637158428415,
    0.011411189157265245,
    0.0938957848106019,
    0.09945808763841368,
    0.09012598408992567,
    0.0465195419553841,
    0.06048876457023922,
    0.09194558930334784,
    0.0912396148900686,
    0.024554904248814458,
    -0.024409553604371137,
    0.08608640326616424,
    0.10576116097759869,
    -0.012078039072937807,
    0.11609689270131773,
    0.11609689270131685,
    0.03703072826640441,
    -0.0321456748570812,
    0.06583409342352953,
    0.0969112208648587,
    -0.00816857001588045,
    0.1137450740177749,
    0.11374507401777056
  ],
  "dipole_vec_eA": [
    -0.15458228500529533,
    0.04725971674416256,
    -3.620497857181516e-15
  ],
  "dipole_mag_D": 0.7764148105843334,
  "HOMO_eV": -15.265039686667771,
  "LUMO_eV": -14.546747232446913,
  "gap_eV": 0.7182924542208582
}