{
  "tag": "RMC-Cr_2-Hf_2-A2-B1-NNNNOO",
  "energy_eV": -2496.9370628100687,
  "multiplicity": 3,
  "charge": 2,
  "sym1": "Cr",
  "ox1": 2,
  "sym2": "Hf",
  "ox2": 2,
  "acid": "A2",
  "base": "B1",
  "bridge": [
    "O",
    "O"
  ],
  "S1_ref": 0.0,
  "S2_ref": 1.0,
  "mulliken_q_e": [
    0.6590919947254614,
    0.49940333012002536,
    -0.3263940948099071,
    -0.32639153105512886,
    -0.1646639473103899,
    -0.1646589522489883,
    -0.1234465054678946,
    -0.12344281965488713,
    0.1697953047805929,
    -0.008137112505254285,
    -0.01697687937936787,
    -0.020523287058686446,
    -0.014670722235482936,
    -0.010037996901103963,
    0.08855745674074322,
    0.09737364709060203,
    0.09025368142031243,
    0.06638774336426079,
    0.04088386577278569,
    0.09616330464599288,
    0.08464126260460902,
    0.16978187913259202,
    -0.008137370686027712,
    -0.01699861531040381,
    -0.02052003963973026,
    -0.014691053049343816,
    -0.010034744639724424,
    0.08855905431300815,
    0.09737545608734555,
    0.0902567280867852,
    0.06634739806538392,
    0.04085296442084574,
    0.0961664245166497,
    0.08464492921534539,
    -0.030059722951861323,
    0.05246757455892981,
    0.052467063746596265,
    -0.030057494020718556,
    -0.0146106411588931,
    -0.014612964230721559,
    0.07555918362619596,
    0.07555964448729147,
    0.09126727023267778,
    0.09126855249274568,
    -0.02815372398582161,
    0.060231466011659185,
    0.060236711260242215,
    -0.028150030428168993,
    -0.010885446891908623,
    -0.01088640380470296,
    0.0792472238824784,
    0.07924761943783198,
    0.09652680776507894,
    0.09652655681982392
  ],
  "dipole_vec_eA": [
    0.4817388745071869,
    -0.000367066337931845,
    1.645657416471821e-15
  ],
  "dipole_mag_D": 2.3138908907626687,
  "HOMO_eV": -14.729567609460554,
  "LUMO_eV": -14.510098744846875,
  "gap_eV": 0.21946886461367932
}