{
  "tag": "RMC-Co_2-Hg_2-A2-B5-NNNNSS",
  "energy_eV": -1945.7897539477874,
  "multiplicity": 2,
  "charge": 2,
  "sym1": "Co",
  "ox1": 2,
  "sym2": "Hg",
  "ox2": 2,
  "acid": "A2",
  "base": "B5",
  "bridge": [
    "S",
    "S"
  ],
  "S1_ref": 0.5,
  "S2_ref": 0.0,
  "mulliken_q_e": [
    0.13941917836914686,
    0.23747819059674513,
    0.14183529873202907,
    0.14146357793583803,
    -0.17743499774136873,
    -0.17751729387220894,
    -0.14452729879504678,
    -0.1445953958212396,
    0.040155888189696176,
    0.00826909833688716,
    -0.007005589004548396,
    -0.013254904621014862,
    -0.0039035174582642274,
    0.011717108045349311,
    0.08892266469420707,
    0.09572169087301496,
    0.09172668516958393,
    0.07128552388395093,
    0.07444043453976446,
    0.09658974934436282,
    0.08970097360865303,
    0.040119611761783025,
    0.008273827230893982,
    -0.007062197227659217,
    -0.013253045978935285,
    -0.003920530313248793,
    0.011771013278742304,
    0.08893406694068973,
    0.0957321805987249,
    0.09172448949201117,
    0.07118929965004761,
    0.0744538490234945,
    0.09661697467689201,
    0.08972139553679004,
    -0.004902309158442808,
    -0.004600930672248982,
    0.16357674364137542,
    0.1635695994303179,
    0.0028698703871077313,
    0.002872021876307418,
    0.1859109878868761,
    0.18591601669620705
  ],
  "dipole_vec_eA": [
    1.3904882013609674,
    0.0006017084762707085,
    -2.211479889777182e-15
  ],
  "dipole_mag_D": 6.678799491486906,
  "HOMO_eV": -15.104817700969136,
  "LUMO_eV": -14.139127132794865,
  "gap_eV": 0.9656905681742707
}