{
  "tag": "RMC-Cd_2-Cu_1-A2-B1-NNNNSS",
  "energy_eV": -2484.658705193159,
  "multiplicity": 1,
  "charge": 1,
  "sym1": "Cd",
  "ox1": 2,
  "sym2": "Cu",
  "ox2": 1,
  "acid": "A2",
  "base": "B1",
  "bridge": [
    "S",
    "S"
  ],
  "S1_ref": 0.0,
  "S2_ref": 0.0,
  "mulliken_q_e": [
    0.4450334554751211,
    0.403351194086953,
    -0.2717397365136782,
    -0.2717389233705161,
    -0.1761163448834533,
    -0.1761130677211451,
    -0.1536888773999261,
    -0.15368662809269562,
    0.09166160575965265,
    0.002308889164154282,
    -0.02435741245325307,
    -0.029557788671306984,
    -0.024594601989005982,
    0.0006901575370679147,
    0.0579293383927747,
    0.0629369959118059,
    0.057395866996679756,
    0.0672842933934048,
    0.06519972099652249,
    0.059402652684783064,
    0.052229426182569316,
    0.09166392127270417,
    0.0023133685516443236,
    -0.02435476768432987,
    -0.029558780015289887,
    -0.02460074708555693,
    0.0006864169075988524,
    0.05792905602483456,
    0.06293693727720262,
    0.057396473881684895,
    0.06729648161642987,
    0.06517542446026026,
    0.059402499704902856,
    0.05223338974380698,
    -0.03041922923066287,
    0.051101473933514496,
    0.05110450542020928,
    -0.030415415063104856,
    -0.023304310344043344,
    -0.023300808670333018,
    0.061729432434162845,
    0.06172953374075085,
    0.06662003417640283,
    0.06661900471396387,
    -0.033418097850623996,
    0.04412844213434508,
    0.04411985840518762,
    -0.03341533322599366,
    -0.022557917977689135,
    -0.022558529623024848,
    0.058199243697183545,
    0.058198046735017606,
    0.06674409197292752,
    0.06674608447513797
  ],
  "dipole_vec_eA": [
    -0.25936248323950845,
    -3.9494272323114916e-05,
    8.009610489202287e-13
  ],
  "dipole_mag_D": 1.2457710014169674,
  "HOMO_eV": -11.294909483087933,
  "LUMO_eV": -11.068294798089129,
  "gap_eV": 0.226614684998804
}