{
  "tag": "RMC-Ir_2-Re_2-A2-B6-NNNNNO",
  "energy_eV": -2284.0218087701865,
  "multiplicity": 1,
  "charge": 1,
  "sym1": "Ir",
  "ox1": 2,
  "sym2": "Re",
  "ox2": 2,
  "acid": "A2",
  "base": "B6",
  "bridge": [
    "N",
    "O"
  ],
  "S1_ref": 0.5,
  "S2_ref": 0.5,
  "mulliken_q_e": [
    0.1639806163413361,
    0.045922441194424346,
    -0.11805663589385573,
    -0.16935631311248156,
    -0.06778682150788784,
    -0.10843683243576718,
    -0.035476561219707214,
    -0.10163237287406046,
    0.1563221911589987,
    -0.020558903069898493,
    -0.029917145369411813,
    -0.03133821157504535,
    -0.031323980044723365,
    -0.023832461864213172,
    0.05598250471948896,
    0.060648453739622354,
    0.05505965219807951,
    0.038560058904475,
    0.05571605339104724,
    0.03739848314990191,
    0.04529443288317614,
    0.08995645490758708,
    0.000398915761366192,
    -0.02709494709967397,
    -0.026954508352345696,
    -0.02807194567743765,
    -0.0067790405887617755,
    0.06303771329708663,
    0.06545516858095168,
    0.06029044357930935,
    0.01746963955488412,
    0.04203186399555747,
    0.06657552339844763,
    0.06565145487221968,
    -0.07485298687895225,
    -0.01586756090805852,
    -0.004006935670132883,
    0.07106809582587703,
    0.07720611326761062,
    0.06532502098393744,
    0.05236443445062411,
    0.07564462635852132,
    0.06821783108282609,
    -0.07319586893110941,
    -0.017694558558323026,
    0.0011355270793849126,
    0.06989344121554475,
    0.0803458188734757,
    0.06974105128503871,
    0.05018167932236095,
    0.0795630247991358,
    0.06579586145954708
  ],
  "dipole_vec_eA": [
    -0.2130708081316265,
    -0.36740660245086293,
    0.03728909220718597
  ],
  "dipole_mag_D": 2.0478626714240984,
  "HOMO_eV": -11.186826600408667,
  "LUMO_eV": -10.988879885265161,
  "gap_eV": 0.19794671514350526
}