{
  "tag": "RMC-Cd_2-Rh_2-A2-B4-NNNNNO",
  "energy_eV": -2034.943880820544,
  "multiplicity": 2,
  "charge": 1,
  "sym1": "Cd",
  "ox1": 2,
  "sym2": "Rh",
  "ox2": 2,
  "acid": "A2",
  "base": "B4",
  "bridge": [
    "N",
    "O"
  ],
  "S1_ref": 0.0,
  "S2_ref": 0.5,
  "mulliken_q_e": [
    0.38170553853134415,
    -0.15280333016611414,
    -0.1234873092227824,
    -0.0752572001831393,
    -0.21686268722594737,
    -0.2380454494811921,
    0.043533425451114605,
    0.07421900313848928,
    0.1326422983121327,
    -0.004722949488284334,
    -0.02058115252306214,
    -0.022495534195012157,
    -0.018609581648749485,
    -0.007161867877413686,
    0.07587176106952065,
    0.07789989024740762,
    0.07775975734931029,
    0.017625212661692258,
    0.0918761470024898,
    0.10079570745330191,
    0.08961847360528041,
    0.0645854993881616,
    -0.008939464976254197,
    -0.020181530420729787,
    -0.0284636252770325,
    -0.02136080934805218,
    -0.0068600771231743796,
    0.060618384996103614,
    0.060912215770203226,
    0.058525184973768796,
    -0.0034350135866954012,
    0.0917251153264822,
    0.07002480031336034,
    0.09889277678273434,
    -0.07069495388625402,
    -0.0694584271089842,
    0.04714050709608364,
    0.047140507096084194,
    0.0492213909857927,
    0.049221390985791924,
    -0.06076100168783771,
    -0.053907762252092706,
    0.08759235479947225,
    0.0875923547994708,
    0.093675014773422,
    0.0936750147734211
  ],
  "dipole_vec_eA": [
    0.85691664763085,
    -0.7814661680822076,
    3.451590249239985e-15
  ],
  "dipole_mag_D": 5.570465314645682,
  "solvation_E_eV": null
}