{
  "tag": "RMC-Fe_2-Ta_3-A2-B1-NNNNSS",
  "energy_eV": -2472.859104384883,
  "multiplicity": 3,
  "charge": 3,
  "sym1": "Fe",
  "ox1": 2,
  "sym2": "Ta",
  "ox2": 3,
  "acid": "A2",
  "base": "B1",
  "bridge": [
    "S",
    "S"
  ],
  "S1_ref": 0.0,
  "S2_ref": 1.0,
  "mulliken_q_e": [
    0.7144945266305947,
    0.5324512667496546,
    -0.1346741766972088,
    -0.13466564014588003,
    -0.1391333138671893,
    -0.13913593279604064,
    -0.16402034300732926,
    -0.16401383005695735,
    0.061984659406414844,
    0.017885598404337344,
    -0.0016488193055148592,
    -0.005493750457745472,
    0.00019089494274671104,
    0.015292572544359118,
    0.10973507615976696,
    0.12270250567311791,
    0.1121185955447157,
    0.07024154843988017,
    0.05011759001564475,
    0.10637843816827774,
    0.12014621363008271,
    0.06195096583280857,
    0.017880734541796173,
    -0.0016652061094213355,
    -0.00548745007647744,
    0.00018482208825609803,
    0.015295310288088837,
    0.10973802163332136,
    0.12270402084529786,
    0.1121203335680192,
    0.0701751772054513,
    0.05009818647504405,
    0.1063848157587467,
    0.12014798614253897,
    -0.015524868006770332,
    0.052480388203772765,
    0.05248655123498369,
    -0.015524428320991879,
    0.0003017920318160172,
    0.00029494265521412544,
    0.10157812989238146,
    0.10157834354989381,
    0.12420997488594177,
    0.12421049878692281,
    -0.014054301529988322,
    0.05908606974717534,
    0.05909799402357252,
    -0.014045306618986952,
    0.0018016850896049874,
    0.0017965135435580315,
    0.10185012310342445,
    0.10185010159874996,
    0.12302194722818316,
    0.12302245073229234
  ],
  "dipole_vec_eA": [
    0.525399589157824,
    -0.0004017249391772424,
    3.8453466730423783e-13
  ],
  "dipole_mag_D": 2.523602287780545,
  "HOMO_eV": -17.75077662503551,
  "LUMO_eV": -17.74251508330372,
  "gap_eV": 0.008261541731791056
}