{
  "tag": "RMC-In_1-Ni_2-A2-B1-NNNNNN",
  "energy_eV": -2530.2918288660912,
  "multiplicity": 1,
  "charge": -1,
  "sym1": "In",
  "ox1": 1,
  "sym2": "Ni",
  "ox2": 2,
  "acid": "A2",
  "base": "B1",
  "bridge": [
    "N",
    "N"
  ],
  "S1_ref": 0.0,
  "S2_ref": 0.0,
  "mulliken_q_e": [
    0.3036266441331152,
    -0.32056374185057446,
    -0.18555334475162621,
    -0.18555313158585496,
    -0.16791934000198805,
    -0.1679298146117456,
    -0.02048536614123786,
    -0.020485217638714026,
    0.1100709811574827,
    -0.01897654363057577,
    -0.062311768485282526,
    -0.04851109108457008,
    -0.06291828795284649,
    -0.02499856608942652,
    -0.0029003289288629386,
    -0.004751495537100636,
    -0.005021063946969884,
    0.02532433323891481,
    0.026514459548301117,
    0.01957609722815734,
    0.0055823994613034555,
    0.11007173783255686,
    -0.018978961016685503,
    -0.06231598263034699,
    -0.04851027368312111,
    -0.06291524905824675,
    -0.024999763481013737,
    -0.0028995128342217402,
    -0.004752031713850302,
    -0.0050222067686946925,
    0.025323465181347204,
    0.026515179563511238,
    0.01957605240379834,
    0.005581019396711517,
    -0.05364148708969618,
    0.03817665177185092,
    0.038187698362686096,
    -0.053653117896433455,
    -0.05200272756096869,
    -0.05196765287004679,
    0.015095287432442595,
    0.015102503360950092,
    0.005627943024325899,
    0.005615661686265705,
    -0.05443226312660099,
    0.048421836099746374,
    0.04842411418994086,
    -0.054431415553106044,
    -0.050435444915476024,
    -0.05043748553134275,
    0.020269858548612962,
    0.02026938243284404,
    0.008660366217433602,
    0.008661005281010548
  ],
  "dipole_vec_eA": [
    -0.19780384532378267,
    -1.6619551871987644e-05,
    2.3728992438306803e-15
  ],
  "dipole_mag_D": 0.9500922778351638,
  "HOMO_eV": -5.175181648523697,
  "LUMO_eV": -4.791379950321162,
  "gap_eV": 0.38380169820253496
}