{
  "tag": "RMC-Cd_2-Zr_2-A2-B2-NNNNOO",
  "energy_eV": -2980.930185784912,
  "multiplicity": 3,
  "charge": 2,
  "sym1": "Cd",
  "ox1": 2,
  "sym2": "Zr",
  "ox2": 2,
  "acid": "A2",
  "base": "B2",
  "bridge": [
    "O",
    "O"
  ],
  "S1_ref": 0.0,
  "S2_ref": 1.0,
  "mulliken_q_e": [
    0.5190100848625104,
    0.9463859708679079,
    -0.41659200874883884,
    -0.4165894304894995,
    -0.1381857071591015,
    -0.13818387305409519,
    -0.1804962284601801,
    -0.18050369338977656,
    0.17156153932182328,
    -0.017268361328348636,
    -0.027946710063045943,
    -0.024680692537885296,
    -0.02967293405989402,
    -0.018129079631604483,
    0.07256830360784894,
    0.08443470455920199,
    0.07152399405141696,
    0.01918509255330325,
    0.053811313105047276,
    0.09309115952942038,
    0.0872190385625502,
    0.1715568146042814,
    -0.01725962242451584,
    -0.02793152058838988,
    -0.024679286801836176,
    -0.02967961835099353,
    -0.01812632151065774,
    0.07257081765931694,
    0.0844371838285195,
    0.07152865854356605,
    0.019222096250256726,
    0.05380589680855086,
    0.09308672415456631,
    0.08721934793747366,
    -0.01943259844542622,
    0.027785103196404926,
    0.0038090161344981333,
    0.06245020147183933,
    -0.034874389435106234,
    -0.019411512845144863,
    0.08279135062598886,
    0.0679889932808958,
    0.07965060400848767,
    0.06245065110747938,
    -0.019431676124708197,
    -0.01941513051257515,
    -0.03488018536691606,
    0.08278984960601288,
    0.0796458054366721,
    0.06799153620337683,
    -0.02209479906278422,
    0.02840274944165433,
    -0.005251204846308699,
    0.06478212512532333,
    -0.036776475686127075,
    -0.02085563733210738,
    0.0831140956276305,
    0.07223004409911304,
    0.0799208185094602,
    0.06477839290489351,
    -0.022095850178739607,
    -0.02085528205873577,
    -0.03676862020047311,
    0.08311613116887295,
    0.07992111349919284,
    0.07223112842943424
  ],
  "dipole_vec_eA": [
    0.10660356373041736,
    0.002699140609004619,
    -3.140864647279619e-15
  ],
  "dipole_mag_D": 0.5122027933340161,
  "HOMO_eV": -13.630213378008126,
  "LUMO_eV": -13.580968407333067,
  "gap_eV": 0.0492449706750584
}