{
  "tag": "RMC-Hf_2-In_1-A2-B4-NNNNOS",
  "energy_eV": -1993.3239177010703,
  "multiplicity": 3,
  "charge": 1,
  "sym1": "Hf",
  "ox1": 2,
  "sym2": "In",
  "ox2": 1,
  "acid": "A2",
  "base": "B4",
  "bridge": [
    "O",
    "S"
  ],
  "S1_ref": 1.0,
  "S2_ref": 0.0,
  "mulliken_q_e": [
    0.7388950834147436,
    0.367961439483764,
    -0.388713104812628,
    0.11403421995230745,
    -0.32582374507756406,
    -0.3432335303514451,
    -0.2559790547794982,
    -0.22391298798565162,
    0.02510807345264454,
    -0.003978793090148924,
    -0.014830741716655105,
    -0.026287248201132485,
    -0.018502937917684648,
    -0.0057750249015335875,
    0.06545567633925053,
    0.06414406208177825,
    0.06053930157581211,
    0.0552831522680286,
    0.09939732253972511,
    0.06445259864656949,
    0.044461116384035715,
    0.1935637631655993,
    -0.021762989888244766,
    -0.021230767323823008,
    -0.03675198029436921,
    -0.023105802224403726,
    -0.035354777050601305,
    0.059661749354085636,
    0.059881146146171016,
    0.058559720713242225,
    0.09766795571388687,
    0.10367966279299101,
    0.0867691082017168,
    0.06934374627887463,
    -0.0823695731283034,
    -0.060807220676688756,
    0.08448130314190394,
    0.08448130314190261,
    0.08594075929968792,
    0.08594075929968759,
    -0.07589758790731782,
    -0.07360553471199172,
    0.0658332910570788,
    0.06583329105707914,
    0.0682768975315936,
    0.06827689753159594
  ],
  "dipole_vec_eA": [
    -0.6287051858340464,
    -0.2747290075007366,
    2.60117716229958e-14
  ],
  "dipole_mag_D": 3.295524053018592,
  "solvation_E_eV": null
}