{
  "tag": "RMC-Mg_2-Re_2-A2-B2-NNNNNO",
  "energy_eV": -3008.425830650148,
  "multiplicity": 2,
  "charge": 1,
  "sym1": "Mg",
  "ox1": 2,
  "sym2": "Re",
  "ox2": 2,
  "acid": "A2",
  "base": "B2",
  "bridge": [
    "N",
    "O"
  ],
  "S1_ref": 0.0,
  "S2_ref": 0.5,
  "mulliken_q_e": [
    0.4337240297091499,
    0.0905971004302698,
    -0.2394313374670134,
    -0.27100864150407045,
    -0.14993135472901575,
    -0.1447514086123345,
    -0.02677499254414717,
    -0.08574857046347528,
    0.17024402810910466,
    -0.020357058033010134,
    -0.026572357665618718,
    -0.03433890922640437,
    -0.026587104254068183,
    -0.029760103520516168,
    0.0534763107855859,
    0.060385152411526644,
    0.05272139976135837,
    0.03604612200223056,
    0.0596259838898181,
    0.05117949365875596,
    0.058880338044256075,
    0.09719891192954178,
    -0.002390685006236737,
    -0.023322744355795955,
    -0.03079709941043607,
    -0.024670390247847118,
    -0.02009934117591894,
    0.05674344479193383,
    0.06067286993148391,
    0.050596722207823186,
    0.012940310124337273,
    0.05296748068892798,
    0.0768286600806759,
    0.06192625377997962,
    -0.026840152570443365,
    0.01909799040940574,
    0.003120673890561809,
    0.06684489338406463,
    -0.04208128257792909,
    -0.026444084311152194,
    0.060542415230666946,
    0.05159156202114956,
    0.0565243186226253,
    0.0679704917495485,
    -0.028713494874604395,
    -0.025831472445783987,
    -0.043041028794126746,
    0.0598240906586498,
    0.05683769455941412,
    0.053072030838735906,
    -0.027755229869657283,
    0.02029723965844754,
    0.004442796861286791,
    0.06582205032531196,
    -0.042587659821656576,
    -0.026802653561679213,
    0.060731911745598555,
    0.05295993481005068,
    0.056325478021368225,
    0.06364526471014953,
    -0.027246118266446073,
    -0.025964761205260922,
    -0.041209769682280184,
    0.0624376049409221,
    0.06004615677721792,
    0.06217059464557828
  ],
  "dipole_vec_eA": [
    -0.37105896251538517,
    -0.3108855241790185,
    4.910013796857136e-07
  ],
  "dipole_mag_D": 2.3251406616990034,
  "HOMO_eV": -11.289559218506486,
  "LUMO_eV": -11.173923730833012,
  "gap_eV": 0.1156354876734742
}