{
  "tag": "RMC-Cu_1-Mg_2-A2-B2-NNNNNS",
  "energy_eV": -3009.604876431261,
  "multiplicity": 1,
  "charge": 0,
  "sym1": "Cu",
  "ox1": 1,
  "sym2": "Mg",
  "ox2": 2,
  "acid": "A2",
  "base": "B2",
  "bridge": [
    "N",
    "S"
  ],
  "S1_ref": 0.0,
  "S2_ref": 0.0,
  "mulliken_q_e": [
    0.2793699504397385,
    0.44103199011709837,
    -0.3408482999465994,
    -0.27004839199326375,
    -0.19848692257953315,
    -0.13841436243844774,
    -0.1717211051704215,
    -0.16568692883364067,
    0.07468939509357542,
    -0.013371817954456633,
    -0.04160497716448064,
    -0.03830085016407625,
    -0.040712623645143164,
    -0.012239072519321548,
    0.029488335822147826,
    0.03351067039681044,
    0.03052887566757212,
    0.04145913359514175,
    0.04424292322677603,
    0.04609781020115489,
    0.045815355616731446,
    0.1200997615924424,
    -0.028041169610537597,
    -0.029306788781307436,
    -0.045825349266443105,
    -0.028134805288083653,
    -0.025421827596924906,
    0.027016909220234475,
    0.029085476251201614,
    0.026619820270820327,
    0.04430920650927783,
    0.05453873123769992,
    0.04235887595622578,
    0.03753299585828129,
    -0.042888088195810914,
    0.012473623711918513,
    -0.006088611284523093,
    0.06654212904863699,
    -0.05463834145765367,
    -0.032961680870926324,
    0.034246406157202536,
    0.03787347544989672,
    0.031470150254689244,
    0.06697921454890055,
    -0.043947592532966206,
    -0.03334463268586729,
    -0.056320279798132145,
    0.03449864909518541,
    0.031553214780249084,
    0.0346421959797476,
    -0.044033928410289525,
    0.012622588080966946,
    -0.011117560215999633,
    0.060240873109841386,
    -0.05601817825248889,
    -0.03384398568633751,
    0.03479603527069597,
    0.0384621500864234,
    0.0317645282390816,
    0.06008652662317027,
    -0.04538420088031381,
    -0.03365943321263343,
    -0.05714203527249406,
    0.0346597589124894,
    0.03220913888280008,
    0.036636966404200555
  ],
  "dipole_vec_eA": [
    0.1896768525224735,
    -0.003114876163985673,
    7.123392343377235e-16
  ],
  "dipole_mag_D": 0.9111795077332594,
  "HOMO_eV": -8.123702472542337,
  "LUMO_eV": -7.9836246663697175,
  "gap_eV": 0.14007780617262
}