{
  "tag": "RMC-Mo_2-Ru_3-A2-B7-NNNNSS",
  "energy_eV": -2130.3555398765097,
  "multiplicity": 2,
  "charge": 3,
  "sym1": "Mo",
  "ox1": 2,
  "sym2": "Ru",
  "ox2": 3,
  "acid": "A2",
  "base": "B7",
  "bridge": [
    "S",
    "S"
  ],
  "S1_ref": 0.0,
  "S2_ref": 0.5,
  "mulliken_q_e": [
    0.3164700485299172,
    -0.05487258446203669,
    0.05343860550024365,
    0.049783109968174505,
    -0.1064678420946572,
    -0.09011007671891491,
    -0.012381023697999538,
    0.000560641561243358,
    0.06885596397408866,
    0.024569139237236248,
    0.005072418613786267,
    0.0007585827354101848,
    0.0010995117609944316,
    0.024017106968336144,
    0.11899904406877038,
    0.13058820462188125,
    0.11811141423618066,
    0.05766480798403917,
    0.06496133832639361,
    0.12684232789086858,
    0.11814433188861284,
    0.06610243016327644,
    0.023446201083523466,
    0.003132904081684096,
    0.00013916613233910802,
    -0.0006337338255197889,
    0.023308014187338966,
    0.1174318921060723,
    0.12988503767105564,
    0.11686637279907575,
    0.054801769545397505,
    0.05823670325597341,
    0.1235778697168709,
    0.1139951329281399,
    0.039426267197116616,
    -0.028499580135723956,
    0.12463905177576429,
    0.14068512340082895,
    0.002144290880266464,
    0.14289739698131854,
    0.14289739729711926,
    0.0420363695430408,
    -0.005622244288303602,
    0.12389354482590864,
    0.13733532298344586,
    -0.001224230445163732,
    0.14649822818385427,
    0.14649823106327653
  ],
  "dipole_vec_eA": [
    -0.18803450369120273,
    0.16004353226955673,
    -1.1499862731343607e-06
  ],
  "dipole_mag_D": 1.1860210134232954,
  "HOMO_eV": -18.694040888705967,
  "LUMO_eV": -18.144097116369178,
  "gap_eV": 0.549943772336789
}