{
  "tag": "RMC-In_1-Ni_3-A2-B6-NNNNNS",
  "energy_eV": -2227.7456827819738,
  "multiplicity": 2,
  "charge": 1,
  "sym1": "In",
  "ox1": 1,
  "sym2": "Ni",
  "ox2": 3,
  "acid": "A2",
  "base": "B6",
  "bridge": [
    "N",
    "S"
  ],
  "S1_ref": 0.0,
  "S2_ref": 0.5,
  "mulliken_q_e": [
    0.3155403521673302,
    -0.3796355780323232,
    -0.1817416723510914,
    0.05289776195952772,
    -0.14828072557165872,
    -0.1443086146873782,
    0.006987068944009245,
    -0.03816286093522936,
    0.05155815266743091,
    0.0032771243978024778,
    -0.020167290935688253,
    -0.029934333992015727,
    -0.022812981333547366,
    -0.006285000059842449,
    0.061162817344580955,
    0.06234595649953267,
    0.05648413316700163,
    0.05929430780397427,
    0.0633423236044579,
    0.04901050208088309,
    0.054480861750945464,
    0.12391782189254852,
    -0.0009549967131279313,
    -0.01455605165396201,
    -0.03805204725004696,
    -0.018168503947617154,
    -0.022114170772786546,
    0.056898572187664254,
    0.055630044242366505,
    0.05049360337543063,
    0.06316493529371203,
    0.06718103613082294,
    0.05623432788256888,
    0.055236671200979415,
    -0.07296304254074859,
    0.0032598252907929393,
    -0.0008677620662509433,
    0.07305887790352983,
    0.0708125648297886,
    0.06017400716230181,
    0.05811444457740156,
    0.06335422956080794,
    0.06780292565511026,
    -0.06189820267267798,
    -0.008091777350006879,
    -0.002506751352237435,
    0.06920286731982705,
    0.10273350922358704,
    0.059141818937462176,
    0.05480546739482495,
    0.08082764379007645,
    0.08307580805966697
  ],
  "dipole_vec_eA": [
    -0.624158589258019,
    -0.3059467318770711,
    0.018183969751230405
  ],
  "dipole_mag_D": 3.3398955916952353,
  "solvation_E_eV": null
}