{
  "tag": "RMC-Ag_1-Cr_3-A2-B10-NNNNNS",
  "energy_eV": -3270.3424074878544,
  "multiplicity": 2,
  "charge": 1,
  "sym1": "Ag",
  "ox1": 1,
  "sym2": "Cr",
  "ox2": 3,
  "acid": "A2",
  "base": "B10",
  "bridge": [
    "N",
    "S"
  ],
  "S1_ref": 0.0,
  "S2_ref": 0.5,
  "mulliken_q_e": [
    0.23761434537892673,
    0.5237455117790688,
    -0.32257951419162745,
    -0.2693967617272949,
    -0.13379048280195138,
    -0.13719376814304818,
    -0.16311611092068112,
    -0.20097465175434825,
    0.0730839345577976,
    -0.009588239236763885,
    -0.02112836288558695,
    -0.02965716243832417,
    -0.019078455254698312,
    0.0019891213939682295,
    0.051687231980587,
    0.061424253923046734,
    0.058263561787493034,
    0.06419088844785614,
    0.06931837079992342,
    0.0509861609946598,
    0.04922167262473298,
    0.11807244577573073,
    -0.006590806061323784,
    -0.019088188124446903,
    -0.03042134173206179,
    -0.022783702971330477,
    -0.004523377532175354,
    0.05784623349312712,
    0.06322144509270122,
    0.05576204342285318,
    0.03693805503162473,
    0.06592262032983753,
    0.0650444421988039,
    0.06494319873580978,
    0.07008433256980284,
    0.0020990312525412946,
    0.015240985248631045,
    -0.028585261835780473,
    -0.022001652469312072,
    -0.04555375553714569,
    0.06372806374877105,
    0.061523363879459336,
    0.05292446710227183,
    -0.02768279130625806,
    0.013784429842673251,
    0.004475030190969953,
    0.07688656414117645,
    -0.04375954122780912,
    -0.02215818443192208,
    0.0618220614849988,
    0.05162621744802298,
    0.0594716991480474,
    0.069206524124654,
    -0.0029898520720097466,
    0.010950575791389472,
    -0.029950599617517115,
    -0.022974760187965515,
    -0.04873592248123626,
    0.05917751430045648,
    0.05785582380371246,
    0.05101683274166913,
    -0.029704437622921187,
    0.010280783985433084,
    -0.0011475739135564655,
    0.06959749223776135,
    -0.050067159361391056,
    -0.02352795137662178,
    0.057802948158126255,
    0.04529109409893051,
    0.05462899637717156
  ],
  "dipole_vec_eA": [
    0.3515604409338497,
    -0.08534191154683128,
    -1.4981880358739818e-07
  ],
  "dipole_mag_D": 1.7376582133044411,
  "HOMO_eV": -11.415094385697095,
  "LUMO_eV": -10.988429472520023,
  "gap_eV": 0.42666491317707234
}