{
  "tag": "RMC-Pb_2-Ti_2-A2-B1-NNNNOO",
  "energy_eV": -2503.9688258830442,
  "multiplicity": 3,
  "charge": 2,
  "sym1": "Pb",
  "ox1": 2,
  "sym2": "Ti",
  "ox2": 2,
  "acid": "A2",
  "base": "B1",
  "bridge": [
    "O",
    "O"
  ],
  "S1_ref": 0.0,
  "S2_ref": 1.0,
  "mulliken_q_e": [
    0.7359731522657857,
    0.5793476187312059,
    -0.3787952006383135,
    -0.37879480077858374,
    -0.187250671740135,
    -0.1872529250229129,
    -0.1382179617752326,
    -0.1382270167236943,
    0.17610417388159427,
    -3.919452867018336e-05,
    -0.015835833036857094,
    -0.020428268089233148,
    -0.01724028178289716,
    -0.02017236992014726,
    0.08837992140390682,
    0.0957587120567126,
    0.085203414766018,
    0.06519344524227155,
    0.06396403316685229,
    0.08806822456585806,
    0.07882027680468273,
    0.17610551634975713,
    -4.111186335387096e-05,
    -0.015833605563153608,
    -0.020428028733439296,
    -0.017240007317458783,
    -0.02017631298079503,
    0.08837995533802268,
    0.09575930047686665,
    0.08520382107971458,
    0.0652131959741955,
    0.06394652652156974,
    0.08806627307117298,
    0.07881888628960299,
    -0.02358124028762476,
    0.054396553474721054,
    0.05439975367900929,
    -0.023579330185228065,
    -0.011437307267408547,
    -0.01143658343802012,
    0.0748112633761332,
    0.074811338806126,
    0.09008237706484945,
    0.09008228770078941,
    -0.028084548527215647,
    0.06158429689044209,
    0.06158837155308383,
    -0.028087025601786664,
    -0.01168775453491433,
    -0.011689783570776102,
    0.07866792082841079,
    0.07866856128110356,
    0.09407916045624476,
    0.09407883081076696
  ],
  "dipole_vec_eA": [
    0.05443783487057196,
    8.784253716265986e-06,
    1.005289628394623e-06
  ],
  "dipole_mag_D": 0.2614760443486304,
  "HOMO_eV": -14.284066171402044,
  "LUMO_eV": -14.276876147627775,
  "gap_eV": 0.00719002377426925
}