{
  "tag": "RMC-Au_3-Ir_2-A2-B4-NNNNNO",
  "energy_eV": -2105.144705107443,
  "multiplicity": 2,
  "charge": 2,
  "sym1": "Au",
  "ox1": 3,
  "sym2": "Ir",
  "ox2": 2,
  "acid": "A2",
  "base": "B4",
  "bridge": [
    "N",
    "O"
  ],
  "S1_ref": 0.0,
  "S2_ref": 0.5,
  "mulliken_q_e": [
    0.32448494404901207,
    0.2202108379223242,
    -0.04617480254481077,
    -0.10532071934557097,
    -0.22148906223297926,
    -0.056254357114825515,
    -0.028093859799608323,
    -0.10367337542504029,
    0.14429245174356886,
    0.004653757949824255,
    -0.013951915788574798,
    -0.016291538938834282,
    -0.007667408371706985,
    -0.000897260538832434,
    0.08930676099576351,
    0.09923752455552859,
    0.09654992542289331,
    0.05966284062660998,
    0.050093270974435056,
    0.12297405880447132,
    0.09748752385637283,
    0.07313585498696984,
    0.0020563354476561546,
    -0.009857281321960398,
    -0.018442893880930233,
    -0.011556295727536359,
    0.006005176476046259,
    0.08832025561152979,
    0.08872911540615902,
    0.07727511142473786,
    0.013000629099368277,
    0.09795464367692097,
    0.08596083019738199,
    0.10793488012930363,
    -0.07559159820579886,
    -0.06444140403552856,
    0.09264698904492807,
    0.09264698904492819,
    0.09641146765586583,
    0.09641146765586417,
    -0.03747451462638929,
    -0.03920444626443276,
    0.1303125425324143,
    0.13031254253241353,
    0.1341570032069327,
    0.13415700320693313
  ],
  "dipole_vec_eA": [
    0.3307678608952645,
    -0.2634043368464617,
    1.3218856273685048e-16
  ],
  "dipole_mag_D": 2.0309616577520893,
  "solvation_E_eV": null
}