{
  "tag": "RMC-Ga_3-Ru_3-A2-B2-NNNNOO",
  "energy_eV": -3005.894547146631,
  "multiplicity": 1,
  "charge": 4,
  "sym1": "Ga",
  "ox1": 3,
  "sym2": "Ru",
  "ox2": 3,
  "acid": "A2",
  "base": "B2",
  "bridge": [
    "O",
    "O"
  ],
  "S1_ref": 0.5,
  "S2_ref": 0.5,
  "mulliken_q_e": [
    0.3833183632136936,
    0.11267191220708528,
    -0.20507172635183268,
    -0.20508981273908655,
    -0.06815969335022598,
    -0.06814960632559974,
    -0.03121769186999046,
    -0.031203241144188265,
    0.1957876832974954,
    0.01504382267936255,
    0.007419703001730005,
    -6.744794995849901e-05,
    0.010068135974420134,
    0.0019528837446358693,
    0.12454315800612159,
    0.14310061381677264,
    0.12308727567797006,
    0.06743527363954116,
    0.06943064736303928,
    0.12324879747693729,
    0.1257515764687248,
    0.1957837086696781,
    0.01505083848023303,
    0.007424646665563861,
    -6.732779880613826e-05,
    0.010071232567691046,
    0.001958499587972229,
    0.12454802579916513,
    0.1430946548835963,
    0.12308706871068464,
    0.06742719587893475,
    0.06942953700463628,
    0.12325336935205256,
    0.12575515317873998,
    0.01964175447291394,
    0.042839374768745,
    0.020433286691181607,
    0.08805599636898154,
    -0.013639568685910763,
    0.00729199465865471,
    0.13860992871254885,
    0.10359136986418693,
    0.13612110463878535,
    0.08803784915682056,
    0.01965026586815477,
    0.007291247273261803,
    -0.013627147438057596,
    0.1386157626573563,
    0.1361350708451895,
    0.10360274126599478,
    0.02442068916977891,
    0.04449507771155292,
    0.02633818655586717,
    0.09480184374886802,
    -0.010470076437655518,
    0.0061835374872809545,
    0.14176611879497203,
    0.1090484853842908,
    0.1371220800588382,
    0.0947880211999923,
    0.024432611255841064,
    0.00618230040059875,
    -0.010457366897831832,
    0.14177797532039493,
    0.13713679207591267,
    0.10906546323694188
  ],
  "dipole_vec_eA": [
    -0.2626268698272269,
    0.005381255880324431,
    -4.85130826470824e-07
  ],
  "dipole_mag_D": 1.2617152816191821,
  "HOMO_eV": -20.978394248543058,
  "LUMO_eV": -20.580563152178705,
  "gap_eV": 0.397831096364353
}