{
  "tag": "RMC-Os_2-Y_3-A2-B6-NNNNOO",
  "energy_eV": -2214.739882994874,
  "multiplicity": 1,
  "charge": 3,
  "sym1": "Os",
  "ox1": 2,
  "sym2": "Y",
  "ox2": 3,
  "acid": "A2",
  "base": "B6",
  "bridge": [
    "O",
    "O"
  ],
  "S1_ref": 0.0,
  "S2_ref": 0.0,
  "mulliken_q_e": [
    0.42761670767921356,
    0.570319769611068,
    -0.3163663885288881,
    -0.31635892638748264,
    -0.050876049255947686,
    -0.050888805560593164,
    -0.10659811947977604,
    -0.10660348211241111,
    0.18814462505964302,
    -0.010408507656165744,
    0.002931655323581861,
    -0.007530606321690003,
    -0.00034707519505250417,
    -0.00034187952275410716,
    0.11387286829878818,
    0.1263287827484858,
    0.1154599450584618,
    0.08045584663771121,
    0.05737515349678923,
    0.11827518696363637,
    0.11824211760965264,
    0.18813520890673607,
    -0.01040329946617824,
    0.0029239915357730517,
    -0.007525462711718056,
    -0.00035792146496804733,
    -0.0003427521358392305,
    0.11387279262203898,
    0.1263287141845877,
    0.11546134323859969,
    0.08045744502355423,
    0.057351369971389676,
    0.11827507093087575,
    0.11824411316381445,
    -0.09360850794926945,
    -0.042731272382157126,
    -0.042732535882456624,
    0.12924846042525717,
    0.10369883647708067,
    0.11473358410820189,
    0.11473354462398522,
    0.12635685715795564,
    0.1263564931191541,
    -0.08468693356972201,
    -0.030919828853128495,
    -0.03092016831652944,
    0.1411107370852981,
    0.11740893541145869,
    0.11819548923690637,
    0.11819554539788946,
    0.13021876331351356,
    0.1302185683316608
  ],
  "dipole_vec_eA": [
    0.7171747215715171,
    -0.00010658100309329964,
    0.5372987636586354
  ],
  "dipole_mag_D": 4.304243389491067,
  "HOMO_eV": -18.718456719305667,
  "LUMO_eV": -18.64042122052434,
  "gap_eV": 0.07803549878132898
}