{
  "tag": "RMC-Cr_3-V_3-A2-B4-NNNNSS",
  "energy_eV": -1954.5872405680884,
  "multiplicity": 2,
  "charge": 4,
  "sym1": "Cr",
  "ox1": 3,
  "sym2": "V",
  "ox2": 3,
  "acid": "A2",
  "base": "B4",
  "bridge": [
    "S",
    "S"
  ],
  "S1_ref": 0.5,
  "S2_ref": 1.0,
  "mulliken_q_e": [
    0.6251695310893858,
    0.33320829552137643,
    0.2522979549415028,
    0.25236755149649903,
    -0.17384618882815017,
    -0.1738408671203464,
    -0.1418650501287746,
    -0.14185719363048843,
    0.029187717076284425,
    0.030278156482142826,
    0.016235560391020254,
    0.008170453511822329,
    0.022646245354898564,
    0.030671518909012985,
    0.1386218755293427,
    0.15420364805540165,
    0.14828625766938652,
    0.09175194863927327,
    0.05924665641484239,
    0.18140910584849435,
    0.15149904189109653,
    0.029208568031866555,
    0.03027452594793023,
    0.016228170594074998,
    0.008145035642099785,
    0.022660800888916866,
    0.030691730003195472,
    0.13864892432716536,
    0.15417409834856222,
    0.1483361966045983,
    0.0917495272467086,
    0.05928027094099564,
    0.1814126503768081,
    0.1515002629958071,
    -0.08511231094996674,
    -0.0851838969577623,
    0.15861698438127703,
    0.15432782458678773,
    0.1586351756626384,
    0.15434867170265965,
    -0.034881614926294935,
    -0.034905686465806385,
    0.16041802953033402,
    0.16855951908394562,
    0.16043420336641567,
    0.1685901199230453
  ],
  "dipole_vec_eA": [
    0.2592531524037585,
    0.00028596442915881617,
    0.4688755335014366
  ],
  "dipole_mag_D": 2.5734443615138045,
  "solvation_E_eV": null
}