{
  "tag": "RMC-Cr_2-Pt_2-A2-B5-NNNNNS",
  "energy_eV": -2007.925341343576,
  "multiplicity": 1,
  "charge": 1,
  "sym1": "Cr",
  "ox1": 2,
  "sym2": "Pt",
  "ox2": 2,
  "acid": "A2",
  "base": "B5",
  "bridge": [
    "N",
    "S"
  ],
  "S1_ref": 0.0,
  "S2_ref": 0.0,
  "mulliken_q_e": [
    0.5739356673973356,
    0.06280627664162874,
    -0.22558382886191564,
    0.25079527365919296,
    -0.23869337730037987,
    -0.3213496851693949,
    -0.16341779973956583,
    -0.2211686138754534,
    -0.0020755135495704735,
    -0.002940734712102877,
    -0.01178054829281261,
    -0.02055252743354896,
    -0.012864430113868064,
    0.0013862813257863316,
    0.07358793148311327,
    0.07535611303799761,
    0.07352263236242351,
    0.059105362203778045,
    0.09219826770109973,
    0.07261411818626917,
    0.07341911139037016,
    0.10651607453027556,
    0.001326269828308524,
    -0.01869682425678576,
    -0.02049710101170099,
    -0.0187762119157735,
    0.005007054319154491,
    0.0759758831110684,
    0.07833856719352883,
    0.07618744464800142,
    0.06982623424177103,
    0.07962186073307853,
    0.10342139004483375,
    0.08935798644469828,
    -0.07768029535947885,
    -0.0753054012202623,
    0.08242289447896456,
    0.0863106599127843,
    -0.042557655570137465,
    -0.056072507115386916,
    0.10023197081863922,
    0.16674172990322855
  ],
  "dipole_vec_eA": [
    0.27328985378060655,
    -0.6991940044057412,
    3.0816851960701366e-06
  ],
  "dipole_mag_D": 3.605794589585267,
  "solvation_E_eV": null
}