{
  "tag": "RMC-Sc_3-Sn_2-A2-B10-NNNNNO",
  "energy_eV": -3207.498932190542,
  "multiplicity": 1,
  "charge": 2,
  "sym1": "Sc",
  "ox1": 3,
  "sym2": "Sn",
  "ox2": 2,
  "acid": "A2",
  "base": "B10",
  "bridge": [
    "N",
    "O"
  ],
  "S1_ref": 0.0,
  "S2_ref": 0.0,
  "mulliken_q_e": [
    0.7089308892308042,
    0.5567166027171868,
    -0.3545505852505686,
    -0.41527966087477086,
    -0.15767329000376695,
    -0.12250966110205908,
    -0.1677043234657929,
    -0.15191210146196799,
    0.19155085657724702,
    -0.01964992437311497,
    -0.012831260920750376,
    -0.025884875934490736,
    -0.016230808863147983,
    -0.018141701106321406,
    0.0772596073036822,
    0.08609376035571414,
    0.07398834113790886,
    0.0682108560915109,
    0.07270539760969119,
    0.07233254632935959,
    0.09344809585505442,
    0.13264388943334016,
    -0.01288211355753921,
    -0.00824095012785575,
    -0.027780900610427928,
    -0.011301241768063797,
    -0.013682622649462406,
    0.07208874406178023,
    0.08072054052777489,
    0.0694866953614337,
    0.06546458095125884,
    0.06596828232855012,
    0.07693134058338902,
    0.09585146614411999,
    0.06502682282355488,
    -0.008798630076038094,
    0.020283035072116595,
    -0.0211491681202427,
    -0.014667301928581233,
    -0.04445727334816407,
    0.08172621688786386,
    0.08024976898027414,
    0.06577283468053341,
    -0.020226263578363213,
    0.02082314584870093,
    -0.002156108861857353,
    0.06155375599755186,
    -0.045075675363997814,
    -0.015051917274168547,
    0.08205822307721178,
    0.06378654005752926,
    0.07926977711027461,
    0.06619632378517681,
    -0.004827693463046678,
    0.01910328535674144,
    -0.022116488175915938,
    -0.01591838409968216,
    -0.04328851336911277,
    0.07742097055199804,
    0.07521352589604313,
    0.05793531589083767,
    -0.020910826137219063,
    0.018725030151214073,
    0.0011252168699136256,
    0.06942272820496775,
    -0.042507392175416214,
    -0.01620273326488486,
    0.07689518663034078,
    0.05646221465047907,
    0.074167980183244
  ],
  "dipole_vec_eA": [
    -0.7196788758884177,
    -0.2523331982423746,
    1.3833795671739408e-15
  ],
  "dipole_mag_D": 3.663084080602314,
  "HOMO_eV": -14.666126259781604,
  "LUMO_eV": -14.371112674030622,
  "gap_eV": 0.2950135857509828
}