{
  "tag": "RMC-Fe_2-V_3-A2-B1-NNNNNN",
  "energy_eV": -2490.665483909186,
  "multiplicity": 3,
  "charge": 1,
  "sym1": "Fe",
  "ox1": 2,
  "sym2": "V",
  "ox2": 3,
  "acid": "A2",
  "base": "B1",
  "bridge": [
    "N",
    "N"
  ],
  "S1_ref": 0.0,
  "S2_ref": 1.0,
  "mulliken_q_e": [
    0.7419704441526838,
    0.23919201056089756,
    -0.29444271691108126,
    -0.29441716592337475,
    -0.18016524787913224,
    -0.18017180370249908,
    -0.1334184977151014,
    -0.1334234372158274,
    0.09767400547734773,
    -0.005268227410021309,
    -0.022657895107533133,
    -0.030852926797185543,
    -0.022757606152300047,
    -0.014381513403692647,
    0.05892266000469648,
    0.06309158462109454,
    0.059682475285864345,
    0.058890084847954105,
    0.041294542805494494,
    0.05102380763231118,
    0.06487396744219098,
    0.09766253969151384,
    -0.005277260658557381,
    -0.022677639538278838,
    -0.03084877912217543,
    -0.022776623296371756,
    -0.014388588873502473,
    0.05892617192658001,
    0.0630924495239813,
    0.0596854649010915,
    0.058854551942307376,
    0.04125934028028677,
    0.051026169997911874,
    0.06487608370176356,
    -0.039007397297114776,
    0.05099577467298144,
    0.051009409247686044,
    -0.039004905521700106,
    -0.02567518902797228,
    -0.02568090674714596,
    0.05816759692956308,
    0.05816766654570382,
    0.06639507387111176,
    0.06639469687915789,
    -0.04114121209286825,
    0.06427642366608577,
    0.06428937551311487,
    -0.041138320408964146,
    -0.024724139305858372,
    -0.024729562477266542,
    0.049602062802327485,
    0.04960216277140239,
    0.0590645872844755,
    0.0590643776061488
  ],
  "dipole_vec_eA": [
    0.09123467943003977,
    -0.00040213041790749697,
    -7.795110493677735e-15
  ],
  "dipole_mag_D": 0.43822305850856885,
  "HOMO_eV": -11.440119337578224,
  "LUMO_eV": -11.387195419840442,
  "gap_eV": 0.05292391773778249
}