{
  "tag": "RMC-Ni_2-Pb_2-A2-B7-NNNNSS",
  "energy_eV": -2194.1283576484193,
  "multiplicity": 1,
  "charge": 2,
  "sym1": "Ni",
  "ox1": 2,
  "sym2": "Pb",
  "ox2": 2,
  "acid": "A2",
  "base": "B7",
  "bridge": [
    "S",
    "S"
  ],
  "S1_ref": 0.0,
  "S2_ref": 0.0,
  "mulliken_q_e": [
    -0.19334324754072518,
    0.5811824007671023,
    -0.050448570607827856,
    -0.0517331721831584,
    0.010799920944583707,
    0.026450741336339068,
    -0.18276485820915234,
    -0.17664867815862162,
    0.06819813673282216,
    0.006267116788565508,
    -0.0062248585359010455,
    -0.017270300073295664,
    -0.0068387481522547144,
    0.015480001450142389,
    0.08756225237860649,
    0.09420094187842898,
    0.0882102734846062,
    0.08217741873591655,
    0.05963777822442218,
    0.07381465509498653,
    0.0948257386204121,
    0.0666242249963005,
    0.005306344306235555,
    -0.0060971862171559366,
    -0.017356080016281306,
    -0.006380466142882124,
    0.013981719308967966,
    0.08782254587570526,
    0.09516380169213556,
    0.08839203439295895,
    0.08284845863109158,
    0.0639574205784077,
    0.07305694567482846,
    0.09142140396795362,
    0.0252715000486734,
    -0.019076986986758415,
    0.08816649833691992,
    0.10318369131459759,
    -0.01196726054688435,
    0.11412215529261449,
    0.11412215529852698,
    0.026873958831741263,
    -0.06511429254596646,
    0.08433825169239595,
    0.10292765343994359,
    -0.015039367552069027,
    0.10495796665569868,
    0.10495796669644886
  ],
  "dipole_vec_eA": [
    0.4134717246824864,
    0.2848286421397582,
    -1.7239915879328651e-09
  ],
  "dipole_mag_D": 2.4116018694670234,
  "HOMO_eV": -15.637089648070699,
  "LUMO_eV": -14.677716222929561,
  "gap_eV": 0.9593734251411377
}