{
  "tag": "RMC-Au_3-Ir_3-A2-B6-NNNNSS",
  "energy_eV": -2231.1827936083414,
  "multiplicity": 1,
  "charge": 4,
  "sym1": "Au",
  "ox1": 3,
  "sym2": "Ir",
  "ox2": 3,
  "acid": "A2",
  "base": "B6",
  "bridge": [
    "S",
    "S"
  ],
  "S1_ref": 0.0,
  "S2_ref": 0.0,
  "mulliken_q_e": [
    0.4423932521251906,
    0.23801916886233976,
    -0.01309670711592087,
    -0.01312731537259304,
    -0.07708357020124912,
    -0.07709744656306916,
    -0.015593880570160978,
    -0.015597013728420261,
    0.0727509666851931,
    0.02813975497777843,
    0.01374673357792311,
    0.011442860437674174,
    0.015885854423854928,
    0.02345946846843905,
    0.14077208091477855,
    0.1559858378815917,
    0.1403963124887565,
    0.06569246715505073,
    0.07526298375625506,
    0.16006065092663624,
    0.15428635698923066,
    0.07278831717872158,
    0.028148201706195364,
    0.013741057621719621,
    0.011448851523353287,
    0.015885402829060924,
    0.023466835682971476,
    0.14077092685220105,
    0.1559842141736678,
    0.14039481846690594,
    0.06569999985909614,
    0.07527177068298241,
    0.1600594109150567,
    0.15428652505693952,
    -0.09412113017560575,
    -0.032002570049305845,
    -0.03200556691819467,
    0.14625652997567706,
    0.08909076618583056,
    0.146814688815178,
    0.14681293326923506,
    0.13417404194724603,
    0.1341760008555941,
    -0.0834291664641773,
    -0.028752378621544672,
    -0.02875348180085502,
    0.16844755859858562,
    0.1514699093923103,
    0.1474901139102417,
    0.14748990924169825,
    0.15109782156420848,
    0.1510988756203666
  ],
  "dipole_vec_eA": [
    0.7307625608225226,
    0.000258776922292901,
    0.4915220454054971
  ],
  "dipole_mag_D": 4.230114967857266,
  "HOMO_eV": -22.410276730724142,
  "LUMO_eV": -21.991355592070427,
  "gap_eV": 0.4189211386537153
}