{
  "tag": "RMC-Cd_2-In_1-A2-B10-NNNNSS",
  "energy_eV": -3168.8773629163525,
  "multiplicity": 1,
  "charge": 1,
  "sym1": "Cd",
  "ox1": 2,
  "sym2": "In",
  "ox2": 1,
  "acid": "A2",
  "base": "B10",
  "bridge": [
    "S",
    "S"
  ],
  "S1_ref": 0.0,
  "S2_ref": 0.0,
  "mulliken_q_e": [
    0.3185503714627347,
    0.3166799796649798,
    -0.23373564376310663,
    -0.23372427580178257,
    -0.14757429252820797,
    -0.14757642431107865,
    -0.16386181325559845,
    -0.1638734141975724,
    0.08272441195369651,
    0.0022244622102229883,
    -0.018018577958913484,
    -0.0320458874651417,
    -0.020954232017369234,
    -0.003600990913287472,
    0.057954556110268785,
    0.06078390784758503,
    0.053530069432863314,
    0.07721450641915206,
    0.07078799734759555,
    0.04064420488313103,
    0.05893039878708051,
    0.0827251889174021,
    0.002217415854642857,
    -0.018016710138852865,
    -0.032044171014081746,
    -0.020955022098881226,
    -0.0036024970385770683,
    0.05795300829988925,
    0.06078179604735989,
    0.05353008888995203,
    0.07722629926812674,
    0.07079012734175483,
    0.04062978045853094,
    0.05892844967288935,
    0.07449634007942296,
    -0.0011665649457910376,
    0.012591964709638415,
    -0.02916762247679716,
    -0.021375022559575463,
    -0.046165211351444135,
    0.06134588778059713,
    0.05951982693736835,
    0.052495317007618336,
    -0.029163659606494807,
    0.01259231714814768,
    -0.0011684669136227122,
    0.07449762802838644,
    -0.046165789562814474,
    -0.021376535015682485,
    0.06134301689999366,
    0.052495129423956066,
    0.05952098333509115,
    0.07046085101718491,
    -0.014946150471272013,
    0.010511139169677053,
    -0.030068305130080963,
    -0.02341135532146099,
    -0.04455603399529795,
    0.058642050874316065,
    0.05672054056822762,
    0.05146071136580854,
    -0.030082583789021067,
    0.010505568093571283,
    -0.014941055770370637,
    0.07046298647169569,
    -0.044551156366294364,
    -0.02340318732428459,
    0.05865504252273235,
    0.05145576537028118,
    0.05671256542895109
  ],
  "dipole_vec_eA": [
    -0.5636948801824853,
    -3.7068962930560014e-05,
    5.0640731116995336e-14
  ],
  "dipole_mag_D": 2.70754166132399,
  "HOMO_eV": -11.762760495828976,
  "LUMO_eV": -10.824346464488077,
  "gap_eV": 0.9384140313408995
}