{
  "tag": "RMC-Pb_2-Pt_2-A2-B6-NNNNOS",
  "energy_eV": -2270.75574939394,
  "multiplicity": 1,
  "charge": 2,
  "sym1": "Pb",
  "ox1": 2,
  "sym2": "Pt",
  "ox2": 2,
  "acid": "A2",
  "base": "B6",
  "bridge": [
    "O",
    "S"
  ],
  "S1_ref": 0.0,
  "S2_ref": 0.0,
  "mulliken_q_e": [
    0.6818042458337432,
    0.06331549309337903,
    -0.3433951251423266,
    -0.07735888589611438,
    -0.15759698942024492,
    -0.16464016445406116,
    -0.030088477197163233,
    -0.019146380351507286,
    0.058768008355373436,
    0.007480769388324537,
    -0.010231489547309236,
    -0.01852457085931558,
    -0.007663495299197853,
    -0.0009891141057785102,
    0.08764367348893443,
    0.09539535599217264,
    0.08751300894302316,
    0.05127875429054085,
    0.07420396669446006,
    0.09445041220189399,
    0.07531815287676424,
    0.19248286524987912,
    -0.01932177954573877,
    -0.01132077015246491,
    -0.02715199124849943,
    -0.010994040033486474,
    -0.02589734940650512,
    0.08165002727681281,
    0.08903755450218565,
    0.08074591545721133,
    0.0633077479318076,
    0.07510573274435695,
    0.08645012679879671,
    0.07458435602230518,
    -0.08344418259243591,
    -0.01456063189950596,
    -0.009366453551277854,
    0.0898712851738459,
    0.08737882741503855,
    0.08138988849952622,
    0.07518972629418252,
    0.06022954087778476,
    0.06376817925204503,
    -0.07930915755445622,
    -0.02186195845466754,
    -0.025303548749923577,
    0.10056093847833503,
    0.10058717107879889,
    0.08842313798372936,
    0.09068370763140654,
    0.09705857800383122,
    0.10248940763148617
  ],
  "dipole_vec_eA": [
    -0.33512679424016223,
    -0.28135909405928816,
    -1.0203783479664115
  ],
  "dipole_mag_D": 5.332735516989366,
  "HOMO_eV": -15.594557405384602,
  "LUMO_eV": -13.92215799407902,
  "gap_eV": 1.672399411305582
}