{
  "tag": "RMC-Ag_2-Zn_2-A2-B5-NNNNNS",
  "energy_eV": -1951.032244320794,
  "multiplicity": 2,
  "charge": 1,
  "sym1": "Ag",
  "ox1": 2,
  "sym2": "Zn",
  "ox2": 2,
  "acid": "A2",
  "base": "B5",
  "bridge": [
    "N",
    "S"
  ],
  "S1_ref": 0.5,
  "S2_ref": 0.0,
  "mulliken_q_e": [
    0.20090332817625722,
    0.28203637274036086,
    -0.10260215921238602,
    0.05219359938187995,
    -0.0909428947019566,
    -0.2092507900201146,
    -0.20287219606567963,
    -0.2083530235193718,
    0.03579459896208581,
    0.0008574610250606796,
    -0.010915632682896748,
    -0.024616903135249668,
    -0.011212617780174572,
    -0.0016628826658546814,
    0.06757592098737886,
    0.06913136176382928,
    0.06746542485287033,
    0.09122003626137398,
    0.06882248724653306,
    0.07571422945803585,
    0.0647866425579473,
    0.06735587621421613,
    -0.006917811250612971,
    -0.017207114888068364,
    -0.027268973753369563,
    -0.015876446427071977,
    -0.008419236115314366,
    0.06296076332011813,
    0.0654399608934958,
    0.06397936892576639,
    0.09575897699260816,
    0.02321163743044763,
    0.10504012314876043,
    0.0636294986885575,
    -0.020234675773961985,
    -0.0267436699244199,
    0.17997068794994564,
    0.15693739514087368,
    -0.0764045350065965,
    -0.07033784479216587,
    0.08210926101190585,
    0.08894439673785104
  ],
  "dipole_vec_eA": [
    -1.1654564684062794,
    -0.03884468561136895,
    -1.1097183082797586e-15
  ],
  "dipole_mag_D": 5.601033962581188,
  "solvation_E_eV": null
}