{
  "tag": "RMC-Pb_2-Ta_3-A2-B6-NNNNOO",
  "energy_eV": -2205.444779709097,
  "multiplicity": 3,
  "charge": 3,
  "sym1": "Pb",
  "ox1": 2,
  "sym2": "Ta",
  "ox2": 3,
  "acid": "A2",
  "base": "B6",
  "bridge": [
    "O",
    "O"
  ],
  "S1_ref": 0.0,
  "S2_ref": 1.0,
  "mulliken_q_e": [
    0.8002145778728955,
    0.8366755863214166,
    -0.41853151602181726,
    -0.4185359881870587,
    -0.13512709958566527,
    -0.13512559016740067,
    -0.14157146745027638,
    -0.14157924594121507,
    0.17766135797375848,
    -0.005094363843389127,
    0.0002004049394457308,
    -0.008578417273079841,
    0.0009545977971006092,
    -0.010148194415519507,
    0.11738806216248121,
    0.12886794238146537,
    0.11588055077072013,
    0.05972680299902211,
    0.07381052017343404,
    0.12164468099024972,
    0.10991520876365035,
    0.17767462560013003,
    -0.005086292411427662,
    0.00020969642887691542,
    -0.008584964792826888,
    0.0009416937450661411,
    -0.01014950624031985,
    0.11738679448021105,
    0.1288686682470247,
    0.11588101133235196,
    0.05975468735386347,
    0.0738091561015437,
    0.12164082542266474,
    0.10991491687979482,
    -0.08923557889262268,
    -0.027410730991331178,
    -0.02741060324523792,
    0.11619180441839938,
    0.0949911079575606,
    0.10476131162307423,
    0.10476137361632232,
    0.08618009778033642,
    0.08618056013418407,
    -0.092434556159261,
    -0.028725470295086986,
    -0.028726180652911992,
    0.1327481821051011,
    0.10417321967756721,
    0.11273173053954044,
    0.11273214063350989,
    0.11379034059354087,
    0.1137915287446718
  ],
  "dipole_vec_eA": [
    -0.11371555151269377,
    8.614709664824278e-05,
    -0.8653092277693656
  ],
  "dipole_mag_D": 4.1919930353127315,
  "HOMO_eV": -18.032135058744814,
  "LUMO_eV": -17.357939611494174,
  "gap_eV": 0.6741954472506393
}