{
  "tag": "RMC-Pb_2-Ti_3-A2-B4-NNNNOS",
  "energy_eV": -1997.1816202080136,
  "multiplicity": 2,
  "charge": 3,
  "sym1": "Pb",
  "ox1": 2,
  "sym2": "Ti",
  "ox2": 3,
  "acid": "A2",
  "base": "B4",
  "bridge": [
    "O",
    "S"
  ],
  "S1_ref": 0.0,
  "S2_ref": 0.5,
  "mulliken_q_e": [
    0.8462460940534382,
    0.9532271860477033,
    -0.35875780936948676,
    0.20070545344571714,
    -0.2710695136109864,
    -0.22083145688634787,
    -0.14883341957185237,
    -0.31555454396503047,
    0.029749273720587333,
    0.013629459012640677,
    0.009308888607107546,
    -0.004814227430257834,
    0.010905761674143033,
    0.015959189585621703,
    0.11406799077466856,
    0.12252798512095187,
    0.1166785839926634,
    0.10008869621933014,
    0.070043509862741,
    0.11716445842893675,
    0.11086128002622053,
    0.19396494691917998,
    -0.006900370439858472,
    0.0009319606259734492,
    -0.008943235872530542,
    -0.0006785819329335752,
    0.004871871470333522,
    0.11929240199251334,
    0.12456927934105533,
    0.10965619107239843,
    0.08318269445433812,
    0.10902019181045963,
    0.12572428229715715,
    0.1116687585495243,
    -0.09272925501326879,
    -0.062467908752217305,
    0.09425047533773978,
    0.09425047532056718,
    0.09759797781759671,
    0.09759797780100687,
    -0.19716653359918168,
    -0.02346605672126434,
    0.1288195417275435,
    0.12881954172707855,
    0.12841526716614526,
    0.12841526716512952
  ],
  "dipole_vec_eA": [
    -0.721303868986914,
    0.14987166338616878,
    -1.6795358399035582e-09
  ],
  "dipole_mag_D": 3.538565888566305,
  "solvation_E_eV": null
}