{
  "tag": "RMC-In_1-V_2-A2-B7-NNNNNO",
  "energy_eV": -2126.5585839022456,
  "multiplicity": 2,
  "charge": 0,
  "sym1": "In",
  "ox1": 1,
  "sym2": "V",
  "ox2": 2,
  "acid": "A2",
  "base": "B7",
  "bridge": [
    "N",
    "O"
  ],
  "S1_ref": 0.0,
  "S2_ref": 0.5,
  "mulliken_q_e": [
    0.33690567791328463,
    0.25362266243715426,
    -0.30574286507657855,
    -0.3259076752472234,
    -0.19298984101944971,
    -0.1759368542432378,
    -0.13188480608565922,
    -0.1453513587572144,
    0.16836121825317507,
    -0.025336100636399905,
    -0.03878407307580867,
    -0.04411341717917727,
    -0.04134638984491623,
    -0.031828745658736946,
    0.03074023333534548,
    0.03068733451821859,
    0.02915583021708068,
    0.04009879670526151,
    0.05899958950180184,
    0.01128520960811863,
    0.021015091299596778,
    0.0969442262247,
    -0.012175331236000009,
    -0.031797656945907304,
    -0.04564220998660429,
    -0.03608976537120934,
    -0.027426724108997602,
    0.03282349241306781,
    0.030319727221886583,
    0.026542821920110038,
    0.01731758009583273,
    0.07235720138030621,
    0.024168401216149715,
    0.022298955253499453,
    0.030353804958842767,
    -0.06462426542550781,
    0.020031679664605506,
    0.03789130937126639,
    0.019238157733970196,
    0.05019502478052229,
    0.05019502476668092,
    0.03162749665893605,
    -0.06161580799164357,
    0.021115943638104206,
    0.04216325016356848,
    0.005846270167859657,
    0.06314594432319409,
    0.06314594431990694
  ],
  "dipole_vec_eA": [
    -0.33462299889769426,
    0.04124838101215678,
    -3.752201728521665e-11
  ],
  "dipole_mag_D": 1.6194277996481066,
  "HOMO_eV": -7.8512261521267535,
  "LUMO_eV": -7.807070986079061,
  "gap_eV": 0.04415516604769287
}