{
  "tag": "RMC-Cd_2-Sc_3-A2-B6-NNNNNN",
  "energy_eV": -2100.272658767524,
  "multiplicity": 1,
  "charge": 1,
  "sym1": "Cd",
  "ox1": 2,
  "sym2": "Sc",
  "ox2": 3,
  "acid": "A2",
  "base": "B6",
  "bridge": [
    "N",
    "N"
  ],
  "S1_ref": 0.0,
  "S2_ref": 0.0,
  "mulliken_q_e": [
    0.4417961534491447,
    0.6158571998901633,
    -0.4055806335257206,
    -0.40553476825260915,
    -0.17053076530523725,
    -0.17052366141193342,
    -0.18275321744472017,
    -0.18274578216466453,
    0.12671195646312916,
    -0.028801847741641406,
    -0.01639450581751012,
    -0.042641433534707174,
    -0.015407903491450936,
    -0.025861196401203213,
    0.04839948894206847,
    0.051845313275407645,
    0.04961801788469822,
    0.07048693398663874,
    0.07091035358211473,
    0.05393519824406867,
    0.04473886909313063,
    0.1267140168783576,
    -0.028805472635511586,
    -0.016368166675835516,
    -0.04264329174364079,
    -0.015395491936628591,
    -0.025889210186955447,
    0.0483976576270746,
    0.05184370390042237,
    0.04961752822164045,
    0.07050414741221811,
    0.07090353678859151,
    0.05393410387032915,
    0.044742006815822744,
    -0.07765532346956805,
    -0.004657156671534768,
    -0.004657719397402671,
    0.07736627006042551,
    0.08053877474420534,
    0.059895728030452955,
    0.059895795114102035,
    0.07377027067827746,
    0.07377017385117524,
    -0.07523733951472567,
    -0.0035778608162497783,
    -0.0035786639375410267,
    0.07946898326011387,
    0.07523000080110664,
    0.06556450219384669,
    0.06556499145116768,
    0.07160929078159362,
    0.07161044037284137
  ],
  "dipole_vec_eA": [
    0.36428284570612596,
    6.053075745703258e-06,
    0.05413135501244877
  ],
  "dipole_mag_D": 1.7689373514488849,
  "HOMO_eV": -11.58062112585811,
  "LUMO_eV": -10.802320811934386,
  "gap_eV": 0.7783003139237241
}