{
  "tag": "RMC-Rh_3-Zr_2-A2-B7-NNNNNN",
  "energy_eV": -2153.474062960483,
  "multiplicity": 3,
  "charge": 1,
  "sym1": "Rh",
  "ox1": 3,
  "sym2": "Zr",
  "ox2": 2,
  "acid": "A2",
  "base": "B7",
  "bridge": [
    "N",
    "N"
  ],
  "S1_ref": 0.0,
  "S2_ref": 1.0,
  "mulliken_q_e": [
    -0.05283869290578902,
    0.9136460700385269,
    -0.2563852146787702,
    -0.25035397064586173,
    -0.05679261303543792,
    -0.04116383264535117,
    -0.21360562150873408,
    -0.19453508068648295,
    0.10665701048102405,
    -0.020286585937642432,
    -0.03179106606080895,
    -0.033070895469374806,
    -0.031498571302619016,
    -0.0093830065239906,
    0.05061617062604973,
    0.055820154768915,
    0.053013960453558995,
    0.02595450931643639,
    0.044971812908651376,
    0.05934367968202259,
    0.0544862632116373,
    0.10608997320778579,
    -0.02480154579410021,
    -0.029293052524996366,
    -0.03505965951645984,
    -0.028980603178830666,
    -0.011616678367954325,
    0.05095420782561744,
    0.05647460935814974,
    0.05349106379876489,
    0.036054980357255406,
    0.046711378373696766,
    0.058125027925277184,
    0.050334397662118335,
    0.021323805022850584,
    -0.043095398183340405,
    0.05102770329245021,
    0.06745783869786914,
    -0.002994544025044954,
    0.0796474410974366,
    0.0796474410974386,
    0.02381512500318106,
    -0.07427560046476311,
    0.06114061552282324,
    0.07015054776094132,
    0.004430170976819969,
    0.08021813747987727,
    0.08021813747987316
  ],
  "dipole_vec_eA": [
    0.6715632254598548,
    0.2658692409555569,
    -1.4246989539416108e-15
  ],
  "dipole_mag_D": 3.4692424887081432,
  "HOMO_eV": -10.919492634934214,
  "LUMO_eV": -10.623010180237594,
  "gap_eV": 0.29648245469661916
}