{
  "tag": "RMC-In_1-Sn_2-A2-B6-NNNNNS",
  "energy_eV": -2166.243842350982,
  "multiplicity": 1,
  "charge": 0,
  "sym1": "In",
  "ox1": 1,
  "sym2": "Sn",
  "ox2": 2,
  "acid": "A2",
  "base": "B6",
  "bridge": [
    "N",
    "S"
  ],
  "S1_ref": 0.0,
  "S2_ref": 0.0,
  "mulliken_q_e": [
    0.24863819647678442,
    0.2826992712208886,
    -0.36077537829500383,
    -0.21578725140933003,
    -0.16985793605402577,
    -0.167250707454067,
    -0.19442807398514517,
    -0.16857792501041513,
    0.06774868084412922,
    -0.012432340230547512,
    -0.028812664270812416,
    -0.043355172562631106,
    -0.02705448521049858,
    -0.006602349048970613,
    0.0358823898962356,
    0.03673795004277469,
    0.03879188869714101,
    0.07217031813733632,
    0.07104487603294718,
    0.020200913593548808,
    0.009494139554219294,
    0.11313273501380783,
    -0.04320008375414397,
    -0.025857443318048068,
    -0.05544215366890781,
    -0.02597927032195746,
    -0.02925895254715627,
    0.017678151313658796,
    0.01918847629824527,
    0.02056572276621793,
    0.06848421004867511,
    0.0719472733126294,
    0.005941369893696313,
    0.0060400648478026175,
    -0.070390907562069,
    0.012894984768051065,
    0.013474724762703616,
    0.041077905357334465,
    0.08223923273568601,
    0.027079571799974667,
    0.024702833482441733,
    0.03024504030674935,
    0.04481427357134116,
    -0.06713771365221133,
    0.021641002560587985,
    0.013853776390047923,
    0.03693741895665592,
    0.06154950951266813,
    0.019257691740502403,
    0.022892427519208725,
    0.01807994416710479,
    0.03507384273449632
  ],
  "dipole_vec_eA": [
    0.03399841178106473,
    -0.4718545997744153,
    -0.5525686788740851
  ],
  "dipole_mag_D": 3.4939301568404715,
  "HOMO_eV": -8.225698699888058,
  "LUMO_eV": -7.609946643465446,
  "gap_eV": 0.615752056422612
}