{
  "tag": "RMC-Mn_2-Mo_2-A2-B6-NNNNNN",
  "energy_eV": -2202.407420160186,
  "multiplicity": 2,
  "charge": 0,
  "sym1": "Mn",
  "ox1": 2,
  "sym2": "Mo",
  "ox2": 2,
  "acid": "A2",
  "base": "B6",
  "bridge": [
    "N",
    "N"
  ],
  "S1_ref": 0.5,
  "S2_ref": 0.0,
  "mulliken_q_e": [
    -0.005672811557740243,
    0.2840756843804697,
    -0.2186132498430764,
    -0.21860900483063883,
    -0.12729800557574067,
    -0.127305684343185,
    -0.16754606360639546,
    -0.16754576718070613,
    0.09890816006142056,
    -0.017593856567535093,
    -0.040968764877720165,
    -0.039500467257373106,
    -0.042967119349171634,
    -0.016148910740802158,
    0.026716861856242335,
    0.028662779427444995,
    0.025963812148537935,
    0.03257508310440582,
    0.049733923142642356,
    0.017701830943692376,
    0.01543794974744872,
    0.0989099509825564,
    -0.017596961809973388,
    -0.040978008202133376,
    -0.039497983024708416,
    -0.042971873712276176,
    -0.016154448480054207,
    0.02671897665171563,
    0.02866130188269589,
    0.02596334685584567,
    0.03256615046988731,
    0.04973555732034374,
    0.01770216600246266,
    0.015435148831795309,
    -0.058142094723143245,
    0.017351293402362078,
    0.017353244933039136,
    0.03942661850927809,
    0.06559115134205229,
    0.02745922822106317,
    0.027458623244196678,
    0.04345688989526497,
    0.04345536167959774,
    -0.06251683743010061,
    0.018449834628730066,
    0.01845012786578848,
    0.044588844932801464,
    0.06968071359695538,
    0.033165229257997475,
    0.033165351162858014,
    0.0465535553087888,
    0.04655316131756371
  ],
  "dipole_vec_eA": [
    0.034369774120040913,
    -8.752756238700296e-05,
    0.03028168571256992
  ],
  "dipole_mag_D": 0.2200197632542831,
  "HOMO_eV": -7.931527569835598,
  "LUMO_eV": -7.367374196973299,
  "gap_eV": 0.5641533728622994
}