{
  "tag": "RMC-Rh_3-Ta_3-A2-B10-NNNNNN",
  "energy_eV": -3249.0265305414346,
  "multiplicity": 3,
  "charge": 2,
  "sym1": "Rh",
  "ox1": 3,
  "sym2": "Ta",
  "ox2": 3,
  "acid": "A2",
  "base": "B10",
  "bridge": [
    "N",
    "N"
  ],
  "S1_ref": 0.0,
  "S2_ref": 1.0,
  "mulliken_q_e": [
    -0.006599097857282077,
    0.6933811711563775,
    -0.233699672728781,
    -0.23372369984560737,
    -0.0565496430558845,
    -0.056549031555101825,
    -0.18079082813986935,
    -0.18079215329907217,
    0.11782237525171113,
    -0.010893411515086715,
    -0.010235601394837257,
    -0.020891220907990338,
    -0.011818060954011056,
    0.0016965750961446258,
    0.0751823250065935,
    0.08752167704985792,
    0.0765678545322932,
    0.06550755314250756,
    0.05737308384638573,
    0.07978527224500243,
    0.08801160846557587,
    0.11782729740274744,
    -0.010888052259913739,
    -0.010236519195803595,
    -0.020889744418004508,
    -0.011820130778776639,
    0.0017025707433031556,
    0.0751818782942929,
    0.08752148047061992,
    0.07656765083929185,
    0.06551107240721232,
    0.05737540930023077,
    0.07978515076507997,
    0.08801095155688654,
    0.07334113121312891,
    0.02297389654255233,
    0.02604877048415366,
    -0.018546613829871328,
    -0.008943674020168269,
    -0.04355246489850573,
    0.08556925342250155,
    0.08333915092215949,
    0.06658703348800588,
    -0.018545274420773028,
    0.02605192358402464,
    0.02297313112100241,
    0.07333727029594317,
    -0.04355321420291536,
    -0.008944730977450188,
    0.08556773925599481,
    0.06658716682743193,
    0.08334021800405311,
    0.07347515726285025,
    0.00558476269826369,
    0.021053213489269806,
    -0.019740815264738254,
    -0.012220346484426825,
    -0.04321269449543785,
    0.08094607307429547,
    0.07909533315024686,
    0.06022603721281927,
    -0.019740258890632134,
    0.021053521376516837,
    0.005586518412706409,
    0.0734725383818251,
    -0.04321524168821056,
    -0.012218566156660504,
    0.08094760245264965,
    0.06022614708292484,
    0.07909422811684852
  ],
  "dipole_vec_eA": [
    0.24721321275454292,
    8.839180130636886e-05,
    1.3396195015307889e-15
  ],
  "dipole_mag_D": 1.1874156350050598,
  "HOMO_eV": -14.906185288619513,
  "LUMO_eV": -13.969593180295227,
  "gap_eV": 0.9365921083242856
}