{
  "tag": "RMC-Cr_3-Ni_3-A2-B7-NNNNNO",
  "energy_eV": -2187.5203252106053,
  "multiplicity": 1,
  "charge": 3,
  "sym1": "Cr",
  "ox1": 3,
  "sym2": "Ni",
  "ox2": 3,
  "acid": "A2",
  "base": "B7",
  "bridge": [
    "N",
    "O"
  ],
  "S1_ref": 0.5,
  "S2_ref": 0.5,
  "mulliken_q_e": [
    0.626741054691274,
    0.002232882310244211,
    -0.16032639426948636,
    -0.1954816000913584,
    -0.11409275688590181,
    -0.10826140430053055,
    0.018093312358986813,
    0.017345361081213984,
    0.1726286879282497,
    0.013497956183530668,
    -0.0008500234226411774,
    0.0035847084780225025,
    0.0029751775447683926,
    0.006480548378274831,
    0.12254436009315572,
    0.1355398302968296,
    0.12466028135907314,
    0.05837829935788785,
    0.06851516294372861,
    0.12282211095744044,
    0.112823626358307,
    0.11903150121127859,
    0.022975380361366593,
    0.005491300369151242,
    0.00559936886136736,
    0.0077518288147298,
    0.017861654162573348,
    0.1246454351976708,
    0.13700421232091142,
    0.12644273662557903,
    0.060575035526713616,
    0.06996264291352583,
    0.134030397753249,
    0.12099985628720689,
    0.023579154794725943,
    -0.02176949961785768,
    0.10027727148339682,
    0.13197013695846027,
    -0.018049266539978737,
    0.1381536929778786,
    0.13815369297808355,
    0.01931099695225602,
    -0.00796601510932815,
    0.11400482782199084,
    0.1380228492423412,
    -0.0314647254782674,
    0.14677717588993822,
    0.14677717588999417
  ],
  "dipole_vec_eA": [
    -0.1114658905868799,
    0.19834218869646114,
    -4.882098156132976e-12
  ],
  "dipole_mag_D": 1.092813616242447,
  "HOMO_eV": -19.28574321970547,
  "LUMO_eV": -19.152903888965984,
  "gap_eV": 0.13283933073948617
}