{
  "tag": "RMC-Ru_3-Ti_2-A2-B5-NNNNNS",
  "energy_eV": -1945.9080413233232,
  "multiplicity": 2,
  "charge": 2,
  "sym1": "Ru",
  "ox1": 3,
  "sym2": "Ti",
  "ox2": 2,
  "acid": "A2",
  "base": "B5",
  "bridge": [
    "N",
    "S"
  ],
  "S1_ref": 0.5,
  "S2_ref": 1.0,
  "mulliken_q_e": [
    -0.019795304905539712,
    0.8508846492852755,
    -0.33996580851951097,
    0.3060226561460832,
    -0.15365143853766994,
    -0.1781793961281959,
    -0.3268139880993606,
    -0.23318527340108042,
    0.017674718046519322,
    0.0033646960532423,
    -0.011135626815440558,
    -0.010842668720570936,
    -0.006813107775646365,
    0.01841150751820053,
    0.08863024238079698,
    0.09787918547779972,
    0.09467761146514808,
    0.054737742854517935,
    0.07894408078137105,
    0.09429753360817117,
    0.0924891847317636,
    0.1339365597226796,
    -0.008557154218725271,
    -0.0037547826869597234,
    -0.016260913914013964,
    -0.011778688756244549,
    0.012689324377290756,
    0.09429246610717978,
    0.09645498913955763,
    0.08512953749734253,
    0.10354165326427167,
    0.08470524224309672,
    0.1146835716907737,
    0.0985381448467213,
    0.029770880198967342,
    0.025125630034376734,
    0.19235438687416984,
    0.18001689801529053,
    -0.055471596200133755,
    -0.009296960024386847,
    0.1515199209330912,
    0.1847297025270327
  ],
  "dipole_vec_eA": [
    0.5580870949753706,
    -0.5055523950000244,
    7.717349508520427e-05
  ],
  "dipole_mag_D": 3.616925831167638,
  "solvation_E_eV": null
}