{
  "tag": "RMC-Fe_3-Sc_3-A2-B7-NNNNNS",
  "energy_eV": -2092.2763641259376,
  "multiplicity": 2,
  "charge": 3,
  "sym1": "Fe",
  "ox1": 3,
  "sym2": "Sc",
  "ox2": 3,
  "acid": "A2",
  "base": "B7",
  "bridge": [
    "N",
    "S"
  ],
  "S1_ref": 0.5,
  "S2_ref": 0.0,
  "mulliken_q_e": [
    0.816823736473164,
    0.6386605783210386,
    -0.3670198008147303,
    -0.14206268017111545,
    -0.1406578336426354,
    -0.14316383972389124,
    -0.15416189709725647,
    -0.12597070852190195,
    0.0670433545746767,
    0.013228776745594972,
    0.002523138666698621,
    -0.0037136886314848017,
    0.002558003527981745,
    0.01477414454874304,
    0.1129824121657943,
    0.12396767593223945,
    0.11523990284602348,
    0.07434996250188153,
    0.05815731821376935,
    0.10956126027021629,
    0.11175619403056236,
    0.13288344015181575,
    -0.002750816441640991,
    0.004746816368661255,
    -0.00557573503291553,
    0.001013216449023302,
    0.008637636319276831,
    0.11107785844951545,
    0.12342778993914794,
    0.11392668185450461,
    0.07583863842866645,
    0.04693689612345531,
    0.11864897793328,
    0.1169596714559864,
    0.012238217392631201,
    -0.03922970139443538,
    0.10998652931300168,
    0.1346448870746071,
    -0.04114497107155701,
    0.1450739878553543,
    0.14507398785535208,
    0.028631486108559923,
    -0.031255134488723524,
    0.10991287732781085,
    0.13179031580299172,
    -0.010050969456387504,
    0.13684070273328375,
    0.13684070273328253
  ],
  "dipole_vec_eA": [
    0.46403558531857786,
    0.218776376969895,
    3.084399797193178e-16
  ],
  "dipole_mag_D": 2.464152059480957,
  "HOMO_eV": -18.41891539424308,
  "LUMO_eV": -18.29743671252324,
  "gap_eV": 0.12147868171983944
}