{
  "tag": "RMC-Pd_2-W_2-A2-B2-NNNNOS",
  "energy_eV": -3089.0802996499015,
  "multiplicity": 1,
  "charge": 2,
  "sym1": "Pd",
  "ox1": 2,
  "sym2": "W",
  "ox2": 2,
  "acid": "A2",
  "base": "B2",
  "bridge": [
    "O",
    "S"
  ],
  "S1_ref": 0.0,
  "S2_ref": 0.0,
  "mulliken_q_e": [
    0.12234801517383831,
    -0.09260311302690327,
    -0.24747682933758863,
    0.0978829690015828,
    -0.0386193581025176,
    -0.018762409051437556,
    -0.03265847414388823,
    -0.04182505905161937,
    0.03654201818164404,
    0.012925108837797294,
    -0.014204584888598548,
    -0.01788439550001142,
    -0.01573105781203399,
    0.0071519653981462206,
    0.07868257372361809,
    0.08890044691678844,
    0.07711292005806769,
    0.020561891875808147,
    0.03862528621806516,
    0.07853814168107387,
    0.10641887287573071,
    0.19610556923942402,
    -0.004408879792878295,
    -0.017209794105802256,
    -0.022990110596947,
    -0.017378956278862878,
    -0.009495503140396933,
    0.07807955518346055,
    0.0892134119180561,
    0.07679239165311424,
    0.05561980044267978,
    0.056109379987646646,
    0.08174488595463725,
    0.09572800186757113,
    -0.014599073769939741,
    0.028673890002120395,
    0.013821550391285298,
    0.06486654502798861,
    -0.03305608984856745,
    -0.017516397012213636,
    0.08819937251026455,
    0.07453718251447172,
    0.08574832304371338,
    0.06467711491325656,
    -0.014906953908726761,
    -0.0173089481765083,
    -0.032273027693211054,
    0.08783527006953928,
    0.08531960676994277,
    0.07228149712579324,
    -0.01709794279722554,
    0.02617458474090406,
    0.020420933975335176,
    0.08109793115391595,
    -0.03186099245531038,
    -0.018677441351863777,
    0.08549486206921297,
    0.07523752734227418,
    0.08338040322964768,
    0.0803610472778924,
    -0.016262362702959887,
    -0.018715646256755925,
    -0.03143032257892164,
    0.08599465070596468,
    0.08365417565084765,
    0.0720940486785242
  ],
  "dipole_vec_eA": [
    -0.15915200604657978,
    0.046150490432899004,
    -3.5406744922685406e-07
  ],
  "dipole_mag_D": 0.7959306417709694,
  "HOMO_eV": -14.34542704051321,
  "LUMO_eV": -14.26435942675345,
  "gap_eV": 0.08106761375976035
}