{
  "tag": "RMC-In_1-Zr_2-A2-B2-NNNNNN",
  "energy_eV": -2963.0464719710326,
  "multiplicity": 3,
  "charge": -1,
  "sym1": "In",
  "ox1": 1,
  "sym2": "Zr",
  "ox2": 2,
  "acid": "A2",
  "base": "B2",
  "bridge": [
    "N",
    "N"
  ],
  "S1_ref": 0.0,
  "S2_ref": 1.0,
  "mulliken_q_e": [
    0.330750370301225,
    0.8158419202347147,
    -0.40601925036751485,
    -0.4060319557903185,
    -0.20287357859630073,
    -0.20284922370231384,
    -0.22177474866000613,
    -0.2217860492310164,
    0.11952659293036771,
    -0.03108216828942978,
    -0.07165475403051524,
    -0.049810913013293545,
    -0.07007615516335286,
    -0.036550168382105674,
    -0.004395994036066941,
    -0.002541464997830589,
    -0.004802547418328196,
    -0.007275683787623111,
    0.03424998271544588,
    0.03565029823824695,
    0.020801585988981852,
    0.11953626822905394,
    -0.03108258016327281,
    -0.07166005199896452,
    -0.049811900401333986,
    -0.07009773491559224,
    -0.03654433702499027,
    -0.0043946466695694575,
    -0.002538612001755425,
    -0.004798157833441952,
    -0.007212097148534546,
    0.034183247732045396,
    0.035644681570716985,
    0.02080453779888336,
    -0.06175550913625982,
    0.005402875493476511,
    -0.019624548785024176,
    0.06327612831120266,
    -0.06947123963966217,
    -0.04086788531685559,
    0.007323747833400174,
    0.018614598250787373,
    0.005307648302587786,
    0.0632611389949842,
    -0.0617655165130091,
    -0.04086814106326009,
    -0.0694835367014246,
    0.0073209433076415475,
    0.005302446139206496,
    0.018610778871468003,
    -0.0655840801355223,
    0.007306524821599991,
    -0.028839676502549816,
    0.059536775398428166,
    -0.07236672408087186,
    -0.04193069480514322,
    0.008354214164896123,
    0.02603049158521986,
    0.006759566223154101,
    0.059544063403673464,
    -0.06557694226562827,
    -0.04193164047964704,
    -0.07235530090774245,
    0.008355369742674368,
    0.006760950004071398,
    0.02602846336858633
  ],
  "dipole_vec_eA": [
    0.409384008876031,
    -0.0013654915975547745,
    -2.0575248283703706e-13
  ],
  "dipole_mag_D": 1.9663659577328592,
  "HOMO_eV": -5.127068401483803,
  "LUMO_eV": -4.822681062335057,
  "gap_eV": 0.3043873391487457
}