{
  "tag": "RMC-W_2-Zr_2-A2-B2-NNNNOS",
  "energy_eV": -3008.0202895630377,
  "multiplicity": 3,
  "charge": 2,
  "sym1": "W",
  "ox1": 2,
  "sym2": "Zr",
  "ox2": 2,
  "acid": "A2",
  "base": "B2",
  "bridge": [
    "O",
    "S"
  ],
  "S1_ref": 0.0,
  "S2_ref": 1.0,
  "mulliken_q_e": [
    -0.25788467892982014,
    0.8814140401858748,
    -0.33852817433294646,
    -0.010967849879116143,
    0.0022934772956850757,
    -0.00042681786461229443,
    -0.1733760711700716,
    -0.18907109183064463,
    0.05235355039806189,
    -0.001857398803346566,
    -0.024045102048073197,
    -0.0195707878183482,
    -0.01965036792499042,
    0.017078098295419952,
    0.07059273711613834,
    0.0849890839060008,
    0.07619478742739871,
    0.028080024751179433,
    0.016663174729167674,
    0.09308095523507687,
    0.0786724041976593,
    0.1743189375268157,
    -0.020481029823137042,
    -0.028649130021463076,
    -0.02389322496743662,
    -0.030250175965099046,
    0.005340060958386017,
    0.07232457559738159,
    0.08581919230204005,
    0.07250178754284642,
    0.022866994829855658,
    0.037781237686655755,
    0.09360004354082196,
    0.08302517190009218,
    -0.017622757214233564,
    0.026767519763601033,
    0.029383127708247914,
    0.08296810266215959,
    -0.031114356545716815,
    -0.018264265464178475,
    0.08526083528225081,
    0.07625525843890157,
    0.08351057949960372,
    0.08568840720762538,
    -0.01683041501849214,
    -0.019033008309530697,
    -0.030618563836603885,
    0.0858460242967225,
    0.0837396901259484,
    0.07519221496612594,
    -0.018954828970393578,
    0.03014127579054171,
    -0.004554957798237336,
    0.06373459093775913,
    -0.034011924075324274,
    -0.0200481461228752,
    0.08687734515808321,
    0.07689771935185796,
    0.08330448795203205,
    0.06801174735971882,
    -0.01998053425046664,
    -0.01877698263967953,
    -0.03166061728733838,
    0.08660724006022458,
    0.08493415099110657,
    0.07601260588605352
  ],
  "dipole_vec_eA": [
    0.7436045832602828,
    0.06579471621679137,
    2.975712934117755e-07
  ],
  "dipole_mag_D": 3.5856385423916644,
  "HOMO_eV": -14.063246147187959,
  "LUMO_eV": -13.861656997252142,
  "gap_eV": 0.2015891499358169
}