{
  "tag": "RMC-Hg_2-W_2-A2-B6-NNNNOS",
  "energy_eV": -2173.126216341191,
  "multiplicity": 1,
  "charge": 2,
  "sym1": "Hg",
  "ox1": 2,
  "sym2": "W",
  "ox2": 2,
  "acid": "A2",
  "base": "B6",
  "bridge": [
    "O",
    "S"
  ],
  "S1_ref": 0.0,
  "S2_ref": 0.0,
  "mulliken_q_e": [
    0.26593406479711856,
    0.5005736446431812,
    -0.23309274801762836,
    -0.022030752495762446,
    -0.19780257721778116,
    -0.12289244595579274,
    -0.12482751534503889,
    -0.1389479753391134,
    0.056046609141429116,
    0.0034384040885349076,
    -0.01794422910287863,
    -0.013360082694655384,
    -0.005135007442323092,
    0.016048006344876242,
    0.08121106215804141,
    0.09779344490412833,
    0.0943758956524875,
    0.04790127899966845,
    0.06803905953644263,
    0.08643973147837303,
    0.06568113125043629,
    0.16790554429445037,
    -0.0025437912248773564,
    -0.017788219539213168,
    -0.01269820418396339,
    -0.013962723791887122,
    0.003600406381001786,
    0.09358931672193138,
    0.10170018797751823,
    0.09572964659043981,
    0.04384066713636314,
    0.07304443427805829,
    0.09018543268693324,
    0.04036238442841367,
    -0.0655736276577763,
    0.009788447869848671,
    0.003938003285845371,
    0.07321234984378355,
    0.07053660892744318,
    0.04364783927218041,
    0.06432392700589096,
    0.07116846656313802,
    0.08225725130202888,
    -0.07957534783943454,
    -0.013571299677441528,
    -0.010386379371042365,
    0.10672427725990097,
    0.09817943206503987,
    0.09525195824270305,
    0.09224284202006716,
    0.09362431427624163,
    0.09379685547267935
  ],
  "dipole_vec_eA": [
    1.267862252862141,
    0.012394769023598332,
    -0.4949339406409032
  ],
  "dipole_mag_D": 6.537632012259235,
  "solvation_E_eV": null
}