{
  "tag": "RMC-Re_3-Ti_3-A2-B4-NNNNNS",
  "energy_eV": -1989.3523731694709,
  "multiplicity": 2,
  "charge": 3,
  "sym1": "Re",
  "ox1": 3,
  "sym2": "Ti",
  "ox2": 3,
  "acid": "A2",
  "base": "B4",
  "bridge": [
    "N",
    "S"
  ],
  "S1_ref": 0.0,
  "S2_ref": 0.5,
  "mulliken_q_e": [
    0.24320019979184448,
    0.9401130611441859,
    -0.18157217410968673,
    0.25432116801932736,
    0.020536957885023188,
    -0.19712482329461056,
    -0.3191168757633973,
    -0.36117787350406827,
    0.014426735452051531,
    0.006430494121704156,
    0.012509350529241292,
    -0.002726261069377456,
    0.012659920751893594,
    0.014798295381587945,
    0.11401762317244934,
    0.12295437461906356,
    0.11829237831992112,
    0.10144837312817301,
    0.07672583728718396,
    0.09985274798510912,
    0.10966520033538563,
    0.1160608151363467,
    0.01845978983037666,
    0.008813549225550776,
    0.007843417368250005,
    0.0055880879945111595,
    0.04590760063873178,
    0.12865965293159665,
    0.14302530577656092,
    0.13863457180937133,
    0.11950027011496878,
    0.054194991566522965,
    0.13899253807492506,
    0.18523898911384473,
    -0.04999848182352307,
    -0.06341554441191821,
    0.0922071429215432,
    0.09220745852860301,
    0.10078496272838244,
    0.10078543565399922,
    -0.08148626079378474,
    -0.04235007340855956,
    0.13105941161879098,
    0.1310613584346657,
    0.13899397425316118,
    0.13899633651593923
  ],
  "dipole_vec_eA": [
    1.5629954663965768,
    -0.2737898987290942,
    0.00024534211574374663
  ],
  "dipole_mag_D": 7.621696622053094,
  "solvation_E_eV": null
}