{
  "tag": "RMC-Re_3-Zn_2-A2-B6-NNNNOO",
  "energy_eV": -2194.335355029855,
  "multiplicity": 1,
  "charge": 3,
  "sym1": "Re",
  "ox1": 3,
  "sym2": "Zn",
  "ox2": 2,
  "acid": "A2",
  "base": "B6",
  "bridge": [
    "O",
    "O"
  ],
  "S1_ref": 0.0,
  "S2_ref": 0.0,
  "mulliken_q_e": [
    0.3642506885834005,
    0.33581903837750904,
    -0.2747443352048209,
    -0.27474469015347536,
    -0.020173972854235833,
    -0.02017129678832097,
    -0.07141893392651277,
    -0.07141941742203972,
    0.191331803413751,
    -0.0009555770110161177,
    0.007991562935635743,
    -0.0010596490394181313,
    0.0031264476383305873,
    0.006007249386052571,
    0.12041385562729379,
    0.13380766619990603,
    0.12147915059207626,
    0.08031883452832456,
    0.06346749521553918,
    0.11780425846996567,
    0.12770159114331459,
    0.19132917432813468,
    -0.000952412212954723,
    0.00799156904107523,
    -0.0010619603770229968,
    0.003122150967067583,
    0.006011265642388297,
    0.12041236726133009,
    0.13380995781527283,
    0.12148199807880122,
    0.08031815899614902,
    0.06346401654134759,
    0.11780442885016651,
    0.12770389269008353,
    -0.0923179335472546,
    -0.04439089018558873,
    -0.04439195350088254,
    0.13410831824654035,
    0.10868330336455034,
    0.12041855096070397,
    0.12041852553165511,
    0.1323418705897812,
    0.13234127593126632,
    -0.08309245139198285,
    -0.026310236706313272,
    -0.02631048442410755,
    0.12393056698221205,
    0.09096824347182642,
    0.10677240941117694,
    0.10677226651859373,
    0.11489628793795603,
    0.11489595430896227
  ],
  "dipole_vec_eA": [
    0.07695001821363333,
    3.250670785605262e-06,
    0.0842506687528247
  ],
  "dipole_mag_D": 0.5480597198359369,
  "HOMO_eV": -19.229026149777926,
  "LUMO_eV": -18.760507737222525,
  "gap_eV": 0.46851841255540094
}