{
  "tag": "RMC-Ag_2-W_2-A2-B1-NNNNSS",
  "energy_eV": -2524.8434172320817,
  "multiplicity": 2,
  "charge": 2,
  "sym1": "Ag",
  "ox1": 2,
  "sym2": "W",
  "ox2": 2,
  "acid": "A2",
  "base": "B1",
  "bridge": [
    "S",
    "S"
  ],
  "S1_ref": 0.5,
  "S2_ref": 0.0,
  "mulliken_q_e": [
    0.37330135915758167,
    -0.17386178304251387,
    -0.0771288325509962,
    -0.07713429150035984,
    -0.12472976103697375,
    -0.12473295470250068,
    -0.007993124946400032,
    -0.007998171716005364,
    0.06981088340772357,
    0.020532892184261353,
    -0.010420607184161934,
    -0.013743823856183335,
    -0.011526912731587347,
    0.006812414395697797,
    0.0873561846167129,
    0.09370548186550642,
    0.08264773549241333,
    0.04555027864097472,
    0.07882549376083525,
    0.08668255003039615,
    0.0947133963539053,
    0.06981962466908431,
    0.02053473157218133,
    -0.010417034644142342,
    -0.01374506581409296,
    -0.011523902295214272,
    0.006810902903235716,
    0.08735613245423746,
    0.09370469045347507,
    0.08264688413510712,
    0.0455681644360979,
    0.07883024831923957,
    0.08668202671172665,
    0.09471197388245789,
    -0.02351094611560378,
    0.06648238840844711,
    0.06648297980102624,
    -0.023513081128534674,
    -0.007942464864349796,
    -0.00794005259729591,
    0.0814162266401377,
    0.08141669232392301,
    0.09915453142691444,
    0.09915340665332362,
    -0.005193018197334975,
    0.06943258342531533,
    0.0694030782538908,
    -0.005200521448541995,
    0.00394736082952174,
    0.003951840012063723,
    0.09365541045192727,
    0.09365625837001079,
    0.10175004414424627,
    0.10174950266234295
  ],
  "dipole_vec_eA": [
    -0.07941915139361828,
    0.00017740741620361747,
    -8.618953110284678e-07
  ],
  "dipole_mag_D": 0.381467358857155,
  "HOMO_eV": -14.975135744325037,
  "LUMO_eV": -14.428511360112784,
  "gap_eV": 0.5466243842122527
}