{
  "tag": "RMC-Cr_3-Y_3-A2-B5-NNNNNN",
  "energy_eV": -1897.852217526912,
  "multiplicity": 2,
  "charge": 2,
  "sym1": "Cr",
  "ox1": 3,
  "sym2": "Y",
  "ox2": 3,
  "acid": "A2",
  "base": "B5",
  "bridge": [
    "N",
    "N"
  ],
  "S1_ref": 0.5,
  "S2_ref": 0.0,
  "mulliken_q_e": [
    0.5236705224639531,
    0.51193758805558,
    -0.11361762770719519,
    -0.11361232463784954,
    -0.062008375117349024,
    -0.06201438121105429,
    -0.25714095416597194,
    -0.2571345735580435,
    0.07314039203978684,
    -0.0009417091469237082,
    -0.008800474119934343,
    -0.009995366848973397,
    -0.006930871659635018,
    0.011992414668202667,
    0.09060886756166053,
    0.09906914090634844,
    0.09675886466003003,
    0.09781460212853621,
    0.03683229065219784,
    0.12329375970708434,
    0.1098785699589403,
    0.07313418615071487,
    -0.0009432992663536144,
    -0.008796779557321832,
    -0.009991512434877725,
    -0.006927228019864007,
    0.011989599080737268,
    0.09061110988978105,
    0.09906841343864303,
    0.096761277207432,
    0.0978099592810846,
    0.03683332638311154,
    0.12328844127380512,
    0.1098754309738651,
    -0.06975747412759437,
    -0.06975714434917313,
    0.09111235506575366,
    0.09111268181175025,
    -0.011462543428481187,
    -0.011462418162718091,
    0.19234931385295706,
    0.19235195139216332
  ],
  "dipole_vec_eA": [
    1.3264648753152408,
    -3.381831786688184e-07,
    -7.073113041046189e-08
  ],
  "dipole_mag_D": 6.371281753119399,
  "solvation_E_eV": null
}