{
  "tag": "RMC-Ag_1-Sn_2-A2-B10-NNNNSS",
  "energy_eV": -3283.5030733978247,
  "multiplicity": 1,
  "charge": 1,
  "sym1": "Ag",
  "ox1": 1,
  "sym2": "Sn",
  "ox2": 2,
  "acid": "A2",
  "base": "B10",
  "bridge": [
    "S",
    "S"
  ],
  "S1_ref": 0.0,
  "S2_ref": 0.0,
  "mulliken_q_e": [
    0.20510496089656255,
    0.5291990343089539,
    -0.28857045523895763,
    -0.28857012146040506,
    -0.12892201434076522,
    -0.12894872086559728,
    -0.19226179530345777,
    -0.19224735489758715,
    0.08993290036931634,
    -0.005133755673505158,
    -0.019850618354539273,
    -0.030391255440387788,
    -0.01859450256175288,
    0.005484752308315022,
    0.0544167299507069,
    0.0617164288847204,
    0.05785560500317133,
    0.077505596520544,
    0.0733472791533809,
    0.046611695379517704,
    0.05140581928378951,
    0.08993154890268729,
    -0.005121406387701644,
    -0.019860199906562404,
    -0.0303920397811428,
    -0.018590741538301758,
    0.005463441816782932,
    0.05442068610828976,
    0.06171702401466961,
    0.05785326854857775,
    0.07749390003192169,
    0.07337345896554881,
    0.046620392240177555,
    0.051385822671573655,
    0.07524714954978684,
    0.0017805125339629413,
    0.01330181516529838,
    -0.029071698963587522,
    -0.022202888597044668,
    -0.04497419778014122,
    0.06149453712303199,
    0.05885501435317442,
    0.05309508609490321,
    -0.02907738714242747,
    0.013297533372397474,
    0.0017782266381674017,
    0.0752585601271134,
    -0.0449749514855482,
    -0.022200899231336946,
    0.061496798375200834,
    0.05309295291129201,
    0.05885364444118202,
    0.06833497911622466,
    -0.016235452662983096,
    0.011481921221984992,
    -0.029593188275838456,
    -0.022018027100984217,
    -0.044691900565530185,
    0.058211025669085426,
    0.056414810568077955,
    0.048877621685911254,
    -0.029591980153163444,
    0.011482987750775386,
    -0.016231605881838584,
    0.06832851117012795,
    -0.04469118485874013,
    -0.02201799018390438,
    0.058210784966891804,
    0.048878663182401194,
    0.05641485937076607
  ],
  "dipole_vec_eA": [
    0.5998630588821797,
    -2.7884123885845182e-05,
    -1.4170123742430325e-13
  ],
  "dipole_mag_D": 2.8812648089510313,
  "HOMO_eV": -11.414663409997031,
  "LUMO_eV": -10.811492227634693,
  "gap_eV": 0.6031711823623382
}