{
  "tag": "RMC-Co_3-Ir_2-A2-B2-NNNNNN",
  "energy_eV": -3075.9414374857306,
  "multiplicity": 2,
  "charge": 1,
  "sym1": "Co",
  "ox1": 3,
  "sym2": "Ir",
  "ox2": 2,
  "acid": "A2",
  "base": "B2",
  "bridge": [
    "N",
    "N"
  ],
  "S1_ref": 0.0,
  "S2_ref": 0.5,
  "mulliken_q_e": [
    0.16650120497297394,
    0.185608937120339,
    -0.1511873267422923,
    -0.15119814759513117,
    -0.1112880057106218,
    -0.11130116383154443,
    -0.10205014370664633,
    -0.10206624499815997,
    0.09815302781476665,
    -0.010614449543066229,
    -0.01997407284273467,
    -0.031739052551132074,
    -0.019194129668933968,
    -0.013378312848179696,
    0.056656496763340614,
    0.061782936051163806,
    0.05673143399576297,
    0.04162695440377706,
    0.04696924126271518,
    0.06551972827869612,
    0.06715788833879288,
    0.09815401209992314,
    -0.0106184075915432,
    -0.01997667137697534,
    -0.0317397877521044,
    -0.019194247283778054,
    -0.013383661369218425,
    0.056657010879744174,
    0.061786566248181574,
    0.05673286308289449,
    0.04161848349211894,
    0.04696305397575595,
    0.06552446205455564,
    0.06716450555153697,
    -0.02814058945523623,
    0.018129350189700633,
    0.004718291336705205,
    0.06807334936151044,
    -0.046707727467127924,
    -0.02653404941021953,
    0.05894777437156351,
    0.05247464093620524,
    0.05465715944824312,
    0.06806329770054731,
    -0.028144524593241238,
    -0.02654263158663195,
    -0.04670286546039604,
    0.05895066989378317,
    0.05466107326471947,
    0.05247163268513155,
    -0.027728695360169198,
    0.0183995679620923,
    0.002954517576763571,
    0.06539688055896287,
    -0.045477427806829285,
    -0.02630443394863402,
    0.05957425855790355,
    0.052917899848801464,
    0.05555974959501986,
    0.0653877059591339,
    -0.027718930841881706,
    -0.02628897572976907,
    -0.04548232981115641,
    0.059564709556090834,
    0.055543860083867136,
    0.05292180964096582
  ],
  "dipole_vec_eA": [
    0.058424385544562564,
    0.0012531402657650799,
    -1.2991691126677157e-15
  ],
  "dipole_mag_D": 0.2806888021880345,
  "HOMO_eV": -11.548668043931684,
  "LUMO_eV": -10.984873405440004,
  "gap_eV": 0.5637946384916805
}