{
  "tag": "RMC-Mn_3-Pb_2-A2-B5-NNNNSS",
  "energy_eV": -1950.0433039403226,
  "multiplicity": 1,
  "charge": 3,
  "sym1": "Mn",
  "ox1": 3,
  "sym2": "Pb",
  "ox2": 2,
  "acid": "A2",
  "base": "B5",
  "bridge": [
    "S",
    "S"
  ],
  "S1_ref": 0.0,
  "S2_ref": 0.0,
  "mulliken_q_e": [
    0.27803452978447707,
    0.8676516770513056,
    0.21426386399681488,
    0.21415965317377958,
    -0.18333306952496442,
    -0.18429028957013527,
    -0.2024266454498962,
    -0.20269069372902604,
    0.03157016406329349,
    0.01687441602757911,
    0.00485068883676143,
    -0.003474228323187445,
    0.003930147671703077,
    0.017369069382916713,
    0.11367563049746443,
    0.1210187401638646,
    0.11001672601518708,
    0.05562399824835218,
    0.09136298250863262,
    0.10627795584987232,
    0.12332017924798888,
    0.03142656450149173,
    0.016885687250286052,
    0.004870905659747571,
    -0.003104070945928905,
    0.0041130616606592785,
    0.017673060500862148,
    0.11359814185020678,
    0.12164976796059601,
    0.11009734053499409,
    0.055781732597595335,
    0.09116889586287646,
    0.10630029346253489,
    0.12361795132265752,
    -0.0008483068815432482,
    -0.0009781574943172888,
    0.18654611452251446,
    0.1867048536095386,
    -0.04051548835633789,
    -0.04022023491189475,
    0.1607691883183051,
    0.16067720256808293
  ],
  "dipole_vec_eA": [
    1.3450628221505048,
    0.005077391228936165,
    0.7060874114871755
  ],
  "dipole_mag_D": 7.296728460550522,
  "solvation_E_eV": null
}