{
  "tag": "RMC-Ni_2-Re_2-A2-B1-NNNNOS",
  "energy_eV": -2595.6642549649896,
  "multiplicity": 2,
  "charge": 2,
  "sym1": "Ni",
  "ox1": 2,
  "sym2": "Re",
  "ox2": 2,
  "acid": "A2",
  "base": "B1",
  "bridge": [
    "O",
    "S"
  ],
  "S1_ref": 0.0,
  "S2_ref": 0.5,
  "mulliken_q_e": [
    -0.019924283770614948,
    0.12863428002011545,
    -0.20272115991185746,
    0.14736787104593418,
    -0.01972425307338832,
    -0.024320758166800127,
    -0.041500212976888884,
    -0.04413965907245854,
    0.02635804942684139,
    0.012961508947157974,
    -0.006381845020977606,
    -0.015934063702602197,
    -0.006129833560482689,
    0.0077515013421776136,
    0.0902682918991945,
    0.09558336257410172,
    0.08716819313800694,
    0.02649655848499033,
    0.05461170791776482,
    0.09308184063754643,
    0.09803286239386422,
    0.17872968168329217,
    -0.004203845479982871,
    -0.012492366898424478,
    -0.0211957970949872,
    -0.01119149289159016,
    -0.0053760883773614765,
    0.08721026656187736,
    0.0939825578785467,
    0.08589298063608697,
    0.05052413625392793,
    0.0694273221769175,
    0.08509039558284648,
    0.09309901945184074,
    -0.029798511450390697,
    0.07050178718270095,
    0.0707347163638321,
    -0.029732575996391786,
    -0.009342153421216803,
    -0.008028099440102077,
    0.07963993012209358,
    0.07906424429503267,
    0.09664023631526353,
    0.09731602649935223,
    -0.02523755928205884,
    0.06265227994471978,
    0.06252523274549993,
    -0.025672750349348128,
    -0.011826016345322765,
    -0.01157504946571275,
    0.08209765951839276,
    0.08203898070042237,
    0.09541944654293866,
    0.0955454478684521
  ],
  "dipole_vec_eA": [
    -0.5132263126804897,
    -0.14996987332034029,
    3.7782266209391475e-06
  ],
  "dipole_mag_D": 2.5682199679067272,
  "HOMO_eV": -15.10388783914321,
  "LUMO_eV": -14.806823687080811,
  "gap_eV": 0.2970641520623989
}