{
  "tag": "RMC-Ru_2-Zr_2-A2-B1-NNNNNN",
  "energy_eV": -2490.3781028676867,
  "multiplicity": 3,
  "charge": 0,
  "sym1": "Ru",
  "ox1": 2,
  "sym2": "Zr",
  "ox2": 2,
  "acid": "A2",
  "base": "B1",
  "bridge": [
    "N",
    "N"
  ],
  "S1_ref": 0.0,
  "S2_ref": 1.0,
  "mulliken_q_e": [
    -0.1055918154654738,
    0.8042312179879445,
    -0.2538760064076029,
    -0.25387185472387563,
    -0.07878053658433548,
    -0.07878355116037072,
    -0.21819848384869012,
    -0.21820093572545884,
    0.09885456043362661,
    -0.0245661460913138,
    -0.04799335313960662,
    -0.04219007090169358,
    -0.04749139766068766,
    -0.010932632193814129,
    0.023974830051940677,
    0.027329534976486047,
    0.02618012703781447,
    0.022248649607662596,
    0.03163702413744485,
    0.037511464765130675,
    0.03169462289093472,
    0.09884933484384151,
    -0.024564162997410044,
    -0.04799310521675704,
    -0.04219086959060259,
    -0.04749201154232319,
    -0.010930046727483766,
    0.02397415675069181,
    0.027330941135882525,
    0.026179571000312984,
    0.022249277412007107,
    0.031636080878769235,
    0.03751061310015358,
    0.031694869696484385,
    -0.04826279729958327,
    0.06256212640577496,
    0.06256227508914325,
    -0.04826290212560802,
    -0.03871487510422722,
    -0.03871552708274195,
    0.03648721003650113,
    0.03648717080765562,
    0.03396252760665486,
    0.03396297464420828,
    -0.04766334645979731,
    0.047268493483334506,
    0.047269737007610724,
    -0.047663891170917294,
    -0.04127586296793728,
    -0.04127597522656057,
    0.03754199664185853,
    0.03754208344671606,
    0.03337438357606626,
    0.03337430198669167
  ],
  "dipole_vec_eA": [
    0.5186665049633762,
    -9.50401310044397e-06,
    -0.00010791536906273866
  ],
  "dipole_mag_D": 2.491261225687978,
  "HOMO_eV": -7.876914101753731,
  "LUMO_eV": -7.85764550057946,
  "gap_eV": 0.01926860117427065
}