{
  "tag": "RMC-Cu_1-Ta_3-A2-B5-NNNNNN",
  "energy_eV": -1990.743072144233,
  "multiplicity": 3,
  "charge": 0,
  "sym1": "Cu",
  "ox1": 1,
  "sym2": "Ta",
  "ox2": 3,
  "acid": "A2",
  "base": "B5",
  "bridge": [
    "N",
    "N"
  ],
  "S1_ref": 0.0,
  "S2_ref": 1.0,
  "mulliken_q_e": [
    0.12930127238468314,
    0.5246325514509109,
    -0.17080556735758212,
    -0.17075499691701213,
    -0.07800354709484458,
    -0.07800144694525368,
    -0.2982917028993328,
    -0.2982961509201978,
    0.06485171242506316,
    -0.006943615013895954,
    -0.03809292966325839,
    -0.03952172833263168,
    -0.03443757767074884,
    -0.024072076418383936,
    0.027179331036570886,
    0.027093236437682022,
    0.026266742084685712,
    0.07912993644204303,
    0.0010997881232102102,
    0.029344754580448384,
    0.020275425602561792,
    0.06484285371336518,
    -0.0069052405702620945,
    -0.03803964186763187,
    -0.03949183803535261,
    -0.0346025891722761,
    -0.024081693412905336,
    0.027147668882653075,
    0.02711277505084808,
    0.02635914726833888,
    0.07904058674310255,
    0.0012993665465663717,
    0.02940962309798334,
    0.020119691356020097,
    -0.05113989997481738,
    -0.05116397695446828,
    0.11212170181543846,
    0.11212603990678549,
    -0.07000222159244851,
    -0.07004161822264487,
    0.09695763862055062,
    0.09697821552665287
  ],
  "dipole_vec_eA": [
    -0.3639746895373688,
    -0.00031996272326601324,
    1.633080032424137e-14
  ],
  "dipole_mag_D": 1.7482454584628047,
  "solvation_E_eV": null
}