{
  "tag": "RMC-Ir_3-Ru_2-A2-B5-NNNNNS",
  "energy_eV": -2006.0834828551963,
  "multiplicity": 1,
  "charge": 2,
  "sym1": "Ir",
  "ox1": 3,
  "sym2": "Ru",
  "ox2": 2,
  "acid": "A2",
  "base": "B5",
  "bridge": [
    "N",
    "S"
  ],
  "S1_ref": 0.0,
  "S2_ref": 0.0,
  "mulliken_q_e": [
    0.27334688472532664,
    0.0012206851769641647,
    -0.1625000930730467,
    0.3662791667941382,
    -0.047832116942264635,
    -0.16454206418423012,
    -0.06187540501807143,
    -0.19084553048477404,
    -0.004122905496721563,
    0.008384415537913803,
    -0.0009114813065791427,
    -0.007072237705999074,
    -0.00234309259006249,
    0.013981082146323986,
    0.1017932079477254,
    0.10652511430790146,
    0.10110447681021562,
    0.06569307291571391,
    0.07674228514324843,
    0.10079520303285683,
    0.12913337165759675,
    0.11528052220051799,
    0.03766428466138305,
    -0.010438220106608664,
    0.007025933745596236,
    -0.006844628019327947,
    0.024598178057233522,
    0.10791436587485848,
    0.1203652214893105,
    0.1097124964788615,
    0.07259143462515683,
    0.06649368831168134,
    0.14306232087468918,
    0.14591229117120774,
    -0.056571993396557385,
    -0.06237626173884414,
    0.10270635611698964,
    0.1057461644933555,
    -0.017830188686400295,
    -0.008735631636942465,
    0.14292857962209293,
    0.15784104654526931
  ],
  "dipole_vec_eA": [
    0.9699209807720712,
    -0.42414972206591145,
    -3.388282811112594e-15
  ],
  "dipole_mag_D": 5.084707738962864,
  "solvation_E_eV": null
}