{
  "tag": "RMC-Cd_2-Ni_2-A2-B1-NNNNOS",
  "energy_eV": -2521.9533331635785,
  "multiplicity": 1,
  "charge": 2,
  "sym1": "Cd",
  "ox1": 2,
  "sym2": "Ni",
  "ox2": 2,
  "acid": "A2",
  "base": "B1",
  "bridge": [
    "O",
    "S"
  ],
  "S1_ref": 0.0,
  "S2_ref": 0.0,
  "mulliken_q_e": [
    0.4750624504661364,
    -0.0614572409262526,
    -0.2846743878797442,
    -0.016803191885136154,
    -0.14162632362440553,
    -0.167436667573583,
    0.008980122959509895,
    0.007471078896946093,
    0.06632538030259294,
    0.009698558847999195,
    -0.005333680173079669,
    -0.0200605217477845,
    -0.003980923707164408,
    0.0036049274005716114,
    0.08792970804815559,
    0.09316621714978135,
    0.08643491166608608,
    0.05608398900603673,
    0.07618131584488541,
    0.10358879711582958,
    0.07641060607811079,
    0.19403265547459037,
    -0.0013690749459998042,
    -0.008994934029017632,
    -0.023525689826096485,
    -0.008603833849586628,
    -0.016102728319189463,
    0.08738172957003287,
    0.09340445490654614,
    0.08579143559487823,
    0.06979756604407172,
    0.08056950121102746,
    0.09874438361057203,
    0.08417929152710246,
    -0.023493162638610787,
    0.060486434564810176,
    0.06222394487506766,
    -0.024895809596143126,
    -0.00930767708788971,
    -0.009451674712855462,
    0.07895660305805663,
    0.07681112917339283,
    0.09308904419400188,
    0.09373636870691682,
    -0.02986058766389532,
    0.06749525059417638,
    0.06920514136006739,
    -0.030022631878687367,
    -0.009423260126871336,
    -0.009078714792244647,
    0.08133630619800647,
    0.08144895354470627,
    0.0977779638961288,
    0.09809649509744167
  ],
  "dipole_vec_eA": [
    -0.1803435067640013,
    -0.04773220602896937,
    1.0420210584074973e-14
  ],
  "dipole_mag_D": 0.896053738239537,
  "HOMO_eV": -15.87148641072458,
  "LUMO_eV": -14.363354395479412,
  "gap_eV": 1.5081320152451685
}