{
  "tag": "RMC-Bi_3-Cr_3-A2-B1-NNNNNN",
  "energy_eV": -2457.27726783359,
  "multiplicity": 1,
  "charge": 2,
  "sym1": "Bi",
  "ox1": 3,
  "sym2": "Cr",
  "ox2": 3,
  "acid": "A2",
  "base": "B1",
  "bridge": [
    "N",
    "N"
  ],
  "S1_ref": 0.5,
  "S2_ref": 0.5,
  "mulliken_q_e": [
    0.7950456815501199,
    0.6411227405743393,
    -0.36769512739686827,
    -0.36762942500383144,
    -0.16739779025628465,
    -0.16740058007502912,
    -0.14760397128261626,
    -0.14760564848726276,
    0.10596418265838325,
    -0.003667319505764377,
    -0.004858790698866633,
    -0.02092140652975205,
    -0.007602970054594316,
    -0.01452721995609152,
    0.09007372551596626,
    0.09451763673777414,
    0.08467121494328567,
    0.049626026342734386,
    0.0647377959133768,
    0.08913302820232172,
    0.08240902018832974,
    0.10593756704189694,
    -0.0036871857666689323,
    -0.00486703066755223,
    -0.020917721376582765,
    -0.007602330104357069,
    -0.014534790657980468,
    0.09007615371761346,
    0.09451742152414466,
    0.08467214102593124,
    0.04958284894177112,
    0.06472323917974898,
    0.08913703186580191,
    0.08240858232895987,
    -0.03137996873791771,
    0.053970962581937565,
    0.05398048127516364,
    -0.031378673340600294,
    -0.011597684881303305,
    -0.011602383344250677,
    0.07062179852106543,
    0.07062192303254577,
    0.09153537826676705,
    0.09153395440259571,
    -0.030312051288605923,
    0.057648099115464646,
    0.0576601310250231,
    -0.03030794113068147,
    -0.014250713534300852,
    -0.014257871757245022,
    0.07627425644679664,
    0.07627450777543676,
    0.09256429079029727,
    0.0925647743507223
  ],
  "dipole_vec_eA": [
    -0.5925445756754101,
    -0.0003890508900688425,
    -1.1295748806035584
  ],
  "dipole_mag_D": 6.126766432509634,
  "HOMO_eV": -14.978347490364337,
  "LUMO_eV": -14.591037738628541,
  "gap_eV": 0.3873097517357955
}