{
  "tag": "RMC-Ni_3-Rh_2-A2-B4-NNNNSS",
  "energy_eV": -2107.110553697719,
  "multiplicity": 1,
  "charge": 3,
  "sym1": "Ni",
  "ox1": 3,
  "sym2": "Rh",
  "ox2": 2,
  "acid": "A2",
  "base": "B4",
  "bridge": [
    "S",
    "S"
  ],
  "S1_ref": 0.5,
  "S2_ref": 0.5,
  "mulliken_q_e": [
    -0.035874383838423674,
    0.13434384325264503,
    0.27370834481968387,
    0.2736865584113898,
    -0.09706939261799152,
    -0.09706347038881757,
    -0.10274580390997867,
    -0.10279045447925217,
    0.015780767541873075,
    0.02984196507465353,
    0.002927175017923389,
    0.0016763847983805036,
    0.01597718931446601,
    0.014929016355984537,
    0.11415037967256125,
    0.12637725257158028,
    0.12232285549667599,
    0.07623550271037538,
    0.06160714944320578,
    0.14402278715603434,
    0.13299953442932877,
    0.01579171254070988,
    0.029869300083935846,
    0.0029245628224565667,
    0.0016888754310642184,
    0.016004750441809268,
    0.014926825029014212,
    0.114148644142545,
    0.12637470784569482,
    0.12231915772716817,
    0.07624079671357831,
    0.061622775313050715,
    0.14402629426384828,
    0.13299766984252182,
    -0.033188514394755675,
    -0.03318366645953952,
    0.1404436910439335,
    0.14044369104393206,
    0.14044378941252733,
    0.14044378941252944,
    -0.02693811548399694,
    -0.026936494259561128,
    0.14862313768428603,
    0.1486231376842867,
    0.148623140654479,
    0.14862314065447924
  ],
  "dipole_vec_eA": [
    0.5006113840893491,
    0.0004479032276539969,
    5.5812948711114655e-16
  ],
  "dipole_mag_D": 2.40453970009743,
  "HOMO_eV": -19.260953093227236,
  "LUMO_eV": -18.191802283442904,
  "gap_eV": 1.0691508097843325
}