{
  "tag": "RMC-Ni_2-Pt_2-A2-B1-NNNNNN",
  "energy_eV": -2616.1327797730028,
  "multiplicity": 1,
  "charge": 0,
  "sym1": "Ni",
  "ox1": 2,
  "sym2": "Pt",
  "ox2": 2,
  "acid": "A2",
  "base": "B1",
  "bridge": [
    "N",
    "N"
  ],
  "S1_ref": 0.0,
  "S2_ref": 0.0,
  "mulliken_q_e": [
    -0.24589177383662741,
    -0.03261272301028373,
    -0.08663730159401895,
    -0.0866351335862372,
    -0.030074347031225246,
    -0.030058057238817826,
    -0.07015046157220284,
    -0.07014847518962486,
    0.09151583310436062,
    -0.015650069194135696,
    -0.025581474704174267,
    -0.04496587001932473,
    -0.02501543311869736,
    -0.015154498160871999,
    0.031256558463802375,
    0.030748272301618473,
    0.0318905056627633,
    0.04942444404273649,
    0.04956301405487884,
    0.030055069729551964,
    0.03395334182118659,
    0.0915032600300103,
    -0.015608265107130093,
    -0.025551550072833384,
    -0.04496904998310414,
    -0.025029218534559083,
    -0.015163086956782923,
    0.03125241449072025,
    0.030749639002838225,
    0.03189124712114799,
    0.049494348093581886,
    0.049505483541958384,
    0.030048319182245598,
    0.033962469935738704,
    -0.047198233637100406,
    0.06393203212448983,
    0.06393798347096546,
    -0.04717987286961289,
    -0.0350999335445199,
    -0.035097770752637425,
    0.035320004204665856,
    0.03531835925019944,
    0.035006841529013344,
    0.03500779010799804,
    -0.04669817711992996,
    0.06033758487988705,
    0.060306867561424005,
    -0.04671300274411028,
    -0.03523790431407314,
    -0.03523489511044242,
    0.036715145566902474,
    0.03671679805287287,
    0.03697110763590339,
    0.03697184403965381
  ],
  "dipole_vec_eA": [
    0.07379551659756559,
    0.00013510782000294527,
    -1.7227014236041729e-15
  ],
  "dipole_mag_D": 0.3544555344901733,
  "HOMO_eV": -8.616010533990805,
  "LUMO_eV": -8.179224204457821,
  "gap_eV": 0.4367863295329837
}