{
  "tag": "RMC-Bi_3-Cu_2-A2-B6-NNNNNO",
  "energy_eV": -2244.8212379389443,
  "multiplicity": 1,
  "charge": 2,
  "sym1": "Bi",
  "ox1": 3,
  "sym2": "Cu",
  "ox2": 2,
  "acid": "A2",
  "base": "B6",
  "bridge": [
    "N",
    "O"
  ],
  "S1_ref": 0.5,
  "S2_ref": 0.5,
  "mulliken_q_e": [
    0.8526478614539861,
    0.3529039877774999,
    -0.3471798630427043,
    -0.3988383480513764,
    -0.16550902994090855,
    -0.15587082346869185,
    -0.13105432605698164,
    -0.1091619200903482,
    0.19089893905998,
    -0.014926812817808166,
    -0.005693763905771254,
    -0.02273244385286377,
    -0.008865023693517271,
    -0.026685139998407603,
    0.09105812651184786,
    0.09728524732602573,
    0.08672087694820507,
    0.0760720910478263,
    0.0735839467843522,
    0.08342699821695743,
    0.08831398617511776,
    0.11983609755330082,
    -0.012339211286836127,
    -0.0020564098126565344,
    -0.026648739987196857,
    -0.006631896232114576,
    -0.02714124540150431,
    0.0840058087667589,
    0.08961849703639113,
    0.07959892467725505,
    0.06977602251607817,
    0.061258549939643636,
    0.0869962486503204,
    0.08979885854923297,
    -0.08696931643969408,
    -0.015402013076341481,
    -0.016527447007709917,
    0.10381774303282831,
    0.053859432011392316,
    0.08228236909230602,
    0.0815105375808115,
    0.09290081680442075,
    0.09707429621534369,
    -0.07739296060741019,
    -0.011797047328787169,
    -0.013913049699110891,
    0.09386727361977198,
    0.07087680808701835,
    0.0807195936490056,
    0.0792196910232762,
    0.0841990323780214,
    0.08920816930718423
  ],
  "dipole_vec_eA": [
    -0.6148457287585819,
    -0.28399090407627725,
    0.8331107704117218
  ],
  "dipole_mag_D": 5.157039307820409,
  "HOMO_eV": -14.949911228341817,
  "LUMO_eV": -14.11683766370548,
  "gap_eV": 0.8330735646363365
}