{
  "tag": "RMC-Hf_2-Ni_2-A2-B5-NNNNNS",
  "energy_eV": -2000.0746937017088,
  "multiplicity": 3,
  "charge": 1,
  "sym1": "Hf",
  "ox1": 2,
  "sym2": "Ni",
  "ox2": 2,
  "acid": "A2",
  "base": "B5",
  "bridge": [
    "N",
    "S"
  ],
  "S1_ref": 1.0,
  "S2_ref": 0.0,
  "mulliken_q_e": [
    0.9636773582956804,
    -0.31950622502216486,
    -0.33074236548037383,
    0.21248590348004115,
    -0.3796843716315652,
    -0.3919147012647368,
    -0.09463334678557822,
    -0.07202526492649697,
    0.014031101740618945,
    -0.00441723469439137,
    -0.01412923594668447,
    -0.02598838748827781,
    -0.0172015647683339,
    -0.00852315892989397,
    0.06651504120115825,
    0.06473613313678084,
    0.06022608082012937,
    0.04467929987591268,
    0.10119380075204099,
    0.08274494934517163,
    0.02621164018817046,
    0.11899885442687919,
    -0.004945456302830387,
    -0.02024119495374377,
    -0.0380597801337379,
    -0.0216077192879649,
    -0.03715554921067965,
    0.05893154947579027,
    0.05751713238914047,
    0.0553030923046306,
    0.0780704361799196,
    0.08842778580991495,
    0.08419235734773711,
    0.07358107681760784,
    -0.06175452574056184,
    -0.023640105634151976,
    0.15245711915067128,
    0.1577983669354115,
    0.011194952339292241,
    0.01640197661023346,
    0.13656883831215472,
    0.14022534126706776
  ],
  "dipole_vec_eA": [
    -0.8499747114406038,
    -0.5570715272978187,
    8.367657660571654e-16
  ],
  "dipole_mag_D": 4.881307464861931,
  "solvation_E_eV": null
}