{
  "tag": "RMC-Cr_2-Mg_2-A2-B2-NNNNNN",
  "energy_eV": -2951.6626901877066,
  "multiplicity": 1,
  "charge": 0,
  "sym1": "Cr",
  "ox1": 2,
  "sym2": "Mg",
  "ox2": 2,
  "acid": "A2",
  "base": "B2",
  "bridge": [
    "N",
    "N"
  ],
  "S1_ref": 0.0,
  "S2_ref": 0.0,
  "mulliken_q_e": [
    0.5332039262399284,
    0.42122530901246524,
    -0.3658190908162309,
    -0.3658126605537979,
    -0.19580025172447746,
    -0.19578409268585295,
    -0.16404723474458383,
    -0.16405574560282465,
    0.09690842571143543,
    -0.030560179646815566,
    -0.03903417873514892,
    -0.043181477060358464,
    -0.035370352114892034,
    -0.02706796079550111,
    0.025602340723494654,
    0.030117749722594844,
    0.027232160835845676,
    0.04314148857981559,
    0.01970082053115685,
    0.04716723391993416,
    0.03809093727802748,
    0.0969151138982749,
    -0.030571312440212273,
    -0.03904336680423737,
    -0.0431760385533988,
    -0.03538233574482241,
    -0.02708149641948543,
    0.025609431147585293,
    0.030120077921825916,
    0.027236666530330633,
    0.043126194371901905,
    0.019693995572380274,
    0.04717887324258785,
    0.03809152437194674,
    -0.041320766165161116,
    0.011477983468477504,
    -0.012246440024511474,
    0.07220896531680743,
    -0.05395394021145061,
    -0.03383331043974924,
    0.03574941945853727,
    0.04027096794355811,
    0.032481634129107984,
    0.07218811222769261,
    -0.041317247927751044,
    -0.03383275125400553,
    -0.05395220639586662,
    0.03573830524437105,
    0.032470154772676896,
    0.04026285635986104,
    -0.0437944572971789,
    0.01298851663101841,
    -0.004433470665233141,
    0.06728591213470914,
    -0.05614949031778971,
    -0.033240134611478345,
    0.035818016733449864,
    0.03751265399186254,
    0.032836283263282806,
    0.06725689011769043,
    -0.043791351084239816,
    -0.03324072206863127,
    -0.05614640494006662,
    0.03580716719565746,
    0.032821882320232754,
    0.0375024769251977
  ],
  "dipole_vec_eA": [
    0.061100254473498074,
    -0.00033701060055672105,
    1.374739184388727e-16
  ],
  "dipole_mag_D": 0.2934814673668863,
  "HOMO_eV": -8.164295378542333,
  "LUMO_eV": -8.093593263909415,
  "gap_eV": 0.0707021146329172
}