{
  "tag": "RMC-In_1-Ta_3-A2-B1-NNNNNO",
  "energy_eV": -2465.555661057442,
  "multiplicity": 3,
  "charge": 1,
  "sym1": "In",
  "ox1": 1,
  "sym2": "Ta",
  "ox2": 3,
  "acid": "A2",
  "base": "B1",
  "bridge": [
    "N",
    "O"
  ],
  "S1_ref": 0.0,
  "S2_ref": 1.0,
  "mulliken_q_e": [
    0.4500699803718731,
    0.5850155915823394,
    -0.38671643254262134,
    -0.3670240301312888,
    -0.1463387408146739,
    -0.1321047126142907,
    -0.18224206881916505,
    -0.1969122098128122,
    0.16755558913205504,
    -0.01650737304856964,
    -0.033410971625611685,
    -0.03014613866849425,
    -0.03579355908162429,
    -0.01312152415308443,
    0.059102339422806294,
    0.06579475236160837,
    0.05796309022547308,
    0.04290518998726878,
    0.04313802676542866,
    0.058833394389379734,
    0.06819360760146831,
    0.1258847550690123,
    -0.009249713236896717,
    -0.024310161416893905,
    -0.03058912818011761,
    -0.026131758848324527,
    -0.012149116512143232,
    0.06125293196485304,
    0.06568210444471612,
    0.05863521958250417,
    0.05189667842921741,
    0.04929867163779922,
    0.07316819161086541,
    0.06852882583869524,
    -0.03701148349023664,
    0.0486435513600616,
    0.04463081727243057,
    -0.037504840607130774,
    -0.024880458314177956,
    -0.024682831875382005,
    0.05873277481839356,
    0.057187537031667124,
    0.06669605832453618,
    0.06704995592639429,
    -0.03530328220598511,
    0.060711165503996245,
    0.0623109820365213,
    -0.03616990388738839,
    -0.02400604944279605,
    -0.02416985154374718,
    0.06353218676124073,
    0.061658123360458506,
    0.07093387670539553,
    0.07147037159746605
  ],
  "dipole_vec_eA": [
    -0.23209851140312227,
    -0.11713047461134066,
    -3.4138140833836442e-12
  ],
  "dipole_mag_D": 1.2487339670036,
  "HOMO_eV": -11.450771911963486,
  "LUMO_eV": -11.012170021981861,
  "gap_eV": 0.43860188998162464
}