{
  "tag": "RMC-Cr_2-Ti_3-A2-B10-NNNNNN",
  "energy_eV": -3198.6871307759125,
  "multiplicity": 2,
  "charge": 1,
  "sym1": "Cr",
  "ox1": 2,
  "sym2": "Ti",
  "ox2": 3,
  "acid": "A2",
  "base": "B10",
  "bridge": [
    "N",
    "N"
  ],
  "S1_ref": 0.0,
  "S2_ref": 0.5,
  "mulliken_q_e": [
    0.5666473811577333,
    0.6323477063390593,
    -0.3547761125114979,
    -0.3547768514238594,
    -0.18232970633499956,
    -0.1823287689753963,
    -0.18710577607736867,
    -0.18710969795917953,
    0.10013271225171727,
    -0.025585840411077587,
    -0.021053740410554855,
    -0.03610470125492826,
    -0.01933197396080777,
    -0.01980888222859356,
    0.05277935108057541,
    0.060199666919722894,
    0.055004541487240655,
    0.04726637822623747,
    0.04589420481171658,
    0.06812027226288853,
    0.06192407898745178,
    0.10013886688467943,
    -0.02558263757709467,
    -0.021048813830276236,
    -0.03610495963720406,
    -0.019327504861627043,
    -0.019809952338125214,
    0.0527789105192803,
    0.06019936974132778,
    0.05500399316397475,
    0.0472829245838291,
    0.04589502421511549,
    0.0681181896088845,
    0.06192419839028929,
    0.06785815079154656,
    -0.0010161775818844365,
    0.010787017875792282,
    -0.030861949299085145,
    -0.02536413123360548,
    -0.05081940173881727,
    0.056592454146922044,
    0.05411172050984292,
    0.045793836918450626,
    -0.030865358508844976,
    0.010784901182087081,
    -0.0010132767463719716,
    0.06785775495296864,
    -0.050819175723556764,
    -0.025362755998706188,
    0.056596148889233144,
    0.04579393994449421,
    0.05411030414841356,
    0.06698822618260447,
    -0.004418655610993305,
    0.011156209924150895,
    -0.030506134263357465,
    -0.024804877308090445,
    -0.05104007484782058,
    0.057788845724837334,
    0.05578287584928143,
    0.047240149589509506,
    -0.030487694446715397,
    0.01116923699000405,
    -0.004430377105515637,
    0.06698507857845648,
    -0.051044462297954896,
    -0.024812433744110685,
    0.05776875660730507,
    0.0472388606852413,
    0.05579061612513825
  ],
  "dipole_vec_eA": [
    0.37198572344705705,
    0.00010850088642695778,
    2.185534371179671e-12
  ],
  "dipole_mag_D": 1.7867234912448013,
  "HOMO_eV": -10.961716882281417,
  "LUMO_eV": -10.939175584953786,
  "gap_eV": 0.022541297327631327
}