{
  "tag": "RMC-Rh_2-V_2-A2-B7-NNNNNN",
  "energy_eV": -2173.340188079973,
  "multiplicity": 1,
  "charge": 0,
  "sym1": "Rh",
  "ox1": 2,
  "sym2": "V",
  "ox2": 2,
  "acid": "A2",
  "base": "B7",
  "bridge": [
    "N",
    "N"
  ],
  "S1_ref": 0.5,
  "S2_ref": 0.5,
  "mulliken_q_e": [
    -0.13090461671943643,
    0.25992152014070236,
    -0.16113640359683168,
    -0.15836504609075996,
    -0.0770084193324545,
    -0.05982661964190816,
    -0.16142602232000636,
    -0.14340744073164569,
    0.09503009278309582,
    -0.017048328867335094,
    -0.03461795039072646,
    -0.04146968049773414,
    -0.03758072164727588,
    -0.013571061824729558,
    0.02991632383887466,
    0.029397477746612166,
    0.028745948006085875,
    0.04487182518080313,
    0.044783156961377246,
    0.019500668689824363,
    0.0238929773134523,
    0.09367241672401128,
    -0.01923642649205748,
    -0.03350438537048661,
    -0.04335313312181266,
    -0.03623471886091534,
    -0.015160758119976414,
    0.029759212346996078,
    0.02965557076587988,
    0.028783955684389628,
    0.050846990133823544,
    0.04588758728964604,
    0.01587999542511931,
    0.01910232061948247,
    0.028367147566766615,
    -0.05183872678453816,
    0.023657088486940925,
    0.0387243858411781,
    0.013650483433629068,
    0.05337150354304476,
    0.053371503543043985,
    0.03238593801641687,
    -0.06305616430131677,
    0.016976019103530415,
    0.03389931832631832,
    0.022308312485824544,
    0.04619344235753042,
    0.046193442357524095
  ],
  "dipole_vec_eA": [
    -0.05591353961088873,
    0.21041020012486028,
    -5.3830120270061896e-15
  ],
  "dipole_mag_D": 1.045718090279787,
  "HOMO_eV": -7.954256323679849,
  "LUMO_eV": -7.651882496765633,
  "gap_eV": 0.30237382691421644
}