{
  "tag": "RMC-Ni_3-Ta_3-A2-B7-NNNNNS",
  "energy_eV": -2159.8667920655066,
  "multiplicity": 2,
  "charge": 3,
  "sym1": "Ni",
  "ox1": 3,
  "sym2": "Ta",
  "ox2": 3,
  "acid": "A2",
  "base": "B7",
  "bridge": [
    "N",
    "S"
  ],
  "S1_ref": 0.5,
  "S2_ref": 1.0,
  "mulliken_q_e": [
    -0.03264272216747499,
    0.771747840612341,
    -0.25982511032662625,
    0.028997124830737894,
    0.05723278448497826,
    0.061448255995145695,
    -0.1951089972887241,
    -0.18057305987739714,
    0.05386524024907713,
    0.011755131964594101,
    0.0035783841783707526,
    -0.0009614183269841536,
    0.00674944606539718,
    0.02712085271668263,
    0.11419699864456989,
    0.12891936713631247,
    0.1215827330534982,
    0.08127218084666166,
    0.049476045111300326,
    0.1098681067286652,
    0.13272180533074773,
    0.13494245152038342,
    0.0015618379076747235,
    0.004853238589071607,
    -0.0036569706873395003,
    0.006414691905542336,
    0.022414963633041962,
    0.11326360960160198,
    0.12803050674732774,
    0.11866789954619639,
    0.07935877792752333,
    0.05874655380958571,
    0.11088006059971023,
    0.14019366053849158,
    0.015310280303765023,
    -0.010253992287020619,
    0.13134583964071522,
    0.14713268155332626,
    -0.04509962647249077,
    0.15753830718248674,
    0.15753830718248574,
    0.01981230296742953,
    -0.04950922042107231,
    0.09996331258411273,
    0.12148714413533757,
    0.0013823455823038788,
    0.1231300232241308,
    0.12313002322413302
  ],
  "dipole_vec_eA": [
    1.0319720608932452,
    -0.02833438621756434,
    8.526162296526856e-15
  ],
  "dipole_mag_D": 4.9586406181855445,
  "HOMO_eV": -19.066948554372527,
  "LUMO_eV": -18.396376991941192,
  "gap_eV": 0.6705715624313342
}