{
  "tag": "RMC-Cd_2-Zr_2-A2-B6-NNNNOO",
  "energy_eV": -2166.2711870499493,
  "multiplicity": 3,
  "charge": 2,
  "sym1": "Cd",
  "ox1": 2,
  "sym2": "Zr",
  "ox2": 2,
  "acid": "A2",
  "base": "B6",
  "bridge": [
    "O",
    "O"
  ],
  "S1_ref": 0.0,
  "S2_ref": 1.0,
  "mulliken_q_e": [
    0.4959130393846385,
    0.8613146261078267,
    -0.4124478564243399,
    -0.4124604545903052,
    -0.14251299328305977,
    -0.14250276622793057,
    -0.1848153414641851,
    -0.18486378472345977,
    0.17651934295600658,
    -0.017979040827103443,
    -0.024862747080634184,
    -0.023943859165395986,
    -0.026592224881880844,
    -0.020614908054654935,
    0.07723855532305846,
    0.0862901553480887,
    0.0754706726180252,
    0.0392781802690354,
    0.07023746137714815,
    0.08394526186972573,
    0.08383853475800362,
    0.1765616382545805,
    -0.017965984609679797,
    -0.02486117411627986,
    -0.023941983984399506,
    -0.026617415932278954,
    -0.020617395407481087,
    0.07724026949749119,
    0.08629006417112384,
    0.07547325176054165,
    0.03940808762182324,
    0.07019936173770636,
    0.08393559596147482,
    0.08384428073294392,
    -0.08567029142060933,
    -0.02094267229454072,
    -0.02094858386293552,
    0.10801102199354029,
    0.09117738088435812,
    0.08982684895804027,
    0.0898291340074836,
    0.09949731974640685,
    0.09950152420271252,
    -0.08721377925616136,
    -0.021950383963435183,
    -0.021952382000425485,
    0.11904869396763051,
    0.10806769005738792,
    0.10261212922908602,
    0.10261258448481791,
    0.106546994552156,
    0.10654832173717743
  ],
  "dipole_vec_eA": [
    0.17085662608582095,
    0.000365508651958662,
    0.16564960576171775
  ],
  "dipole_mag_D": 1.1430406342262545,
  "HOMO_eV": -13.66189848859389,
  "LUMO_eV": -13.636419680856456,
  "gap_eV": 0.02547880773743394
}