{
  "tag": "RMC-Co_3-Os_2-A2-B6-NNNNOS",
  "energy_eV": -2256.347813410468,
  "multiplicity": 1,
  "charge": 3,
  "sym1": "Co",
  "ox1": 3,
  "sym2": "Os",
  "ox2": 2,
  "acid": "A2",
  "base": "B6",
  "bridge": [
    "O",
    "S"
  ],
  "S1_ref": 0.0,
  "S2_ref": 0.0,
  "mulliken_q_e": [
    0.19446267585085253,
    0.35208976119201796,
    -0.2799530935350891,
    0.12911101834256822,
    -0.044446929061865204,
    -0.0468244835936833,
    -0.055823099378262686,
    -0.06117900063585169,
    0.03290355125483724,
    0.017456746863619976,
    -0.000496006189138809,
    0.003661175360833102,
    0.0020470552176712342,
    0.019162858180667985,
    0.11496707837764208,
    0.12961002526601895,
    0.11812861949151243,
    0.04768352197648529,
    0.05264427061155308,
    0.12438984209507264,
    0.11646559192725692,
    0.2012131058557538,
    -0.0032805827273292287,
    -0.004176653351259496,
    -0.0036108687451728017,
    -0.0003301668962352178,
    -0.0003564819556183263,
    0.1110740862846995,
    0.12693356608859996,
    0.1154524749749043,
    0.06453608126548249,
    0.06649617510241312,
    0.1270829983389986,
    0.11455796593001433,
    -0.08509260690493026,
    -0.031935919062024754,
    -0.03341817309687389,
    0.11929027283463134,
    0.09743212561628622,
    0.10614424607850204,
    0.10775981715108618,
    0.11594755495344211,
    0.11893698095415384,
    -0.0884794203299144,
    -0.02516480472225746,
    -0.02871189498742166,
    0.13231347165540475,
    0.11600574783073325,
    0.12395456268822702,
    0.12288466479399374,
    0.12483659507485134,
    0.12564390145553828
  ],
  "dipole_vec_eA": [
    1.0070451349914131,
    -0.20770334187784406,
    0.11038360899824708
  ],
  "dipole_mag_D": 4.967231143088686,
  "HOMO_eV": -18.974786550725387,
  "LUMO_eV": -18.683458542288125,
  "gap_eV": 0.2913280084372616
}