{
  "tag": "RMC-Ti_3-Ti_3-A2-B2-NNNNNS",
  "energy_eV": -2937.358423596332,
  "multiplicity": 1,
  "charge": 3,
  "sym1": "Ti",
  "ox1": 3,
  "sym2": "Ti",
  "ox2": 3,
  "acid": "A2",
  "base": "B2",
  "bridge": [
    "N",
    "S"
  ],
  "S1_ref": 0.5,
  "S2_ref": 0.5,
  "mulliken_q_e": [
    0.6698555954830505,
    0.6698083622638165,
    -0.4008039715284424,
    -0.1648141663883131,
    -0.1476909461560869,
    -0.14255877212941415,
    -0.14769220790659765,
    -0.1425604642019429,
    0.07223565575030166,
    0.010147406859136288,
    -0.0024675004942760204,
    -0.00923571094472253,
    -0.0024680430013612753,
    0.010147391929918204,
    0.10137766153576089,
    0.1149737344510009,
    0.10137778070196835,
    0.05998658668453882,
    0.05998662637756169,
    0.10630768642861499,
    0.10630798297415156,
    0.1358909782149651,
    -0.009811496892170979,
    4.9103154704521756e-05,
    -0.01578280038687474,
    4.9090368270610085e-05,
    -0.009811275758613514,
    0.09712111183639482,
    0.1115954701216958,
    0.09712123915542359,
    0.05882577081181806,
    0.05882622242650526,
    0.11041764429911172,
    0.11041734001439762,
    -0.004545709620076499,
    0.034200288090319164,
    0.007677215281994165,
    0.06255979563907332,
    -0.025858091609343825,
    -0.012922958745746671,
    0.10703818590938263,
    0.08346749350208038,
    0.10199464190070395,
    0.06571873169060849,
    -0.008298202587140757,
    -0.012010168580576464,
    -0.025938256914043833,
    0.1059235309889045,
    0.10315624745056495,
    0.08426662182767664,
    -0.004550431202867022,
    0.03421166838596834,
    0.007676457535895409,
    0.06256300060185693,
    -0.02585571458213809,
    -0.01293550602789928,
    0.10704477039450211,
    0.08346593301084437,
    0.10200171404875125,
    0.06572258911139017,
    -0.008303742570842099,
    -0.012023451658814466,
    -0.025934839803591014,
    0.10593040461900194,
    0.1031638211471787,
    0.08426487671206262
  ],
  "dipole_vec_eA": [
    5.771972153720338e-06,
    -0.16832233397661758,
    3.0391852444292194e-15
  ],
  "dipole_mag_D": 0.8084865537681994,
  "HOMO_eV": -17.218764899977355,
  "LUMO_eV": -17.122727803153353,
  "gap_eV": 0.09603709682400208
}