{
  "tag": "RMC-Ag_2-Ir_3-A2-B2-NNNNNS",
  "energy_eV": -3075.778080437462,
  "multiplicity": 2,
  "charge": 2,
  "sym1": "Ag",
  "ox1": 2,
  "sym2": "Ir",
  "ox2": 3,
  "acid": "A2",
  "base": "B2",
  "bridge": [
    "N",
    "S"
  ],
  "S1_ref": 0.5,
  "S2_ref": 0.0,
  "mulliken_q_e": [
    0.34753166801607316,
    0.16262519974790646,
    -0.25035293710130535,
    -0.10394115261778236,
    -0.1302450051402817,
    -0.1288596158379136,
    -0.03864133789304991,
    -0.04830757331745783,
    0.06308943758951857,
    0.008741210943091327,
    -0.012105058791968881,
    -0.018662236438119484,
    -0.012165906222948664,
    0.0009644067121064026,
    0.07862513540408822,
    0.0876115113305207,
    0.07551551012184132,
    0.033589557895700395,
    0.062440885859848194,
    0.0863426428670967,
    0.08340276298491045,
    0.13041379447669788,
    0.0064459587207095215,
    -0.011505918537382032,
    -0.02223767116025943,
    -0.009553416877459586,
    -0.01117613231157355,
    0.07871722888765287,
    0.08610563467491594,
    0.07371759059190253,
    0.03954546602217146,
    0.059353428345420456,
    0.087322724995894,
    0.09783955005329226,
    -0.01406717549050085,
    0.027527506728153073,
    0.0068570422713727375,
    0.07222557559255871,
    -0.030014443598148643,
    -0.01780648265780438,
    0.08486412344714411,
    0.06893234171626006,
    0.08234142921067666,
    0.07216447669250448,
    -0.016409300060603593,
    -0.01727070718592172,
    -0.031363638419300566,
    0.08502850851990529,
    0.08426071286534864,
    0.06853068201581602,
    -0.013604935469857082,
    0.02801398324309834,
    0.01149454193491195,
    0.06507739332501572,
    -0.031203436227110748,
    -0.018417167636366694,
    0.08590789889921968,
    0.0710580544737972,
    0.08205459351467881,
    0.06534620404299729,
    -0.014506301252968035,
    -0.017998395280846458,
    -0.030991989741117054,
    0.08564932075351128,
    0.08268189791728475,
    0.07145034186397103
  ],
  "dipole_vec_eA": [
    -0.3998180975262239,
    -0.13494079249767815,
    -2.9317423105223977e-15
  ],
  "dipole_mag_D": 2.0268356957873737,
  "HOMO_eV": -14.601517508923003,
  "LUMO_eV": -14.397842051769958,
  "gap_eV": 0.2036754571530448
}