{
  "tag": "RMC-Cr_2-Nb_3-A2-B5-NNNNOS",
  "energy_eV": -1938.1899145690527,
  "multiplicity": 3,
  "charge": 3,
  "sym1": "Cr",
  "ox1": 2,
  "sym2": "Nb",
  "ox2": 3,
  "acid": "A2",
  "base": "B5",
  "bridge": [
    "O",
    "S"
  ],
  "S1_ref": 0.0,
  "S2_ref": 1.0,
  "mulliken_q_e": [
    0.6234842062601951,
    0.35870109705868614,
    -0.27869965389145324,
    0.28481791909143345,
    -0.0543242651280349,
    -0.1578166475146936,
    -0.18896795429705948,
    -0.18192262587848917,
    0.027993712691658068,
    0.024499486410675342,
    0.012989112684548276,
    0.0019955592260474386,
    0.013075881288281188,
    0.023867428162910542,
    0.12768788563783817,
    0.1351514077681203,
    0.12936735853298598,
    0.11172801454205561,
    0.05755128771594986,
    0.1522735167621737,
    0.14733563959325557,
    0.19211902163448946,
    0.008297059343746138,
    0.0036418029648304096,
    0.0044932506492512125,
    0.006242822305282614,
    0.01690433284923154,
    0.12102777355968619,
    0.13825094676876482,
    0.13111436527788856,
    0.11897230430609462,
    0.06165808465942346,
    0.14575996884504527,
    0.14237869338244713,
    -0.1319486483474308,
    0.049884103880507125,
    0.13080668553782893,
    0.13809354248095662,
    -0.004749543484386054,
    -0.0021838215315850285,
    0.1813161483169099,
    0.17713273973921617
  ],
  "dipole_vec_eA": [
    0.7491485260738857,
    0.05350674411451549,
    5.2074083767270735e-09
  ],
  "dipole_mag_D": 3.6074797690383,
  "solvation_E_eV": null
}