{
  "tag": "RMC-Rh_3-Sc_3-A2-B1-NNNNNS",
  "energy_eV": -2464.9779874872456,
  "multiplicity": 1,
  "charge": 3,
  "sym1": "Rh",
  "ox1": 3,
  "sym2": "Sc",
  "ox2": 3,
  "acid": "A2",
  "base": "B1",
  "bridge": [
    "N",
    "S"
  ],
  "S1_ref": 0.0,
  "S2_ref": 0.0,
  "mulliken_q_e": [
    0.035033890754996855,
    0.6332159605954181,
    -0.2263421701537518,
    -0.04031365586269303,
    0.006233187820773534,
    -0.020959299673638743,
    -0.14844007165145956,
    -0.14011290513633035,
    0.07252822672833625,
    0.01630672563006641,
    0.0039527231755833725,
    -0.0017460372818516312,
    0.0029757693723655443,
    0.027502651389619714,
    0.10969466881514356,
    0.12274794872146777,
    0.11271967127209448,
    0.09007548484693806,
    0.05969919093203746,
    0.11030867977344616,
    0.10558815932525778,
    0.13466942375814095,
    0.011128495086897061,
    0.009402250824827929,
    0.004536619647923068,
    0.0009335528108198599,
    0.037329669725904235,
    0.11401362988881514,
    0.12730782009530095,
    0.11594372108820827,
    0.09109395280889099,
    0.05746383507797104,
    0.1256764731571488,
    0.11058218727571822,
    -0.011084796348868053,
    0.06921168998456917,
    0.0719798986131297,
    -0.012699495076878842,
    0.005003385346895373,
    0.00010104798736643161,
    0.09785269522050744,
    0.09770526033788884,
    0.12014053383798962,
    0.11947618710808028,
    -0.008063539285349863,
    0.06332066594458086,
    0.06270696717761659,
    -0.008369276489434752,
    0.002790514545217171,
    0.002575765635964178,
    0.1037438033233461,
    0.10366611219048649,
    0.12419479610435591,
    0.12499735331514394
  ],
  "dipole_vec_eA": [
    0.8960321644123466,
    0.08287469383793336,
    1.8734195567593691e-13
  ],
  "dipole_mag_D": 4.322194940677236,
  "HOMO_eV": -18.69719536806996,
  "LUMO_eV": -18.43335363199383,
  "gap_eV": 0.26384173607613093
}