{
  "tag": "RMC-Ti_2-Zn_2-A2-B4-NNNNOO",
  "energy_eV": -1989.4950332493652,
  "multiplicity": 3,
  "charge": 2,
  "sym1": "Ti",
  "ox1": 2,
  "sym2": "Zn",
  "ox2": 2,
  "acid": "A2",
  "base": "B4",
  "bridge": [
    "O",
    "O"
  ],
  "S1_ref": 1.0,
  "S2_ref": 0.0,
  "mulliken_q_e": [
    0.7616933945022587,
    0.3243517518380351,
    -0.376141968110997,
    -0.3761451216040268,
    -0.148039430969664,
    -0.14801572770678528,
    -0.18014658941272765,
    -0.18020565117934195,
    0.19320597620732238,
    -0.004214355693503702,
    -0.00296636460638644,
    -0.016454053018553072,
    -0.008297378514117382,
    -0.01523654563133614,
    0.10164051261282725,
    0.10592320248172515,
    0.09602351490716299,
    0.10245771593820385,
    0.08037642754302343,
    0.13004229412091817,
    0.10206847998961666,
    0.19320171949902276,
    -0.004203310715238384,
    -0.0029676020514810553,
    -0.016455685818791865,
    -0.008289059321018977,
    -0.01522951105582826,
    0.10164159505478954,
    0.105928491308382,
    0.09603264754335517,
    0.10245630323180199,
    0.08037184311871282,
    0.13004477348350452,
    0.10204688326946432,
    -0.020231351939466125,
    -0.0202339157437863,
    0.1105401049635083,
    0.11054010496350797,
    0.11054288935277512,
    0.11054288935277656,
    -0.05741520978453263,
    -0.05743072086887113,
    0.07666249196958796,
    0.0766624919695893,
    0.07666052727238348,
    0.0766605272723847
  ],
  "dipole_vec_eA": [
    -1.7156031282302178,
    0.00020579049198873842,
    -5.1406663286552965e-16
  ],
  "dipole_mag_D": 8.240392330424376,
  "solvation_E_eV": null
}