{
  "tag": "RMC-Au_3-Ru_3-A2-B4-NNNNOS",
  "energy_eV": -2057.9316499068977,
  "multiplicity": 2,
  "charge": 4,
  "sym1": "Au",
  "ox1": 3,
  "sym2": "Ru",
  "ox2": 3,
  "acid": "A2",
  "base": "B4",
  "bridge": [
    "O",
    "S"
  ],
  "S1_ref": 0.0,
  "S2_ref": 0.5,
  "mulliken_q_e": [
    0.44640328547954333,
    0.08218721166176268,
    -0.07733403989955567,
    0.35611587976242065,
    -0.03474766626427295,
    -0.1917163547347056,
    -0.046137835316297116,
    -0.0930225260948494,
    0.0358821816110515,
    0.04001648088653509,
    0.017770635127411394,
    0.017720754807335704,
    0.024546009263199053,
    0.03629812571171831,
    0.15610849121183212,
    0.16842309675703837,
    0.1477838047557508,
    0.07078043902599296,
    0.10487050035917034,
    0.1617770623931728,
    0.16094260531798943,
    0.1644099872765583,
    0.043738112239152915,
    0.017441798736269387,
    0.01399044721361875,
    0.041156102989108545,
    0.023105511888337205,
    0.15236513964127696,
    0.16814943495028112,
    0.16152648211371023,
    0.10097035294728651,
    0.06490256406886652,
    0.19795834818543023,
    0.1352369212665645,
    -0.06105367184661725,
    -0.03518483830941643,
    0.14098417337536473,
    0.14098417331281876,
    0.14741840463723344,
    0.14741840463248568,
    -0.03253769340531165,
    -0.01154029638816656,
    0.1742194193191885,
    0.1742194193719535,
    0.17272657490978405,
    0.17272657493538568
  ],
  "dipole_vec_eA": [
    -0.4461233088783575,
    0.017856882013732006,
    1.717280712417931e-10
  ],
  "dipole_mag_D": 2.1445372489003636,
  "solvation_E_eV": null
}