{
  "tag": "RMC-Cd_2-Ru_2-A2-B4-NNNNOO",
  "energy_eV": -2032.4190993478685,
  "multiplicity": 1,
  "charge": 2,
  "sym1": "Cd",
  "ox1": 2,
  "sym2": "Ru",
  "ox2": 2,
  "acid": "A2",
  "base": "B4",
  "bridge": [
    "O",
    "O"
  ],
  "S1_ref": 0.0,
  "S2_ref": 0.0,
  "mulliken_q_e": [
    0.4858189021445438,
    0.09419789938308265,
    -0.30453396618589434,
    -0.3045149367481772,
    -0.11850284520698584,
    -0.11850956396341972,
    -0.13368472788688956,
    -0.13367511133064336,
    0.21899868796727717,
    0.004734786241314737,
    -0.008821376606483078,
    -0.01447666043950413,
    0.0013159249959260322,
    -0.01853809304748144,
    0.09404641012439185,
    0.10182145689751143,
    0.09543657043797149,
    0.10298730789602528,
    0.0771206176412389,
    0.10509640634980932,
    0.08441835196343694,
    0.21899534765320428,
    0.004743089967184755,
    -0.00881716138006916,
    -0.014476118385241321,
    0.0013173137627502385,
    -0.01853856731974579,
    0.09405139156321418,
    0.10181688830076585,
    0.09543626844261544,
    0.10299492907467167,
    0.07712059655559544,
    0.10509789897614008,
    0.08442233715686864,
    -0.020797405586364892,
    -0.020800569894338095,
    0.10132483377219847,
    0.10132483248115753,
    0.10132436651071086,
    0.10132436521950294,
    -0.029346393631926704,
    -0.02933603407174523,
    0.13502191413947995,
    0.13502191348053927,
    0.135018966494182,
    0.13501896583880102
  ],
  "dipole_vec_eA": [
    0.12427071476152177,
    0.00011307352221347844,
    -1.6073304974361883e-07
  ],
  "dipole_mag_D": 0.5968978748683365,
  "HOMO_eV": -15.956484463012263,
  "LUMO_eV": -15.702362022588128,
  "gap_eV": 0.2541224404241351
}