{
  "tag": "RMC-Ir_3-V_3-A2-B10-NNNNNO",
  "energy_eV": -3260.0286612546192,
  "multiplicity": 3,
  "charge": 3,
  "sym1": "Ir",
  "ox1": 3,
  "sym2": "V",
  "ox2": 3,
  "acid": "A2",
  "base": "B10",
  "bridge": [
    "N",
    "O"
  ],
  "S1_ref": 0.0,
  "S2_ref": 1.0,
  "mulliken_q_e": [
    0.2305920939558963,
    0.36427474697171536,
    -0.16212504866372757,
    -0.23032200425441696,
    -0.020479468168449477,
    -0.0760918663935648,
    -0.1410609517757242,
    -0.14252343072650708,
    0.17943144125618216,
    0.0032096390634970273,
    -0.0067619454395628775,
    -0.007840996389571364,
    -0.011162660431990101,
    -0.0005639488051034647,
    0.0985957229589195,
    0.11356354541128844,
    0.0945691966317862,
    0.07661092931408886,
    0.05858603368294757,
    0.07657820208972421,
    0.10083719823463089,
    0.11190911798928838,
    0.010182516994174495,
    -0.004106345390639143,
    -0.005430629300447354,
    -0.006043942308073147,
    0.014459759804404282,
    0.09577349772914212,
    0.11403162523872479,
    0.09823498043595402,
    0.07074404965013481,
    0.04589489156028659,
    0.09066193534717204,
    0.12144526732663308,
    0.06927095263149718,
    0.024732956891969193,
    0.041879389500694586,
    -0.005605558438856351,
    0.001875873642389836,
    -0.031403405531031936,
    0.1130110560567349,
    0.11127751850915646,
    0.08749627151234318,
    -0.005501215846059004,
    0.04135418786489331,
    0.02421085222664754,
    0.07161290814766885,
    -0.031726114085190105,
    0.0012638981077632838,
    0.11160463078533611,
    0.08204573603022602,
    0.10807628075337139,
    0.08262577858263676,
    0.02806123608695965,
    0.040033353496218727,
    -0.006678509837452662,
    0.0026042968824688817,
    -0.03000098497143422,
    0.10882562650075212,
    0.10574018216812064,
    0.08146712361180053,
    -0.005928152647262319,
    0.038910421593414624,
    0.02860344578197216,
    0.08456369317644286,
    -0.02695771409418568,
    0.0031831130387283135,
    0.10763648111017454,
    0.08063100717382177,
    0.10553023151352414
  ],
  "dipole_vec_eA": [
    0.2020641645645378,
    -0.12011897988631838,
    3.054775238735073e-15
  ],
  "dipole_mag_D": 1.1290952660155484,
  "HOMO_eV": -17.64761720876482,
  "LUMO_eV": -17.31183860665769,
  "gap_eV": 0.33577860210712984
}