{
  "tag": "RMC-Ag_1-Sn_2-A2-B7-NNNNNN",
  "energy_eV": -2176.433964320209,
  "multiplicity": 1,
  "charge": -1,
  "sym1": "Ag",
  "ox1": 1,
  "sym2": "Sn",
  "ox2": 2,
  "acid": "A2",
  "base": "B7",
  "bridge": [
    "N",
    "N"
  ],
  "S1_ref": 0.0,
  "S2_ref": 0.0,
  "mulliken_q_e": [
    0.1618832439665273,
    0.4316777099399888,
    -0.38046207501245766,
    -0.3788380590515257,
    -0.16859176197698744,
    -0.15408717701319108,
    -0.24522140113209145,
    -0.22492375181607493,
    0.11914363237705139,
    -0.03570401578069893,
    -0.05241535321318391,
    -0.054020064828947945,
    -0.05351406494965949,
    -0.029370239000075404,
    -0.007265897020243051,
    -0.008557668657683593,
    -0.00615341297683214,
    0.04925692246239444,
    0.04401529794632575,
    -0.019623366676000398,
    -0.0015003381460270138,
    0.11694711805719948,
    -0.038961655876681434,
    -0.04307528199948374,
    -0.05815275211410009,
    -0.043956255939628264,
    -0.03310741917674731,
    -0.003900911751847369,
    -0.0053060988925488495,
    -0.002504383130933041,
    0.06271977663669404,
    0.060822904351805596,
    -0.021326437273825105,
    -0.003461894836481072,
    0.030927988787925242,
    -0.0895711729365829,
    0.005357091908963496,
    0.013848549241170405,
    0.02415570643454834,
    0.031765913844629456,
    0.031765913913076815,
    0.030340240585554845,
    -0.09336620894564573,
    -0.014978918837902366,
    -0.001390336433329864,
    0.032990245617054104,
    0.012845057735647036,
    0.01284505765790478
  ],
  "dipole_vec_eA": [
    0.059568667219530615,
    0.4478158892747432,
    1.051314774475009e-08
  ],
  "dipole_mag_D": 2.1698976832085823,
  "HOMO_eV": -4.620124930179074,
  "LUMO_eV": -4.441572872720063,
  "gap_eV": 0.1785520574590107
}