{
  "tag": "RMC-In_1-Ti_2-A2-B6-NNNNNN",
  "energy_eV": -2149.4744327528892,
  "multiplicity": 3,
  "charge": -1,
  "sym1": "In",
  "ox1": 1,
  "sym2": "Ti",
  "ox2": 2,
  "acid": "A2",
  "base": "B6",
  "bridge": [
    "N",
    "N"
  ],
  "S1_ref": 0.0,
  "S2_ref": 1.0,
  "mulliken_q_e": [
    0.17956304667768785,
    0.4895903868875062,
    -0.38281359977703056,
    -0.38281673319825593,
    -0.19460970281179946,
    -0.19461200564096748,
    -0.24751383524819892,
    -0.2475128376438862,
    0.11052677468792504,
    -0.050417674450451644,
    -0.05480983169684328,
    -0.06147230556347805,
    -0.05368400657642547,
    -0.04129480448320799,
    -0.013966302061919622,
    -0.01437280964874077,
    -0.011025306291931658,
    0.039874154798660744,
    0.06305205365123268,
    -0.01934063986383161,
    -0.025834816333188515,
    0.11052852522186485,
    -0.05041235080654327,
    -0.05480646557991875,
    -0.06147567427627143,
    -0.05367500550210069,
    -0.041295147238456176,
    -0.013964571071066967,
    -0.01437075190161119,
    -0.011028139380991231,
    0.039877018581297996,
    0.0630521672638158,
    -0.01934131028144015,
    -0.02583449968121032,
    -0.06044553624645577,
    0.025545612152290342,
    0.025546189766276317,
    0.015061260165578183,
    0.06265166949213263,
    -0.00028674662968208864,
    -0.0002870323533206154,
    0.019870843178554476,
    0.019870446525342866,
    -0.05779461448772305,
    0.034212074530165504,
    0.03421104887938542,
    0.020129562361615005,
    0.05528685428444702,
    0.00783388913138272,
    0.007834425966737446,
    0.018498129150403164,
    0.01849892337013359
  ],
  "dipole_vec_eA": [
    0.5320696973912463,
    8.591422505657279e-05,
    0.08446778231618499
  ],
  "dipole_mag_D": 2.587643447819515,
  "HOMO_eV": -4.003745013685507,
  "LUMO_eV": -3.957396895072923,
  "gap_eV": 0.046348118612584255
}