{
  "tag": "RMC-Mn_2-Sn_2-A2-B4-NNNNSS",
  "energy_eV": -2019.5799438468302,
  "multiplicity": 2,
  "charge": 2,
  "sym1": "Mn",
  "ox1": 2,
  "sym2": "Sn",
  "ox2": 2,
  "acid": "A2",
  "base": "B4",
  "bridge": [
    "S",
    "S"
  ],
  "S1_ref": 0.5,
  "S2_ref": 0.0,
  "mulliken_q_e": [
    0.172127751800482,
    0.6442223435296232,
    0.22207905620435736,
    0.22326507929907022,
    -0.24864871146366996,
    -0.24753021319420343,
    -0.1915668026991657,
    -0.19132352676524156,
    0.02744363630106661,
    0.007713219334990251,
    -0.02057477061473567,
    -0.014156524894304967,
    -0.014752622026398488,
    0.009807534843673915,
    0.07963990736918924,
    0.08759108765619539,
    0.08289179048530892,
    0.04795633403234456,
    0.06431639798956557,
    0.08925109238398532,
    0.07503709903833544,
    0.027692116919905807,
    0.007624042518871166,
    -0.02047837150497811,
    -0.01415613817679695,
    -0.014581085786811832,
    0.009696231548080414,
    0.07962138832761201,
    0.0875215377820191,
    0.08292301361991172,
    0.04825818614901922,
    0.06465048754785307,
    0.08900694667880371,
    0.0747349666493844,
    -0.04580877658717841,
    -0.04597906775240945,
    0.09989307788440738,
    0.09989304614976025,
    0.09963900115034663,
    0.09963897104100794,
    -0.0654535448675515,
    -0.06550349797089816,
    0.0991027534654928,
    0.09910275266267077,
    0.09908640237540611,
    0.09908640157871185
  ],
  "dipole_vec_eA": [
    1.9724422204241974,
    0.0033821660657139675,
    -1.118215872452066e-06
  ],
  "dipole_mag_D": 9.474056823392711,
  "solvation_E_eV": null
}