{
  "tag": "RMC-Ni_2-Re_3-A2-B7-NNNNSS",
  "energy_eV": -2205.0499426388365,
  "multiplicity": 1,
  "charge": 3,
  "sym1": "Ni",
  "ox1": 2,
  "sym2": "Re",
  "ox2": 3,
  "acid": "A2",
  "base": "B7",
  "bridge": [
    "S",
    "S"
  ],
  "S1_ref": 0.0,
  "S2_ref": 0.0,
  "mulliken_q_e": [
    -0.09634116026175177,
    0.11961080029752069,
    0.15815549914752203,
    0.15512476193571045,
    0.014688561702061342,
    0.017431850880634592,
    -0.033124593884300335,
    -0.02209973151942779,
    0.04510215458099154,
    0.024371279818952152,
    0.0004211168096592832,
    0.00028985928360647506,
    0.007777557466131846,
    0.021832991989704897,
    0.11488071371862851,
    0.1276836504710378,
    0.11835059774632095,
    0.04767870341869829,
    0.05796523220118499,
    0.11895644976375319,
    0.12432311461105128,
    0.04405259776963222,
    0.023517473883227114,
    -0.00011426564756522595,
    -0.0007778402089624326,
    0.007412097192537548,
    0.02014660289617587,
    0.11469102558110844,
    0.12795734516070878,
    0.11800327706736558,
    0.04341614728965104,
    0.058289744882256134,
    0.11679078229389539,
    0.12509098781220251,
    0.04313682246139883,
    -0.002567682061874077,
    0.11335599327579693,
    0.12729478644534098,
    -0.0056438208754034935,
    0.14137774473893439,
    0.1413777494139905,
    0.027511021702007366,
    -0.020747544588949784,
    0.11403060054832892,
    0.1300188398981631,
    -0.010140052253957643,
    0.1397200605564627,
    0.13972009508898153
  ],
  "dipole_vec_eA": [
    0.0211982696728887,
    0.24784311174565288,
    1.5624580466564653e-06
  ],
  "dipole_mag_D": 1.1947875250300823,
  "HOMO_eV": -18.608192547987816,
  "LUMO_eV": -18.506702350634416,
  "gap_eV": 0.10149019735339948
}