{
  "tag": "RMC-Ir_3-Ru_2-A2-B7-NNNNSS",
  "energy_eV": -2177.990621861112,
  "multiplicity": 1,
  "charge": 3,
  "sym1": "Ir",
  "ox1": 3,
  "sym2": "Ru",
  "ox2": 2,
  "acid": "A2",
  "base": "B7",
  "bridge": [
    "S",
    "S"
  ],
  "S1_ref": 0.0,
  "S2_ref": 0.0,
  "mulliken_q_e": [
    0.1588104179749572,
    -0.06448716665811438,
    0.12002981147952999,
    0.12553467382420652,
    -0.005939008600399864,
    0.006307725774882478,
    -0.039606969167674366,
    -0.026161144167150097,
    0.04947343964117379,
    0.022521964598902322,
    0.0024167107793457987,
    0.003594303130013632,
    0.0018231838321507432,
    0.024423435387977754,
    0.11557560492383079,
    0.12908212878087422,
    0.11913667932670813,
    0.06158255183812744,
    0.03997188329454837,
    0.11906162554259248,
    0.1254330691122748,
    0.04943302975606012,
    0.02133958299701466,
    0.0017189739924450276,
    0.0023721595448376043,
    0.0012354843100372825,
    0.0214331284747733,
    0.11472543929293988,
    0.12864642885463595,
    0.11777798232149284,
    0.0576958933860694,
    0.04135798951363512,
    0.11534087006585203,
    0.12248581583579388,
    0.016499733379458092,
    -0.013316368517623411,
    0.124669566297827,
    0.14540209531911463,
    -0.03976759389899409,
    0.15699800497299377,
    0.15699800498195804,
    0.04862647507597595,
    -0.008669916079321993,
    0.11326004974745751,
    0.12738467482173288,
    0.015232160779914627,
    0.1362677106886684,
    0.13626771067996302
  ],
  "dipole_vec_eA": [
    0.7369585824402177,
    0.24012784389878492,
    -1.7405415666122826e-10
  ],
  "dipole_mag_D": 3.7229305494754614,
  "HOMO_eV": -18.8892809819316,
  "LUMO_eV": -18.48049767276268,
  "gap_eV": 0.4087833091689177
}