{
  "tag": "RMC-Cr_3-Mn_3-A2-B2-NNNNOS",
  "energy_eV": -2994.8246672284226,
  "multiplicity": 2,
  "charge": 4,
  "sym1": "Cr",
  "ox1": 3,
  "sym2": "Mn",
  "ox2": 3,
  "acid": "A2",
  "base": "B2",
  "bridge": [
    "O",
    "S"
  ],
  "S1_ref": 0.5,
  "S2_ref": 0.0,
  "mulliken_q_e": [
    0.632268427021851,
    0.35575457439060354,
    -0.3470484947041561,
    0.022199377988981916,
    -0.1278638045583098,
    -0.13234816852026854,
    -0.07952272486611967,
    -0.07441709114389683,
    0.03689209361348067,
    0.024999095413357875,
    0.012225461702682239,
    0.0037438848931410362,
    0.01190749228129273,
    0.018036021951855163,
    0.12551951763970748,
    0.14256582816237906,
    0.12316066066287656,
    0.045668232539775255,
    0.0450539911989265,
    0.13189739254556354,
    0.12438468404586955,
    0.20769806654001477,
    0.004177895405250265,
    0.0057925895285215745,
    -0.0018178741279213373,
    0.007308610768548718,
    -0.0031320633967710787,
    0.12047496011161074,
    0.14071955099812627,
    0.12094061996232852,
    0.06861563735708076,
    0.060312714578237836,
    0.12956909772460257,
    0.12491900388167199,
    0.01233499382702652,
    0.04157938782298087,
    0.008738131060719523,
    0.0704374664697065,
    -0.015570343522763208,
    -0.0007424675178098195,
    0.13418033605502355,
    0.10221276322774242,
    0.13041536010996313,
    0.0714720214925968,
    0.012452430901843003,
    -8.517146583852941e-05,
    -0.014690912794644184,
    0.13434769655374323,
    0.13204588078359691,
    0.10256485373653057,
    0.016112477391995172,
    0.04347981333265327,
    0.021256016215803974,
    0.0833139380581982,
    -0.013613491170398673,
    0.0021420366978506244,
    0.13823195601526117,
    0.10819848320534409,
    0.135786329932148,
    0.0826483647731775,
    0.014614500277771336,
    0.0019418295524713525,
    -0.014118824436436528,
    0.13742036743702923,
    0.13511785658309827,
    0.10512065857393693
  ],
  "dipole_vec_eA": [
    0.014216852302352277,
    -0.03345892297613032,
    -1.0423878358254145e-09
  ],
  "dipole_mag_D": 0.17461602495247178,
  "HOMO_eV": -20.720355001531143,
  "LUMO_eV": -20.684644164265432,
  "gap_eV": 0.03571083726571089
}