{
  "tag": "RMC-Mo_2-Pb_2-A2-B4-NNNNNS",
  "energy_eV": -2006.7594809661598,
  "multiplicity": 1,
  "charge": 1,
  "sym1": "Mo",
  "ox1": 2,
  "sym2": "Pb",
  "ox2": 2,
  "acid": "A2",
  "base": "B4",
  "bridge": [
    "N",
    "S"
  ],
  "S1_ref": 0.0,
  "S2_ref": 0.0,
  "mulliken_q_e": [
    0.5409993710781511,
    0.6040764923503004,
    -0.35807086333696714,
    0.08868377092455454,
    -0.2390261378612626,
    -0.3057934416945649,
    -0.33859367563432463,
    -0.2154229980339497,
    0.030852773536435674,
    0.0009719278274704646,
    -0.013048301146467267,
    -0.02208891744016972,
    -0.017140507973433028,
    0.0008373073710770118,
    0.0728674983841443,
    0.07189950779045129,
    0.06897608765408003,
    0.06131917961638833,
    0.0966020675424557,
    0.07789670847430474,
    0.08145231951413034,
    0.12143719996380042,
    -0.013503247819665942,
    -0.017118278678856846,
    -0.02671440168307604,
    -0.016703241748940334,
    -0.009547245161997564,
    0.06881344751151242,
    0.07123783751812796,
    0.06873455696729458,
    0.09726645927836297,
    0.09232261797378727,
    0.062124863177605905,
    0.08775072993745048,
    -0.07807875823188781,
    -0.07068786561704843,
    0.04408287046508663,
    0.046906969033322476,
    0.048659352669663924,
    0.052521538833477766,
    -0.08461463073423037,
    -0.075187625615325,
    0.05519874012073933,
    0.0583230731064428,
    0.06253755322162657,
    0.0659873165746937
  ],
  "dipole_vec_eA": [
    0.21593201016797958,
    -0.4076137206272984,
    0.35605515421229406
  ],
  "dipole_mag_D": 2.798874776877911,
  "solvation_E_eV": null
}