{
  "tag": "RMC-Au_3-Cu_2-A2-B6-NNNNOS",
  "energy_eV": -2274.7806799629,
  "multiplicity": 2,
  "charge": 3,
  "sym1": "Au",
  "ox1": 3,
  "sym2": "Cu",
  "ox2": 2,
  "acid": "A2",
  "base": "B6",
  "bridge": [
    "O",
    "S"
  ],
  "S1_ref": 0.0,
  "S2_ref": 0.5,
  "mulliken_q_e": [
    0.4050718584311664,
    0.4322110400534122,
    -0.3905553313650685,
    0.143950266593123,
    -0.09280484802628819,
    -0.1152155999036455,
    -0.11134220384579852,
    -0.15028681866895144,
    0.03748438395176579,
    0.02122803098005832,
    0.008277313946193354,
    -0.0014178383575906839,
    0.008705731762261415,
    0.01148347815663997,
    0.12213438505470653,
    0.12875918583731505,
    0.118453539935505,
    0.06414202634703581,
    0.07437672312069954,
    0.1245700956379423,
    0.12002394882393852,
    0.20177106738267425,
    -0.00833540161151003,
    0.003413900948912696,
    -0.012194577282242935,
    0.0016159865234937065,
    -0.013496739067076158,
    0.1099589958924374,
    0.12226192506439315,
    0.106109142574636,
    0.07947368595731152,
    0.07295184889329942,
    0.12677655642975882,
    0.13051298863788818,
    -0.08493374821345512,
    -0.021772497118795142,
    -0.019667054032906917,
    0.12159647105235305,
    0.08230749120920422,
    0.11813137008203911,
    0.11204040175634988,
    0.10929198130706086,
    0.10891516578560245,
    -0.07788690109644847,
    -0.026385357729487247,
    -0.07718817658937183,
    0.17750746621618763,
    0.1168874121214899,
    0.11111531754972948,
    0.12580882869068732,
    0.11399626096877291,
    0.1301668193574751
  ],
  "dipole_vec_eA": [
    0.42358949891503445,
    -0.4793657216111705,
    0.12057186164912306
  ],
  "dipole_mag_D": 3.1267241440036693,
  "HOMO_eV": -19.045311207468355,
  "LUMO_eV": -18.19048317577841,
  "gap_eV": 0.8548280316899444
}