{
  "tag": "RMC-Rh_2-V_3-A2-B1-NNNNNO",
  "energy_eV": -2533.2523865515896,
  "multiplicity": 2,
  "charge": 2,
  "sym1": "Rh",
  "ox1": 2,
  "sym2": "V",
  "ox2": 3,
  "acid": "A2",
  "base": "B1",
  "bridge": [
    "N",
    "O"
  ],
  "S1_ref": 0.5,
  "S2_ref": 1.0,
  "mulliken_q_e": [
    0.052724709762030586,
    0.33948678765520246,
    -0.1372054028041747,
    -0.17320461409587384,
    -0.02904951091858221,
    -0.03971746475272431,
    -0.10173797734854628,
    -0.11104098354412395,
    0.170823188899339,
    -0.001553567031431946,
    -0.009002653992864706,
    -0.016657785726420293,
    -0.010978832043887499,
    -0.001094156975647298,
    0.09194329445981253,
    0.09919815196976012,
    0.09157562439678646,
    0.07396888149597247,
    0.058674929185808855,
    0.08060500492770084,
    0.08666543604045673,
    0.10463181772594332,
    0.013233404421241657,
    -0.003810275104283223,
    -0.012564672263067456,
    -0.005394661228687481,
    0.014094265584315702,
    0.09470195342115717,
    0.10074850495512933,
    0.09366006494263668,
    0.06863355312132602,
    0.0548719143784524,
    0.09588060000480525,
    0.09547446630606449,
    -0.028906921759777493,
    0.06342409491460077,
    0.06371922771834315,
    -0.028215209877504144,
    -0.010768127467270183,
    -0.009614445197114296,
    0.0766145048896072,
    0.0747877481934911,
    0.0928296761068148,
    0.09353656639222452,
    -0.029989194378926998,
    0.0646632603239019,
    0.06516481514086125,
    -0.029145227323994494,
    -0.010833397286102331,
    -0.009327091632651996,
    0.07574244599244417,
    0.07278319259382837,
    0.09200656062474177,
    0.09294352633394298
  ],
  "dipole_vec_eA": [
    0.1666695427306706,
    -0.2617814516883061,
    -1.841658346610048e-15
  ],
  "dipole_mag_D": 1.4906059004317693,
  "HOMO_eV": -15.477483721325914,
  "LUMO_eV": -15.156496944545184,
  "gap_eV": 0.32098677678072995
}