{
  "tag": "RMC-In_3-Ti_3-A2-B1-NNNNNO",
  "energy_eV": -2428.8945151154944,
  "multiplicity": 1,
  "charge": 3,
  "sym1": "In",
  "ox1": 3,
  "sym2": "Ti",
  "ox2": 3,
  "acid": "A2",
  "base": "B1",
  "bridge": [
    "N",
    "O"
  ],
  "S1_ref": 0.5,
  "S2_ref": 0.5,
  "mulliken_q_e": [
    0.4973614184181043,
    0.7739125211069617,
    -0.346772512694564,
    -0.35567235010672404,
    -0.0992097921642372,
    -0.06719703164294843,
    -0.1434772793732606,
    -0.14257772865518814,
    0.18456110656429758,
    0.0013733404961362439,
    0.002386800762971264,
    -0.009188519599226286,
    -0.0004621271987499398,
    0.0028569554029209687,
    0.11671380490534278,
    0.12728653125859501,
    0.1141068202005141,
    0.08085613542480807,
    0.07736892236180859,
    0.11462268446285118,
    0.12482015973645355,
    0.13347167058915366,
    0.004121818040066172,
    0.006856292221505633,
    -0.01059191350785249,
    0.005123557855933436,
    0.001515161732743131,
    0.11399050785912623,
    0.12263050749539184,
    0.11017966675010415,
    0.07504578792868877,
    0.07430293062533111,
    0.12264223534440921,
    0.12004541583268935,
    -0.017142670292281226,
    0.0638337556946269,
    0.05356065164232615,
    -0.015523282624647416,
    0.0008568191699260819,
    0.005358818176266489,
    0.10013168552914486,
    0.09680984812820059,
    0.12215054398956748,
    0.12348930276611425,
    -0.01869148992221059,
    0.06298432489814476,
    0.05874572310535431,
    -0.01735770100427736,
    -0.0005172310878465147,
    0.002880010581812087,
    0.10112034491977995,
    0.0983773833416216,
    0.12237438608546047,
    0.12355527846849679
  ],
  "dipole_vec_eA": [
    -0.08608544671687739,
    -0.30285626422607453,
    5.631178734977621e-12
  ],
  "dipole_mag_D": 1.5123048705618973,
  "HOMO_eV": -18.118537472968367,
  "LUMO_eV": -17.67103892455131,
  "gap_eV": 0.4474985484170553
}