{
  "tag": "RMC-Mo_2-Re_2-A2-B2-NNNNNS",
  "energy_eV": -3025.7427375330885,
  "multiplicity": 2,
  "charge": 1,
  "sym1": "Mo",
  "ox1": 2,
  "sym2": "Re",
  "ox2": 2,
  "acid": "A2",
  "base": "B2",
  "bridge": [
    "N",
    "S"
  ],
  "S1_ref": 0.0,
  "S2_ref": 0.5,
  "mulliken_q_e": [
    0.32844956352657895,
    0.003190974425975157,
    -0.27656146627176237,
    -0.01907831819770231,
    -0.15198351378112407,
    -0.15575524890464187,
    -0.014933675924552414,
    -0.038685585098307884,
    0.031122114242980503,
    0.007185604671202439,
    -0.030345695407641315,
    -0.02530379697971652,
    -0.029863269773786172,
    -0.00016732378370032386,
    0.05338073744074101,
    0.060437007944904364,
    0.05022904941460005,
    0.017062071704181836,
    0.013758145596091786,
    0.06952843294945443,
    0.053350988328570215,
    0.11473466948548205,
    -0.002219817036422267,
    -0.03147890372484108,
    -0.029162531440928507,
    -0.030904855265173836,
    -0.013398549694820572,
    0.0493532937925899,
    0.05715124096337687,
    0.04568140433803225,
    0.024713979877256875,
    0.03413815479341076,
    0.07196174436501912,
    0.0537037199605247,
    -0.02771311822668432,
    0.019650782409307732,
    -0.005025526315246331,
    0.0713061157350916,
    -0.040568780036006835,
    -0.026091331824578345,
    0.06343772006856419,
    0.06152074260177398,
    0.06069287934645018,
    0.07507443994634988,
    -0.02816050158172545,
    -0.02534181733376717,
    -0.0392364557220517,
    0.06373555557477417,
    0.06208284148714671,
    0.061539152404411546,
    -0.02601187046364939,
    0.022428666865398128,
    0.00929564737734756,
    0.06682348577339647,
    -0.039833464976038124,
    -0.02547126602765104,
    0.06540075209302643,
    0.06185807570881485,
    0.06201487064070643,
    0.06539251427816994,
    -0.026810086752849127,
    -0.02481251668897655,
    -0.0391907973968999,
    0.06548733560521902,
    0.06329054242108145,
    0.06394506647565823
  ],
  "dipole_vec_eA": [
    -0.5480349447615945,
    -0.21807796695844534,
    9.298681301043625e-08
  ],
  "dipole_mag_D": 2.8330775228525353,
  "HOMO_eV": -11.591451850846594,
  "LUMO_eV": -10.84582971404615,
  "gap_eV": 0.7456221368004439
}