{
  "tag": "RMC-Cr_3-Pd_2-A2-B1-NNNNOS",
  "energy_eV": -2538.4616954475523,
  "multiplicity": 2,
  "charge": 3,
  "sym1": "Cr",
  "ox1": 3,
  "sym2": "Pd",
  "ox2": 2,
  "acid": "A2",
  "base": "B1",
  "bridge": [
    "O",
    "S"
  ],
  "S1_ref": 0.5,
  "S2_ref": 0.0,
  "mulliken_q_e": [
    0.6093468898590447,
    0.20157915004229277,
    -0.24438920039554812,
    0.0678501890573956,
    -0.12967541334178767,
    -0.1642675461877816,
    -0.04656080081256553,
    -0.0351545427092641,
    0.04687931024315284,
    0.017211283334990224,
    0.004162561399984499,
    -0.0048116968048181885,
    0.004916691680577179,
    0.015610108245994292,
    0.1164825742770158,
    0.12657508315403232,
    0.11784185566792171,
    0.0570530900857531,
    0.053012090867136985,
    0.12977123575719007,
    0.10954213648184985,
    0.1690039899054543,
    0.0038831820340796686,
    -0.004335343597147601,
    -0.00692587328422789,
    -0.001746715404575605,
    0.005841575222919948,
    0.11436712578112185,
    0.12769528988823298,
    0.11904057236594368,
    0.06634055418379714,
    0.04867965303036215,
    0.12210604400323521,
    0.11279938402449785,
    -0.017624496123295863,
    0.05820867475631197,
    0.06214519729531243,
    -0.019008347587529784,
    -0.0003621101720732156,
    0.00043861541435363804,
    0.09673732630718546,
    0.09500194953131402,
    0.11938949824274714,
    0.12021996604582286,
    -0.017580676236843118,
    0.06830175753078827,
    0.0669586272399012,
    -0.01849493327181939,
    0.0024976564722121175,
    0.0034859635021302626,
    0.10087778583683427,
    0.09963491278959458,
    0.12445635590793791,
    0.12499178841486236
  ],
  "dipole_vec_eA": [
    0.31020768452669706,
    -0.12292825140210051,
    -5.633189154090435e-15
  ],
  "dipole_mag_D": 1.602717511528046,
  "HOMO_eV": -18.45574013546657,
  "LUMO_eV": -17.85193101359598,
  "gap_eV": 0.6038091218705901
}