{
  "tag": "RMC-Re_2-Re_2-A2-B4-NNNNSS",
  "energy_eV": -2061.4373165268194,
  "multiplicity": 1,
  "charge": 2,
  "sym1": "Re",
  "ox1": 2,
  "sym2": "Re",
  "ox2": 2,
  "acid": "A2",
  "base": "B4",
  "bridge": [
    "S",
    "S"
  ],
  "S1_ref": 0.5,
  "S2_ref": 0.5,
  "mulliken_q_e": [
    0.09816130682479074,
    0.09820160450484305,
    0.21874389272337832,
    0.21916288176701837,
    -0.1316373663943049,
    -0.13227841103853222,
    -0.13162988009808285,
    -0.1322774249414469,
    0.023025533761887207,
    0.016868136081868768,
    -0.011907411872098095,
    -0.00748313123091382,
    -0.011910476492446254,
    0.016872292928624022,
    0.0967054168109166,
    0.10252324561579851,
    0.09670692115943891,
    0.0655488725277249,
    0.0655325644389928,
    0.12070424950141678,
    0.12070582191238655,
    0.02305388649611717,
    0.01701203287047104,
    -0.011925703408675936,
    -0.0074544433370133945,
    -0.011924933207380306,
    0.01700988405102355,
    0.09678085405843195,
    0.10260614647224242,
    0.09678032388290159,
    0.06536640520617176,
    0.06536836478863828,
    0.12090954336372828,
    0.12090822804389267,
    -0.05929394234825147,
    -0.059288754420810275,
    0.0927615698308486,
    0.0927615601604369,
    0.09282227415185818,
    0.09282226883466782,
    -0.05929065468935546,
    -0.059288086237893944,
    0.09275934175335843,
    0.09275936875765067,
    0.09282290188182818,
    0.09282292456640762
  ],
  "dipole_vec_eA": [
    0.00014299907036003056,
    -0.003039095430811497,
    3.439003830197687e-07
  ],
  "dipole_mag_D": 0.01461354663188368,
  "HOMO_eV": -15.821193341309753,
  "LUMO_eV": -15.445560741419959,
  "gap_eV": 0.37563259988979425
}