{
  "tag": "RMC-Mn_3-Ru_2-A2-B1-NNNNOO",
  "energy_eV": -2548.477978744512,
  "multiplicity": 1,
  "charge": 3,
  "sym1": "Mn",
  "ox1": 3,
  "sym2": "Ru",
  "ox2": 2,
  "acid": "A2",
  "base": "B1",
  "bridge": [
    "O",
    "O"
  ],
  "S1_ref": 0.0,
  "S2_ref": 0.0,
  "mulliken_q_e": [
    0.4700960044737076,
    0.06529198472180098,
    -0.1624475901121729,
    -0.16244760748382525,
    -0.0931795523800909,
    -0.09317953724790162,
    -0.035736500575749064,
    -0.035736507413750784,
    0.17294947508505643,
    0.016698587458073177,
    0.0024615830796843596,
    0.00017431781695043114,
    0.00440780286550857,
    0.010084554604789187,
    0.12373024589657311,
    0.13473358502384059,
    0.12478451074588603,
    0.0671618795940383,
    0.0688389119939099,
    0.11947895886876392,
    0.12325773943137586,
    0.17294947252474424,
    0.016698583420253765,
    0.0024615900252675793,
    0.00017432302780640008,
    0.004407798245185335,
    0.010084560006006216,
    0.12373025023006068,
    0.13473358796114587,
    0.1247845167309064,
    0.06716187119429362,
    0.06883890016078142,
    0.11947895303985312,
    0.1232577414111653,
    -0.017917934364798382,
    0.06607909102625209,
    0.06607908508239424,
    -0.017917939380913905,
    0.0026542944992549167,
    0.002654293635319105,
    0.09845432803582077,
    0.09845433185520658,
    0.12419846015186575,
    0.12419845954696662,
    -0.016524332857099422,
    0.07160166047294925,
    0.07160167690397623,
    -0.01652432971319029,
    0.003704568627890037,
    0.003704568320954893,
    0.09865396964657025,
    0.098653979551937,
    0.12400339359350954,
    0.12400338094114982
  ],
  "dipole_vec_eA": [
    -0.07905205678519799,
    5.646563355840855e-08,
    6.030224834357985e-07
  ],
  "dipole_mag_D": 0.3797031767140896,
  "HOMO_eV": -19.037925486614334,
  "LUMO_eV": -18.381777059398228,
  "gap_eV": 0.656148427216106
}