{
  "tag": "RMC-Au_3-Ni_2-A2-B2-NNNNOS",
  "energy_eV": -3116.668798889843,
  "multiplicity": 1,
  "charge": 3,
  "sym1": "Au",
  "ox1": 3,
  "sym2": "Ni",
  "ox2": 2,
  "acid": "A2",
  "base": "B2",
  "bridge": [
    "O",
    "S"
  ],
  "S1_ref": 0.0,
  "S2_ref": 0.0,
  "mulliken_q_e": [
    0.48241058401367765,
    -0.08365153267884351,
    -0.29385473912818716,
    -0.034534342173635046,
    -0.11602784489399398,
    -0.09482842684341453,
    0.0396501255882431,
    0.03827616847229631,
    0.06945693955629362,
    0.019690868355872526,
    0.0014867685951847065,
    -0.00964945661489991,
    -0.0012423734703490563,
    0.004222295744436666,
    0.10417550623852823,
    0.11493765263856837,
    0.09759056129827393,
    0.04743637629945807,
    0.049616868568042705,
    0.1240626483821109,
    0.1288029925659241,
    0.19455142421313631,
    0.008420314816485641,
    -0.004326202687814584,
    -0.014352235322769857,
    -0.0031440968205065367,
    -0.016166793592729434,
    0.099876237467447,
    0.11341129991118692,
    0.09605263334977032,
    0.06057795965629187,
    0.061604271043835146,
    0.12239944478620024,
    0.11820395129303107,
    -0.0014332607802260977,
    0.03644934855429249,
    0.008270333479845515,
    0.06253225089645698,
    -0.021173093164521317,
    -0.008901817514080479,
    0.11076966161878599,
    0.08494189767931581,
    0.11137252014006893,
    0.06537469039127819,
    -0.0027970907515817434,
    -0.008232124873137625,
    -0.01971631171288868,
    0.10961179664484111,
    0.11070301882716671,
    0.08388225894147028,
    -0.0017447014863507526,
    0.036608628663804765,
    0.02577717823066461,
    0.0689769913603775,
    -0.023210306324685792,
    -0.009051235320879814,
    0.11060293670683286,
    0.09075235780942303,
    0.11124935878370212,
    0.06684022507587328,
    -0.002294361163869052,
    -0.009057979460294963,
    -0.023278924611301655,
    0.1105277059284292,
    0.1113699267368351,
    0.0891422720672248
  ],
  "dipole_vec_eA": [
    -0.40302893240505056,
    -0.07601846962458196,
    3.862995675278284e-15
  ],
  "dipole_mag_D": 1.9699645832353092,
  "HOMO_eV": -18.022541101053715,
  "LUMO_eV": -17.792088051273165,
  "gap_eV": 0.23045304978055015
}