{
  "tag": "RMC-Hf_2-Mn_3-A2-B10-NNNNOO",
  "energy_eV": -3252.584099767247,
  "multiplicity": 3,
  "charge": 3,
  "sym1": "Hf",
  "ox1": 2,
  "sym2": "Mn",
  "ox2": 3,
  "acid": "A2",
  "base": "B10",
  "bridge": [
    "O",
    "O"
  ],
  "S1_ref": 1.0,
  "S2_ref": 0.0,
  "mulliken_q_e": [
    0.9018481296856442,
    0.30784198527768936,
    -0.3464639042786517,
    -0.3464635314816751,
    -0.13001457358134205,
    -0.13001393219863044,
    -0.07654325416586238,
    -0.07654733776042666,
    0.17708163606583072,
    -0.0023111285265666748,
    -0.00666694089373987,
    -0.013388337782471504,
    -0.010458512218030291,
    -0.01676506828173574,
    0.10075116263581974,
    0.11460066116347356,
    0.09564232414099494,
    0.04716930917881057,
    0.06364349544494807,
    0.10847934069228427,
    0.1200099711296233,
    0.17708177563622485,
    -0.0023126907727153423,
    -0.0066659388532568364,
    -0.013388780717686455,
    -0.010458484698587123,
    -0.016765228425920764,
    0.10075071565554983,
    0.11460051314896136,
    0.09564226961876698,
    0.047170404552011824,
    0.06364426165791781,
    0.10847834547749857,
    0.12000989084369174,
    0.06213749633775145,
    0.0006639026270507387,
    0.03106057932873063,
    -0.009272351830444059,
    -0.004761842998828758,
    -0.04257446540135712,
    0.10681171786374377,
    0.10415989775948176,
    0.0769072224195324,
    -0.009269966639977367,
    0.03106305153748612,
    0.0006618408375633766,
    0.06213757131088338,
    -0.04257578861519651,
    -0.0047623507374146,
    0.10680905951360709,
    0.07690684364190936,
    0.10416101546997525,
    0.06720564015082853,
    0.017086205226022555,
    0.03390332149548225,
    -0.009233537081810628,
    -0.006233515969146675,
    -0.03913138586432141,
    0.10453225468765404,
    0.1011891577601447,
    0.07593911652657637,
    -0.009243988547343651,
    0.03389231451753383,
    0.01709579392090732,
    0.06720681305847576,
    -0.039128159047784106,
    -0.006231757253453596,
    0.10454466466685786,
    0.07594095730995742,
    0.10118412561912637
  ],
  "dipole_vec_eA": [
    -1.231555694000562,
    1.0546495028877946e-05,
    -4.5213135143060015e-07
  ],
  "dipole_mag_D": 5.915413568383614,
  "HOMO_eV": -17.017515846479565,
  "LUMO_eV": -16.964257532494404,
  "gap_eV": 0.05325831398516101
}