{
  "tag": "RMC-Cr_2-Cu_2-A2-B6-NNNNOS",
  "energy_eV": -2245.0510366664416,
  "multiplicity": 2,
  "charge": 2,
  "sym1": "Cr",
  "ox1": 2,
  "sym2": "Cu",
  "ox2": 2,
  "acid": "A2",
  "base": "B6",
  "bridge": [
    "O",
    "S"
  ],
  "S1_ref": 0.0,
  "S2_ref": 0.5,
  "mulliken_q_e": [
    0.5778383224496753,
    0.30137731826933173,
    -0.3445649472251875,
    -0.14056877463028464,
    -0.14961947770073492,
    -0.16927979618406086,
    -0.1224606984936405,
    -0.10790469363584254,
    0.06169642565516753,
    0.010080219276308755,
    -0.004499668090048203,
    -0.013752546443549285,
    -0.011450339983925417,
    0.005744727532515981,
    0.09276652954194897,
    0.09793500180532166,
    0.08604482840727445,
    0.07140846998238404,
    0.056506402085163776,
    0.08022357626188137,
    0.08182615291053552,
    0.19108485028034772,
    -0.0070035989208023786,
    -0.009585629296362308,
    -0.016623238771849458,
    -0.011776153188359118,
    -0.009013535593137112,
    0.091017434851,
    0.09916530102237908,
    0.08974700906918609,
    0.07540227285521217,
    0.05524253831754322,
    0.0784796713006557,
    0.0831498160673142,
    -0.08575011136510224,
    -0.012517035249379749,
    -0.010434478787523904,
    0.10224816522970748,
    0.09472426177790172,
    0.08878540844480276,
    0.08685813750856519,
    0.09501468345803876,
    0.0934531628966897,
    -0.08423895216537791,
    -0.02072368878770292,
    -0.018040383222898804,
    0.09538464222724519,
    0.0731683594242638,
    0.0765937944126287,
    0.0805914061513423,
    0.08494034246751325,
    0.09130851600036338
  ],
  "dipole_vec_eA": [
    -0.6771074391800374,
    -0.15439871676349518,
    0.08602294985100695
  ],
  "dipole_mag_D": 3.361259546343168,
  "HOMO_eV": -15.329654264595355,
  "LUMO_eV": -14.9532459986374,
  "gap_eV": 0.37640826595795573
}