{
  "tag": "RMC-Cr_3-In_3-A2-B10-NNNNSS",
  "energy_eV": -3159.447065380988,
  "multiplicity": 1,
  "charge": 4,
  "sym1": "Cr",
  "ox1": 3,
  "sym2": "In",
  "ox2": 3,
  "acid": "A2",
  "base": "B10",
  "bridge": [
    "S",
    "S"
  ],
  "S1_ref": 0.5,
  "S2_ref": 0.5,
  "mulliken_q_e": [
    0.5582886021467486,
    0.3925744507215038,
    -0.07949863373037994,
    -0.07950328332995127,
    -0.14298163182950163,
    -0.14298236911805562,
    -0.07538976679297038,
    -0.07537268427338528,
    0.07070533535275225,
    0.021886912258746172,
    0.005439197609101498,
    -0.000865695191740512,
    0.0012806271956438131,
    0.01498466925304287,
    0.11423132980315054,
    0.1311750298501515,
    0.10992147305415012,
    0.07257134858935288,
    0.06206160833057206,
    0.12128266502135376,
    0.11742592150498377,
    0.07070539927786434,
    0.02189431647178064,
    0.005438850218609126,
    -0.0008664239129145823,
    0.0012822652727821904,
    0.014984806831350728,
    0.11423363057313984,
    0.1311759505543756,
    0.10992080497107704,
    0.0725630130246846,
    0.06206158671133388,
    0.12128555965264631,
    0.1174257677399434,
    0.07610278151142902,
    0.01512420647942303,
    0.047638476807712715,
    0.0022247561654631376,
    0.009097473583212556,
    -0.025290175934905124,
    0.13177881911180112,
    0.12946845914798155,
    0.0995170842899401,
    0.0022247891805318165,
    0.04763854540090651,
    0.015123977088699947,
    0.0761029896800669,
    -0.02529020777926161,
    0.009097541224598826,
    0.1317786983802125,
    0.09951710087817012,
    0.12946853892174293,
    0.07755931238786329,
    0.011343476110761586,
    0.04659463738697389,
    0.0022480713486288106,
    0.008930877662052028,
    -0.018680355752029865,
    0.1306205332532303,
    0.13471616855413948,
    0.10133667795961276,
    0.002247258400915886,
    0.046594417459759674,
    0.011347131440069491,
    0.07755020980490612,
    -0.018678831977474886,
    0.008930043581245828,
    0.1306224530313136,
    0.10133720054229411,
    0.13471623312618153
  ],
  "dipole_vec_eA": [
    0.048310077660046455,
    1.4623442604457363e-05,
    6.398838234664162e-07
  ],
  "dipole_mag_D": 0.2320431819518387,
  "HOMO_eV": -20.120349192882017,
  "LUMO_eV": -19.895589942005405,
  "gap_eV": 0.22475925087661253
}