{
  "tag": "RMC-Hf_2-V_2-A2-B10-NNNNNN",
  "energy_eV": -3202.6402997417936,
  "multiplicity": 2,
  "charge": 0,
  "sym1": "Hf",
  "ox1": 2,
  "sym2": "V",
  "ox2": 2,
  "acid": "A2",
  "base": "B10",
  "bridge": [
    "N",
    "N"
  ],
  "S1_ref": 1.0,
  "S2_ref": 0.5,
  "mulliken_q_e": [
    0.8632428547119029,
    0.22910848741808787,
    -0.3318669942958985,
    -0.3318674225182212,
    -0.21778786665558614,
    -0.2177876831719623,
    -0.16960614381173555,
    -0.16960124652089004,
    0.08957643805991178,
    -0.023603145092436995,
    -0.04344511773084836,
    -0.043296613782298765,
    -0.04408422817550606,
    -0.03585043023900081,
    0.027065697764254604,
    0.02964973420891681,
    0.02394727848385969,
    0.04778986030743271,
    0.00417372880061051,
    0.04042820116661139,
    0.04683711210788677,
    0.0895760816590967,
    -0.02360190797255446,
    -0.04344627323871486,
    -0.043297334585682634,
    -0.044084287835097324,
    -0.035850563822974246,
    0.027066002748566853,
    0.029650117213662508,
    0.02394707287738773,
    0.04778919745307886,
    0.004173213516427632,
    0.04042837713115588,
    0.04683713248628618,
    0.06107004555296047,
    -0.023840125376688226,
    0.002172865379605593,
    -0.04404138227940413,
    -0.03452919541723487,
    -0.05428852452765742,
    0.03222631068049231,
    0.03221567716520257,
    0.03380556517503164,
    -0.0440443095863825,
    0.002171543304042567,
    -0.023838370784984964,
    0.061069643579634736,
    -0.05428833834343205,
    -0.03452752071313858,
    0.03222844145417969,
    0.03380548284626694,
    0.03221487788742727,
    0.07095755999305942,
    -0.0015735425308240902,
    0.0031840321156590967,
    -0.040588713613132654,
    -0.0335047620592126,
    -0.05251328800845134,
    0.03477540786874789,
    0.033521133689582316,
    0.03484630928634036,
    -0.040593240732401004,
    0.003182934412035543,
    -0.0015717327704887207,
    0.07095571825080094,
    -0.0525119978481936,
    -0.033502304636515934,
    0.034778778647520436,
    0.03484585967131093,
    0.033519833530550214
  ],
  "dipole_vec_eA": [
    -0.5841456852985616,
    -6.107516781503108e-06,
    -4.608466787391548e-16
  ],
  "dipole_mag_D": 2.805771050081486,
  "HOMO_eV": -7.946237073714234,
  "LUMO_eV": -7.888262722188044,
  "gap_eV": 0.05797435152619013
}