{
  "tag": "RMC-Cr_2-Ni_2-A2-B2-NNNNOO",
  "energy_eV": -3107.9330666330657,
  "multiplicity": 1,
  "charge": 2,
  "sym1": "Cr",
  "ox1": 2,
  "sym2": "Ni",
  "ox2": 2,
  "acid": "A2",
  "base": "B2",
  "bridge": [
    "O",
    "O"
  ],
  "S1_ref": 0.0,
  "S2_ref": 0.0,
  "mulliken_q_e": [
    0.5996322088483473,
    -0.06523215313128528,
    -0.23703860548509104,
    -0.2302825306055467,
    -0.1474435872987767,
    -0.16520701425619855,
    -0.012181525417395367,
    -0.016676131085671786,
    0.174544200023123,
    -0.008523100277576967,
    -0.01490857503703058,
    -0.022096390017558587,
    -0.014066275906384762,
    -0.019878744014677485,
    0.08219766758322633,
    0.09167123750225681,
    0.08018770895312166,
    0.05417575483154535,
    0.03883370996665825,
    0.0966576127893286,
    0.0851848547209143,
    0.165897078194011,
    -0.0040774013365796336,
    -0.019073698532801053,
    -0.01849144627779098,
    -0.013528406668816828,
    -0.011855496196792048,
    0.08176134028010462,
    0.09427951729437034,
    0.08546923005813933,
    0.05130423336146972,
    0.029458073662027573,
    0.09704084695797799,
    0.08506963352611818,
    -0.015347978674311813,
    0.02682469631487061,
    0.0038860196100694022,
    0.06664353793083966,
    -0.03503076508004899,
    -0.01986993691790806,
    0.08510973664504018,
    0.0691610964685705,
    0.07966242775318144,
    0.06711790917071925,
    -0.014064772618497035,
    -0.019415528689577632,
    -0.03309619853983947,
    0.08564635209045102,
    0.08071624238682273,
    0.07079499402650546,
    -0.014438298727630805,
    0.027915557238111788,
    0.017041596384552937,
    0.06619883615221123,
    -0.03311610708427537,
    -0.017437680439706726,
    0.0858534151904582,
    0.07155493645457445,
    0.08338939002546653,
    0.06547681034483999,
    -0.013289639161210065,
    -0.018063806711094754,
    -0.033899661104939804,
    0.08658346359860003,
    0.08301632134487891,
    0.0716732076114659
  ],
  "dipole_vec_eA": [
    0.0969129292891212,
    0.03401460130575541,
    -7.414446073161642e-10
  ],
  "dipole_mag_D": 0.4933316125390489,
  "HOMO_eV": -14.607248220837215,
  "LUMO_eV": -14.417983259943647,
  "gap_eV": 0.1892649608935688
}