{
  "tag": "RMC-Sn_2-Ti_3-A2-B6-NNNNNN",
  "energy_eV": -2158.7733817348594,
  "multiplicity": 2,
  "charge": 1,
  "sym1": "Sn",
  "ox1": 2,
  "sym2": "Ti",
  "ox2": 3,
  "acid": "A2",
  "base": "B6",
  "bridge": [
    "N",
    "N"
  ],
  "S1_ref": 0.0,
  "S2_ref": 0.5,
  "mulliken_q_e": [
    0.31937222108058294,
    0.6095041760441187,
    -0.35883419017131524,
    -0.35883380391018616,
    -0.12776511405132096,
    -0.12776490413385133,
    -0.1898334386715863,
    -0.1898444477300405,
    0.11758794084047919,
    -0.029730656499633357,
    -0.01879740747516223,
    -0.03808794846827679,
    -0.01630346604195032,
    -0.02319284192812665,
    0.052500080632494894,
    0.05809820337755389,
    0.05482465404343251,
    0.06872971315296272,
    0.06740680030406776,
    0.05054950133021552,
    0.04636845098023312,
    0.11758864224181376,
    -0.02973446128755164,
    -0.018796266401882145,
    -0.03809276887707824,
    -0.01630398436986491,
    -0.02319397542229451,
    0.05249911902128579,
    0.058099028856269275,
    0.05482397512102011,
    0.06873432373320099,
    0.06740588432120109,
    0.05054652960566541,
    0.046368281181081605,
    -0.07266182851195291,
    -0.005344973922786211,
    -0.005344988474782486,
    0.06614456747084407,
    0.07562359012881115,
    0.05326907230653055,
    0.053269146822659486,
    0.06135808087323513,
    0.061358529848533405,
    -0.06815648445710187,
    0.0016248579880000502,
    0.0016272049454297832,
    0.07778517061776968,
    0.07777169134586359,
    0.060605472184042775,
    0.060604582548121955,
    0.07228486771489606,
    0.07228359013957131
  ],
  "dipole_vec_eA": [
    0.7118403855724249,
    -2.6630793213531626e-05,
    0.10170678614377004
  ],
  "dipole_mag_D": 3.4538378924128113,
  "HOMO_eV": -11.027951169876358,
  "LUMO_eV": -10.817292920148507,
  "gap_eV": 0.2106582497278513
}