{
  "tag": "RMC-Cu_2-Hg_2-A2-B1-NNNNNO",
  "energy_eV": -2503.3566565724113,
  "multiplicity": 2,
  "charge": 1,
  "sym1": "Cu",
  "ox1": 2,
  "sym2": "Hg",
  "ox2": 2,
  "acid": "A2",
  "base": "B1",
  "bridge": [
    "N",
    "O"
  ],
  "S1_ref": 0.5,
  "S2_ref": 0.0,
  "mulliken_q_e": [
    0.3282722280349136,
    0.01910973873938704,
    -0.2610853922304348,
    -0.3921930011975887,
    -0.1548296622376384,
    -0.11853443032244648,
    0.010107531724929286,
    -0.08626413274191402,
    0.2126849298101805,
    -0.02384776233478192,
    -0.01916674590524936,
    -0.03560490754589951,
    -0.01749942422327533,
    -0.0306083280037448,
    0.05814726667134851,
    0.06070332092914077,
    0.05399230180679193,
    0.06050205552972021,
    0.07508030954066203,
    0.07944304807182678,
    0.06277846443406032,
    0.12648823759708772,
    0.004109884558710197,
    -0.021721840601008013,
    -0.03191783929366854,
    -0.012737333470199008,
    -0.01761387951899618,
    0.052833103029325756,
    0.05950099120175156,
    0.053793168088402066,
    0.042419181347445045,
    0.06612590949593655,
    0.08518542898545012,
    0.06298131068835355,
    -0.03968639579555244,
    0.06448393613367043,
    0.06009177755813466,
    -0.03937595820844564,
    -0.024072601883614597,
    -0.02364400939269773,
    0.05087414549970515,
    0.052860023973642534,
    0.06262960898225689,
    0.06272324391897555,
    -0.037863707651010214,
    0.10128863064769145,
    0.08396805224435244,
    -0.024673255175173603,
    -0.026062854733218677,
    -0.020253652856805138,
    0.11880020411622438,
    0.09306269326990468,
    0.0676687809869182,
    0.06654761986082391
  ],
  "dipole_vec_eA": [
    0.5366507661673406,
    0.5134356465804308,
    7.529213358026474e-15
  ],
  "dipole_mag_D": 3.567362181396848,
  "solvation_E_eV": null
}