{
  "tag": "RMC-In_3-Ni_3-A2-B2-NNNNOS",
  "energy_eV": -3026.0465158999887,
  "multiplicity": 1,
  "charge": 4,
  "sym1": "In",
  "ox1": 3,
  "sym2": "Ni",
  "ox2": 3,
  "acid": "A2",
  "base": "B2",
  "bridge": [
    "O",
    "S"
  ],
  "S1_ref": 0.5,
  "S2_ref": 0.5,
  "mulliken_q_e": [
    0.41159265166488457,
    -0.04587232782928474,
    -0.2751955396675869,
    0.16724230990293393,
    -0.047986619122854623,
    -0.08037824723054698,
    0.037444790024958596,
    0.025496607795167936,
    0.049387360907181765,
    0.02174983174216716,
    0.006868408348742028,
    -8.65933296327892e-05,
    0.005927242487529627,
    0.0181946732722309,
    0.12011465985556857,
    0.1364269766619315,
    0.11835767762351768,
    0.046702241694913216,
    0.058916046267120326,
    0.13817830203108183,
    0.12716667853967245,
    0.21074242317691838,
    0.011746639248694679,
    0.003796969439680442,
    -0.00416343256864149,
    0.0046189767871887,
    0.0004664686184325806,
    0.11749413460613534,
    0.1356035416775948,
    0.11780319686584795,
    0.06594299999707953,
    0.06835437762621055,
    0.14031007946152718,
    0.13055665374701397,
    0.013008267056972,
    0.041492658743166766,
    0.014815798250586987,
    0.072902913491665,
    -0.014419976525982925,
    0.0023179802139443595,
    0.13222839807763276,
    0.09924474986934284,
    0.1302150698486494,
    0.07185602509006395,
    0.012183194631089522,
    0.002753596751654319,
    -0.014092812343800443,
    0.13251559905559473,
    0.13120421889425582,
    0.10055747350830235,
    0.017685351063787547,
    0.043823037192353365,
    0.029020969459532475,
    0.08550172715624704,
    -0.01534746336654047,
    0.0048372278413517655,
    0.13791473241012286,
    0.109439794415092,
    0.13798360767186302,
    0.08334097448542321,
    0.017607875684989338,
    0.005058614195585731,
    -0.015522743655179472,
    0.1381575572405066,
    0.13863752297965515,
    0.10955790029969403
  ],
  "dipole_vec_eA": [
    -0.15534358896661335,
    -0.0994441220511462,
    1.6293442598454783e-14
  ],
  "dipole_mag_D": 0.8859375064399096,
  "HOMO_eV": -20.721887162993458,
  "LUMO_eV": -20.08075075068725,
  "gap_eV": 0.6411364123062064
}