{
  "tag": "RMC-Ag_1-Ag_2-A2-B5-NNNNSS",
  "energy_eV": -2051.137360093882,
  "multiplicity": 2,
  "charge": 1,
  "sym1": "Ag",
  "ox1": 1,
  "sym2": "Ag",
  "ox2": 2,
  "acid": "A2",
  "base": "B5",
  "bridge": [
    "S",
    "S"
  ],
  "S1_ref": 0.0,
  "S2_ref": 0.5,
  "mulliken_q_e": [
    0.1750252515650963,
    0.2023466886384636,
    0.10364416824042288,
    0.10648286744543686,
    -0.18526152536239193,
    -0.18467736792571476,
    -0.2703910575472286,
    -0.2707169497947979,
    0.03406742764682291,
    -0.0006494914808876651,
    -0.01764126580071057,
    -0.02614462675715834,
    -0.01805949817209962,
    -0.0054506105138925065,
    0.05937834416073495,
    0.06191567013927746,
    0.06021847051318807,
    0.09435576576896265,
    0.05489672304961957,
    0.04495777326693651,
    0.06122686143906042,
    0.0343328368524749,
    -0.0008037737696173775,
    -0.017590790613011276,
    -0.026262260963406447,
    -0.018041585288528728,
    -0.005543741174565131,
    0.05924513235211748,
    0.061766690802158575,
    0.06003976936671973,
    0.09427752477689255,
    0.0552102167980939,
    0.044884900151003326,
    0.06082706253629899,
    -0.02768222854341884,
    -0.027569780100133334,
    0.15648231286906356,
    0.15654044093438757,
    -0.02339278904679487,
    -0.02361549227255444,
    0.15363972539111326,
    0.1537322104225345
  ],
  "dipole_vec_eA": [
    -0.05268580708430762,
    -0.008740926168354118,
    1.120196116135787e-15
  ],
  "dipole_mag_D": 0.256519802338581,
  "HOMO_eV": -12.038893685074113,
  "LUMO_eV": -10.534433482288506,
  "gap_eV": 1.5044602027856069
}