{
  "tag": "RMC-Cu_1-Hf_2-A2-B6-NNNNNS",
  "energy_eV": -2219.9397017026677,
  "multiplicity": 3,
  "charge": 0,
  "sym1": "Cu",
  "ox1": 1,
  "sym2": "Hf",
  "ox2": 2,
  "acid": "A2",
  "base": "B6",
  "bridge": [
    "N",
    "S"
  ],
  "S1_ref": 0.0,
  "S2_ref": 1.0,
  "mulliken_q_e": [
    0.24219008677649584,
    0.3571020070388049,
    -0.3440855992916074,
    -0.27188261471214115,
    -0.16792960644470756,
    -0.14138359355316865,
    -0.19382126190144855,
    -0.225133353661372,
    0.0758731387456002,
    -0.01723073503274719,
    -0.04583720170914929,
    -0.040182843231098664,
    -0.04591459639572126,
    -0.013103182742087105,
    0.021702123949211893,
    0.026336738213880162,
    0.026184640849624685,
    0.04750731831467592,
    0.06336667606965207,
    0.0047119383429754524,
    0.020827101543232085,
    0.1175530976456447,
    -0.03433603487842718,
    -0.03491001207389277,
    -0.049130311164497176,
    -0.03452249589534895,
    -0.021391554631992715,
    0.01911760894441983,
    0.022205086398174867,
    0.023035271536946733,
    0.04409082545445009,
    0.0669297612294879,
    0.019517806765906642,
    0.016537475484035946,
    -0.07668714327688719,
    0.0007896046896296305,
    0.0008655562567110309,
    0.050944991196807066,
    0.06503674596379427,
    0.031170927037543095,
    0.03651031101789837,
    0.04491114712289934,
    0.05522232314743736,
    -0.06287448638475812,
    0.023332124907343932,
    0.02851516451978009,
    0.047116009807910086,
    0.07270860155461445,
    0.03551280117067701,
    0.027467138573423977,
    0.04510345291497775,
    0.04036102385203422
  ],
  "dipole_vec_eA": [
    0.6057481109256717,
    -0.20674622690066985,
    0.11488929411722888
  ],
  "dipole_mag_D": 3.1234655191958693,
  "HOMO_eV": -7.4544224722592105,
  "LUMO_eV": -7.441432312409254,
  "gap_eV": 0.012990159849956662
}