{
  "tag": "RMC-Rh_3-Sn_2-A2-B6-NNNNSS",
  "energy_eV": -2211.915332757931,
  "multiplicity": 1,
  "charge": 3,
  "sym1": "Rh",
  "ox1": 3,
  "sym2": "Sn",
  "ox2": 2,
  "acid": "A2",
  "base": "B6",
  "bridge": [
    "S",
    "S"
  ],
  "S1_ref": 0.0,
  "S2_ref": 0.0,
  "mulliken_q_e": [
    -0.0005898792091236782,
    0.5162584572041307,
    -0.009843390826439286,
    -0.00984372951362994,
    0.0006336912560316321,
    0.0006323318391532329,
    -0.11704343064300904,
    -0.11704581601433128,
    0.06125092922976538,
    0.013800552017062762,
    0.0036345012828309375,
    -0.005904957001952482,
    0.0006481498347725712,
    0.014554734983306394,
    0.11391418109574802,
    0.12294703065483592,
    0.11042334710909296,
    0.07113255124996387,
    0.06389318150740153,
    0.10592605028295632,
    0.13054593512511725,
    0.061248946003552796,
    0.013801894375998547,
    0.003631922939832055,
    -0.005904845280613857,
    0.0006456212608068057,
    0.014556131269134243,
    0.1139145057004296,
    0.12294752639821538,
    0.11042337086577692,
    0.07113314974772655,
    0.06389303235095922,
    0.10592528583703387,
    0.13054591797942194,
    -0.06697682951898165,
    -0.015574556429551745,
    -0.015574744646244199,
    0.12680395241058762,
    0.13236416225791536,
    0.11874454678434399,
    0.11874463555161696,
    0.12121831904473612,
    0.12121839750753338,
    -0.09089748238784923,
    -0.02450659997973248,
    -0.02450648065623673,
    0.11482748116069563,
    0.10380703104557565,
    0.10454124951969357,
    0.10454125166006456,
    0.09726937627222454,
    0.09726940949167107
  ],
  "dipole_vec_eA": [
    -0.8028906560377811,
    -1.0452623084561464e-05,
    -0.8895304850249933
  ],
  "dipole_mag_D": 5.755629571063296,
  "HOMO_eV": -19.018580117355373,
  "LUMO_eV": -18.112813284997095,
  "gap_eV": 0.9057668323582782
}