{
  "tag": "RMC-Mn_3-Os_2-A2-B1-NNNNOS",
  "energy_eV": -2526.4846684826816,
  "multiplicity": 1,
  "charge": 3,
  "sym1": "Mn",
  "ox1": 3,
  "sym2": "Os",
  "ox2": 2,
  "acid": "A2",
  "base": "B1",
  "bridge": [
    "O",
    "S"
  ],
  "S1_ref": 0.0,
  "S2_ref": 0.0,
  "mulliken_q_e": [
    0.30812877486727785,
    0.3327707818606287,
    -0.2146048351964922,
    0.12115316024821707,
    -0.07489141755981543,
    -0.09983246811116575,
    -0.06501775015340949,
    -0.0828176136675085,
    0.04334658119722112,
    0.021113228975707,
    0.002630319743050169,
    -0.0009710047171160863,
    0.004826549529519442,
    0.02023416213885776,
    0.11741542331882804,
    0.1274249190799046,
    0.11801987571463468,
    0.047307531388114166,
    0.06002394932315713,
    0.11705379043099129,
    0.11719828422191547,
    0.17115720993591887,
    0.0063145610194825785,
    -0.002101714843689706,
    -0.004669860303088136,
    -0.001628544891945305,
    0.009056467994611683,
    0.11584424358948187,
    0.12705627124798236,
    0.11673127523017568,
    0.05692619381708841,
    0.05854419976665892,
    0.11315828716835208,
    0.1186163301941423,
    -0.017607119240336644,
    0.06858028136874195,
    0.07408130156832349,
    -0.017656134335265028,
    0.0016378041636910812,
    0.0022764596298137096,
    0.10007486603137916,
    0.1001813088012089,
    0.12410742581356371,
    0.1239421901890504,
    -0.01749369215368013,
    0.06332591409942023,
    0.06466648872761205,
    -0.018209948154228384,
    0.0007020889789270957,
    0.001673642124355501,
    0.09850056928397444,
    0.09775163017810362,
    0.12175415302321113,
    0.12219360737721585
  ],
  "dipole_vec_eA": [
    -0.006693620909865397,
    -0.11695474559931349,
    9.554831199567702e-06
  ],
  "dipole_mag_D": 0.5626768204575056,
  "HOMO_eV": -18.901767974870467,
  "LUMO_eV": -18.841008791112642,
  "gap_eV": 0.060759183757824076
}