{
  "tag": "RMC-Mo_2-Ta_3-A2-B2-NNNNOS",
  "energy_eV": -2990.6575961518643,
  "multiplicity": 3,
  "charge": 3,
  "sym1": "Mo",
  "ox1": 2,
  "sym2": "Ta",
  "ox2": 3,
  "acid": "A2",
  "base": "B2",
  "bridge": [
    "O",
    "S"
  ],
  "S1_ref": 0.0,
  "S2_ref": 1.0,
  "mulliken_q_e": [
    0.4246013214688583,
    0.6314782828281128,
    -0.3672358763584178,
    -0.09839852534144512,
    -0.11694690276830344,
    -0.12404322921675126,
    -0.142301143976848,
    -0.13850973077896112,
    0.05189767371198695,
    0.012651298946618983,
    -0.0015149727773360322,
    -0.006859318822435734,
    -0.001500816826614848,
    0.018157566998671992,
    0.10379092058092543,
    0.11909891424906827,
    0.10424655905824654,
    0.050579931252948684,
    0.035510045575974036,
    0.11516567482184814,
    0.1009017952181841,
    0.19825703457711774,
    -0.010216031310852802,
    -0.007745088185367122,
    -0.012541167974078338,
    -0.008436425069530351,
    -0.001144858532440951,
    0.10117558360031942,
    0.11774065033276548,
    0.10106668244619388,
    0.058538226356197764,
    0.0635554955030595,
    0.11329748499795456,
    0.10583348174838869,
    -0.007199683874070439,
    0.03558872157608661,
    0.009625142902588646,
    0.0680051416117371,
    -0.022036902750663057,
    -0.011875934675844801,
    0.10929977447214834,
    0.0886278150256179,
    0.10654589143955762,
    0.06846133197878301,
    -0.0067572870317837985,
    -0.011551228665247715,
    -0.02163427466117529,
    0.10981214986674648,
    0.10728397514126187,
    0.0877701440142773,
    -0.004405293236191987,
    0.037045692339033875,
    0.002926272303620747,
    0.059867770139215404,
    -0.020598751688055472,
    -0.011098918107230515,
    0.1115590584072017,
    0.08583055869583356,
    0.10818791012485951,
    0.06060360240389806,
    -0.006187654136798892,
    -0.01073650021033834,
    -0.019742560033428003,
    0.11101055873339216,
    0.10884948434557451,
    0.08677345721534047
  ],
  "dipole_vec_eA": [
    -0.13156820867959731,
    -0.09518721309336763,
    1.869191221227613e-07
  ],
  "dipole_mag_D": 0.779996585446884,
  "HOMO_eV": -17.498877415655564,
  "LUMO_eV": -17.44754663015513,
  "gap_eV": 0.051330785500432796
}