{
  "tag": "RMC-Mn_3-Nb_3-A2-B1-NNNNOO",
  "energy_eV": -2490.845561974101,
  "multiplicity": 3,
  "charge": 4,
  "sym1": "Mn",
  "ox1": 3,
  "sym2": "Nb",
  "ox2": 3,
  "acid": "A2",
  "base": "B1",
  "bridge": [
    "O",
    "O"
  ],
  "S1_ref": 0.0,
  "S2_ref": 1.0,
  "mulliken_q_e": [
    0.5078628158054537,
    0.34163307927470865,
    -0.2334344282624201,
    -0.23342426900684465,
    -0.08045618808269572,
    -0.08046359481091048,
    -0.061701657079538785,
    -0.061708244205009644,
    0.18401919298869185,
    0.024180430961783683,
    0.017597522463145054,
    0.010380250365368937,
    0.016430539581264947,
    0.021530549689964262,
    0.1486567633809286,
    0.1630418551749231,
    0.14793384148312105,
    0.08665152510659979,
    0.07433329855083559,
    0.14652998744699586,
    0.149608308459398,
    0.18400238630264676,
    0.02417589005658849,
    0.017571306160793165,
    0.010383633792769631,
    0.01640304462614184,
    0.021515450342943776,
    0.14866140713344855,
    0.16304398746057602,
    0.14793606089319233,
    0.08663320116658602,
    0.07428511510203073,
    0.1465329864855368,
    0.14961162693264474,
    -0.0041112467642803185,
    0.07205272656271178,
    0.0720767726500735,
    -0.004106878600187436,
    0.01747372537346581,
    0.017466898727701796,
    0.12782407665399975,
    0.1278244060656648,
    0.15963580373025588,
    0.15963579803583983,
    -0.007803097785626489,
    0.08662940270906994,
    0.08664036240915163,
    -0.007803411400551186,
    0.025199319108978102,
    0.025198863146580708,
    0.12467519179302788,
    0.12467564193466463,
    0.15842882243362932,
    0.1584291490947286
  ],
  "dipole_vec_eA": [
    -0.14236672064856806,
    -0.0004708920588282317,
    2.011242908999994e-15
  ],
  "dipole_mag_D": 0.6838201810635621,
  "HOMO_eV": -22.287484564082853,
  "LUMO_eV": -21.969444839755326,
  "gap_eV": 0.3180397243275266
}