{
  "tag": "RMC-Co_3-Pd_2-A2-B10-NNNNSS",
  "energy_eV": -3311.7125241843396,
  "multiplicity": 1,
  "charge": 3,
  "sym1": "Co",
  "ox1": 3,
  "sym2": "Pd",
  "ox2": 2,
  "acid": "A2",
  "base": "B10",
  "bridge": [
    "S",
    "S"
  ],
  "S1_ref": 0.0,
  "S2_ref": 0.0,
  "mulliken_q_e": [
    0.10881332198599991,
    -0.0744641206447223,
    0.11881798673108887,
    0.11884214947946158,
    -0.07569612708788953,
    -0.07577008513068972,
    -0.04311086236990325,
    -0.04309989046224971,
    0.053424887707551605,
    0.018125505979996737,
    -0.00485711081792739,
    -0.006566910766872436,
    -0.004779476178114583,
    0.012735381582844374,
    0.09492255252359039,
    0.10961623551397603,
    0.09461064846965106,
    0.0623274084277361,
    0.05493142976934351,
    0.09963211800694605,
    0.10199734943559036,
    0.0533971133547162,
    0.01811707931207085,
    -0.004867721693323279,
    -0.006566045410174137,
    -0.00477963898015954,
    0.012717648605630405,
    0.09492466693343504,
    0.10961372104115574,
    0.09460917927884671,
    0.0623228479605491,
    0.05493577067571365,
    0.09962703020229313,
    0.10200291080978119,
    0.07841950550731758,
    0.024071811314218428,
    0.03246563762802612,
    -0.009515888712636977,
    -0.00018460646920459567,
    -0.037629340260804334,
    0.10725563336550226,
    0.10570927006486075,
    0.08269809959972407,
    -0.009515153326852932,
    0.03246969112063769,
    0.02406263144256182,
    0.07843116264590999,
    -0.0376519309918677,
    -0.00017939858417337362,
    0.10725073739131885,
    0.08269816625860593,
    0.10570475903608312,
    0.08183985794114501,
    0.035394081697886604,
    0.03657063484561629,
    -0.008952185176543281,
    0.004455895801525944,
    -0.03481157209469643,
    0.10859448926835669,
    0.10704842978963158,
    0.08331772966718232,
    -0.008951187854333575,
    0.03656969936012722,
    0.03539490740094431,
    0.08184874632329886,
    -0.03481403291687002,
    0.004464207143292986,
    0.1085913119184021,
    0.08331973303728013,
    0.10705151260513035
  ],
  "dipole_vec_eA": [
    0.03221224245507871,
    -0.00018905648893600735,
    -6.748022900618662e-16
  ],
  "dipole_mag_D": 0.1547246452753291,
  "HOMO_eV": -17.667597309782288,
  "LUMO_eV": -17.561350493319782,
  "gap_eV": 0.10624681646250522
}