{
  "tag": "RMC-Ag_2-Pb_2-A2-B7-NNNNOS",
  "energy_eV": -2191.9583593981865,
  "multiplicity": 2,
  "charge": 2,
  "sym1": "Ag",
  "ox1": 2,
  "sym2": "Pb",
  "ox2": 2,
  "acid": "A2",
  "base": "B7",
  "bridge": [
    "O",
    "S"
  ],
  "S1_ref": 0.5,
  "S2_ref": 0.0,
  "mulliken_q_e": [
    0.3518993883331213,
    0.6635197836465814,
    -0.40634949084334493,
    -0.21500037006763278,
    -0.11954031202567439,
    -0.09152963431734062,
    -0.18562583973497127,
    -0.17364564580807884,
    0.09058162385923674,
    0.01267680394825721,
    -0.0065565141110162095,
    -0.014933124773875539,
    -0.005823790161913589,
    0.014751076227293103,
    0.09162325886591305,
    0.0986282977385251,
    0.09246015977885913,
    0.08164807654783046,
    0.07589481157485056,
    0.07262156874030834,
    0.09338089359193169,
    0.20420279267917008,
    -0.019360837648527474,
    -0.008422904669187936,
    -0.025318561921441995,
    -0.00802180346337944,
    -0.013207169669560148,
    0.08433954760161466,
    0.09215244101672992,
    0.0842481119395857,
    0.08510701983600621,
    0.08407410114948499,
    0.07369748115341479,
    0.08939295444848383,
    0.028036844045318254,
    -0.03677490936240768,
    0.0931722842024334,
    0.1126188218574351,
    -0.010635242839901915,
    0.11592902808813133,
    0.11592902808787342,
    0.021155321205724942,
    -0.05819695129658187,
    0.07554179063415223,
    0.1020109156434813,
    -0.008095564734271088,
    0.10287222050934519,
    0.10287222050324962
  ],
  "dipole_vec_eA": [
    0.11400778544025918,
    -0.08439595842107597,
    2.0524466491894758e-10
  ],
  "dipole_mag_D": 0.6813181102727208,
  "HOMO_eV": -15.390572692120234,
  "LUMO_eV": -14.25120085048559,
  "gap_eV": 1.1393718416346434
}