{
  "tag": "RMC-Mn_2-Os_2-A2-B4-NNNNOO",
  "energy_eV": -2093.757291502061,
  "multiplicity": 2,
  "charge": 2,
  "sym1": "Mn",
  "ox1": 2,
  "sym2": "Os",
  "ox2": 2,
  "acid": "A2",
  "base": "B4",
  "bridge": [
    "O",
    "O"
  ],
  "S1_ref": 0.5,
  "S2_ref": 0.0,
  "mulliken_q_e": [
    0.3641704325307038,
    0.3622793917792213,
    -0.2650273868669579,
    -0.26500861116626084,
    -0.18918951944551732,
    -0.18916737000257777,
    -0.16689137921887687,
    -0.16688123695195922,
    0.22030158335304661,
    -0.0060186627623679545,
    -0.011800884408541323,
    -0.01596030011570848,
    -0.013856037090588691,
    -0.00493551558824068,
    0.09168668061173657,
    0.09549011478505431,
    0.09152947550843904,
    0.08005273543506575,
    0.09484258553672076,
    0.11503317070617847,
    0.11824122166637951,
    0.2202958657392735,
    -0.006022684693353764,
    -0.011802385569759766,
    -0.015962398944302958,
    -0.013858586927531169,
    -0.004944991696765433,
    0.09168744607249069,
    0.09549174372717417,
    0.0915294549009823,
    0.08004780663831035,
    0.09484178159978618,
    0.11503469872053962,
    0.11823883082099451,
    -0.052805932304183845,
    -0.05281046862629446,
    0.11985220027516286,
    0.11985507268571538,
    0.1198511413262926,
    0.1198540155249096,
    -0.05019951349030105,
    -0.05019593727685745,
    0.13328320491441792,
    0.13328345919436946,
    0.13328270898515793,
    0.1332829801738331
  ],
  "dipole_vec_eA": [
    0.35223476001764,
    -0.00018769509046624627,
    0.0001672610095108234
  ],
  "dipole_mag_D": 1.6918559343072697,
  "HOMO_eV": -15.410720318371249,
  "LUMO_eV": -15.153251560487217,
  "gap_eV": 0.25746875788403223
}