{
  "tag": "RMC-Re_2-Ta_3-A2-B6-NNNNOO",
  "energy_eV": -2230.024617304141,
  "multiplicity": 2,
  "charge": 3,
  "sym1": "Re",
  "ox1": 2,
  "sym2": "Ta",
  "ox2": 3,
  "acid": "A2",
  "base": "B6",
  "bridge": [
    "O",
    "O"
  ],
  "S1_ref": 0.5,
  "S2_ref": 1.0,
  "mulliken_q_e": [
    0.25959426547452413,
    1.0382363647147184,
    -0.38608291952003615,
    -0.3860684198292108,
    -0.15812977785017002,
    -0.15813206612107944,
    -0.13856504565250782,
    -0.13857386369089975,
    0.19260833016149714,
    0.0022109445542830564,
    0.008190914807777672,
    -0.006832209229232777,
    -0.0023088850336521194,
    0.004254353440900083,
    0.1221164009672796,
    0.12811890605296217,
    0.11426147431423272,
    0.07537583418353355,
    0.10064819289536264,
    0.1036721254065337,
    0.13538858636788886,
    0.19260697457892784,
    0.002214087554267108,
    0.00818610243708573,
    -0.0068326814346084674,
    -0.002316678078415846,
    0.004255748838422724,
    0.12211333387027201,
    0.12812089665489945,
    0.11426597518298531,
    0.07536441348408118,
    0.10064069697405209,
    0.1036854635403135,
    0.13545845616808116,
    -0.05158206005346333,
    -0.049846587942895315,
    -0.04946443906505982,
    0.1256258863700419,
    0.1208612344699409,
    0.13272521917348956,
    0.1323140203374763,
    0.13053025945570373,
    0.13020967205276746,
    -0.08337263804080375,
    -0.01671752000191762,
    -0.01672325610419323,
    0.11256460706675808,
    0.08774925924301569,
    0.09728274217018029,
    0.09728305022313821,
    0.10640898495910622,
    0.10640526950169349
  ],
  "dipole_vec_eA": [
    -0.8711664046464287,
    0.0014202710370094386,
    0.058706589507184936
  ],
  "dipole_mag_D": 4.193886075412882,
  "solvation_E_eV": null
}