{
  "tag": "RMC-Co_2-Hf_2-A2-B1-NNNNNN",
  "energy_eV": -2501.1109608551164,
  "multiplicity": 2,
  "charge": 0,
  "sym1": "Co",
  "ox1": 2,
  "sym2": "Hf",
  "ox2": 2,
  "acid": "A2",
  "base": "B1",
  "bridge": [
    "N",
    "N"
  ],
  "S1_ref": 0.5,
  "S2_ref": 1.0,
  "mulliken_q_e": [
    -0.06478029147871667,
    0.6348167356738992,
    -0.25119018088618406,
    -0.251179231611099,
    -0.066726520319907,
    -0.0667032797078797,
    -0.19252229039254876,
    -0.19246793142411112,
    0.10433174707720605,
    -0.024223366324100493,
    -0.04363864779609372,
    -0.042447300312320246,
    -0.041861035235004396,
    -0.016763337830541847,
    0.024657119434279506,
    0.027888668967565478,
    0.02798555648176715,
    0.03416418827268797,
    0.03500339118957818,
    0.03412191229371264,
    0.036753581609452746,
    0.10433385894515146,
    -0.024233331179853934,
    -0.04375542737002558,
    -0.04244183760300424,
    -0.041973596871980545,
    -0.01678383595710753,
    0.024663203899880637,
    0.027889230393187137,
    0.027991604469255194,
    0.03400815413041358,
    0.034957448066530006,
    0.03412751759767818,
    0.03675412240529086,
    -0.04776864279339388,
    0.056584979770022636,
    0.05658640556097638,
    -0.04776110079244478,
    -0.03771594539636358,
    -0.03770507508414922,
    0.03689782375942052,
    0.03689931518729206,
    0.034948071015351356,
    0.034945533471931745,
    -0.04860154133082473,
    0.04933247313770939,
    0.049326995364108894,
    -0.04857867185817222,
    -0.039766960436138366,
    -0.039743539180472576,
    0.033092639567243176,
    0.03309369123778949,
    0.03258903548778136,
    0.03258791470526623
  ],
  "dipole_vec_eA": [
    0.5567049650834237,
    -0.0017105114183747158,
    4.494148890021746e-14
  ],
  "dipole_mag_D": 2.6739802873817218,
  "HOMO_eV": -7.994655407791426,
  "LUMO_eV": -7.921967032594225,
  "gap_eV": 0.07268837519720162
}