{
  "tag": "RMC-Ag_1-Pd_2-A2-B2-NNNNNN",
  "energy_eV": -3116.6196892354683,
  "multiplicity": 1,
  "charge": -1,
  "sym1": "Ag",
  "ox1": 1,
  "sym2": "Pd",
  "ox2": 2,
  "acid": "A2",
  "base": "B2",
  "bridge": [
    "N",
    "N"
  ],
  "S1_ref": 0.0,
  "S2_ref": 0.0,
  "mulliken_q_e": [
    0.3064787784980192,
    -0.15455797520603032,
    -0.1992072354897092,
    -0.19921239990907336,
    -0.18601303901563893,
    -0.18602046193658994,
    -0.0632044957776563,
    -0.06321397353781366,
    0.11170005098248037,
    -0.01950031514961159,
    -0.05765781897301259,
    -0.048582314967113405,
    -0.05718610708118854,
    -0.037371556388288596,
    0.006097733893235757,
    0.004192179194574153,
    0.0022054203034419517,
    0.03110479318287873,
    0.026310596504682593,
    0.03544248055937371,
    0.03408377183421096,
    0.11170732346442391,
    -0.019508727992258112,
    -0.05767368370788417,
    -0.04857628721569274,
    -0.05719166487049265,
    -0.037381242653205415,
    0.006101047729346165,
    0.004189809284620982,
    0.0022052672155334907,
    0.031077935901483,
    0.026312582246605265,
    0.035450433952574856,
    0.03409988772697925,
    -0.0625934082131403,
    0.006117661839351474,
    -0.011609923606040295,
    0.06811147215701352,
    -0.07205891437405332,
    -0.03913412104640912,
    0.0074736337652894225,
    0.01736626260132934,
    0.005670500905978426,
    0.06809903118020766,
    -0.0625919476582264,
    -0.03913232431752167,
    -0.07206600185957424,
    0.007467480150423089,
    0.005665189757901534,
    0.017372080724077588,
    -0.06274710544934448,
    0.005895502195357283,
    -0.0036312062722019256,
    0.0614905124117433,
    -0.07368987220105105,
    -0.03911776960417401,
    0.007552804452699902,
    0.01915948618629948,
    0.005809129930283263,
    0.0614735267705484,
    -0.06274802082116304,
    -0.03911326378077007,
    -0.07370420475410056,
    0.007547942379940942,
    0.005803944077567902,
    0.019161129868514593
  ],
  "dipole_vec_eA": [
    -0.18318680307768803,
    -0.0014280742101206942,
    1.5954984595496861e-15
  ],
  "dipole_mag_D": 0.8799103710827806,
  "HOMO_eV": -5.4100734073108425,
  "LUMO_eV": -5.244477413251136,
  "gap_eV": 0.16559599405970626
}