{
  "tag": "RMC-In_1-Os_3-A2-B2-NNNNNO",
  "energy_eV": -3026.266740915173,
  "multiplicity": 2,
  "charge": 1,
  "sym1": "In",
  "ox1": 1,
  "sym2": "Os",
  "ox2": 3,
  "acid": "A2",
  "base": "B2",
  "bridge": [
    "N",
    "O"
  ],
  "S1_ref": 0.0,
  "S2_ref": 0.5,
  "mulliken_q_e": [
    0.3952159787546992,
    0.2522346760568652,
    -0.2504697118484438,
    -0.2923534994404622,
    -0.17183461956677348,
    -0.1499977822214369,
    -0.07262777632623907,
    -0.11233188255190174,
    0.17423074678565365,
    -0.018616289114343765,
    -0.02830507317537445,
    -0.03435642102864889,
    -0.028461408163831248,
    -0.028429940297852507,
    0.055049142483410085,
    0.061826742956673786,
    0.05410383388380502,
    0.03808869324112685,
    0.05826691508569648,
    0.05668451138558206,
    0.0603836155776869,
    0.1027855146963279,
    -0.005601810478572444,
    -0.022795364233048954,
    -0.03416691282151363,
    -0.023301659095558813,
    -0.021316954145267353,
    0.056958873645971964,
    0.06075781291823901,
    0.0524033948576037,
    0.023923262503672715,
    0.052026411836164854,
    0.07398873164052233,
    0.0559417986007088,
    -0.028909449185180236,
    0.01865334612480951,
    -0.0011320898908697696,
    0.06695904598895197,
    -0.04296298068798032,
    -0.02644717083332493,
    0.05886371107244248,
    0.049468201880843776,
    0.05565454742829412,
    0.0696258582253082,
    -0.03138220365857558,
    -0.025648240987556026,
    -0.04378929945420662,
    0.057783139321529675,
    0.05567968737949325,
    0.04922924336646828,
    -0.0270382040753947,
    0.0205545396415725,
    0.0031497130235407234,
    0.06698637733633528,
    -0.041698447575761355,
    -0.026425562295013583,
    0.06262346533376217,
    0.05570782973782995,
    0.058596942155659804,
    0.06609383064743057,
    -0.027709915010242225,
    -0.025641917860765195,
    -0.0415776144577753,
    0.06328043482055756,
    0.06085155611435156,
    0.060698073643511985
  ],
  "dipole_vec_eA": [
    -0.004039626919990934,
    -0.2132435585569643,
    -0.0004030253919990627
  ],
  "dipole_mag_D": 1.0244379674978847,
  "HOMO_eV": -11.237037446921569,
  "LUMO_eV": -10.852700944640805,
  "gap_eV": 0.3843365022807639
}