{
  "tag": "RMC-Fe_3-V_3-A2-B5-NNNNNO",
  "energy_eV": -1960.1104024709102,
  "multiplicity": 2,
  "charge": 3,
  "sym1": "Fe",
  "ox1": 3,
  "sym2": "V",
  "ox2": 3,
  "acid": "A2",
  "base": "B5",
  "bridge": [
    "N",
    "O"
  ],
  "S1_ref": 0.5,
  "S2_ref": 1.0,
  "mulliken_q_e": [
    0.8892395602444119,
    0.27100027104593505,
    -0.038472015912033086,
    -0.08835384202867269,
    -0.30126387844024016,
    -0.29811662332767486,
    -0.0025700068140006582,
    -0.01097064774389378,
    0.15060744716363694,
    0.014925600290946361,
    0.008222346624290333,
    -0.0005484605049139724,
    0.009165503548056675,
    0.011293817941252726,
    0.12983848068545478,
    0.1371583494977724,
    0.1298530503162394,
    0.0573317756207119,
    0.10663480620241361,
    0.14218257326134742,
    0.13074165960364303,
    0.0802663321238215,
    0.02876303303350891,
    0.017860195238763144,
    0.006705711469299214,
    0.008433293865288238,
    0.027727719821258434,
    0.1341371805756445,
    0.13589384818011496,
    0.1218082213798316,
    0.04123145444640541,
    0.09840322848318905,
    0.14233027034175416,
    0.12168153137576854,
    -0.04553948350083181,
    -0.06368579417488496,
    0.1568053874724572,
    0.15267205616520685,
    0.001549538671859585,
    -0.004249400262571923,
    0.1858670430920334,
    0.2034388649064931
  ],
  "dipole_vec_eA": [
    0.1793944443665292,
    -0.2402321052675449,
    -2.807422959013023e-15
  ],
  "dipole_mag_D": 1.4401111117764316,
  "solvation_E_eV": null
}