{
  "tag": "RMC-Hg_2-Nb_3-A2-B6-NNNNOO",
  "energy_eV": -2161.2210590073164,
  "multiplicity": 3,
  "charge": 3,
  "sym1": "Hg",
  "ox1": 2,
  "sym2": "Nb",
  "ox2": 3,
  "acid": "A2",
  "base": "B6",
  "bridge": [
    "O",
    "O"
  ],
  "S1_ref": 0.0,
  "S2_ref": 1.0,
  "mulliken_q_e": [
    0.15967212939601655,
    0.43433183179631696,
    -0.25472133856158363,
    -0.25470049505197667,
    -0.06068541716306597,
    -0.06073398924506779,
    -0.07627358226738234,
    -0.07629788067426624,
    0.19126802837574997,
    0.006637099060037288,
    0.003035301074557406,
    0.00019868524585353597,
    0.0009516704725607283,
    0.012306319450691605,
    0.12140863205736485,
    0.13348201386373948,
    0.11897692615647237,
    0.08426986137945813,
    0.07772036999536192,
    0.12115321383036359,
    0.12519627728783778,
    0.19128305596288686,
    0.006597854012579951,
    0.003050372889751074,
    0.00020748325474206908,
    0.0009498803228913388,
    0.01230204502541099,
    0.12139118464283438,
    0.1334673387432167,
    0.11898789127926046,
    0.0843017287801533,
    0.07771447182949576,
    0.12112745950044346,
    0.1252142017659229,
    -0.07195782983320331,
    -0.011002117911732556,
    -0.011012474520793125,
    0.11437066676910701,
    0.09955319438876709,
    0.13421473861747535,
    0.13419826765481013,
    0.12588915536703948,
    0.12588622837131302,
    -0.0748543901127019,
    -0.015939136943973642,
    -0.015926621327982726,
    0.12124492530789988,
    0.10669823729518435,
    0.10346995530349368,
    0.10347199246555128,
    0.11395209122648509,
    0.11395249339743285
  ],
  "dipole_vec_eA": [
    -0.04291789057628248,
    0.00010640069954452304,
    0.0933197485110638
  ],
  "dipole_mag_D": 0.49336488837858905,
  "solvation_E_eV": null
}