{
  "tag": "RMC-Au_3-Sn_2-A2-B7-NNNNSS",
  "energy_eV": -2146.0985097556763,
  "multiplicity": 1,
  "charge": 3,
  "sym1": "Au",
  "ox1": 3,
  "sym2": "Sn",
  "ox2": 2,
  "acid": "A2",
  "base": "B7",
  "bridge": [
    "S",
    "S"
  ],
  "S1_ref": 0.0,
  "S2_ref": 0.0,
  "mulliken_q_e": [
    0.4267048826451461,
    0.5870071732114526,
    -0.19053531833210996,
    -0.18435454923891037,
    -0.0962321034275635,
    -0.07895021370217914,
    -0.12463874884902659,
    -0.1182429285614679,
    0.09811428991492188,
    0.024545479208192278,
    0.007104808959036424,
    -0.004657890505930684,
    0.004499787414275369,
    0.018843788988436527,
    0.1194649559621529,
    0.1267694052109528,
    0.11451190168396719,
    0.0878612957128615,
    0.07461385279816546,
    0.11637554986831977,
    0.13208919729490043,
    0.09869104278487106,
    0.022863017597505975,
    0.007198746281977142,
    -0.004980950043707688,
    0.004642670071232979,
    0.016538832551901805,
    0.11909798074415057,
    0.1271948757303928,
    0.11411313650679267,
    0.09011822752602705,
    0.08035693830753021,
    0.11491572710721865,
    0.12910284833908559,
    0.015644933659584526,
    -0.03416258469496647,
    0.11901001575848635,
    0.13260467281260968,
    -0.01865226541520526,
    0.13548086059015363,
    0.13548086059016717,
    0.024320642265634795,
    -0.059924129995894804,
    0.12110160617979615,
    0.13115852796753358,
    -0.030316588798654065,
    0.13375286967092714,
    0.13375286967012578
  ],
  "dipole_vec_eA": [
    0.08291819114068492,
    0.2710977798289204,
    2.5606209768710102e-11
  ],
  "dipole_mag_D": 1.3616845438340321,
  "HOMO_eV": -19.316631094113493,
  "LUMO_eV": -18.354784674773608,
  "gap_eV": 0.961846419339885
}