{
  "tag": "RMC-Re_2-Sc_3-A2-B4-NNNNNO",
  "energy_eV": -2019.6191964269726,
  "multiplicity": 2,
  "charge": 2,
  "sym1": "Re",
  "ox1": 2,
  "sym2": "Sc",
  "ox2": 3,
  "acid": "A2",
  "base": "B4",
  "bridge": [
    "N",
    "O"
  ],
  "S1_ref": 0.5,
  "S2_ref": 0.0,
  "mulliken_q_e": [
    0.04432623785848244,
    0.6662293538789488,
    -0.14573626398880246,
    -0.3473684192517854,
    -0.007817792377154742,
    -0.0675137890167321,
    -0.158692002618952,
    -0.13757976802671368,
    0.18498824427129845,
    -0.02103954368364036,
    -0.017643809062845683,
    -0.021639324338515342,
    -0.015281235746734234,
    0.006364507723680912,
    0.08477954570512203,
    0.09605163148425944,
    0.09164886166326458,
    0.07862075059289353,
    0.044443020524370436,
    0.09325693485666586,
    0.11986712556889079,
    0.07050275432948139,
    -0.010484010582817227,
    -0.009154366543884906,
    -0.019063474847262007,
    -0.006629729918498972,
    -0.0011256817797737906,
    0.08206769938047331,
    0.08898202805413558,
    0.08492499870852899,
    0.07292372392790725,
    0.013265799540053136,
    0.08897023319014785,
    0.07622404055683996,
    -0.01469971637707368,
    -0.03756833158330397,
    0.151560311962042,
    0.15156033363304122,
    0.13639955172823515,
    0.136399576399175,
    -0.018270681310412762,
    -0.015821972376572013,
    0.1032535087702856,
    0.10325351681448014,
    0.10113280275145042,
    0.10113281399294582
  ],
  "dipole_vec_eA": [
    0.031392513773158895,
    0.2578084174185836,
    9.386277508730504e-07
  ],
  "dipole_mag_D": 1.2474529967806218,
  "solvation_E_eV": null
}