{
  "tag": "RMC-Fe_2-Ni_2-A2-B1-NNNNNO",
  "energy_eV": -2599.649612173838,
  "multiplicity": 1,
  "charge": 1,
  "sym1": "Fe",
  "ox1": 2,
  "sym2": "Ni",
  "ox2": 2,
  "acid": "A2",
  "base": "B1",
  "bridge": [
    "N",
    "O"
  ],
  "S1_ref": 0.0,
  "S2_ref": 0.0,
  "mulliken_q_e": [
    0.7651787632540878,
    -0.10960965235756592,
    -0.21547119911727353,
    -0.25210818455485917,
    -0.19024697377061206,
    -0.19581389015802353,
    -0.03210386069623916,
    -0.04883204709861344,
    0.16804986338191386,
    -0.018891467073634205,
    -0.025242664537700854,
    -0.035271123608418,
    -0.024173633910330672,
    -0.027978769782740942,
    0.060960772802693075,
    0.06389954874102377,
    0.06117067626377615,
    0.0553873189469789,
    0.05085743703445744,
    0.059366870892053614,
    0.056915338504884616,
    0.09973898891496957,
    -0.010467509603189207,
    -0.02014370057983572,
    -0.035305354855933224,
    -0.0192883088810627,
    -0.01636854407303523,
    0.05919126457183854,
    0.060893923471106226,
    0.05982839953383279,
    0.0413874120751736,
    0.04542970475582542,
    0.07202450367052271,
    0.06529392175959792,
    -0.03913232469328576,
    0.04887299832126191,
    0.046375227801512375,
    -0.037923559383662875,
    -0.026650298114791138,
    -0.024464783258011158,
    0.058183790283939274,
    0.05587318148831977,
    0.06503413299351968,
    0.0659720440127829,
    -0.04263867067874183,
    0.06280568621472193,
    0.06040452312271838,
    -0.04033579107969221,
    -0.026250771783165483,
    -0.02324698226193922,
    0.05397062117403639,
    0.051906422667000185,
    0.060853788730312,
    0.062132940534813774
  ],
  "dipole_vec_eA": [
    -0.18981058070312434,
    -0.2676884849807747,
    7.092599960130812e-16
  ],
  "dipole_mag_D": 1.5761916733976413,
  "HOMO_eV": -11.714116533639343,
  "LUMO_eV": -11.178487993668766,
  "gap_eV": 0.5356285399705776
}