{
  "tag": "RMC-Co_3-Cr_2-A2-B6-NNNNNO",
  "energy_eV": -2231.074793763811,
  "multiplicity": 1,
  "charge": 2,
  "sym1": "Co",
  "ox1": 3,
  "sym2": "Cr",
  "ox2": 2,
  "acid": "A2",
  "base": "B6",
  "bridge": [
    "N",
    "O"
  ],
  "S1_ref": 0.0,
  "S2_ref": 0.0,
  "mulliken_q_e": [
    0.15220124294668846,
    0.5832493530102093,
    -0.2251875575386928,
    -0.2415983632362051,
    -0.0682633123045695,
    -0.0845768284237598,
    -0.13909139567129336,
    -0.1513389623014454,
    0.16890255390891662,
    -0.0119863882690745,
    -0.009606916631925921,
    -0.015582868349331092,
    -0.009610940925247613,
    -0.007015230498289116,
    0.09326607954719479,
    0.10160462253812508,
    0.09433708897310322,
    0.071018127341544,
    0.06577063741939115,
    0.07875287412656873,
    0.07928700821147472,
    0.10834791585904169,
    0.0018121154920354154,
    -0.006296968007814874,
    -0.01296190954252796,
    -0.005771827094821713,
    0.003693697570284593,
    0.09390137557542011,
    0.10102268216590038,
    0.09413902762879056,
    0.06220007178471021,
    0.05927914477045304,
    0.0905879241466997,
    0.09062415918029099,
    -0.07618251202021908,
    -0.020531218297685783,
    -0.014883438594216036,
    0.09148317604502487,
    0.08251963827396058,
    0.08023611499215988,
    0.07299042097091923,
    0.09058001907392876,
    0.08822922032759228,
    -0.07805553950260102,
    -0.015313381495603906,
    -0.008269742095003307,
    0.09348497334054418,
    0.08124488555798715,
    0.08000762311775189,
    0.0724230538621985,
    0.08887605028833556,
    0.0860524227530588
  ],
  "dipole_vec_eA": [
    0.2599827565191553,
    -0.28955946746576305,
    0.04621129763171212
  ],
  "dipole_mag_D": 1.8822874632952145,
  "HOMO_eV": -15.405502666629102,
  "LUMO_eV": -15.328172236945733,
  "gap_eV": 0.07733042968336967
}