{
  "tag": "RMC-Os_2-Y_3-A2-B5-NNNNOO",
  "energy_eV": -1980.9351294492162,
  "multiplicity": 1,
  "charge": 3,
  "sym1": "Os",
  "ox1": 2,
  "sym2": "Y",
  "ox2": 3,
  "acid": "A2",
  "base": "B5",
  "bridge": [
    "O",
    "O"
  ],
  "S1_ref": 0.0,
  "S2_ref": 0.0,
  "mulliken_q_e": [
    0.4605796478000165,
    0.6231439876110534,
    -0.30782825394434576,
    -0.30782761911820455,
    -0.16345797320562117,
    -0.16346151252887497,
    -0.07032655853174163,
    -0.07031307924606756,
    0.2144645021560967,
    -0.004934642991142768,
    0.015493931549656281,
    -0.003093799345790238,
    0.006033044921700315,
    0.014232470744204084,
    0.12817319213949763,
    0.13538809832418242,
    0.12444178729305844,
    0.07791076416127352,
    0.10732269781155424,
    0.13484342521877168,
    0.140421601262531,
    0.21446339148726334,
    -0.004930829868525111,
    0.015495477207047914,
    -0.0030911134813991215,
    0.006040968374538602,
    0.014232042611031614,
    0.12817538377217008,
    0.13538495918541127,
    0.12444057257513286,
    0.0779088274086881,
    0.10732027800585664,
    0.13484913757425288,
    0.1404183993731165,
    0.019695102979050638,
    0.019698387570519005,
    0.21853560166011632,
    0.2185333321890348,
    0.02954850631180661,
    0.02955227680153394,
    0.14125998154740238,
    0.14126360470541433
  ],
  "dipole_vec_eA": [
    -0.9167433121117935,
    5.291480462603212e-05,
    -3.883307722599601e-06
  ],
  "dipole_mag_D": 4.403305398603943,
  "solvation_E_eV": null
}