{
  "tag": "RMC-Ag_2-Sn_2-A2-B7-NNNNOS",
  "energy_eV": -2187.858524664393,
  "multiplicity": 2,
  "charge": 2,
  "sym1": "Ag",
  "ox1": 2,
  "sym2": "Sn",
  "ox2": 2,
  "acid": "A2",
  "base": "B7",
  "bridge": [
    "O",
    "S"
  ],
  "S1_ref": 0.5,
  "S2_ref": 0.0,
  "mulliken_q_e": [
    0.3339704818463799,
    0.6032592431592722,
    -0.3942968603370307,
    -0.20402343008298462,
    -0.10959073092519134,
    -0.07816213681868622,
    -0.16464350218491774,
    -0.16632831562758454,
    0.09250618219995976,
    0.01162554324947207,
    -0.0053831249943367965,
    -0.016544768996852754,
    -0.005775535048387681,
    0.01486503418120555,
    0.0906897438173816,
    0.09733688635285698,
    0.09209782143316114,
    0.08299309994936022,
    0.07521357289043329,
    0.0754535520769889,
    0.09829981087908857,
    0.19973497673655882,
    -0.018457150427175772,
    -0.00797061963650414,
    -0.02480768668230282,
    -0.008390307976619216,
    -0.010696736913314409,
    0.0844012419001069,
    0.09271661443562873,
    0.08542911692518629,
    0.08735434913615903,
    0.08417901392152016,
    0.07818474176840962,
    0.09028449811302441,
    0.025426742771754718,
    -0.038613448739388545,
    0.09818658372425293,
    0.11550255798059539,
    -0.014940759083865052,
    0.11898870456030641,
    0.11898870456030353,
    0.021628068274078815,
    -0.059795767268465694,
    0.07332731372433976,
    0.09489795463681916,
    -0.007736928762315687,
    0.09930782780024627,
    0.09930782780315117
  ],
  "dipole_vec_eA": [
    0.20870322993185103,
    0.07547373943063378,
    -1.367777677570038e-10
  ],
  "dipole_mag_D": 1.065979437357276,
  "HOMO_eV": -15.432679967811136,
  "LUMO_eV": -14.154657624657217,
  "gap_eV": 1.2780223431539195
}