{
  "tag": "RMC-Co_3-Re_3-A2-B5-NNNNSS",
  "energy_eV": -1976.978443728441,
  "multiplicity": 1,
  "charge": 4,
  "sym1": "Co",
  "ox1": 3,
  "sym2": "Re",
  "ox2": 3,
  "acid": "A2",
  "base": "B5",
  "bridge": [
    "S",
    "S"
  ],
  "S1_ref": 0.0,
  "S2_ref": 0.0,
  "mulliken_q_e": [
    0.3420646377673321,
    0.32013482806722937,
    0.32275651706726577,
    0.3227839004181712,
    -0.12107768683819642,
    -0.1209750026572276,
    -0.11460399711024505,
    -0.11463338414192292,
    0.02256959404814407,
    0.03994624615108644,
    0.021668157629121332,
    0.012757120810145128,
    0.03670942661141585,
    0.02927769473631936,
    0.14633408866060915,
    0.16086851268381397,
    0.15497987543287195,
    0.09115513243516138,
    0.06184878960836859,
    0.17569564304132967,
    0.15179647442894328,
    0.022585118413211758,
    0.03995951149816901,
    0.02165764912176127,
    0.012759369102911755,
    0.03673396120922878,
    0.02926987972627404,
    0.14632754385572178,
    0.1608652692096787,
    0.1549791574610382,
    0.09115070600556496,
    0.061906142797341523,
    0.1756996447546586,
    0.15171345541859693,
    -5.894276018514333e-05,
    0.00037206636517983505,
    0.21003206631246918,
    0.20980285477090188,
    0.0414122473291767,
    0.04140899295108125,
    0.2246801678973468,
    0.22468656971023937
  ],
  "dipole_vec_eA": [
    0.5463812489185553,
    -0.0005928218944333768,
    5.384243636324009e-08
  ],
  "dipole_mag_D": 2.6243822925872333,
  "HOMO_eV": -22.39352200240875,
  "LUMO_eV": -22.025592648723524,
  "gap_eV": 0.36792935368522706
}