{
  "tag": "RMC-Pt_2-Ru_2-A2-B7-NNNNOO",
  "energy_eV": -2260.214248102017,
  "multiplicity": 1,
  "charge": 2,
  "sym1": "Pt",
  "ox1": 2,
  "sym2": "Ru",
  "ox2": 2,
  "acid": "A2",
  "base": "B7",
  "bridge": [
    "O",
    "O"
  ],
  "S1_ref": 0.0,
  "S2_ref": 0.0,
  "mulliken_q_e": [
    0.23899989332850524,
    0.056065843861739406,
    -0.2093146105360426,
    -0.2081906838880161,
    -0.0341784407749961,
    -0.017695955818843867,
    -0.0549702050320664,
    -0.03921496679066161,
    0.18326209887186384,
    -0.0009808106541007167,
    -0.009582265986204153,
    -0.01605867452656895,
    -0.009727049177479685,
    -0.009810598349057287,
    0.09332877277479845,
    0.10077911200266698,
    0.09159092490379916,
    0.059688574428317986,
    0.05447510687753665,
    0.08679566433466901,
    0.10109313136450948,
    0.18291246804947092,
    -0.003341293424299563,
    -0.009690633831205497,
    -0.017362164107393774,
    -0.009930792520673304,
    -0.01215603777985641,
    0.09225895442161014,
    0.10044571317609607,
    0.09064309945917981,
    0.059485698327619296,
    0.0569702178576621,
    0.08230038730429767,
    0.09803765760305738,
    0.012829340024855362,
    -0.029406269512884275,
    0.09723246340415892,
    0.11440952510030211,
    -0.02230691864678458,
    0.12116520264747044,
    0.1211652037935802,
    0.025622557063262663,
    -0.0225126451135087,
    0.08442669497313304,
    0.10716793282725523,
    -0.010667892790156897,
    0.11697333505155516,
    0.11697333542785848
  ],
  "dipole_vec_eA": [
    -0.3989912736082064,
    0.2640723461158046,
    1.7655232808915786e-08
  ],
  "dipole_mag_D": 2.298162541910564,
  "HOMO_eV": -15.387380513761977,
  "LUMO_eV": -15.273963619986825,
  "gap_eV": 0.11341689377515252
}