{
  "tag": "RMC-Fe_3-Ir_3-A2-B5-NNNNNS",
  "energy_eV": -1990.2351891483488,
  "multiplicity": 2,
  "charge": 3,
  "sym1": "Fe",
  "ox1": 3,
  "sym2": "Ir",
  "ox2": 3,
  "acid": "A2",
  "base": "B5",
  "bridge": [
    "N",
    "S"
  ],
  "S1_ref": 0.5,
  "S2_ref": 0.0,
  "mulliken_q_e": [
    0.81089886599835,
    0.24269647261565008,
    -0.05695620824521597,
    0.23381580427900303,
    -0.2698522435848305,
    -0.21773934950710783,
    -0.00456036961571038,
    -0.11549248757417208,
    0.020179038999235788,
    0.020475642475894507,
    0.0016600852918333686,
    -0.0019012890122831472,
    0.0030380912111649394,
    0.018579059169794077,
    0.11438165652507748,
    0.1275240790379205,
    0.12136278856010019,
    0.06552446034697956,
    0.06359546826144946,
    0.15187504129755003,
    0.12351134327779356,
    0.07637095514291725,
    0.012671631231383707,
    0.01698421417128837,
    -0.00017676033092750565,
    -0.0052402335240691045,
    0.021311872244517804,
    0.12474282445648222,
    0.12515399674307426,
    0.10617633767747492,
    0.029734059152757508,
    0.08301112905733365,
    0.1163488283116666,
    0.15769363249970414,
    -0.06360920284334526,
    -0.049785806300993274,
    0.15769334494384157,
    0.16691183528467923,
    0.028544517291161364,
    0.023865930045351202,
    0.20320152556117543,
    0.21577942042366538
  ],
  "dipole_vec_eA": [
    0.11352154946614804,
    -0.2560363472992332,
    9.30937799661092e-16
  ],
  "dipole_mag_D": 1.3452552725389177,
  "solvation_E_eV": null
}