{
  "tag": "RMC-Ag_1-Ru_3-A2-B1-NNNNNS",
  "energy_eV": -2548.580494152263,
  "multiplicity": 2,
  "charge": 1,
  "sym1": "Ag",
  "ox1": 1,
  "sym2": "Ru",
  "ox2": 3,
  "acid": "A2",
  "base": "B1",
  "bridge": [
    "N",
    "S"
  ],
  "S1_ref": 0.0,
  "S2_ref": 0.5,
  "mulliken_q_e": [
    0.379688909477522,
    -0.08895931477380581,
    -0.17834367010335828,
    -0.18776543101418075,
    -0.13897991514086616,
    -0.16024087801917752,
    -0.05126149561492732,
    -0.08254781197152039,
    0.08562188540493731,
    0.006089046713180446,
    -0.021708043398530164,
    -0.02842798766184007,
    -0.01983067892339574,
    -0.000521898581923308,
    0.058057658224232145,
    0.06397658858464628,
    0.05883138470811733,
    0.06080333667508664,
    0.06451125065510155,
    0.05017973064354053,
    0.05320702975640079,
    0.11672641127236738,
    0.012007008901772087,
    -0.021703615514681474,
    -0.02960410756011367,
    -0.021582443738265233,
    -0.012627615073766973,
    0.06548458220010855,
    0.06710299413846699,
    0.06078996002624881,
    0.052484195822706026,
    0.048666403614109566,
    0.06189512386129903,
    0.08411493760118349,
    -0.032826117056840465,
    0.06429764206704403,
    0.06808748253450303,
    -0.03157872090831093,
    -0.023233669100178878,
    -0.020716631506599192,
    0.061303968896424976,
    0.062057549088749164,
    0.06869863292425393,
    0.0703454041722903,
    -0.03435207859494804,
    0.07885750938918545,
    0.07949683734438584,
    -0.03480892458612517,
    -0.021274971549186006,
    -0.020332090809457748,
    0.06261027827375676,
    0.05949338107934976,
    0.06836456354791842,
    0.06937642970479496
  ],
  "dipole_vec_eA": [
    0.026005374021140188,
    -0.09178880577788322,
    4.1865604493288614e-12
  ],
  "dipole_mag_D": 0.45823334886064626,
  "HOMO_eV": -11.812731592289813,
  "LUMO_eV": -11.244718218305312,
  "gap_eV": 0.5680133739845008
}