{
  "tag": "RMC-Cu_2-Ir_2-A2-B4-NNNNNS",
  "energy_eV": -2099.6116811428633,
  "multiplicity": 1,
  "charge": 1,
  "sym1": "Cu",
  "ox1": 2,
  "sym2": "Ir",
  "ox2": 2,
  "acid": "A2",
  "base": "B4",
  "bridge": [
    "N",
    "S"
  ],
  "S1_ref": 0.5,
  "S2_ref": 0.5,
  "mulliken_q_e": [
    0.1937153087164521,
    0.19749189740409612,
    -0.23206397703979742,
    0.21642342681120977,
    -0.0769843983775873,
    -0.16316973139986635,
    -0.15131126637527248,
    -0.17822847931464403,
    0.010887548226657717,
    0.007200721925078923,
    -0.022656541309860057,
    -0.022963005372621526,
    -0.01911400820568998,
    -0.0006477471674826152,
    0.06414411584578417,
    0.06851855441568311,
    0.06759311064065754,
    0.05678958224846986,
    0.04531836346359386,
    0.07812099021373853,
    0.08009119583015134,
    0.07418061250854935,
    -0.007736373945740116,
    -0.02744939902472532,
    -0.03378267915637867,
    -0.017629067860925662,
    -0.01617041694562471,
    0.04031704105970968,
    0.04953491802854848,
    0.050888799493185144,
    0.0713932131247692,
    0.0071104178250387395,
    0.08499323926440061,
    0.03833070800434368,
    -0.08716684453670664,
    -0.07914294191009885,
    0.06654935943658769,
    0.06654935943658857,
    0.06487197123645205,
    0.06487197123645105,
    -0.05219625546922768,
    -0.0362488555770728,
    0.11932413269113229,
    0.1193241326911324,
    0.11006364860560502,
    0.11006364860560147
  ],
  "dipole_vec_eA": [
    1.0873834919819427,
    -0.7487768648029828,
    4.509098751134789e-15
  ],
  "dipole_mag_D": 6.341447881049779,
  "solvation_E_eV": null
}