{
  "tag": "RMC-Pd_2-Rh_3-A2-B1-NNNNSS",
  "energy_eV": -2568.405912166504,
  "multiplicity": 1,
  "charge": 3,
  "sym1": "Pd",
  "ox1": 2,
  "sym2": "Rh",
  "ox2": 3,
  "acid": "A2",
  "base": "B1",
  "bridge": [
    "S",
    "S"
  ],
  "S1_ref": 0.0,
  "S2_ref": 0.0,
  "mulliken_q_e": [
    0.1072009916832729,
    -0.056464854907200546,
    0.1512067129884737,
    0.15124252721145856,
    -0.03547290033903816,
    -0.035475580538963936,
    -0.014875425984645974,
    -0.014877535729686864,
    0.045708331624292775,
    0.029159308873620615,
    0.0017105018435739083,
    0.0034061472322550745,
    0.0027825172809914367,
    0.024343128147592097,
    0.11465628446553588,
    0.12658440765277446,
    0.11361008911406312,
    0.05447385373249225,
    0.06357939864491557,
    0.1095529763851033,
    0.11751720504220242,
    0.0456805616754552,
    0.029141659659192687,
    0.00170916296531054,
    0.003388712372345948,
    0.0027779924571271764,
    0.024332187165227115,
    0.11465817489721974,
    0.12658778567400386,
    0.11361230242258313,
    0.05445975540623649,
    0.06356580443379611,
    0.10955364377962251,
    0.11751770266216877,
    -0.014456331103662956,
    0.07108253931111941,
    0.07108772909315131,
    -0.014454523133875963,
    0.0032288487631286777,
    0.0032248302752764246,
    0.1013552700328717,
    0.10135537790364468,
    0.12373915234761479,
    0.12373954712420199,
    -0.012688672652070299,
    0.07305440437549526,
    0.07306215454106746,
    -0.012687123177482995,
    0.0027640589922199865,
    0.00276170340546833,
    0.09836665258255717,
    0.09836693781411354,
    0.12027195541654279,
    0.12027195811839286
  ],
  "dipole_vec_eA": [
    -0.3265454850221619,
    -0.0003576107719187583,
    1.4884974960976535e-15
  ],
  "dipole_mag_D": 1.568465608550184,
  "HOMO_eV": -18.874283190443887,
  "LUMO_eV": -18.415505819756042,
  "gap_eV": 0.4587773706878444
}