{
  "tag": "RMC-Ir_2-Ru_2-A2-B7-NNNNOS",
  "energy_eV": -2217.931657961492,
  "multiplicity": 2,
  "charge": 2,
  "sym1": "Ir",
  "ox1": 2,
  "sym2": "Ru",
  "ox2": 2,
  "acid": "A2",
  "base": "B7",
  "bridge": [
    "O",
    "S"
  ],
  "S1_ref": 0.5,
  "S2_ref": 0.0,
  "mulliken_q_e": [
    0.20083719637094222,
    -0.025596224392054,
    -0.2419954363340242,
    0.08264857451709548,
    -0.04296598239312743,
    -0.020443129479763567,
    -0.05259443164131983,
    -0.040912865391786735,
    0.03971913904597213,
    0.016856814707994827,
    -0.009315444870613199,
    -0.008605382027435438,
    -0.009812668614765707,
    0.014294231883432928,
    0.09028534332628824,
    0.09936805260067594,
    0.09097592707359825,
    0.05001482205391561,
    0.03541569108491127,
    0.08688723440832613,
    0.09710458216564644,
    0.19652103859220138,
    -0.005210029424884022,
    -0.013804017040934369,
    -0.0175226327449034,
    -0.01274962231243526,
    -0.011009846942072521,
    0.08599132729622694,
    0.09640437218380982,
    0.08726991682239094,
    0.06929242525901902,
    0.053957549700143215,
    0.07925712341891744,
    0.08727787347571847,
    0.014510385739585407,
    -0.026447392798301106,
    0.09617607862220656,
    0.11408755902078216,
    -0.02303842362226538,
    0.12166467815226112,
    0.12166467755149646,
    0.03382698097813619,
    -0.020720932691635774,
    0.08631715289582653,
    0.10512942100894551,
    0.0016367173221869535,
    0.11367578112877152,
    0.11367579431618302
  ],
  "dipole_vec_eA": [
    0.04568886993748397,
    0.14317620053522906,
    3.694214370412085e-07
  ],
  "dipole_mag_D": 0.721870583685351,
  "HOMO_eV": -15.446758097663944,
  "LUMO_eV": -15.131294708467367,
  "gap_eV": 0.31546338919657657
}