{
  "tag": "RMC-Ta_3-V_3-A2-B5-NNNNNO",
  "energy_eV": -1926.9962055867015,
  "multiplicity": 1,
  "charge": 3,
  "sym1": "Ta",
  "ox1": 3,
  "sym2": "V",
  "ox2": 3,
  "acid": "A2",
  "base": "B5",
  "bridge": [
    "N",
    "O"
  ],
  "S1_ref": 1.0,
  "S2_ref": 1.0,
  "mulliken_q_e": [
    0.8929671153205055,
    0.2975882696024428,
    -0.1294549028770371,
    -0.285213115613689,
    -0.2379397169201405,
    -0.22126480253281078,
    0.014396050184430464,
    -0.09592903667297348,
    0.2375832086880152,
    0.021870313263319563,
    0.0020425571190154646,
    0.0006256476049166793,
    0.019883068685616845,
    0.0029836454086797914,
    0.1261102730815813,
    0.1370246037317685,
    0.13174736695143785,
    0.0965276271593154,
    0.11834788023400256,
    0.16359697031501264,
    0.16773337801860644,
    0.09344158725385276,
    0.017566493953350637,
    0.007188923363167232,
    -0.0019542659000399976,
    0.014960081152971316,
    0.02065973024693868,
    0.11473252261523381,
    0.1264319569304101,
    0.1196763660617437,
    0.017801797578142597,
    0.11668557527086465,
    0.12608317250225765,
    0.15391147707319663,
    -0.04553643779058958,
    -0.04698390776632744,
    0.14689104533367336,
    0.14837660777123574,
    0.008608958916022313,
    -0.00507036392363891,
    0.20705286252534527,
    0.19824941608016922
  ],
  "dipole_vec_eA": [
    0.7716288566640879,
    -0.11654455323867818,
    8.254501473733499e-15
  ],
  "dipole_mag_D": 3.748326951505285,
  "solvation_E_eV": null
}