{
  "tag": "RMC-Fe_3-Ti_2-A2-B4-NNNNNN",
  "energy_eV": -2009.3916800512998,
  "multiplicity": 4,
  "charge": 1,
  "sym1": "Fe",
  "ox1": 3,
  "sym2": "Ti",
  "ox2": 2,
  "acid": "A2",
  "base": "B4",
  "bridge": [
    "N",
    "N"
  ],
  "S1_ref": 0.5,
  "S2_ref": 1.0,
  "mulliken_q_e": [
    0.6212408653265046,
    0.6537982382831711,
    -0.17737502542869876,
    -0.17737257321185496,
    -0.11808475651602701,
    -0.11808362011434537,
    -0.28004863104975075,
    -0.28005086110534316,
    0.0691407910815256,
    -0.011259560640911825,
    -0.020192372301220063,
    -0.027720717015746965,
    -0.022776984703257508,
    -0.008072712463261356,
    0.06556878026691237,
    0.06543129420925031,
    0.06312697830072289,
    0.0952841582674877,
    0.0069106809895060906,
    0.0843675727381904,
    0.06840106572376026,
    0.0691398816586859,
    -0.01126119479902199,
    -0.0201971330757047,
    -0.02771543811306354,
    -0.02277067799171717,
    -0.008074441938204835,
    0.0655720775954336,
    0.0654286436237792,
    0.06312304213358244,
    0.09528541534014101,
    0.006909944870746809,
    0.08436605641021189,
    0.0684023620969213,
    -0.13892483444805936,
    -0.13892311911191202,
    0.06860137672779498,
    0.06860137672784727,
    0.0686012610367639,
    0.06860126103671094,
    -0.07552913888668789,
    -0.07552930208009334,
    0.043514967109961944,
    0.043514967109962055,
    0.043515018140220296,
    0.04351501814022152
  ],
  "dipole_vec_eA": [
    -0.965782132842286,
    8.530827509434485e-06,
    2.4396133633989853e-14
  ],
  "dipole_mag_D": 4.638848864538745,
  "HOMO_eV": -11.54151889925568,
  "LUMO_eV": -11.14162342386201,
  "gap_eV": 0.3998954753936701
}