{
  "tag": "RMC-Pb_2-Ti_3-A2-B1-NNNNNS",
  "energy_eV": -2451.245980994943,
  "multiplicity": 2,
  "charge": 2,
  "sym1": "Pb",
  "ox1": 2,
  "sym2": "Ti",
  "ox2": 3,
  "acid": "A2",
  "base": "B1",
  "bridge": [
    "N",
    "S"
  ],
  "S1_ref": 0.0,
  "S2_ref": 0.5,
  "mulliken_q_e": [
    0.6865607088561412,
    0.5650015646363364,
    -0.37126260351138285,
    -0.15699903910712698,
    -0.143963231950881,
    -0.17645319319763852,
    -0.1416858125935192,
    -0.1557967849186519,
    0.06585355006774263,
    0.006528571336701372,
    -0.014414441549542634,
    -0.018430508230949716,
    -0.00985985981608839,
    0.010587838146128181,
    0.08459216809118564,
    0.0937525595254105,
    0.0888949243159547,
    0.05902538354595421,
    0.06861584572170276,
    0.08758027444426109,
    0.06246733231787649,
    0.1233036569037449,
    -0.010509606318073184,
    -0.012158900120367022,
    -0.02442064372879682,
    -0.009270933715311624,
    -0.014355196767813272,
    0.08191525936224364,
    0.08952526726479326,
    0.08170202165777773,
    0.06085181819329577,
    0.05834772988150361,
    0.09386322447151751,
    0.07649207019199644,
    -0.03325938676471618,
    0.05618702919709739,
    0.06443009477566108,
    -0.032574281864912624,
    -0.012345632636845405,
    -0.011256662043070964,
    0.06618733711474112,
    0.06799535038840043,
    0.08565082831163784,
    0.08645726657401198,
    -0.030605736712013387,
    0.0626001907165108,
    0.0607500026686969,
    -0.02991690253794599,
    -0.013684318983012034,
    -0.011881365709455194,
    0.07712215404599787,
    0.07576795813250503,
    0.09344410453800078,
    0.09305095736084201
  ],
  "dipole_vec_eA": [
    0.358170224380972,
    0.046170477059326136,
    -0.27425322124602275
  ],
  "dipole_mag_D": 2.1780953290454867,
  "solvation_E_eV": null
}