{
  "tag": "RMC-Ni_2-Re_2-A2-B4-NNNNNO",
  "energy_eV": -2130.207281147706,
  "multiplicity": 2,
  "charge": 1,
  "sym1": "Ni",
  "ox1": 2,
  "sym2": "Re",
  "ox2": 2,
  "acid": "A2",
  "base": "B4",
  "bridge": [
    "N",
    "O"
  ],
  "S1_ref": 0.0,
  "S2_ref": 0.5,
  "mulliken_q_e": [
    -0.14360561760241952,
    0.16059110405299182,
    -0.07099057011304177,
    -0.20512835479432856,
    -0.08505056474414063,
    -0.06824619134456111,
    0.01689161229947911,
    -0.09118764648537692,
    0.18186052827655463,
    0.00010959513138786292,
    -0.020762854486257254,
    -0.02425380170843483,
    -0.01910476503848546,
    -0.0014225479713900757,
    0.07730164470215428,
    0.07896887956676601,
    0.0744508082921096,
    0.06623257135648264,
    0.07934552270100514,
    0.1022185566788012,
    0.08631137565326563,
    0.07143453254600529,
    0.00035451659497964805,
    -0.020167173958022255,
    -0.020877151751476974,
    -0.02198282492622794,
    0.005128141010608989,
    0.06599279317081663,
    0.06675909258151413,
    0.061338760378644164,
    0.009160122982794894,
    0.07678838506088992,
    0.08014228990181993,
    0.07776308174385382,
    -0.028372273966411843,
    -0.032528821363709826,
    0.09556535119836895,
    0.09556535110398101,
    0.09350489119555472,
    0.09350489108135729,
    -0.07666382856036624,
    -0.07943937246725064,
    0.050259318078225035,
    0.050259312697565894,
    0.04599066618446668,
    0.04599066505965943
  ],
  "dipole_vec_eA": [
    -0.9572175583171038,
    0.017657721148788386,
    -6.955987739245289e-08
  ],
  "dipole_mag_D": 4.598493672360481,
  "solvation_E_eV": null
}