{
  "tag": "RMC-Cu_1-Hf_2-A2-B1-NNNNSS",
  "energy_eV": -2509.436329390611,
  "multiplicity": 3,
  "charge": 1,
  "sym1": "Cu",
  "ox1": 1,
  "sym2": "Hf",
  "ox2": 2,
  "acid": "A2",
  "base": "B1",
  "bridge": [
    "S",
    "S"
  ],
  "S1_ref": 0.0,
  "S2_ref": 1.0,
  "mulliken_q_e": [
    0.3973978746188667,
    0.14839690071316047,
    -0.21566493510511922,
    -0.2156667508304728,
    -0.15454845427643615,
    -0.15454720908747532,
    -0.11233841669340383,
    -0.11233397744084228,
    0.09199403455155597,
    0.009852997172808076,
    -0.02670215683833943,
    -0.02790832885474459,
    -0.026091393939275287,
    0.0026033349669019046,
    0.05759822539799697,
    0.0639721979851614,
    0.0585622412725777,
    0.05532857786582124,
    0.07052099404295364,
    0.057624925324252674,
    0.060216757887142536,
    0.0919912689582083,
    0.009859524875616144,
    -0.026711327659004747,
    -0.027905564248001502,
    -0.026107141723370253,
    0.0025997355049929283,
    0.05759928634752187,
    0.0639725445813516,
    0.05856351228063672,
    0.05531764063782463,
    0.07049748789707322,
    0.05762687622541918,
    0.06022025110964435,
    -0.032980173642453536,
    0.04577185357999891,
    0.04577671234656622,
    -0.032976797246382805,
    -0.0217316717402547,
    -0.02173475750254017,
    0.059435461958881275,
    0.059435046278980774,
    0.06812888620343494,
    0.06812947072622122,
    -0.031115285423492844,
    0.06457018385835389,
    0.06456620699436089,
    -0.031115193287765575,
    -0.022518946626806313,
    -0.022516657562078768,
    0.06346128618368907,
    0.0634613627795727,
    0.06908095821836491,
    0.06908052038201229
  ],
  "dipole_vec_eA": [
    0.3523766593733806,
    -0.00018624219914076061,
    -6.8156400814497985e-12
  ],
  "dipole_mag_D": 1.692537311351976,
  "HOMO_eV": -11.46084451160026,
  "LUMO_eV": -11.376212228843961,
  "gap_eV": 0.0846322827562993
}