{
  "tag": "RMC-Os_2-Y_3-A2-B7-NNNNNN",
  "energy_eV": -2123.6082537357884,
  "multiplicity": 1,
  "charge": 1,
  "sym1": "Os",
  "ox1": 2,
  "sym2": "Y",
  "ox2": 3,
  "acid": "A2",
  "base": "B7",
  "bridge": [
    "N",
    "N"
  ],
  "S1_ref": 0.0,
  "S2_ref": 0.0,
  "mulliken_q_e": [
    0.20908856554575073,
    0.45668615357261033,
    -0.23845395827183413,
    -0.23405777573521114,
    -0.09552196058345297,
    -0.07510061268141266,
    -0.16393187183668312,
    -0.14839791840152916,
    0.10305185360880675,
    -0.01860259882950377,
    -0.021423239503486124,
    -0.03341384463754449,
    -0.02160361187797566,
    -0.00647984382082023,
    0.05647549716322742,
    0.0605136010418571,
    0.05886243991903917,
    0.04930724484820104,
    0.04184438543154889,
    0.060199441945325005,
    0.056994190836577974,
    0.10277375040600689,
    -0.022608249287412008,
    -0.020666447365962348,
    -0.03552649353748594,
    -0.02092825071645965,
    -0.009097592799772292,
    0.0555942324866453,
    0.06013898622678826,
    0.058045195335044375,
    0.05690074956060576,
    0.04255905347468336,
    0.05872355279471797,
    0.051712467538648776,
    0.022290968773547526,
    -0.046907138638857315,
    0.054807672925550666,
    0.07163038681029033,
    0.0011369462686805498,
    0.08063845096183475,
    0.08063841199868782,
    0.026262548321231538,
    -0.05705808994272599,
    0.05970885620995381,
    0.07328729800014211,
    0.0024387876565798994,
    0.07873389321316382,
    0.07873391559239495
  ],
  "dipole_vec_eA": [
    0.15394007998948825,
    0.20440048960363338,
    -2.7265606600298805e-07
  ],
  "dipole_mag_D": 1.2290676914228764,
  "HOMO_eV": -11.400841568205099,
  "LUMO_eV": -11.255769962589367,
  "gap_eV": 0.1450716056157315
}