{
  "tag": "RMC-Ir_2-Rh_2-A2-B7-NNNNNN",
  "energy_eV": -2225.687417959729,
  "multiplicity": 1,
  "charge": 0,
  "sym1": "Ir",
  "ox1": 2,
  "sym2": "Rh",
  "ox2": 2,
  "acid": "A2",
  "base": "B7",
  "bridge": [
    "N",
    "N"
  ],
  "S1_ref": 0.5,
  "S2_ref": 0.5,
  "mulliken_q_e": [
    0.12815000495795092,
    -0.07079346152359633,
    -0.1112376468126457,
    -0.10655262588982661,
    -0.12649637523427848,
    -0.10300133245582677,
    -0.10020693093148791,
    -0.07882253316380039,
    0.08427020432408194,
    -0.02054670748907461,
    -0.030387973190801,
    -0.0477214165179396,
    -0.03082599195491209,
    -0.022456512124764405,
    0.030510276042158724,
    0.02839020196599118,
    0.02996148393631748,
    0.04417452925294585,
    0.03966427976472997,
    0.025804414905041706,
    0.026157896991355956,
    0.08594745919914115,
    -0.024850358532080508,
    -0.030467501880818926,
    -0.05120336747026388,
    -0.030823383051872266,
    -0.02683128707395732,
    0.028586929600399102,
    0.026666280247317764,
    0.02803871878944475,
    0.0485067474077292,
    0.04383141712629324,
    0.021318741197640434,
    0.021188645931415118,
    0.025182924127972184,
    -0.06196670320135733,
    0.02339751432724302,
    0.03742617944836113,
    0.016990186375502647,
    0.04613137723291938,
    0.04613137723292349,
    0.027562421250934888,
    -0.05719150422940822,
    0.02234795761937347,
    0.03685702516935885,
    0.01715863735166967,
    0.0460148904762574,
    0.04601489047626428
  ],
  "dipole_vec_eA": [
    -0.10861981815653028,
    0.1080451778001301,
    1.0273988848269657e-14
  ],
  "dipole_mag_D": 0.7358788811101474,
  "HOMO_eV": -8.126251933940138,
  "LUMO_eV": -7.757478254211294,
  "gap_eV": 0.3687736797288439
}