{
  "tag": "RMC-Ir_2-Mn_3-A2-B2-NNNNNS",
  "energy_eV": -3047.719258051129,
  "multiplicity": 2,
  "charge": 2,
  "sym1": "Ir",
  "ox1": 2,
  "sym2": "Mn",
  "ox2": 3,
  "acid": "A2",
  "base": "B2",
  "bridge": [
    "N",
    "S"
  ],
  "S1_ref": 0.5,
  "S2_ref": 0.0,
  "mulliken_q_e": [
    0.17946601439541354,
    0.2638820732366005,
    -0.23455903042524318,
    -0.026001528843974303,
    -0.04860337167794104,
    -0.01814235064146219,
    -0.08824187370261227,
    -0.14850502465629067,
    0.04444110075158525,
    0.0030956235101669005,
    -0.01389450540359749,
    -0.016683380470680742,
    -0.013398821590721477,
    0.007462426877581585,
    0.07396508775360477,
    0.08706143763027097,
    0.07802484402696164,
    0.053953451434461286,
    0.025126264696169853,
    0.0652329833759866,
    0.10036951899691438,
    0.11653266873434553,
    0.010984327828072793,
    -0.012575600512465313,
    -0.014859614459064252,
    -0.019339739338565032,
    0.006996973033985832,
    0.08355812330772427,
    0.09068083783546532,
    0.07565018884782382,
    0.04352232737109474,
    0.03220706270506701,
    0.08650120982599374,
    0.08586769821751661,
    -0.013334595139741445,
    0.029479593879880417,
    0.011257070041450268,
    0.061342896779689626,
    -0.030192257508296683,
    -0.017671252519008807,
    0.08902259320010975,
    0.07617835385031979,
    0.08623102018480266,
    0.06416943954413723,
    -0.013314792199519365,
    -0.017561995746315118,
    -0.029184972562933398,
    0.08837328391348487,
    0.08514708626079226,
    0.07299848768921591,
    -0.014352923976291843,
    0.024530286583670735,
    0.007896662581724723,
    0.07091329398139812,
    -0.033394185225465334,
    -0.019989289782737618,
    0.08119512228795966,
    0.06425291641728004,
    0.07597481065617173,
    0.07014085865291375,
    -0.013656641458219765,
    -0.01873085205110514,
    -0.03163018959139863,
    0.08305350763017305,
    0.08017874596786334,
    0.07090051498656047
  ],
  "dipole_vec_eA": [
    -0.040908849267765474,
    -0.10633224271469895,
    9.652780487218094e-16
  ],
  "dipole_mag_D": 0.5472297979309534,
  "HOMO_eV": -14.866748398612595,
  "LUMO_eV": -14.273661117376221,
  "gap_eV": 0.5930872812363734
}