{
  "tag": "RMC-Ag_1-Cr_2-A2-B2-NNNNNS",
  "energy_eV": -3049.033925106881,
  "multiplicity": 1,
  "charge": 0,
  "sym1": "Ag",
  "ox1": 1,
  "sym2": "Cr",
  "ox2": 2,
  "acid": "A2",
  "base": "B2",
  "bridge": [
    "N",
    "S"
  ],
  "S1_ref": 0.0,
  "S2_ref": 0.0,
  "mulliken_q_e": [
    0.25144189291374475,
    0.4997603458114548,
    -0.3591286122031614,
    -0.30356020520135985,
    -0.16015169002596852,
    -0.15755709820040797,
    -0.18566400930358795,
    -0.22228740982853123,
    0.06218237962847106,
    -0.01441723718861776,
    -0.03839575902222858,
    -0.037623220798357115,
    -0.03796332932078106,
    -0.006192720070777646,
    0.025081095341090154,
    0.03200049263411586,
    0.030657157260064127,
    0.021910261509883622,
    0.06206259680861659,
    0.026393526328936434,
    0.029742597320619346,
    0.10973359821367601,
    -0.012227959345714856,
    -0.03620075984969251,
    -0.040240483647215,
    -0.03854587984170421,
    -0.018520558186236213,
    0.030222445168853862,
    0.033163123778964465,
    0.028782306364676713,
    0.011448156626514772,
    0.05012629238487509,
    0.03418156700725794,
    0.04617270199019774,
    -0.03927826522093625,
    0.015551729674857517,
    0.001494375246011037,
    0.07581801511881747,
    -0.047409274088049846,
    -0.03231363035965806,
    0.03970742382346515,
    0.04365234367284854,
    0.03672265722705925,
    0.07308257921222472,
    -0.04117450828404512,
    -0.03211942601632445,
    -0.050065645470426245,
    0.04092176542750425,
    0.03884586042361615,
    0.04301751218799543,
    -0.040185058619951475,
    0.011622890334649139,
    -0.014088715631002113,
    0.07216537072392204,
    -0.052327736237226974,
    -0.033243706144851615,
    0.03631734877033033,
    0.039379468433667575,
    0.03277078912131881,
    0.07172697396344319,
    -0.03967161681035902,
    -0.032980863304734154,
    -0.05094734251862554,
    0.0375218051234284,
    0.03535334160039305,
    0.04374793360496332
  ],
  "dipole_vec_eA": [
    0.38967320500779384,
    -0.11200067315640856,
    -6.387257651035079e-14
  ],
  "dipole_mag_D": 1.9474571276638883,
  "HOMO_eV": -8.183419886029027,
  "LUMO_eV": -7.901712571936186,
  "gap_eV": 0.28170731409284056
}