{
  "tag": "RMC-Ag_1-Cu_2-A2-B7-NNNNOS",
  "energy_eV": -2250.6266685033575,
  "multiplicity": 2,
  "charge": 1,
  "sym1": "Ag",
  "ox1": 1,
  "sym2": "Cu",
  "ox2": 2,
  "acid": "A2",
  "base": "B7",
  "bridge": [
    "O",
    "S"
  ],
  "S1_ref": 0.0,
  "S2_ref": 0.5,
  "mulliken_q_e": [
    0.28950731401558605,
    0.2946860026270556,
    -0.36711950996608533,
    -0.24777021984275457,
    -0.15204140803524946,
    -0.12739166605975338,
    -0.14352874293377793,
    -0.11247886761037296,
    0.08963832057443621,
    0.0017327599355223544,
    -0.015305897366142629,
    -0.02934740231717803,
    -0.015256099331722783,
    0.001518495878419568,
    0.06498975934774642,
    0.067512771732256,
    0.06462870698441359,
    0.07102922194067807,
    0.07502578070964061,
    0.056570514470974276,
    0.05519862932465103,
    0.2053221917725898,
    -0.024290788465891833,
    -0.01670637714743539,
    -0.03766784548286095,
    -0.017006678831686273,
    -0.026534440335231224,
    0.059770797670081866,
    0.06295139022004959,
    0.05877864572781921,
    0.07819582895521271,
    0.08190009755520311,
    0.04944836835672273,
    0.05029798476063829,
    0.03277605628651359,
    -0.04491498429425911,
    0.05550287105296747,
    0.07704591557182494,
    0.0077859296450395465,
    0.08221476665998217,
    0.08221476665998251,
    0.0239398995562492,
    -0.04633283961902168,
    0.05257458914912794,
    0.07460722169927458,
    0.0005063799583511219,
    0.07791089036213095,
    0.0779108903621305
  ],
  "dipole_vec_eA": [
    -0.07264953549525806,
    0.08609681145214662,
    -5.816296760421421e-15
  ],
  "dipole_mag_D": 0.5410936127144994,
  "HOMO_eV": -11.400478854285728,
  "LUMO_eV": -11.074519322931746,
  "gap_eV": 0.32595953135398226
}