{
  "tag": "RMC-Pt_2-Ti_2-A2-B7-NNNNNN",
  "energy_eV": -2177.8216214447625,
  "multiplicity": 3,
  "charge": 0,
  "sym1": "Pt",
  "ox1": 2,
  "sym2": "Ti",
  "ox2": 2,
  "acid": "A2",
  "base": "B7",
  "bridge": [
    "N",
    "N"
  ],
  "S1_ref": 0.0,
  "S2_ref": 1.0,
  "mulliken_q_e": [
    -0.06756878364512331,
    0.5409737542721813,
    -0.2550078465610397,
    -0.24973452644925787,
    -0.0750909994699418,
    -0.05901800884033359,
    -0.2033713820542511,
    -0.18312076657922138,
    0.10959329038322707,
    -0.028454722047752012,
    -0.04340027043322392,
    -0.043157751870437355,
    -0.04589871701431747,
    -0.02186199751896578,
    0.02389681900919871,
    0.02513315504925906,
    0.02310896548540886,
    0.03217066773556132,
    0.040879821361246904,
    0.02442957836180093,
    0.028624064512424607,
    0.1082074965010622,
    -0.03208082758295139,
    -0.03812175885466451,
    -0.04563996156096528,
    -0.040593866851249105,
    -0.024206288298712186,
    0.025752035261833672,
    0.026952988437499603,
    0.025048431959824535,
    0.043209995278844726,
    0.04738038487157459,
    0.022188765078464123,
    0.025555694518367034,
    0.025089882374854655,
    -0.060585378870235074,
    0.028668167944731482,
    0.03934712692107878,
    0.012000782559836498,
    0.05340929236264025,
    0.05340929236263969,
    0.030551369434187237,
    -0.07771001776992259,
    0.025320537194059134,
    0.0367601950620432,
    0.02189706192803542,
    0.04753212797694484,
    0.04753212797694384
  ],
  "dipole_vec_eA": [
    0.06409315431700054,
    0.31143163870075913,
    -1.2998542002456965e-15
  ],
  "dipole_mag_D": 1.5272195515555809,
  "HOMO_eV": -7.699435337464822,
  "LUMO_eV": -7.595337015842642,
  "gap_eV": 0.10409832162218002
}