{
  "tag": "RMC-Cr_2-Cr_2-A2-B5-NNNNSS",
  "energy_eV": -1935.20455713633,
  "multiplicity": 1,
  "charge": 2,
  "sym1": "Cr",
  "ox1": 2,
  "sym2": "Cr",
  "ox2": 2,
  "acid": "A2",
  "base": "B5",
  "bridge": [
    "S",
    "S"
  ],
  "S1_ref": 0.0,
  "S2_ref": 0.0,
  "mulliken_q_e": [
    0.5573782262226863,
    0.5572522874516143,
    0.16951032185078257,
    0.16914014041960856,
    -0.20776096780319642,
    -0.3014500238142266,
    -0.3010556268224862,
    -0.20774071231733915,
    0.020780176544712203,
    0.005319351375907333,
    -0.02170760905186353,
    -0.015470243765255187,
    -0.019952791577615203,
    0.007823215530834426,
    0.07952700176346539,
    0.08836822136256661,
    0.08144099352905398,
    0.032607113130205034,
    0.06219212566270094,
    0.07895199652886264,
    0.08916984101592418,
    0.02067510193160227,
    0.007781122788610206,
    -0.019987436348722243,
    -0.01549239420617976,
    -0.021718546021550322,
    0.005355310817473757,
    0.08137991540361311,
    0.08835755103223952,
    0.07952792848348667,
    0.0621419646333643,
    0.032455055102764474,
    0.08925094768332409,
    0.0788537719903557,
    -0.011115297174166594,
    -0.050149966061839635,
    0.18148485302933381,
    0.1735144153758701,
    -0.05059588469608367,
    -0.01095372854266663,
    0.17362041035400433,
    0.18129186718804224
  ],
  "dipole_vec_eA": [
    0.000992483462822424,
    -9.452503330015326e-05,
    9.022925255337978e-06
  ],
  "dipole_mag_D": 0.004788868894488234,
  "solvation_E_eV": null
}