{
  "tag": "RMC-Os_3-Zr_2-A2-B10-NNNNNN",
  "energy_eV": -3234.302362081058,
  "multiplicity": 2,
  "charge": 1,
  "sym1": "Os",
  "ox1": 3,
  "sym2": "Zr",
  "ox2": 2,
  "acid": "A2",
  "base": "B10",
  "bridge": [
    "N",
    "N"
  ],
  "S1_ref": 0.5,
  "S2_ref": 1.0,
  "mulliken_q_e": [
    0.18673245949758055,
    0.959252073996469,
    -0.32425554619845665,
    -0.32425183163089266,
    -0.10353912719413394,
    -0.10354308577093674,
    -0.21377271579984036,
    -0.21378220257436342,
    0.10699749081263987,
    -0.03289110988071897,
    -0.027979479747695546,
    -0.03755756836520607,
    -0.02611611103057454,
    -0.015610845287880482,
    0.04562814697148143,
    0.05438108928066776,
    0.04978506215376699,
    0.038385494684838095,
    0.03994108458316559,
    0.0682035217235063,
    0.06429480817632749,
    0.10700185766472825,
    -0.032889992439192994,
    -0.02795819818972589,
    -0.037559700950511754,
    -0.026093568276346346,
    -0.015613230666184696,
    0.04562685352315521,
    0.05437992911723555,
    0.04978365402559892,
    0.038410336580901205,
    0.03995225148377202,
    0.06820252056535991,
    0.06429449954234201,
    0.0639025318434725,
    0.0021026008960607356,
    0.01090917184265483,
    -0.031078946466122304,
    -0.025871315794431027,
    -0.050818769713191436,
    0.05617169598738636,
    0.05414903672739724,
    0.047759297678203194,
    -0.031089220976243892,
    0.010903203811130968,
    0.0021100603443928723,
    0.06390199866945334,
    -0.05081895139511605,
    -0.025866717740312017,
    0.056182010914780034,
    0.0477599681834292,
    0.05414503177046803,
    0.06628902684247784,
    -0.013011228141091902,
    0.009815060910954632,
    -0.03205954713698422,
    -0.025386815158131126,
    -0.051428784181192455,
    0.056287619715096104,
    0.054993499473221186,
    0.048357382244899716,
    -0.032065771243671604,
    0.009813834778714225,
    -0.013010102931095613,
    0.0662872620544932,
    -0.051431088624007915,
    -0.025383619258949164,
    0.056292459153935326,
    0.04835756913077438,
    0.05499173559696724
  ],
  "dipole_vec_eA": [
    0.9356815206026562,
    0.0003274817169608499,
    4.181158212619751e-07
  ],
  "dipole_mag_D": 4.49426975038176,
  "HOMO_eV": -10.852022153470822,
  "LUMO_eV": -10.765851047015698,
  "gap_eV": 0.08617110645512405
}