{
  "tag": "RMC-Bi_3-Mn_2-A2-B6-NNNNNO",
  "energy_eV": -2216.376407917157,
  "multiplicity": 1,
  "charge": 2,
  "sym1": "Bi",
  "ox1": 3,
  "sym2": "Mn",
  "ox2": 2,
  "acid": "A2",
  "base": "B6",
  "bridge": [
    "N",
    "O"
  ],
  "S1_ref": 0.5,
  "S2_ref": 0.5,
  "mulliken_q_e": [
    0.8781055415470722,
    0.2695989169234436,
    -0.35081255470689476,
    -0.3572309999385259,
    -0.181480764606321,
    -0.17908187465206993,
    -0.05900742677543902,
    -0.08693465830778946,
    0.17693869570720389,
    -0.010715776962967771,
    -0.009313963046349905,
    -0.021515202557003787,
    -0.012476955966071346,
    -0.030333906000478583,
    0.08907470550293928,
    0.09429889359219534,
    0.08196500863991696,
    0.06011296509583297,
    0.0698543218344434,
    0.07924867729265428,
    0.08109411763957408,
    0.10991271174780781,
    -0.0015542579875635898,
    -0.006688719843868762,
    -0.021763066601143688,
    -0.009394955801734328,
    -0.02898444384319543,
    0.08794225397414024,
    0.09193812799547263,
    0.07893394177892221,
    0.04741581635957015,
    0.05996988447536,
    0.09472233304204469,
    0.08388681261465758,
    -0.08514196471839597,
    -0.01080876412912013,
    -0.011605783904518052,
    0.10068545286302855,
    0.04914235487640772,
    0.0786138661010366,
    0.07723208009971083,
    0.09068370497844802,
    0.09189555252308346,
    -0.08344644379296695,
    -0.033844112373139,
    -0.02463130684253989,
    0.10449510701675246,
    0.09197487196661802,
    0.0965718806697553,
    0.08580150016096966,
    0.11019290533857995,
    0.1044649001269995
  ],
  "dipole_vec_eA": [
    -0.8743650264744522,
    -0.25099493972298037,
    0.9732396016943059
  ],
  "dipole_mag_D": 6.398740649182323,
  "HOMO_eV": -14.832018335189842,
  "LUMO_eV": -14.711483917771483,
  "gap_eV": 0.12053441741835869
}