{
  "tag": "RMC-Cu_2-Rh_2-A2-B10-NNNNOS",
  "energy_eV": -3343.7753800740456,
  "multiplicity": 1,
  "charge": 2,
  "sym1": "Cu",
  "ox1": 2,
  "sym2": "Rh",
  "ox2": 2,
  "acid": "A2",
  "base": "B10",
  "bridge": [
    "O",
    "S"
  ],
  "S1_ref": 0.5,
  "S2_ref": 0.5,
  "mulliken_q_e": [
    0.2694055656243394,
    -0.010604510459735761,
    -0.26332220264845807,
    0.025602051361988953,
    -0.11465416176635346,
    -0.12287130185432127,
    -0.0623024631188851,
    -0.05066226474052016,
    0.05404201780595752,
    0.012391914326600695,
    -0.01392141709160355,
    -0.014372797478735322,
    -0.010008150166466168,
    0.00843275774305785,
    0.07599301290000071,
    0.08983705885477589,
    0.08029403286820436,
    0.051716659393990394,
    0.06474612660565948,
    0.0902558664870653,
    0.07489054953364227,
    0.20631779566757813,
    -0.011306083340917095,
    -0.0120029282345957,
    -0.0197137787611954,
    -0.011812123684329823,
    -0.012027196781408511,
    0.07606578925958596,
    0.0874901326283064,
    0.07626148045580206,
    0.06816538052805798,
    0.06826987425549969,
    0.07991747169380081,
    0.08001615125083839,
    0.06862502554477912,
    0.0069872685632594855,
    0.024241393836422098,
    -0.01958064986753838,
    -0.009682952880996298,
    -0.04275222902380338,
    0.08381269867115015,
    0.08139601475666236,
    0.06462052654158856,
    -0.018586077003977852,
    0.02332492705549427,
    0.008624563693377274,
    0.07123514408023923,
    -0.040980927796775424,
    -0.00945551137471412,
    0.08346541272225583,
    0.06382241391609367,
    0.08163828735486844,
    0.07696553579947829,
    0.02409841774398358,
    0.02282554769597822,
    -0.01812787786721537,
    -0.008397043413761907,
    -0.044298975581393396,
    0.08416695861949386,
    0.08260805450133846,
    0.06436541736294532,
    -0.018390737189145412,
    0.024980252093824484,
    0.025262093936589958,
    0.07374534685936251,
    -0.04559537584383211,
    -0.008657321417040675,
    0.08537448200057085,
    0.06507867587573457,
    0.0827109320956998
  ],
  "dipole_vec_eA": [
    0.03285621240200994,
    -0.12066344439971072,
    -1.431003797294227e-16
  ],
  "dipole_mag_D": 0.6006732459352404,
  "HOMO_eV": -15.040862738323977,
  "LUMO_eV": -14.873914512267483,
  "gap_eV": 0.16694822605649406
}