{
  "tag": "RMC-Au_3-Ru_2-A2-B10-NNNNOO",
  "energy_eV": -3325.1707189437916,
  "multiplicity": 1,
  "charge": 3,
  "sym1": "Au",
  "ox1": 3,
  "sym2": "Ru",
  "ox2": 2,
  "acid": "A2",
  "base": "B10",
  "bridge": [
    "O",
    "O"
  ],
  "S1_ref": 0.0,
  "S2_ref": 0.0,
  "mulliken_q_e": [
    0.35735946825417864,
    0.08962657703094545,
    -0.26237632636953556,
    -0.26237709113834207,
    -0.11944674347558326,
    -0.119448604883164,
    -0.059827209059241326,
    -0.059826733500895735,
    0.20932351098442403,
    -0.0003851452699876745,
    -0.004765089047177096,
    -0.011053445364529013,
    -0.0008624907862124775,
    -0.00979798886096428,
    0.09469838293607225,
    0.11256891658552548,
    0.0954364946194537,
    0.0737550420221369,
    0.07365810812832585,
    0.10315457394805394,
    0.09860949221275694,
    0.2093232676282788,
    -0.0003839205256221945,
    -0.0047661117418613674,
    -0.011054892729055243,
    -0.0008631267106202767,
    -0.0097979221122233,
    0.09469878851522096,
    0.11256988606272156,
    0.09543649318798486,
    0.07375454807126491,
    0.07365856525801062,
    0.1031548549402419,
    0.09860927129512775,
    0.08309308568945895,
    0.023903414941886858,
    0.0434113415039854,
    -0.005648241283344735,
    0.0067576231368089434,
    -0.02543418981965262,
    0.1129578397005585,
    0.11222467577199624,
    0.08481985799596592,
    -0.005646146234603133,
    0.043412964621304395,
    0.023902317020532138,
    0.08309458727442975,
    -0.02543571047550186,
    0.006758308985555628,
    0.11295531085022736,
    0.08481988065653889,
    0.11222578709571784,
    0.08663083850797171,
    0.037198632412543065,
    0.04187695361230648,
    -0.0061623957156653475,
    0.007985615800238044,
    -0.03286906962599434,
    0.11433725398072403,
    0.11269701199108617,
    0.08603597160929422,
    -0.006160404868498004,
    0.04187921581561027,
    0.03719761760371454,
    0.08663121656565842,
    -0.032870108667372167,
    0.007986168657525994,
    0.11433517988172281,
    0.08603597469539603,
    0.11269822020602871
  ],
  "dipole_vec_eA": [
    -0.13419596729926153,
    -1.7799672574746825e-05,
    6.296222042889154e-07
  ],
  "dipole_mag_D": 0.6445706488257213,
  "HOMO_eV": -17.8083461973903,
  "LUMO_eV": -17.669703367058265,
  "gap_eV": 0.13864283033203506
}