{
  "tag": "RMC-Ru_2-V_3-A2-B10-NNNNNS",
  "energy_eV": -3234.996454846017,
  "multiplicity": 3,
  "charge": 2,
  "sym1": "Ru",
  "ox1": 2,
  "sym2": "V",
  "ox2": 3,
  "acid": "A2",
  "base": "B10",
  "bridge": [
    "N",
    "S"
  ],
  "S1_ref": 0.0,
  "S2_ref": 1.0,
  "mulliken_q_e": [
    -0.06531691083464752,
    0.30287591742455866,
    -0.18623055864749127,
    0.003068479711300129,
    -0.07246621683903731,
    -0.05464354103503499,
    -0.08489539342350194,
    -0.14462836949593072,
    0.06163844356813386,
    0.008138816687923933,
    -0.015761252666554038,
    -0.016927727400282366,
    -0.013789062012652842,
    0.011994179973557673,
    0.07405896551995905,
    0.08827264252002642,
    0.07818508271554325,
    0.06692227827422359,
    0.05480394894748031,
    0.07039962304684422,
    0.08382568225124676,
    0.12580869755206892,
    0.015346568821592355,
    -0.010070276290559566,
    -0.014384265499934434,
    -0.016587354331448978,
    0.013769575339688256,
    0.08650742104616382,
    0.09226744584841107,
    0.07622539714320564,
    0.06217372596913018,
    0.056402708022203596,
    0.09465253273740915,
    0.08650228322697451,
    0.08485520696828952,
    0.025884775185360143,
    0.02136309006506365,
    -0.017994011990051906,
    -0.012450471482755354,
    -0.04547350603737432,
    0.08667308844507216,
    0.08355847508101588,
    0.06800168655126482,
    -0.017098676137361712,
    0.019623036148567197,
    0.02538452909230693,
    0.08438399753566306,
    -0.04099734328373539,
    -0.012005561941579312,
    0.08633281409516491,
    0.06815627286285153,
    0.08566426880432476,
    0.07061812852501248,
    0.012900675895043845,
    0.01972499815972162,
    -0.018714853433674516,
    -0.013112309341208439,
    -0.04347732096293444,
    0.08144975909402241,
    0.0801102194683041,
    0.06386954976815651,
    -0.019484402367253573,
    0.019764012603631587,
    0.011801536587874306,
    0.0714351142549734,
    -0.0460968565148443,
    -0.014160391232253211,
    0.07915244891784146,
    0.05739175746388203,
    0.07482677548875116
  ],
  "dipole_vec_eA": [
    -0.23323001963307513,
    -0.07909893046532114,
    2.0680085843664137e-07
  ],
  "dipole_mag_D": 1.1829238296087947,
  "solvation_E_eV": null
}