{
  "tag": "RMC-Re_3-W_2-A2-B2-NNNNOS",
  "energy_eV": -3038.208732823338,
  "multiplicity": 1,
  "charge": 3,
  "sym1": "Re",
  "ox1": 3,
  "sym2": "W",
  "ox2": 2,
  "acid": "A2",
  "base": "B2",
  "bridge": [
    "O",
    "S"
  ],
  "S1_ref": 0.0,
  "S2_ref": 0.0,
  "mulliken_q_e": [
    0.170655700173591,
    0.02909224336544769,
    -0.25183496244698955,
    0.13697413955739843,
    0.0010111474064606885,
    0.003460674566467814,
    -0.04263277520525666,
    -0.049090126037756976,
    0.029320351946768408,
    0.01882488819061834,
    0.002479605972398158,
    -0.005050125033435604,
    0.0020339853349462533,
    0.020353589032020336,
    0.10410911735165462,
    0.11862043294659108,
    0.10582276466814311,
    0.04373688203426984,
    0.023232692579599146,
    0.10038675136086306,
    0.12016325569889241,
    0.1988600788524697,
    -7.258152532818585e-05,
    -0.00503535051935855,
    -0.011312443500643976,
    -0.0047305938203059394,
    0.0011356598847420685,
    0.10016168270068015,
    0.1166905410355552,
    0.10245449112743299,
    0.07361437297883433,
    0.0431914836794276,
    0.1027099256924644,
    0.11400727296046698,
    0.00042674761805638894,
    0.038407083279924814,
    0.019868183120471228,
    0.06528553762144118,
    -0.02160175735489811,
    -0.009419993699853135,
    0.11444715687849638,
    0.09235165665407008,
    0.10996909982979441,
    0.06526552925526885,
    6.193031994938814e-05,
    -0.00884902933712195,
    -0.020848941479069794,
    0.11414589838962508,
    0.11013812379569587,
    0.09170786023116928,
    -0.005063671777487233,
    0.03253401081543017,
    0.02338657015285528,
    0.07724270834471358,
    -0.024055667310828754,
    -0.011360952532788238,
    0.10765996018171531,
    0.08572462187341323,
    0.10502337806668594,
    0.07760022810780987,
    -0.005328007886006736,
    -0.011165735188248593,
    -0.023630787613161397,
    0.10755095303775064,
    0.10534025359744326,
    0.08384227999898997
  ],
  "dipole_vec_eA": [
    0.35771017751385603,
    -0.09124767315040386,
    9.322257180314229e-08
  ],
  "dipole_mag_D": 1.7731743300770215,
  "HOMO_eV": -17.868110528347238,
  "LUMO_eV": -17.823141232933317,
  "gap_eV": 0.04496929541392092
}