{
  "tag": "RMC-Co_2-Ni_3-A2-B7-NNNNNN",
  "energy_eV": -2229.996502206302,
  "multiplicity": 1,
  "charge": 1,
  "sym1": "Co",
  "ox1": 2,
  "sym2": "Ni",
  "ox2": 3,
  "acid": "A2",
  "base": "B7",
  "bridge": [
    "N",
    "N"
  ],
  "S1_ref": 0.5,
  "S2_ref": 0.5,
  "mulliken_q_e": [
    0.2078637141626153,
    -0.15639869699814823,
    -0.08726532293909117,
    -0.08458700039688938,
    -0.11064660831929052,
    -0.08996592255795521,
    -0.04148345761091354,
    -0.021934855233457284,
    0.10626337034555133,
    -0.009775431076952223,
    -0.015061277076843238,
    -0.03443710856193638,
    -0.01392478485387949,
    -0.013027937944228185,
    0.06258855052476975,
    0.06332046973228855,
    0.0637126275403267,
    0.05365738178536161,
    0.054455135186200376,
    0.06487804922166929,
    0.06126942249927936,
    0.10558463490221537,
    -0.012068308324731492,
    -0.01447821226109225,
    -0.03588134814230548,
    -0.013342152686259157,
    -0.015246118597071812,
    0.06216961097595297,
    0.06327438816086306,
    0.06317643997308653,
    0.05742038242358216,
    0.05799062314803338,
    0.06154668777199079,
    0.057265056925006275,
    0.021372738460704976,
    -0.045967098476299206,
    0.0506456798702426,
    0.07040197431349682,
    0.00283438315693596,
    0.0740975329169491,
    0.07409753291694887,
    0.020418108636573784,
    -0.040521049784551844,
    0.053776079737544835,
    0.06982894697645126,
    -0.0003212722538239454,
    0.07621222091361324,
    0.07621222091361557
  ],
  "dipole_vec_eA": [
    0.011801798604044693,
    0.20843491077213733,
    8.665694668304644e-16
  ],
  "dipole_mag_D": 1.00275899173198,
  "HOMO_eV": -12.035819939723766,
  "LUMO_eV": -11.557153715354817,
  "gap_eV": 0.4786662243689488
}