{
  "tag": "RMC-Cu_2-Zn_2-A2-B7-NNNNNO",
  "energy_eV": -2151.8872302528994,
  "multiplicity": 2,
  "charge": 1,
  "sym1": "Cu",
  "ox1": 2,
  "sym2": "Zn",
  "ox2": 2,
  "acid": "A2",
  "base": "B7",
  "bridge": [
    "N",
    "O"
  ],
  "S1_ref": 0.5,
  "S2_ref": 0.0,
  "mulliken_q_e": [
    0.32786439522849087,
    0.293330604595321,
    -0.2923547798959818,
    -0.3495736969330352,
    -0.15588250662969205,
    -0.10640749652796044,
    -0.1459300382949047,
    -0.10588327636286143,
    0.20027633563641922,
    -0.023371630759166484,
    -0.015733186293945156,
    -0.03303797931258168,
    -0.015254365225514155,
    -0.023293131948032064,
    0.06529251805230996,
    0.06905761188576731,
    0.06599522088163601,
    0.07373296146396613,
    0.07287313740503754,
    0.05735986683480543,
    0.06044775001705971,
    0.12244100902547461,
    -0.02155588103377415,
    -0.013122112123553631,
    -0.03850959114734831,
    -0.012277212950469796,
    -0.021170951539780214,
    0.05644184851535239,
    0.05947306103163541,
    0.05644933029449728,
    0.06690923353628109,
    0.0684115335649873,
    0.0519934988091294,
    0.05748699392419365,
    0.022035572251431823,
    -0.04108372115080394,
    0.05459463469950676,
    0.07641712609751627,
    0.004804454682187931,
    0.0792031094091038,
    0.07920310940910469,
    0.023748762455171546,
    -0.038407159005309,
    0.05108059466831516,
    0.07442298512653267,
    0.00567768149367498,
    0.07791188806755367,
    0.07791188806755511
  ],
  "dipole_vec_eA": [
    -0.013616810128016662,
    -0.2055442641215068,
    2.0562665314621186e-16
  ],
  "dipole_mag_D": 0.9894351543052768,
  "HOMO_eV": -11.535318039409873,
  "LUMO_eV": -11.190508549945195,
  "gap_eV": 0.34480948946467826
}