{
  "tag": "RMC-Fe_2-Zn_2-A2-B10-NNNNOO",
  "energy_eV": -3251.0821234069203,
  "multiplicity": 1,
  "charge": 2,
  "sym1": "Fe",
  "ox1": 2,
  "sym2": "Zn",
  "ox2": 2,
  "acid": "A2",
  "base": "B10",
  "bridge": [
    "O",
    "O"
  ],
  "S1_ref": 0.0,
  "S2_ref": 0.0,
  "mulliken_q_e": [
    0.7553898586346316,
    0.29783073724339315,
    -0.37343357804257327,
    -0.3734337319959169,
    -0.18461452566678904,
    -0.18461317863351767,
    -0.08296498288120313,
    -0.08296636362533749,
    0.19555878597806942,
    -0.018072031688004087,
    -0.014821993353652863,
    -0.028663310578786128,
    -0.012551560438847087,
    -0.02846389495396373,
    0.07385484965963751,
    0.0852360044926489,
    0.07564184252897099,
    0.06626103714870113,
    0.06601518773969794,
    0.09815200683086445,
    0.07664875541801208,
    0.1955588465659277,
    -0.018072771426242085,
    -0.014821385312199453,
    -0.028663602080686523,
    -0.012551998484035876,
    -0.028463508212215105,
    0.07385443564571326,
    0.0852359546130711,
    0.07564199366461877,
    0.06626177166993275,
    0.0660140238028053,
    0.098151621536813,
    0.07664951787131746,
    0.07254711380769763,
    -0.0004199724005158334,
    0.021591271648111476,
    -0.020954603768937208,
    -0.013850900792931942,
    -0.04090345411055729,
    0.08075970383238662,
    0.07941094112817082,
    0.0617791049502886,
    -0.020951687246317352,
    0.021592691250383877,
    -0.0004215574772488129,
    0.07254761805188203,
    -0.04090414224435235,
    -0.013852200103747325,
    0.08075690588025142,
    0.061779463966176174,
    0.07941229052419785,
    0.06446566046827495,
    0.003548758927844009,
    0.021966659822942214,
    -0.019646190359243088,
    -0.013940623555689813,
    -0.043618463397397944,
    0.08252974115569933,
    0.08128436603412004,
    0.06305833990333609,
    -0.019645909447112198,
    0.021966677273356217,
    0.0035484974064676766,
    0.0644663465251305,
    -0.04361867581279921,
    -0.013940732100106157,
    0.08252943126463208,
    0.06305827753830451,
    0.08128443782936712
  ],
  "dipole_vec_eA": [
    -0.08832474678596275,
    -7.822508729592273e-06,
    -3.6562964354530177e-06
  ],
  "dipole_mag_D": 0.42424180293633956,
  "HOMO_eV": -14.819013660154688,
  "LUMO_eV": -14.26907774018603,
  "gap_eV": 0.5499359199686591
}