{
  "tag": "RMC-Cu_1-Cu_2-A2-B5-NNNNOO",
  "energy_eV": -2093.8137728133474,
  "multiplicity": 2,
  "charge": 1,
  "sym1": "Cu",
  "ox1": 1,
  "sym2": "Cu",
  "ox2": 2,
  "acid": "A2",
  "base": "B5",
  "bridge": [
    "O",
    "O"
  ],
  "S1_ref": 0.0,
  "S2_ref": 0.5,
  "mulliken_q_e": [
    0.18008581375967603,
    0.14139345977190554,
    -0.10075637992269826,
    -0.10080544425024152,
    -0.012416371825703543,
    -0.01245883052839658,
    -0.21278105545401127,
    -0.21270984488090505,
    0.14589685429760046,
    0.0005889143301947009,
    -0.017466072867490468,
    -0.02200981562997928,
    -0.021759310864264192,
    -0.008615213714192604,
    0.07678707541899676,
    0.07545692779464974,
    0.07102395178188081,
    0.08825057061069419,
    0.036922480920018375,
    0.058941168714837455,
    0.084446179827119,
    0.14589099516704884,
    0.0005716172719305579,
    -0.01745823085379028,
    -0.022011724098089047,
    -0.0217653717501749,
    -0.008609919601229477,
    0.07679023487809034,
    0.07545812727119872,
    0.07102858544160218,
    0.08825085102773422,
    0.036922368601452815,
    0.058957337168799695,
    0.08444852062910224,
    -0.04284260289709785,
    -0.04279613685406636,
    0.13135657341958384,
    0.13132709645737284,
    -0.07294375737800074,
    -0.07295093828795984,
    0.08117295555407233,
    0.08118836153122166
  ],
  "dipole_vec_eA": [
    -1.8479216438984467,
    -0.00020467869897254574,
    6.7203540817605534e-15
  ],
  "dipole_mag_D": 8.87594518504404,
  "solvation_E_eV": null
}