{
  "tag": "RMC-Fe_2-Rh_2-A2-B1-NNNNNS",
  "energy_eV": -2553.772336268168,
  "multiplicity": 2,
  "charge": 1,
  "sym1": "Fe",
  "ox1": 2,
  "sym2": "Rh",
  "ox2": 2,
  "acid": "A2",
  "base": "B1",
  "bridge": [
    "N",
    "S"
  ],
  "S1_ref": 0.0,
  "S2_ref": 0.5,
  "mulliken_q_e": [
    0.6238295554629631,
    -0.12322574656148677,
    -0.20497035241188444,
    0.027201689050955713,
    -0.16948933632085472,
    -0.20269838462269996,
    -0.04617843631858265,
    -0.0784397860237196,
    0.03139512178641968,
    -0.001473599018343208,
    -0.017520225700243586,
    -0.032738806874809345,
    -0.0167626096364053,
    -0.009108754109764083,
    0.06028771654399401,
    0.06290866779647253,
    0.059931445540708284,
    0.041270149128007416,
    0.04992408297476403,
    0.05442277694033426,
    0.05082817462575573,
    0.0944586536098031,
    -0.0028593473538216507,
    -0.021935840350562952,
    -0.03208263800951183,
    -0.021605022690260434,
    -0.011929184206204813,
    0.05904880034610549,
    0.06213197437142637,
    0.059344455038946586,
    0.043833456472825105,
    0.035892342049339776,
    0.058884403315424216,
    0.06536631686715977,
    -0.03800232993946384,
    0.04919857929369442,
    0.05624070399500192,
    -0.038121598767320464,
    -0.02609168935529449,
    -0.024807341591764898,
    0.0585527826798975,
    0.05538205993442891,
    0.0637368723209405,
    0.06495381585301874,
    -0.04003939442020221,
    0.06469741043155564,
    0.06635538818764153,
    -0.0396721955231889,
    -0.02521408839116357,
    -0.02354191399370742,
    0.054139512217676544,
    0.05199609636241631,
    0.06067230172568516,
    0.06162331855757386
  ],
  "dipole_vec_eA": [
    -0.15834812915160426,
    -0.3304565059796032,
    -2.454131211395369e-16
  ],
  "dipole_mag_D": 1.7600688621904317,
  "HOMO_eV": -11.584331717397895,
  "LUMO_eV": -11.220155362692148,
  "gap_eV": 0.36417635470574616
}