{
  "tag": "RMC-Re_2-Sc_3-A2-B4-NNNNNS",
  "energy_eV": -1991.9882358056034,
  "multiplicity": 2,
  "charge": 2,
  "sym1": "Re",
  "ox1": 2,
  "sym2": "Sc",
  "ox2": 3,
  "acid": "A2",
  "base": "B4",
  "bridge": [
    "N",
    "S"
  ],
  "S1_ref": 0.5,
  "S2_ref": 0.0,
  "mulliken_q_e": [
    0.16196502616837138,
    0.6687885733640112,
    -0.19226578188822474,
    0.17797240245346108,
    0.019601418256099956,
    -0.19005910752728616,
    -0.32025779988079806,
    -0.3194801807332712,
    0.020586471600150036,
    -0.0010918159761279522,
    0.0006686206137673789,
    -0.01289552561774121,
    2.7925696712838288e-05,
    0.006214426775141169,
    0.08964109182237079,
    0.09562926070892008,
    0.09293148460141698,
    0.09484195692601971,
    0.07664123476114981,
    0.07974106907260614,
    0.08948615592157094,
    0.11123219923519034,
    0.0038638300661093528,
    -0.006297687126369356,
    -0.00573519792862065,
    -0.011447486317160083,
    0.03358883316115513,
    0.09759750334321382,
    0.10882498923605433,
    0.10573511892456067,
    0.10880174800577014,
    0.04435228478080866,
    0.1155723180556022,
    0.15385237126404672,
    -0.06753946916794207,
    -0.07642328045281643,
    0.06345901389975528,
    0.063459006318904,
    0.07540041925831997,
    0.07540041892651217,
    -0.07031774115450595,
    -0.039779379174420315,
    0.12174332286672918,
    0.1217433209802522,
    0.11711332168580968,
    0.11711331463118413
  ],
  "dipole_vec_eA": [
    1.3767662906304847,
    -0.5167361145198187,
    -9.646209335234743e-07
  ],
  "dipole_mag_D": 7.063326445683784,
  "solvation_E_eV": null
}