{
  "tag": "RMC-Re_3-V_3-A2-B7-NNNNNN",
  "energy_eV": -2128.906022222313,
  "multiplicity": 3,
  "charge": 2,
  "sym1": "Re",
  "ox1": 3,
  "sym2": "V",
  "ox2": 3,
  "acid": "A2",
  "base": "B7",
  "bridge": [
    "N",
    "N"
  ],
  "S1_ref": 0.0,
  "S2_ref": 1.0,
  "mulliken_q_e": [
    0.20432057800475611,
    0.3072660559667658,
    -0.1550351858901109,
    -0.15087366581138006,
    -0.07297765380873811,
    -0.05213692357363375,
    -0.09946190667922883,
    -0.08540343505292136,
    0.10416814694667931,
    0.010328282376194764,
    -0.002909097944354899,
    -0.011706450446760996,
    -0.005388653573003888,
    0.011443263901674161,
    0.09490613393395142,
    0.10116915606273424,
    0.09378215607078244,
    0.06379803329441458,
    0.054232425323291755,
    0.08692993161574214,
    0.08599237882931621,
    0.10407448935588026,
    0.007861047643758612,
    -0.002644135468290676,
    -0.013396269190267374,
    -0.005034484979693055,
    0.008341614265072739,
    0.0942819795911729,
    0.10097371792463039,
    0.09287258600821602,
    0.06614044631840765,
    0.05641007904876494,
    0.08381395053423069,
    0.08115981211717638,
    0.02104921160680573,
    -0.03108618304074362,
    0.0735750220450303,
    0.09690293634130831,
    -0.00499462581790433,
    0.10509264373828064,
    0.10509263902605892,
    0.024355401410353306,
    -0.02989596712993614,
    0.07470584901913313,
    0.09955785359247527,
    -0.006943011594500836,
    0.10764491403829601,
    0.1076449140499095
  ],
  "dipole_vec_eA": [
    -0.09362121171023863,
    0.2727563121483131,
    -3.1898024513255055e-07
  ],
  "dipole_mag_D": 1.385130664422168,
  "HOMO_eV": -15.54663552257874,
  "LUMO_eV": -15.275812890154358,
  "gap_eV": 0.2708226324243821
}