{
  "tag": "RMC-Cd_2-Fe_2-A2-B7-NNNNOO",
  "energy_eV": -2151.7691150006876,
  "multiplicity": 1,
  "charge": 2,
  "sym1": "Cd",
  "ox1": 2,
  "sym2": "Fe",
  "ox2": 2,
  "acid": "A2",
  "base": "B7",
  "bridge": [
    "O",
    "O"
  ],
  "S1_ref": 0.0,
  "S2_ref": 0.0,
  "mulliken_q_e": [
    0.43218584588504627,
    0.8560498442554716,
    -0.38480245148407355,
    -0.3846031338353213,
    -0.12478702853949608,
    -0.10894921968172411,
    -0.1746898681406619,
    -0.15736411298699093,
    0.1835466562529362,
    -0.0205822622841918,
    -0.01083539591124838,
    -0.023986767841017942,
    -0.01180312449861387,
    -0.017111802862277425,
    0.08789291389707543,
    0.09482063474275393,
    0.08760722463664938,
    0.052640330800741486,
    0.07014543222272618,
    0.09216324501916173,
    0.08494397410091725,
    0.18318375939483356,
    -0.022308346722486716,
    -0.011078202125098136,
    -0.024780268380306447,
    -0.012024098584322518,
    -0.019599424605155402,
    0.08722691416652983,
    0.09486042026292663,
    0.08668697081255916,
    0.052964461233009574,
    0.0741988851433093,
    0.08884411913281431,
    0.08167444647971012,
    0.021510417012215344,
    -0.03468835830487316,
    0.07933777122941965,
    0.10221002899668852,
    -0.010777697991547042,
    0.1066854805064309,
    0.10668548050643012,
    0.004685688905819996,
    -0.04954133134976835,
    0.09011367187833896,
    0.10792151420682539,
    -0.02603204313116869,
    0.10977940379013318,
    0.10977940379013551
  ],
  "dipole_vec_eA": [
    0.027002027859346082,
    0.2627953145642244,
    -5.434418690292742e-16
  ],
  "dipole_mag_D": 1.2689051810717236,
  "HOMO_eV": -15.380819029282568,
  "LUMO_eV": -15.021378608731267,
  "gap_eV": 0.35944042055130154
}