{
  "tag": "RMC-Cr_2-Ni_2-A2-B10-NNNNSS",
  "energy_eV": -3290.4898093835363,
  "multiplicity": 1,
  "charge": 2,
  "sym1": "Cr",
  "ox1": 2,
  "sym2": "Ni",
  "ox2": 2,
  "acid": "A2",
  "base": "B10",
  "bridge": [
    "S",
    "S"
  ],
  "S1_ref": 0.0,
  "S2_ref": 0.0,
  "mulliken_q_e": [
    0.5355750269880851,
    -0.22276890405144445,
    -0.002842996366394554,
    -0.0028462519081561416,
    -0.1728899870981222,
    -0.17289217852872718,
    -0.010398675017148085,
    -0.010382548801823432,
    0.05178828932927537,
    0.015638295355165255,
    -0.01166842036243465,
    -0.016521828100941383,
    -0.015141607070441543,
    -0.0018880899006663565,
    0.0799652809457656,
    0.08775051081037322,
    0.07411632427664383,
    0.05554224098259852,
    0.04869537368211807,
    0.08779454419374533,
    0.08749106771779658,
    0.05178905627281072,
    0.015645035293584186,
    -0.011669867794928734,
    -0.01652159170361256,
    -0.015137345635962918,
    -0.0018897535023234546,
    0.07996821307795865,
    0.0877504749244874,
    0.07411420902877386,
    0.05553436509457477,
    0.04869769946412594,
    0.0878024297162957,
    0.08749015745103972,
    0.06628549431300534,
    -0.003548665501830417,
    0.020515629836501015,
    -0.019817374332093518,
    -0.014356901491606289,
    -0.04639753440041017,
    0.08409371062334947,
    0.08159185202948394,
    0.06502719690182102,
    -0.019807542814752832,
    0.020521656252126208,
    -0.0035553933385226166,
    0.06628754047406438,
    -0.04640140429155193,
    -0.0143597981073178,
    0.08408521121707135,
    0.06502736331772763,
    0.0815953878874236,
    0.0684663530059586,
    0.02230546951529755,
    0.020182787515767187,
    -0.019638992258590227,
    -0.01367435434444797,
    -0.04640178678802642,
    0.0807624785384955,
    0.07803948894382906,
    0.06272193866757558,
    -0.01963450857070348,
    0.020188522270522036,
    0.02230356219586027,
    0.06845838410562766,
    -0.04639959014200823,
    -0.013675490583394012,
    0.0807586981851579,
    0.06272060247440281,
    0.0780414600807473
  ],
  "dipole_vec_eA": [
    -0.88459749558967,
    8.989827034117781e-06,
    1.2516599241701563e-09
  ],
  "dipole_mag_D": 4.248902468267021,
  "HOMO_eV": -14.611199007923537,
  "LUMO_eV": -14.468690289673653,
  "gap_eV": 0.14250871824988387
}