{
  "tag": "RMC-Os_2-Ru_3-A2-B1-NNNNSS",
  "energy_eV": -2511.9981244613914,
  "multiplicity": 2,
  "charge": 3,
  "sym1": "Os",
  "ox1": 2,
  "sym2": "Ru",
  "ox2": 3,
  "acid": "A2",
  "base": "B1",
  "bridge": [
    "S",
    "S"
  ],
  "S1_ref": 0.0,
  "S2_ref": 0.5,
  "mulliken_q_e": [
    0.224738178964504,
    -0.08688471649686214,
    0.05622797926524051,
    0.056229936800219205,
    -0.037422238331437985,
    -0.037424419158764266,
    -0.007484592955206315,
    -0.007484569776404548,
    0.06061412999628368,
    0.022072234741969288,
    -0.0008639629452689146,
    -0.005401417477895132,
    -0.0014718256887971126,
    0.018766612505625835,
    0.11051601350155982,
    0.122863069741172,
    0.11058364690012856,
    0.05762670745158993,
    0.048366733517248184,
    0.12063895641521316,
    0.12375717565184485,
    0.06061279549421217,
    0.022072710002599916,
    -0.0008633079087956297,
    -0.005401014061044096,
    -0.0014729361229637306,
    0.0187651416771899,
    0.11051603675273536,
    0.1228631558300205,
    0.11058378529365909,
    0.05762607340495318,
    0.04836266623581409,
    0.12063896376815875,
    0.12375770194206437,
    -0.012720783154450688,
    0.07968639208468953,
    0.07968835646597339,
    -0.012720110640722204,
    0.0008236651776660775,
    0.0008225068265896862,
    0.11033465490425443,
    0.11033475007183713,
    0.12981659878967966,
    0.12981659331526907,
    -0.01324561225422305,
    0.09957155616985758,
    0.09957161621261479,
    -0.01324556884849759,
    0.0012195040397471324,
    0.0012194662863576067,
    0.10854056204190499,
    0.10854059929841609,
    0.12765992913791113,
    0.12765991914584052
  ],
  "dipole_vec_eA": [
    -0.03095253597320693,
    -1.7267507124125373e-05,
    -1.3449144371717978e-07
  ],
  "dipole_mag_D": 0.14867137608995054,
  "HOMO_eV": -17.893142177732773,
  "LUMO_eV": -17.422086751788388,
  "gap_eV": 0.4710554259443853
}