{
  "tag": "RMC-Co_2-Mo_2-A2-B7-NNNNNO",
  "energy_eV": -2189.7609735237015,
  "multiplicity": 2,
  "charge": 1,
  "sym1": "Co",
  "ox1": 2,
  "sym2": "Mo",
  "ox2": 2,
  "acid": "A2",
  "base": "B7",
  "bridge": [
    "N",
    "O"
  ],
  "S1_ref": 0.5,
  "S2_ref": 0.0,
  "mulliken_q_e": [
    -0.003707234235320822,
    0.48612845506713076,
    -0.23101291778754152,
    -0.21440869596748557,
    -0.06842615640251459,
    -0.06431687273659192,
    -0.15481107801708172,
    -0.15553592310620634,
    0.15822664167167466,
    -0.016122481684288648,
    -0.02772949563553473,
    -0.02704101213898724,
    -0.030476150071262254,
    -0.012047666602750695,
    0.06332452660942589,
    0.06839453558123831,
    0.06322001512329756,
    0.034042035734054066,
    0.05796026221680761,
    0.04932215787837857,
    0.054983960653364417,
    0.10688757157122475,
    -0.007611734109470358,
    -0.021897294246477017,
    -0.027877050892104682,
    -0.022593784389418392,
    -0.007746742389374006,
    0.062425463054654795,
    0.06677340227532924,
    0.06192024864344792,
    0.039200916090244675,
    0.054206539479145555,
    0.05760305306800573,
    0.05952801939535113,
    0.022635886503862945,
    -0.03641740958486195,
    0.04985228662743313,
    0.07419892283613672,
    -0.0031674266486592106,
    0.08367004263485855,
    0.08367005874135458,
    0.029541613817780643,
    -0.053439651004111965,
    0.05085372932720311,
    0.073145766093204,
    0.008231018933557488,
    0.08321983434184865,
    0.08321981368001452
  ],
  "dipole_vec_eA": [
    0.028698707316239767,
    -0.06870496006914133,
    -2.786490083659516e-06
  ],
  "dipole_mag_D": 0.3576367765745744,
  "HOMO_eV": -11.600152609884443,
  "LUMO_eV": -11.063855400689107,
  "gap_eV": 0.536297209195336
}