{
  "tag": "RMC-Mn_2-Os_2-A2-B2-NNNNNN",
  "energy_eV": -3048.710913199617,
  "multiplicity": 2,
  "charge": 0,
  "sym1": "Mn",
  "ox1": 2,
  "sym2": "Os",
  "ox2": 2,
  "acid": "A2",
  "base": "B2",
  "bridge": [
    "N",
    "N"
  ],
  "S1_ref": 0.5,
  "S2_ref": 0.0,
  "mulliken_q_e": [
    0.13348560258568565,
    0.1861317651157065,
    -0.21259674692795816,
    -0.2125979426757847,
    -0.12666631158603736,
    -0.1266555039812174,
    -0.12681240723810427,
    -0.12679729248628857,
    0.09747359180116377,
    -0.016557409393286537,
    -0.03986988879042652,
    -0.03889090022829955,
    -0.039638781684873114,
    -0.016674300206448223,
    0.028316664016543314,
    0.03195530722403417,
    0.028722623045597695,
    0.024789971045938053,
    0.03426942832443869,
    0.0419653510888901,
    0.04440826018501842,
    0.09744611443475759,
    -0.016563046752614996,
    -0.03991402031149471,
    -0.038884279643534025,
    -0.039686490255300244,
    -0.016679957201610973,
    0.028321500329104077,
    0.03196290558468873,
    0.028728555495296182,
    0.02473426977081261,
    0.034205074202024566,
    0.04196373000993625,
    0.0444128433820552,
    -0.03963217487757764,
    0.012357192783599258,
    -0.0017089140933805869,
    0.07154811746498924,
    -0.053117089527547234,
    -0.032735285839721184,
    0.03740144783521937,
    0.0420553714712526,
    0.03408320574857515,
    0.07153316703227053,
    -0.03963555183575851,
    -0.0327423293043092,
    -0.05311485547010686,
    0.037405782637803586,
    0.034085997543712554,
    0.04205397624058449,
    -0.03980410153690728,
    0.012251208569953542,
    -0.004668314053085432,
    0.06927552099099121,
    -0.05316405741748942,
    -0.03270361128855859,
    0.03743069921380204,
    0.041990059629660736,
    0.03437240037561029,
    0.06926139748560822,
    -0.03979853493507868,
    -0.03269452316763366,
    -0.053166944808733296,
    0.03742335898781535,
    0.034359903832188565,
    0.041989202033780426
  ],
  "dipole_vec_eA": [
    0.07514361818565676,
    -0.0008293981789019109,
    6.070976273053377e-10
  ],
  "dipole_mag_D": 0.36095213250058333,
  "HOMO_eV": -8.142444817018724,
  "LUMO_eV": -8.054884606961696,
  "gap_eV": 0.08756021005702763
}