{
  "tag": "RMC-Hf_2-Hf_2-A2-B5-NNNNNO",
  "energy_eV": -1933.935459598425,
  "multiplicity": 1,
  "charge": 1,
  "sym1": "Hf",
  "ox1": 2,
  "sym2": "Hf",
  "ox2": 2,
  "acid": "A2",
  "base": "B5",
  "bridge": [
    "N",
    "O"
  ],
  "S1_ref": 1.0,
  "S2_ref": 1.0,
  "mulliken_q_e": [
    0.9656894756248369,
    0.9654860123366882,
    -0.4551952550019658,
    -0.42473448304868056,
    -0.3303584751442945,
    -0.33400816649564113,
    -0.330334338531441,
    -0.33396481946028955,
    0.1744375572073722,
    -0.031115462370046254,
    -0.02036517494116241,
    -0.03072837080198787,
    -0.02036611848322578,
    -0.031118386104033835,
    0.06775308151714077,
    0.07000419923024981,
    0.06775236131724216,
    0.10454336559528143,
    0.1045239218610523,
    0.06409275037293127,
    0.06408038944316619,
    0.11184358691763907,
    -0.03533163742953449,
    -0.018125060716068564,
    -0.03586021515015925,
    -0.01813247490047787,
    -0.03532853307044337,
    0.06185150099142234,
    0.0641047323358982,
    0.06185385952755218,
    0.0923593596355019,
    0.0923485618135731,
    0.07734268298326785,
    0.07734065180255989,
    -0.06689445850225684,
    -0.06501936534572406,
    0.11330707489490077,
    0.11743990942194027,
    -0.06688184390923135,
    -0.06503146345885691,
    0.11329609683700503,
    0.11744297117847735
  ],
  "dipole_vec_eA": [
    -0.00012443350547633147,
    -0.24691922690843598,
    -3.5740742726138134e-15
  ],
  "dipole_mag_D": 1.1860036356302508,
  "HOMO_eV": -12.37885211999855,
  "LUMO_eV": -11.079702198477877,
  "gap_eV": 1.299149921520673
}