{
  "tag": "RMC-Rh_2-Sc_3-A2-B10-NNNNOO",
  "energy_eV": -3274.343648616098,
  "multiplicity": 2,
  "charge": 3,
  "sym1": "Rh",
  "ox1": 2,
  "sym2": "Sc",
  "ox2": 3,
  "acid": "A2",
  "base": "B10",
  "bridge": [
    "O",
    "O"
  ],
  "S1_ref": 0.5,
  "S2_ref": 0.0,
  "mulliken_q_e": [
    0.02672306729653917,
    0.8078453006099356,
    -0.3194158443961661,
    -0.3194156401979755,
    -0.018028562282754956,
    -0.018030029307094964,
    -0.13492974596202245,
    -0.13493031471890182,
    0.19681247511130007,
    -0.017200164779775706,
    -0.005758004068765921,
    -0.016609645131167472,
    -0.007566944713887969,
    -0.0028137635210951917,
    0.09437041235085375,
    0.10941238190569524,
    0.09300174534900696,
    0.07115162308009615,
    0.06011172121040098,
    0.11162448212656617,
    0.10890080650809031,
    0.19681242109896302,
    -0.01720032375745717,
    -0.005758275153635362,
    -0.016609443278211344,
    -0.0075669313702957375,
    -0.0028144161090559727,
    0.09437037648188529,
    0.10941215021432904,
    0.09300147398458336,
    0.07115120819379728,
    0.060112358908250174,
    0.11162462533503448,
    0.10890034599617648,
    0.07129788435364715,
    0.028027509147835916,
    0.04091141543754517,
    -0.006594704399258244,
    0.0015175295808087519,
    -0.031343923715220656,
    0.1102754827307747,
    0.1083442186646476,
    0.08305851923545404,
    -0.006595615701225688,
    0.04091040268537016,
    0.02802813034904017,
    0.0712983368299287,
    -0.03134361474397385,
    0.0015173225233748866,
    0.11027664747137522,
    0.0830586941889897,
    0.10834363166853622,
    0.06872192408654665,
    0.0071173184091211095,
    0.03443996992837883,
    -0.008951959596180448,
    -0.003005000899797494,
    -0.03539516914406815,
    0.10658522297114059,
    0.10418705569720954,
    0.08046089664516365,
    -0.008955643358238508,
    0.0344365489483458,
    0.007120865858572856,
    0.06872137126180422,
    -0.03539338711990747,
    -0.003004819531616576,
    0.10658959855452221,
    0.08046137584131174,
    0.10418503816682279
  ],
  "dipole_vec_eA": [
    0.2571412309096016,
    5.6330619716595224e-06,
    -6.637821649401619e-16
  ],
  "dipole_mag_D": 1.2351018585944138,
  "HOMO_eV": -17.562583109826175,
  "LUMO_eV": -17.382379546673658,
  "gap_eV": 0.18020356315251718
}