{
  "tag": "RMC-Co_3-Ta_3-A2-B1-NNNNNO",
  "energy_eV": -2503.9674303941774,
  "multiplicity": 3,
  "charge": 3,
  "sym1": "Co",
  "ox1": 3,
  "sym2": "Ta",
  "ox2": 3,
  "acid": "A2",
  "base": "B1",
  "bridge": [
    "N",
    "O"
  ],
  "S1_ref": 0.0,
  "S2_ref": 1.0,
  "mulliken_q_e": [
    0.26008871918241483,
    0.8436017910856646,
    -0.2913657390245856,
    -0.3225092582453748,
    -0.030830974460017035,
    -0.06948932714619294,
    -0.16209495370632965,
    -0.17231267205020862,
    0.17801992790618493,
    -0.0024825959098224715,
    0.0020484165920688913,
    -0.0071598419463103635,
    0.002671858410776329,
    0.005464450082671712,
    0.11666365001248802,
    0.12918251536834635,
    0.11885146500044363,
    0.08090510993260147,
    0.06717291053164787,
    0.10990027402535585,
    0.11391707986669475,
    0.12417499176889146,
    0.0119606660216649,
    0.007264185381638422,
    0.003956368423734258,
    0.005940199538187807,
    0.02319590275853667,
    0.12016476973026802,
    0.13350142279293087,
    0.12330534074680133,
    0.07400675465719075,
    0.05667585027381583,
    0.12227336540939959,
    0.13159251157328766,
    -0.017596571653327064,
    0.0676518564966122,
    0.06775879139340857,
    -0.018697396333656302,
    0.007028750657539051,
    0.0021491267468440878,
    0.10102919246068687,
    0.09862280445541649,
    0.12508591761427124,
    0.1252901010085239,
    -0.019435858784865756,
    0.0646625532767866,
    0.06454141323632068,
    -0.018749410820717793,
    0.0038079786554863215,
    0.004130460863396301,
    0.09563625412628896,
    0.09358661882575137,
    0.12237511086646524,
    0.12286717472321862
  ],
  "dipole_vec_eA": [
    0.34734438559932806,
    -0.13368819641832655,
    -1.8976059328904566e-15
  ],
  "dipole_mag_D": 1.787674011351494,
  "HOMO_eV": -18.89650476297109,
  "LUMO_eV": -18.01484081865411,
  "gap_eV": 0.8816639443169798
}