{
  "tag": "RMC-Sn_2-Zn_2-A2-B2-NNNNOS",
  "energy_eV": -2969.2743487407106,
  "multiplicity": 1,
  "charge": 2,
  "sym1": "Sn",
  "ox1": 2,
  "sym2": "Zn",
  "ox2": 2,
  "acid": "A2",
  "base": "B2",
  "bridge": [
    "O",
    "S"
  ],
  "S1_ref": 0.0,
  "S2_ref": 0.0,
  "mulliken_q_e": [
    0.5687531196704065,
    0.2977037510753825,
    -0.40741710171019685,
    -0.17046029613259472,
    -0.1698875036554388,
    -0.15633020398350106,
    -0.0940821890138197,
    -0.1199068305596167,
    0.0811563071304433,
    0.009479626572119093,
    -0.010202535351653719,
    -0.0190304952913789,
    -0.009533548420429971,
    0.008998070542105774,
    0.0823138142261911,
    0.09205625473410395,
    0.08293233346554774,
    0.0633194551339118,
    0.07161281603834335,
    0.08616148699225057,
    0.07797311717111277,
    0.19954238719065542,
    -0.013015053596056259,
    -0.013412835566127379,
    -0.026672932316419873,
    -0.009857689669213299,
    -0.02058664940914401,
    0.07528564028266038,
    0.08678647696543462,
    0.07778969362756272,
    0.07073252149468345,
    0.0783525465328403,
    0.09058394495755917,
    0.07201324226709249,
    -0.014994856615799357,
    0.026860998289240712,
    -0.00916829096678029,
    0.05435224539657679,
    -0.02547884056863836,
    -0.020403820983039944,
    0.08279131875232049,
    0.06868069810108857,
    0.08051380161846244,
    0.059001074434237966,
    -0.016560103806025905,
    -0.01955195574301838,
    -0.023888827840905735,
    0.08200668671066302,
    0.0812924049750744,
    0.06749081855716477,
    -0.014531067642300943,
    0.026812699292554143,
    0.004384778783486087,
    0.06425763051635136,
    -0.03043462492271143,
    -0.018336402223897652,
    0.08435448608681761,
    0.0686846420432351,
    0.081012333240289,
    0.060448530563560254,
    -0.016326185377867564,
    -0.018480449091300866,
    -0.03246713901721909,
    0.08415641463162848,
    0.0812452223394513,
    0.06912503907247602
  ],
  "dipole_vec_eA": [
    0.01201058783591618,
    -0.09997093696257478,
    4.4697700801202046e-10
  ],
  "dipole_mag_D": 0.4836338355195183,
  "HOMO_eV": -15.27912113751012,
  "LUMO_eV": -13.785559090579369,
  "gap_eV": 1.4935620469307516
}