{
  "tag": "RMC-Hf_2-Zr_2-A2-B7-NNNNOO",
  "energy_eV": -2133.6424948824856,
  "multiplicity": 1,
  "charge": 2,
  "sym1": "Hf",
  "ox1": 2,
  "sym2": "Zr",
  "ox2": 2,
  "acid": "A2",
  "base": "B7",
  "bridge": [
    "O",
    "O"
  ],
  "S1_ref": 1.0,
  "S2_ref": 1.0,
  "mulliken_q_e": [
    0.10497512243534535,
    0.9737047420299765,
    -0.34734420367316643,
    -0.34456051862205594,
    -0.06808347162317596,
    -0.05569938533091223,
    -0.18939756136457064,
    -0.17200878850385548,
    0.16162514400192607,
    -0.013410489655446556,
    -0.011709700690929692,
    -0.020767353899611374,
    -0.012042340699783383,
    -0.001918311990177779,
    0.08759678105258129,
    0.0965020658878104,
    0.08879483760574092,
    0.034589139217961584,
    0.060825872364301814,
    0.08869472826460834,
    0.08739748564351013,
    0.1618876996203309,
    -0.016002541140881732,
    -0.012842811626030848,
    -0.021484101080885276,
    -0.013142958509870795,
    -0.004166714388967874,
    0.08668145394092275,
    0.09649594576188092,
    0.08795153064463035,
    0.0387245839895618,
    0.06080075266750429,
    0.08703948080399637,
    0.0851837342285997,
    0.026354795314347035,
    -0.027429126015918293,
    0.08967575888787349,
    0.1104079296313627,
    -0.011731767336009336,
    0.11810392065509312,
    0.11810392065509145,
    0.021554777621099586,
    -0.05505246789168794,
    0.0941859070289961,
    0.10877261574790631,
    -0.009687645761115915,
    0.11592576718467495,
    0.11592576718467651
  ],
  "dipole_vec_eA": [
    0.7186645553899117,
    0.26642058991893575,
    -2.482207455836415e-15
  ],
  "dipole_mag_D": 3.6814568705902966,
  "HOMO_eV": -14.453999655299373,
  "LUMO_eV": -14.359535665725126,
  "gap_eV": 0.09446398957424762
}