{
  "tag": "RMC-Ir_3-Ti_2-A2-B2-NNNNNO",
  "energy_eV": -3039.3661101975986,
  "multiplicity": 3,
  "charge": 2,
  "sym1": "Ir",
  "ox1": 3,
  "sym2": "Ti",
  "ox2": 2,
  "acid": "A2",
  "base": "B2",
  "bridge": [
    "N",
    "O"
  ],
  "S1_ref": 0.0,
  "S2_ref": 1.0,
  "mulliken_q_e": [
    0.2256564770730375,
    0.7370536434733234,
    -0.3108682394535842,
    -0.32865992471435246,
    -0.03259522493221745,
    -0.07398946567910447,
    -0.18018172472006344,
    -0.16910961499410648,
    0.1797122610015447,
    -0.021533010017267262,
    -0.016299637452295457,
    -0.0227416213900431,
    -0.01782463322811556,
    -0.012157828056533537,
    0.0786795840893777,
    0.09025066655786995,
    0.07930558173054492,
    0.061669086686669594,
    0.04594178844456942,
    0.08190404819318853,
    0.08078298463714506,
    0.11315573616887953,
    -0.01674691976717435,
    -0.012305970800361887,
    -0.021877126647031897,
    -0.011550688268575193,
    -0.0029454067004741624,
    0.07477847365732437,
    0.08745754382125148,
    0.07872780609423058,
    0.05195157232453784,
    0.03187765595716119,
    0.09075681551148296,
    0.09657206848148536,
    -0.014592849525187468,
    0.027240418474092865,
    0.00938350181923897,
    0.06167841415303443,
    -0.03358754462248359,
    -0.019547589205434868,
    0.08453021554033413,
    0.06722624322117932,
    0.07970628498495413,
    0.06117291369389921,
    -0.015545386739047151,
    -0.01850485607466479,
    -0.033671247370480106,
    0.084888443184444,
    0.08200017909529755,
    0.07287891848415673,
    -0.01604119695887074,
    0.02559614071986238,
    0.0028349275888293057,
    0.06492328309700834,
    -0.03580757152353198,
    -0.019834813020228603,
    0.0833768867338971,
    0.0654490221569537,
    0.07850346120885476,
    0.06685425868733064,
    -0.018790091016574362,
    -0.019534035184397336,
    -0.037561325144847446,
    0.08257744714127846,
    0.07882098144582472,
    0.06852980787295349
  ],
  "dipole_vec_eA": [
    0.38862835200046725,
    -0.31695706712702587,
    -7.583721950390753e-08
  ],
  "dipole_mag_D": 2.408766371851419,
  "HOMO_eV": -14.099694719241327,
  "LUMO_eV": -13.959718526943854,
  "gap_eV": 0.13997619229747293
}