{
  "tag": "RMC-Cd_2-Rh_2-A2-B5-NNNNNO",
  "energy_eV": -1976.7862997754078,
  "multiplicity": 2,
  "charge": 1,
  "sym1": "Cd",
  "ox1": 2,
  "sym2": "Rh",
  "ox2": 2,
  "acid": "A2",
  "base": "B5",
  "bridge": [
    "N",
    "O"
  ],
  "S1_ref": 0.0,
  "S2_ref": 0.5,
  "mulliken_q_e": [
    0.38264548122899256,
    -0.16533980574561236,
    -0.12183470314497513,
    -0.07535587877239447,
    -0.21050639002922988,
    -0.23056285967290524,
    0.05092260626049461,
    0.08051973893377307,
    0.13314767696166152,
    -0.0048655891476834245,
    -0.01987422320215737,
    -0.02210838282430494,
    -0.01810619352386933,
    -0.006995954015492467,
    0.07643705843896054,
    0.0786697462056074,
    0.07807456952141312,
    0.020398123807867652,
    0.09285135306275483,
    0.09911484006831583,
    0.08959015044516305,
    0.06499314799415856,
    -0.00897846201289565,
    -0.019652701292507402,
    -0.028200676693775906,
    -0.021000220266093717,
    -0.006747249458548543,
    0.061095721271316794,
    0.06152400103883149,
    0.058668031206857596,
    -0.0008991474049646619,
    0.0926101766028431,
    0.06809219656887933,
    0.09910554896671342,
    -0.0700585732965584,
    -0.06869401912855388,
    0.08603232397637917,
    0.08891387223526026,
    -0.01829107770878724,
    -0.009577975556525287,
    0.12756062707460758,
    0.13668309102693343
  ],
  "dipole_vec_eA": [
    0.8722761912336019,
    -0.7864712682984557,
    -5.643516380290461e-16
  ],
  "dipole_mag_D": 5.641266408881996,
  "HOMO_eV": -12.679271386806354,
  "LUMO_eV": -11.321708202949011,
  "gap_eV": 1.3575631838573425
}