{
  "tag": "RMC-Ir_2-Re_3-A2-B7-NNNNOO",
  "energy_eV": -2227.377676397359,
  "multiplicity": 2,
  "charge": 3,
  "sym1": "Ir",
  "ox1": 2,
  "sym2": "Re",
  "ox2": 3,
  "acid": "A2",
  "base": "B7",
  "bridge": [
    "O",
    "O"
  ],
  "S1_ref": 0.5,
  "S2_ref": 0.0,
  "mulliken_q_e": [
    0.2869156166682675,
    0.3783164084328262,
    -0.18364437700573788,
    -0.18009796303383485,
    -0.0398723626821218,
    -0.023247514502385158,
    -0.04747557175760919,
    -0.02927380403704105,
    0.17408075925805488,
    0.008688329552055007,
    -0.0007085401325681584,
    0.000528789250673567,
    0.001448692623778225,
    0.005171906891961564,
    0.1240109089367093,
    0.1341520678759074,
    0.123426708386844,
    0.05135188229396048,
    0.05096669954962629,
    0.1245698513008523,
    0.12171022035127343,
    0.17505964681709663,
    0.00550701080343341,
    -0.0007900747140363595,
    -0.001506085556504555,
    0.0019638059194273527,
    0.001445626384210863,
    0.12264921655939687,
    0.13357474781430578,
    0.12240556387516666,
    0.050994287996948495,
    0.05482340575303102,
    0.11954117809693654,
    0.11843848987264849,
    0.012083356454546168,
    -0.01868164600276012,
    0.1133320515125682,
    0.13668116126746432,
    -0.03117198383287345,
    0.1431861706701546,
    0.14318617214326013,
    0.012816493642333615,
    -0.019915054292847234,
    0.11590937214570973,
    0.14170326015051082,
    -0.03101396634570941,
    0.14837955149421722,
    0.14837953421361427
  ],
  "dipole_vec_eA": [
    0.1346549352967604,
    0.298040660766854,
    -5.173876373163246e-07
  ],
  "dipole_mag_D": 1.5708768283216044,
  "HOMO_eV": -19.128930468496506,
  "LUMO_eV": -18.76112356070668,
  "gap_eV": 0.36780690778982716
}