{
  "tag": "RMC-Mg_2-Re_3-A2-B10-NNNNOS",
  "energy_eV": -3217.7309608476507,
  "multiplicity": 1,
  "charge": 3,
  "sym1": "Mg",
  "ox1": 2,
  "sym2": "Re",
  "ox2": 3,
  "acid": "A2",
  "base": "B10",
  "bridge": [
    "O",
    "S"
  ],
  "S1_ref": 0.0,
  "S2_ref": 0.0,
  "mulliken_q_e": [
    0.48353313672988396,
    0.15210014677865002,
    -0.3130796846439854,
    0.029672627793515705,
    -0.10718451223327885,
    -0.11840281270818753,
    -0.030801914530619534,
    -0.029133410732008702,
    0.04585243264495675,
    0.013236501838683079,
    -0.006525479221172192,
    -0.008447624957724775,
    -0.0029047517947140555,
    0.008404893735484587,
    0.09496994196751363,
    0.11116280812802692,
    0.0969152503685955,
    0.04439655869364523,
    0.06114697090024479,
    0.11494075354366584,
    0.09837884902902838,
    0.20121898551358863,
    -0.006848688145332904,
    -0.0060293041969479155,
    -0.014288844916994226,
    -0.0034098947062628504,
    -0.012529640898154781,
    0.09385391159024847,
    0.10916211419184363,
    0.09372478042027366,
    0.06197813748497527,
    0.06736026211385915,
    0.10602517067479988,
    0.1030451699479541,
    0.06455058725306029,
    0.004225458685869654,
    0.0343425413035372,
    -0.009846173886969956,
    -0.0028167727801420295,
    -0.03468688787536789,
    0.10580337192965461,
    0.10376813939922014,
    0.07934705857399815,
    -0.008842150640609558,
    0.03336333906882771,
    0.007004031462025884,
    0.06871926875293899,
    -0.033994591994976675,
    -0.002903443283101881,
    0.10519584983766461,
    0.07873774934135824,
    0.10316353423044389,
    0.06936845134832414,
    0.022729378953811885,
    0.03765476275740709,
    -0.007001164303813923,
    -0.00047641372957096806,
    -0.034616643574148176,
    0.10953459587015146,
    0.10679850769522259,
    0.08231933382620527,
    -0.007161005056173231,
    0.03841919147174622,
    0.024272681149708486,
    0.06847015275452639,
    -0.03603754853883778,
    -0.000699325664191397,
    0.11025213949592771,
    0.08268447425562331,
    0.10686468150661688
  ],
  "dipole_vec_eA": [
    -0.25530432528222885,
    -0.10250675933218237,
    9.403768948049885e-07
  ],
  "dipole_mag_D": 1.3214306706838719,
  "HOMO_eV": -17.518475221300374,
  "LUMO_eV": -17.221102106421263,
  "gap_eV": 0.297373114879111
}