{
  "tag": "RMC-Ir_2-Os_3-A2-B6-NNNNSS",
  "energy_eV": -2238.878974464166,
  "multiplicity": 1,
  "charge": 3,
  "sym1": "Ir",
  "ox1": 2,
  "sym2": "Os",
  "ox2": 3,
  "acid": "A2",
  "base": "B6",
  "bridge": [
    "S",
    "S"
  ],
  "S1_ref": 0.5,
  "S2_ref": 0.5,
  "mulliken_q_e": [
    0.14065708092106233,
    0.22065882442508478,
    0.09061747354182714,
    0.09061787235984084,
    -0.014879914198350663,
    -0.014880221531154092,
    -0.08038993237595049,
    -0.08038943836680024,
    0.04104962085843322,
    0.014508410775260216,
    -0.0016744346002315336,
    -1.0512699191167485e-06,
    -6.528133465355523e-06,
    0.018220213610294467,
    0.10990586942809966,
    0.12418045684878909,
    0.11445931576583535,
    0.05371062369153368,
    0.043236701352070694,
    0.11224230860743734,
    0.11864269982668962,
    0.04104959020566512,
    0.014508902198382412,
    -0.0016751149041758229,
    -9.98721866762864e-07,
    -6.124578719290952e-06,
    0.018219884604199876,
    0.10990663862970551,
    0.12418032258015144,
    0.11445888806952043,
    0.05370970410895359,
    0.04323718324572634,
    0.11224255693204799,
    0.1186420795938754,
    -0.09429755813789309,
    -0.04294266917820688,
    -0.0429426655099423,
    0.12888122719552264,
    0.11191020993188172,
    0.11721900199363233,
    0.11721918340610848,
    0.13086719377662548,
    0.13086733158905484,
    -0.07798897547755179,
    -0.010610456931750445,
    -0.010610707403672759,
    0.12358755190570037,
    0.11395066857248903,
    0.11157080475780168,
    0.1115707511149241,
    0.1163948066059195,
    0.11639483828974151
  ],
  "dipole_vec_eA": [
    1.0921245155147916,
    -1.051307924966739e-06,
    0.12904597634714232
  ],
  "dipole_mag_D": 5.282190157704544,
  "HOMO_eV": -18.596613168667574,
  "LUMO_eV": -18.252541789584726,
  "gap_eV": 0.34407137908284824
}