{
  "tag": "RMC-Pd_2-Ta_3-A2-B10-NNNNOO",
  "energy_eV": -3312.2943845823384,
  "multiplicity": 3,
  "charge": 3,
  "sym1": "Pd",
  "ox1": 2,
  "sym2": "Ta",
  "ox2": 3,
  "acid": "A2",
  "base": "B10",
  "bridge": [
    "O",
    "O"
  ],
  "S1_ref": 0.0,
  "S2_ref": 1.0,
  "mulliken_q_e": [
    -0.10604331857930582,
    1.0028183955665135,
    -0.35635443465740124,
    -0.35635443069365813,
    -0.03529669028878124,
    -0.03529655843287305,
    -0.18645661445919548,
    -0.18645573799835402,
    0.18543657804930724,
    -0.003058621575940723,
    -0.007166948272931295,
    -0.013575157999355936,
    -0.011362374772274642,
    -0.00303210806191867,
    0.09662613944648912,
    0.11026444430770332,
    0.09516106370024924,
    0.0777554362056867,
    0.06129400034478305,
    0.06841997270084077,
    0.10369883187630702,
    0.18543659388086708,
    -0.003058622473543826,
    -0.007166761378566422,
    -0.013575177288343454,
    -0.011362014618771621,
    -0.00303223496171956,
    0.09662622406304278,
    0.11026443429962984,
    0.0951612278576568,
    0.07775479281947817,
    0.061294083426132184,
    0.06842116574075052,
    0.10369892228641076,
    0.08734537625166028,
    0.0365763193217572,
    0.03383883781607144,
    -0.008485079536324935,
    -0.0012543298139016112,
    -0.034237849513215624,
    0.10952730637117847,
    0.1080962943450462,
    0.08745969212182492,
    -0.008485099137113039,
    0.03383878416564601,
    0.03657644220399159,
    0.08734546736561088,
    -0.034237801880055985,
    -0.0012543649031608872,
    0.10952732846523072,
    0.0874596979091764,
    0.10809628546882277,
    0.09421294346908349,
    0.032928124944369364,
    0.04296952039442137,
    -0.007786168150778261,
    0.006880640529836501,
    -0.023086481046161733,
    0.10951425905952161,
    0.10791920186610338,
    0.08683906634525818,
    -0.007786345917243809,
    0.04296951529664761,
    0.032928080143195926,
    0.09421300855020465,
    -0.023086579107138627,
    0.006880559081575033,
    0.10951431520439259,
    0.08683923010804384,
    0.10791930353941692
  ],
  "dipole_vec_eA": [
    0.20358237867923476,
    5.524180846219656e-06,
    4.902461595927268e-16
  ],
  "dipole_mag_D": 0.9778477509288526,
  "HOMO_eV": -17.442770933876247,
  "LUMO_eV": -16.808446596635633,
  "gap_eV": 0.6343243372406135
}