{
  "tag": "RMC-Mg_2-V_3-A2-B1-NNNNNS",
  "energy_eV": -2412.3372430846925,
  "multiplicity": 3,
  "charge": 2,
  "sym1": "Mg",
  "ox1": 2,
  "sym2": "V",
  "ox2": 3,
  "acid": "A2",
  "base": "B1",
  "bridge": [
    "N",
    "S"
  ],
  "S1_ref": 0.0,
  "S2_ref": 1.0,
  "mulliken_q_e": [
    0.47643579221575855,
    0.27247243704017343,
    -0.30523316216640795,
    -0.08754339935061788,
    -0.12065121627145792,
    -0.11730270653273656,
    -0.08818111841722853,
    -0.099315989419549,
    0.059104865149272046,
    0.012785524697710215,
    -0.008087705812380497,
    -0.016109156327734686,
    -0.005927424325835151,
    0.010353416735892074,
    0.08550260310167701,
    0.09410978369005274,
    0.0872652446718335,
    0.06110525660403909,
    0.06984597833532935,
    0.08366191893412411,
    0.08513381008717302,
    0.1171582404276792,
    0.013831087350808735,
    -0.007585970166342548,
    -0.015030242432167773,
    -0.0040127325641063916,
    -0.0013165080860453315,
    0.08599604382510728,
    0.09452988977223309,
    0.08542097735498011,
    0.06038746225361136,
    0.06666536226976216,
    0.08787676550386525,
    0.09045237196584899,
    -0.025431416846895427,
    0.053718838539164704,
    0.052763381118260844,
    -0.02506800753751537,
    -0.010917360718736502,
    -0.009410255536616674,
    0.07899483028168952,
    0.0780848243075013,
    0.09375599313859373,
    0.09479099692044501,
    -0.028203426957519984,
    0.06501398449340412,
    0.0624740655569227,
    -0.028257474338155397,
    -0.012453527512809037,
    -0.0105604264318917,
    0.08140072186341962,
    0.07732452856076899,
    0.09335875093770807,
    0.0948234915057804
  ],
  "dipole_vec_eA": [
    0.38091113275775335,
    -0.1883066121988279,
    -5.586479927456626e-12
  ],
  "dipole_mag_D": 2.040953056497094,
  "HOMO_eV": -15.009790780243495,
  "LUMO_eV": -14.630540817160588,
  "gap_eV": 0.37924996308290737
}