{
  "tag": "RMC-Ag_2-Zn_2-A2-B2-NNNNSS",
  "energy_eV": -2994.1387827918193,
  "multiplicity": 2,
  "charge": 2,
  "sym1": "Ag",
  "ox1": 2,
  "sym2": "Zn",
  "ox2": 2,
  "acid": "A2",
  "base": "B2",
  "bridge": [
    "S",
    "S"
  ],
  "S1_ref": 0.5,
  "S2_ref": 0.0,
  "mulliken_q_e": [
    0.3179589789751185,
    0.3027665715534047,
    -0.2315371823692729,
    -0.2315420767469104,
    -0.10245909829584621,
    -0.10244931272438929,
    -0.1206800034366271,
    -0.12067127504166808,
    0.09108557486842628,
    0.005875551056324202,
    -0.009528968761084222,
    -0.02044683214408627,
    -0.008002934078950252,
    0.008740169636594741,
    0.07631125438072606,
    0.08738035362926433,
    0.07920943882753084,
    0.06846597178036928,
    0.0707029178645937,
    0.08076137077130319,
    0.08828525795476372,
    0.09108293559972425,
    0.005871416530180973,
    -0.009523729596055741,
    -0.02044773939671285,
    -0.007997102742504092,
    0.008743741354959367,
    0.0763145971108008,
    0.08738239803494208,
    0.07921521534425668,
    0.06846836854559046,
    0.07070776710988924,
    0.08076171328942605,
    0.08828868644626975,
    -0.014455684809911107,
    0.03077211160571136,
    0.008511461025878742,
    0.0687668598076474,
    -0.025574062205103942,
    -0.017799096369701006,
    0.08908516861792082,
    0.07676975907576156,
    0.08761559448616629,
    0.06876218105191523,
    -0.01445440157386746,
    -0.017803068884548523,
    -0.025572798022363674,
    0.08908330138745124,
    0.08761416167743286,
    0.07676934435213378,
    -0.015271338241274801,
    0.026066985279190158,
    0.0016556114600712046,
    0.062143110258125356,
    -0.03102624610446547,
    -0.018454567390264298,
    0.08284265600909002,
    0.06743126558001444,
    0.07988452147396796,
    0.06214485248919166,
    -0.015270347636712867,
    -0.018459941215545506,
    -0.03103258190555902,
    0.08284138660603269,
    0.07988481766737066,
    0.06743497688502031
  ],
  "dipole_vec_eA": [
    0.17902892736675413,
    0.0025427028991707504,
    1.111184142953281e-14
  ],
  "dipole_mag_D": 0.8599992339565602,
  "HOMO_eV": -14.39462300360829,
  "LUMO_eV": -13.81680217046141,
  "gap_eV": 0.5778208331468804
}