{
  "tag": "RMC-Nb_3-Ru_3-A2-B10-NNNNNN",
  "energy_eV": -3224.180295817129,
  "multiplicity": 2,
  "charge": 2,
  "sym1": "Nb",
  "ox1": 3,
  "sym2": "Ru",
  "ox2": 3,
  "acid": "A2",
  "base": "B10",
  "bridge": [
    "N",
    "N"
  ],
  "S1_ref": 1.0,
  "S2_ref": 0.5,
  "mulliken_q_e": [
    0.2863545780723119,
    0.012006972789745274,
    -0.17223916744876444,
    -0.1722386532846012,
    -0.1284346976681776,
    -0.1284390752498341,
    -0.06553924864454297,
    -0.0655376356854167,
    0.12734684884524627,
    0.005022408848346593,
    -0.010730516346186159,
    -0.017762275928221216,
    -0.009041431291048063,
    0.0011332651604218924,
    0.07854783358899131,
    0.0905463148300214,
    0.07840309925105815,
    0.06429850675094606,
    0.0728336873788964,
    0.09033337016480514,
    0.08107102945317035,
    0.127347619043644,
    0.00502172544042212,
    -0.010730703307789025,
    -0.01776181324866788,
    -0.009040395028949488,
    0.001130348109730006,
    0.07854806548691151,
    0.09054553198301851,
    0.07840223235782406,
    0.0642990013178204,
    0.07283541949886696,
    0.09033353296710322,
    0.08106909607960489,
    0.0752470480497347,
    0.014631384158128924,
    0.022273796227102904,
    -0.018198043317998458,
    -0.010798858213176166,
    -0.04211074328560804,
    0.08255801813477348,
    0.08048441670640771,
    0.061888816943763136,
    -0.018208109179527865,
    0.022267165042131998,
    0.014635856052306107,
    0.07524798009564093,
    -0.04210862691946793,
    -0.010795587288757513,
    0.0825682375749145,
    0.061889396223354654,
    0.08047988114518312,
    0.07695152212653089,
    0.023652264108706245,
    0.026457598573157437,
    -0.017409792105750332,
    -0.008088775600640696,
    -0.04237098457046651,
    0.08730951332477555,
    0.08511590934256819,
    0.06743978567354625,
    -0.017413556203129454,
    0.02645458101136522,
    0.02365441272329072,
    0.07695128618108193,
    -0.04237041905430394,
    -0.008087715610926693,
    0.08731323786935541,
    0.06744008029575943,
    0.08511415569212288
  ],
  "dipole_vec_eA": [
    -0.17000058551905667,
    1.048994471062621e-05,
    1.6901951792014405e-07
  ],
  "dipole_mag_D": 0.8165475398225593,
  "HOMO_eV": -15.034750201367666,
  "LUMO_eV": -14.234896881734985,
  "gap_eV": 0.7998533196326818
}