{
  "tag": "RMC-Cr_3-Ir_3-A2-B10-NNNNNO",
  "energy_eV": -3262.7481339793867,
  "multiplicity": 2,
  "charge": 3,
  "sym1": "Cr",
  "ox1": 3,
  "sym2": "Ir",
  "ox2": 3,
  "acid": "A2",
  "base": "B10",
  "bridge": [
    "N",
    "O"
  ],
  "S1_ref": 0.5,
  "S2_ref": 0.0,
  "mulliken_q_e": [
    0.6108596448455907,
    0.2237646786848848,
    -0.22059095069939483,
    -0.2619379410482354,
    -0.14502940623111282,
    -0.16257505646323045,
    -0.04094803294357474,
    -0.0951905661660104,
    0.17694498885549348,
    -0.0033673621578771407,
    -0.009755247390715649,
    -0.009427582083663344,
    -0.006374297306109611,
    -0.007744819068909559,
    0.09571468440668862,
    0.11324845995515997,
    0.09770675588847089,
    0.05971331518652212,
    0.06921422179393821,
    0.09572425136012275,
    0.08716150209723694,
    0.11202142231543744,
    0.011105672427455193,
    -0.00473983645148679,
    -0.006271382823228588,
    -0.002992270234289718,
    0.003235241171471559,
    0.09930031363336911,
    0.1150576462220193,
    0.09796577268841633,
    0.04739215502715988,
    0.06071492852352023,
    0.11658531190615751,
    0.1042454795490525,
    0.07629668989328575,
    0.020677747273418756,
    0.038366057476787674,
    -0.0074676062404051,
    0.00045500851503055273,
    -0.03446258485506215,
    0.10880713939353814,
    0.1054237911285888,
    0.08147108449265783,
    -0.007078177065950042,
    0.03683626694876119,
    0.021172282793518127,
    0.07902985750246705,
    -0.032714464695484224,
    0.0007034952637201553,
    0.10733365350745094,
    0.07884692379106373,
    0.10441013220876683,
    0.07063953783956234,
    0.024843555147549212,
    0.04084330628656341,
    -0.006398754540871021,
    0.0013449256571715917,
    -0.033127639048697866,
    0.11164652330608571,
    0.10926502664105275,
    0.08579265068181163,
    -0.006337212558777727,
    0.03990050235335496,
    0.02429364069467721,
    0.07363727767965322,
    -0.03316373324842492,
    0.000885783575119925,
    0.109982900859245,
    0.08081494512096399,
    0.10629777079296909
  ],
  "dipole_vec_eA": [
    -0.14611038537873644,
    -0.11620241509056847,
    1.589072529144271e-15
  ],
  "dipole_mag_D": 0.896685632929216,
  "HOMO_eV": -17.628383947062648,
  "LUMO_eV": -17.519604689204332,
  "gap_eV": 0.10877925785831621
}