{
  "tag": "RMC-Cu_2-Zr_2-A2-B5-NNNNNS",
  "energy_eV": -1977.330468058445,
  "multiplicity": 4,
  "charge": 1,
  "sym1": "Cu",
  "ox1": 2,
  "sym2": "Zr",
  "ox2": 2,
  "acid": "A2",
  "base": "B5",
  "bridge": [
    "N",
    "S"
  ],
  "S1_ref": 0.5,
  "S2_ref": 1.0,
  "mulliken_q_e": [
    0.22219181323706394,
    0.8259445000212826,
    -0.2996896355175158,
    0.09223251906273794,
    -0.22752174370142275,
    -0.1966932119824747,
    -0.3398821827505143,
    -0.34283450433256557,
    0.033950632404610825,
    -0.009407962252699242,
    -0.030421947414153383,
    -0.026969122250254607,
    -0.02766899475248108,
    -0.006165303453346427,
    0.04985260598260999,
    0.05678739226872087,
    0.055035007821271575,
    0.06803355168144365,
    0.05868312219472549,
    0.03132082833166927,
    0.059591612793646664,
    0.1258057548778868,
    -0.020089003508154235,
    -0.023486711410490413,
    -0.03644315761051242,
    -0.02297683175216858,
    -0.005029796247718821,
    0.05742383023041109,
    0.05810706795560128,
    0.05716868528349517,
    0.08644365399100762,
    0.0904836113423857,
    0.0821825244336517,
    0.05900300458450036,
    -0.047378154764872615,
    -0.05126931149590064,
    0.1305965184669129,
    0.1207407898483841,
    -0.04876109996818734,
    -0.0101688527862136,
    0.1772939331741773,
    0.17398456757405023
  ],
  "dipole_vec_eA": [
    0.8507546557134642,
    0.013101089335156106,
    1.109701511774988e-15
  ],
  "dipole_mag_D": 4.086832886138805,
  "HOMO_eV": -10.694571323504842,
  "LUMO_eV": -10.554516741863253,
  "gap_eV": 0.14005458164158924
}