{
  "tag": "RMC-Mg_2-Ru_3-A2-B10-NNNNNO",
  "energy_eV": -3220.9930714405914,
  "multiplicity": 2,
  "charge": 2,
  "sym1": "Mg",
  "ox1": 2,
  "sym2": "Ru",
  "ox2": 3,
  "acid": "A2",
  "base": "B10",
  "bridge": [
    "N",
    "O"
  ],
  "S1_ref": 0.0,
  "S2_ref": 0.5,
  "mulliken_q_e": [
    0.4604022222595151,
    0.052769421699317864,
    -0.17945467040817253,
    -0.28420799524145357,
    -0.11894257621486659,
    -0.11285543107218943,
    -0.05910870143976821,
    -0.09366877956327158,
    0.19619374910936682,
    -0.014248502617141723,
    -0.01469394787904621,
    -0.024217967468841195,
    -0.01130791811658316,
    -0.021109525248451,
    0.07385442304636869,
    0.0873906337537822,
    0.0773833662250939,
    0.07744122511139806,
    0.0647944247252954,
    0.07961744744042565,
    0.0859442257293338,
    0.11689709825246486,
    0.011896334542506937,
    -0.010775683976083084,
    -0.013757103027743911,
    -0.013302057957616853,
    0.0014626793170500196,
    0.08201633765780258,
    0.09209149745532641,
    0.07758084822502576,
    0.05651576100437561,
    0.056075627970641584,
    0.09101013338665653,
    0.0896948112696756,
    0.0691691795933993,
    0.011897309611673013,
    0.022275745811270342,
    -0.01883765102123136,
    -0.013160917446543463,
    -0.04517891514612704,
    0.08349580981779436,
    0.08142108671307324,
    0.06220170752224008,
    -0.01856736731461961,
    0.022627841347048427,
    0.008521095015594282,
    0.070454993807195,
    -0.042115108683104197,
    -0.012594271829708514,
    0.08306708482689129,
    0.06330214081078145,
    0.08185079769202752,
    0.07477154959405974,
    0.021471652073216996,
    0.021851723311649973,
    -0.018004685486082694,
    -0.011072268466846946,
    -0.04575683817980858,
    0.08352757849695802,
    0.08167614030096304,
    0.0637414025339752,
    -0.018400450116870193,
    0.022637927600754892,
    0.017707081597936547,
    0.07236304420658124,
    -0.0459231480525768,
    -0.011616349152345107,
    0.08255813618098495,
    0.05996739272147855,
    0.07928815079135088
  ],
  "dipole_vec_eA": [
    -0.19760142786589988,
    -0.006282252373416046,
    -1.7170368591064759e-06
  ],
  "dipole_mag_D": 0.949599570070449,
  "HOMO_eV": -14.780830704475793,
  "LUMO_eV": -14.671098472205374,
  "gap_eV": 0.10973223227041906
}