{
  "tag": "RMC-Co_3-Ni_2-A2-B4-NNNNOO",
  "energy_eV": -2140.045082645089,
  "multiplicity": 1,
  "charge": 3,
  "sym1": "Co",
  "ox1": 3,
  "sym2": "Ni",
  "ox2": 2,
  "acid": "A2",
  "base": "B4",
  "bridge": [
    "O",
    "O"
  ],
  "S1_ref": 0.0,
  "S2_ref": 0.0,
  "mulliken_q_e": [
    0.3852221813786122,
    -0.018403232750736298,
    -0.0756884951976231,
    -0.07568684170222761,
    -0.16272074467986486,
    -0.16269834045746046,
    0.09235091335749535,
    0.09235172477930775,
    0.14630274815064248,
    0.013829541836784198,
    0.005467185763251781,
    -0.003279715341012457,
    0.0008572333384420094,
    0.011677848309300742,
    0.12535044245637683,
    0.12946551972882148,
    0.11668057619510108,
    0.04079520541833537,
    0.08776766999905372,
    0.14587612602643718,
    0.1409368507702693,
    0.14630139683569032,
    0.01383080276930504,
    0.005471724873637562,
    -0.0032802457606111446,
    0.0008567781254982254,
    0.011673931249184255,
    0.12535047681415623,
    0.12946539544333446,
    0.11668078109860247,
    0.04079660926267348,
    0.08776128895956181,
    0.14587539239736924,
    0.14093656277799516,
    -0.051110686432825236,
    -0.05110956599709704,
    0.13778774790945758,
    0.13778774790945802,
    0.13778792956180042,
    0.13778792956180186,
    -0.030260657811288727,
    -0.03026033666150485,
    0.15335392341861132,
    0.15335392341861298,
    0.15335337644874636,
    0.15335337644874836
  ],
  "dipole_vec_eA": [
    -0.13319557772038143,
    -4.122414295997349e-05,
    -4.35487876127513e-15
  ],
  "dipole_mag_D": 0.63976559829347,
  "solvation_E_eV": null
}