{
  "tag": "RMC-In_1-Ni_2-A2-B10-NNNNOS",
  "energy_eV": -3305.776014610029,
  "multiplicity": 1,
  "charge": 1,
  "sym1": "In",
  "ox1": 1,
  "sym2": "Ni",
  "ox2": 2,
  "acid": "A2",
  "base": "B10",
  "bridge": [
    "O",
    "S"
  ],
  "S1_ref": 0.0,
  "S2_ref": 0.0,
  "mulliken_q_e": [
    0.3402604074848182,
    -0.22924601151502322,
    -0.336297653321193,
    0.083941626399194,
    -0.1490699709362504,
    -0.1693476030466763,
    -0.03911773050601197,
    -0.028532410570349054,
    0.04303916068084446,
    0.0038046657122807748,
    -0.018997893019887524,
    -0.029931061652609614,
    -0.019307741037675186,
    -0.0006836340257951878,
    0.060148269830281875,
    0.06454745668853945,
    0.05943523491595748,
    0.0521125523831365,
    0.0688591650467929,
    0.0750942817581366,
    0.05047011464715245,
    0.2074830373605383,
    -0.02069297840062312,
    -0.019571170459618203,
    -0.039093668272012216,
    -0.01959406819524978,
    -0.03299094077233944,
    0.05192765658622567,
    0.0567585426306666,
    0.050373408647372164,
    0.07079921524033495,
    0.07579754704725472,
    0.0627854429908099,
    0.060006803588525726,
    0.07163206640441633,
    -0.007486394743011937,
    0.011986635448287597,
    -0.029718736504031895,
    -0.021835308522441865,
    -0.04482633518361312,
    0.06009265130605457,
    0.05967298127537657,
    0.0509159348886018,
    -0.028563732384419005,
    0.011748933330917088,
    -0.0035020336012190345,
    0.07174669332237116,
    -0.045425087864000346,
    -0.022644965747089962,
    0.059967876559526845,
    0.049136130724957816,
    0.05784345045959238,
    0.06826499083464599,
    0.011680206354903522,
    0.010782660589119697,
    -0.029014409126624674,
    -0.022940234128417947,
    -0.049109269412137335,
    0.05814658382974469,
    0.056176412439677414,
    0.05028112195440304,
    -0.028521561180693267,
    0.011774142121636855,
    0.01682596299211281,
    0.06595719941326905,
    -0.04981388969332223,
    -0.023188073025850908,
    0.05967985458337988,
    0.04971400384196356,
    0.057393484535901096
  ],
  "dipole_vec_eA": [
    -0.4157822745587798,
    -0.294514186984164,
    1.0134321956903216e-13
  ],
  "dipole_mag_D": 2.4473421944501466,
  "HOMO_eV": -11.948614629202146,
  "LUMO_eV": -11.54222479347345,
  "gap_eV": 0.4063898357286959
}