{
  "tag": "RMC-Mn_3-V_3-A2-B7-NNNNOO",
  "energy_eV": -2141.7087163264578,
  "multiplicity": 3,
  "charge": 4,
  "sym1": "Mn",
  "ox1": 3,
  "sym2": "V",
  "ox2": 3,
  "acid": "A2",
  "base": "B7",
  "bridge": [
    "O",
    "O"
  ],
  "S1_ref": 0.0,
  "S2_ref": 1.0,
  "mulliken_q_e": [
    0.5603744502003274,
    0.369725699492366,
    -0.2691759529966944,
    -0.20769778320626187,
    -0.09714359403049277,
    -0.042046243165539954,
    -0.01764095567377577,
    -0.07067746950431486,
    0.1836251645464686,
    0.02230320692313037,
    0.01721937391799,
    0.01975039492594033,
    0.019399184064291752,
    0.033628809191131426,
    0.15242337567577857,
    0.17151539394405868,
    0.16244794077757196,
    0.08250862119014624,
    0.061455560705771406,
    0.14371894027860643,
    0.1536631912438522,
    0.18765431491826345,
    0.02306796604478123,
    0.023267506523378056,
    0.012489878380969266,
    0.018674683562211802,
    0.010905242678372451,
    0.15595649641429754,
    0.1691915806784009,
    0.1483597111638113,
    0.06547976183698268,
    0.08090147183097884,
    0.1601443635461045,
    0.14289777925892266,
    0.0378851473048869,
    0.0020885996316781785,
    0.15035611701563067,
    0.17373081331449314,
    -0.025548051924328075,
    0.17463472017303472,
    0.17463472018766257,
    0.022999491702245356,
    -0.00836595887718894,
    0.13888954010464183,
    0.17354838939757,
    -0.03219625618021649,
    0.18448733144749663,
    0.1844873314827098
  ],
  "dipole_vec_eA": [
    0.06206145958754597,
    0.3874437125368734,
    3.603054709758922e-09
  ],
  "dipole_mag_D": 1.8846947001285437,
  "HOMO_eV": -22.53969159426313,
  "LUMO_eV": -22.38873238922229,
  "gap_eV": 0.15095920504083793
}