{
  "tag": "RMC-Pd_2-Rh_2-A2-B5-NNNNNN",
  "energy_eV": -2065.9819246727,
  "multiplicity": 2,
  "charge": 0,
  "sym1": "Pd",
  "ox1": 2,
  "sym2": "Rh",
  "ox2": 2,
  "acid": "A2",
  "base": "B5",
  "bridge": [
    "N",
    "N"
  ],
  "S1_ref": 0.0,
  "S2_ref": 0.5,
  "mulliken_q_e": [
    -0.0060249513122661025,
    0.05115963457635142,
    -0.02544333535596599,
    -0.02543756092924454,
    -0.09925465729382577,
    -0.09925196645251289,
    -0.142198892723296,
    -0.14220208642976084,
    0.05110933010180929,
    -0.0045292942622015,
    -0.03616598847173558,
    -0.03661377945454336,
    -0.02909974845854557,
    -0.020940482078074307,
    0.03256772055667956,
    0.03263274396535154,
    0.03410691931589216,
    0.05486892526679976,
    0.017104096885434794,
    0.03758638157256755,
    0.0351435418410142,
    0.05110316014983107,
    -0.0045399501929193065,
    -0.0361694000785846,
    -0.036616132180614436,
    -0.029086615994249554,
    -0.020931089077233844,
    0.0325696209112889,
    0.03263084083123824,
    0.03410759360030258,
    0.05485443029665871,
    0.017119918069924633,
    0.03758991593919059,
    0.035143073737085584,
    -0.07517147843745842,
    -0.07499070786188211,
    0.07578030630352905,
    0.07577276784244358,
    -0.037595993881156975,
    -0.03761796057073097,
    0.11346764266969689,
    0.11346350706994146
  ],
  "dipole_vec_eA": [
    0.5661445162358623,
    8.967768483733444e-05,
    3.0866232814405368e-15
  ],
  "dipole_mag_D": 2.7193077919359547,
  "HOMO_eV": -9.193680850512335,
  "LUMO_eV": -7.683753609567452,
  "gap_eV": 1.509927240944883
}