{
  "tag": "RMC-Mn_2-V_3-A2-B2-NNNNOS",
  "energy_eV": -3011.4835037385214,
  "multiplicity": 2,
  "charge": 3,
  "sym1": "Mn",
  "ox1": 2,
  "sym2": "V",
  "ox2": 3,
  "acid": "A2",
  "base": "B2",
  "bridge": [
    "O",
    "S"
  ],
  "S1_ref": 0.5,
  "S2_ref": 1.0,
  "mulliken_q_e": [
    0.337345883688257,
    0.2784484068637133,
    -0.3190846444804587,
    0.015566289531759314,
    -0.08018694161588735,
    -0.09107404846295553,
    -0.07923873211864674,
    -0.07088021709622971,
    0.04093093375932577,
    0.017757939209083196,
    0.0014900225835823289,
    -0.005295847957380584,
    -9.776864737109925e-05,
    0.018070384689936825,
    0.10335927217661667,
    0.11806954803876069,
    0.1022136020473815,
    0.04856241351722779,
    0.041143644329018736,
    0.1107812064226057,
    0.10960757146835975,
    0.20834135485612704,
    -0.0019488564705107958,
    -0.009110060229242656,
    -0.01014739560869149,
    -0.0035529028303951105,
    -0.004100060851192522,
    0.09675166330332152,
    0.11554346684903938,
    0.10154087436620451,
    0.06247313864604864,
    0.05847888554816749,
    0.11216094344662497,
    0.11085013456476678,
    -0.0005466647505345534,
    0.03577374245951992,
    0.015638827279375933,
    0.07288299250739572,
    -0.02242474047431542,
    -0.00995690498724211,
    0.11229101577247069,
    0.08944437694897711,
    0.10857316236780923,
    0.07315507774627128,
    -0.0014223370317492101,
    -0.009200771044587608,
    -0.021662367900118218,
    0.1119315567259741,
    0.10974581007453299,
    0.08984741369161497,
    -0.002869860731333107,
    0.035395494413938744,
    0.015161514037841162,
    0.06491471804675109,
    -0.021294138091167758,
    -0.010712533802247348,
    0.1099468404974212,
    0.08573957785961994,
    0.10630679730601134,
    0.06528124404444968,
    -0.004589914593485567,
    -0.01154531441528217,
    -0.022159997392646735,
    0.10905775388664596,
    0.10596641982670418,
    0.0865611061931193
  ],
  "dipole_vec_eA": [
    -0.048671369577159125,
    -0.16440743421172402,
    -7.2617381333587184e-09
  ],
  "dipole_mag_D": 0.823559855885338,
  "HOMO_eV": -17.896706276764235,
  "LUMO_eV": -17.85192743378011,
  "gap_eV": 0.044778842984126044
}