{
  "tag": "RMC-Co_2-Sc_3-A2-B10-NNNNNO",
  "energy_eV": -3247.616357177182,
  "multiplicity": 2,
  "charge": 2,
  "sym1": "Co",
  "ox1": 2,
  "sym2": "Sc",
  "ox2": 3,
  "acid": "A2",
  "base": "B10",
  "bridge": [
    "N",
    "O"
  ],
  "S1_ref": 0.5,
  "S2_ref": 0.0,
  "mulliken_q_e": [
    0.1845970815007304,
    0.7371018027918592,
    -0.2494169829278443,
    -0.3732257767521736,
    -0.06532391570775964,
    -0.10178136909129232,
    -0.17771269128998046,
    -0.13100872108594697,
    0.19319628002804845,
    -0.025996006993232124,
    -0.013768440602462073,
    -0.024970667309588412,
    -0.013967701023468226,
    -0.014833519344214174,
    0.07676778961955155,
    0.08765271551458498,
    0.0767551177804433,
    0.0669809037506992,
    0.06489286049593912,
    0.09000328111038447,
    0.08104017831810506,
    0.11968767970725636,
    -0.01814110140959202,
    -0.011355340386403734,
    -0.02549046241522901,
    -0.008679013194204721,
    -0.004698683848996188,
    0.07193814354982542,
    0.08478027786312692,
    0.0768999957203842,
    0.055803344402205024,
    0.051053666366555506,
    0.09409400730253892,
    0.09743836336413447,
    0.06644535361915382,
    0.012691884337854287,
    0.022339051215555683,
    -0.020141121938249018,
    -0.013572759870274176,
    -0.045750976792935605,
    0.08122864778639971,
    0.07970343069382735,
    0.06298093528471638,
    -0.019545257125308524,
    0.022628275874202464,
    0.013092853370548996,
    0.06589872814973563,
    -0.04594205989517741,
    -0.014227841124244245,
    0.08057312941608463,
    0.058880583381748286,
    0.07690517018773912,
    0.06918955127985815,
    0.0002898537166031723,
    0.020688082792834184,
    -0.020388256860260467,
    -0.014564881485988224,
    -0.046124470549893104,
    0.08132956572803274,
    0.07900801743401153,
    0.061729494061885215,
    -0.019284280795525133,
    0.02053881881035524,
    0.0049220310593831584,
    0.06631187503957747,
    -0.0446770510664638,
    -0.014797776639958293,
    0.08116302055938462,
    0.06139062876446988,
    0.07877465577656184
  ],
  "dipole_vec_eA": [
    0.5893118279859865,
    -0.16741476762886429,
    -6.52723669544344e-16
  ],
  "dipole_mag_D": 2.9425894550701606,
  "HOMO_eV": -14.669576341868217,
  "LUMO_eV": -14.40349535049632,
  "gap_eV": 0.2660809913718971
}