{
  "tag": "RMC-Ni_2-Ni_2-A2-B4-NNNNNO",
  "energy_eV": -2177.9827823179753,
  "multiplicity": 1,
  "charge": 1,
  "sym1": "Ni",
  "ox1": 2,
  "sym2": "Ni",
  "ox2": 2,
  "acid": "A2",
  "base": "B4",
  "bridge": [
    "N",
    "O"
  ],
  "S1_ref": 0.0,
  "S2_ref": 0.0,
  "mulliken_q_e": [
    -0.10198721832531188,
    -0.10204059784536146,
    -0.060949348681217375,
    -0.16172716592989422,
    -0.013965411312549803,
    -0.02640744793130967,
    -0.013942308631495148,
    -0.026384143460231213,
    0.1848999470394812,
    -0.021815665454239186,
    -0.017973076124855547,
    -0.03613066872649684,
    -0.01796779775892854,
    -0.021817680742227674,
    0.061310241372594,
    0.06386133937610317,
    0.06131944863158101,
    0.0661634405042566,
    0.06616798424957548,
    0.05731254240602468,
    0.057325416032985355,
    0.10234801282061468,
    -0.011066723737283013,
    -0.01455348739650808,
    -0.03746685040644704,
    -0.014565711175872353,
    -0.011076292870622284,
    0.05887622154222616,
    0.059713497756326506,
    0.05887180102033851,
    0.05105283891481549,
    0.05104193032123061,
    0.06935723180234199,
    0.0693429032120374,
    -0.008096107175203038,
    -0.012313002496003866,
    0.07613973170780197,
    0.07613973170779953,
    0.07728003960692076,
    0.07728003960692109,
    -0.00809449916013083,
    -0.01231107546766963,
    0.07613725079580791,
    0.0761372507958068,
    0.07728671979314405,
    0.07728671979314383
  ],
  "dipole_vec_eA": [
    4.8158404902954896e-05,
    -0.38532917445231213,
    3.201900741848156e-14
  ],
  "dipole_mag_D": 1.8508147505397627,
  "solvation_E_eV": null
}