{
  "tag": "RMC-Co_3-Ti_3-A2-B5-NNNNNO",
  "energy_eV": -1970.1494753407515,
  "multiplicity": 2,
  "charge": 3,
  "sym1": "Co",
  "ox1": 3,
  "sym2": "Ti",
  "ox2": 3,
  "acid": "A2",
  "base": "B5",
  "bridge": [
    "N",
    "O"
  ],
  "S1_ref": 0.0,
  "S2_ref": 0.5,
  "mulliken_q_e": [
    0.31755809032085713,
    0.8821821072580203,
    -0.13308306244004187,
    -0.3409410435175677,
    -0.010732184978609949,
    -0.1052734425291193,
    -0.13993621900618547,
    -0.10993302225171608,
    0.18734788650531575,
    0.00267155689477816,
    0.0037603644702810524,
    -0.0037161410679207307,
    0.0038955334511729944,
    0.015776376259649005,
    0.1296498885885975,
    0.13830238703453757,
    0.12592194275050383,
    0.07975905002065575,
    0.08739561014483122,
    0.13641442411828564,
    0.16204665221440284,
    0.07298286883470717,
    0.006636169086740695,
    0.008918261929585336,
    -0.0033101130339046048,
    0.011182383947070385,
    0.015561225540159374,
    0.12176401085223953,
    0.12990271613494475,
    0.12098452211707611,
    0.07429656147169261,
    0.03132176937742637,
    0.13056251225568305,
    0.12235199291182575,
    0.009059984656976328,
    -0.010722169715722263,
    0.19943910399223186,
    0.20354659825730836,
    0.02352327695144396,
    0.028930576688145138,
    0.13799871293998134,
    0.136002275994471
  ],
  "dipole_vec_eA": [
    -0.7478959553375305,
    0.08402112729653953,
    9.69424766926681e-15
  ],
  "dipole_mag_D": 3.6148952028321437,
  "solvation_E_eV": null
}