{
  "tag": "RMC-Cu_1-Re_2-A2-B5-NNNNSS",
  "energy_eV": -2035.5834087680812,
  "multiplicity": 2,
  "charge": 1,
  "sym1": "Cu",
  "ox1": 1,
  "sym2": "Re",
  "ox2": 2,
  "acid": "A2",
  "base": "B5",
  "bridge": [
    "S",
    "S"
  ],
  "S1_ref": 0.0,
  "S2_ref": 0.5,
  "mulliken_q_e": [
    0.21088352658364917,
    -0.12067671984143347,
    0.16673609439183132,
    0.1667402690162798,
    -0.16448540380385146,
    -0.16447691928547536,
    -0.14184966313254277,
    -0.14187466448021624,
    0.022813276609240152,
    0.004264743620103761,
    -0.029555070203501455,
    -0.02367930688886699,
    -0.028959301712983665,
    -0.0017837334480717004,
    0.05616252501850072,
    0.06137584784218619,
    0.0587936306236142,
    0.036700260575463606,
    0.04430154971080813,
    0.061197204354415,
    0.0722108654338256,
    0.02282352149110789,
    0.004268747163393982,
    -0.029529494608941942,
    -0.0236848606313802,
    -0.028938849166680214,
    -0.0017850496068130273,
    0.05615972538703762,
    0.06137421236008822,
    0.05879078882192579,
    0.036758764276690226,
    0.044303250685951756,
    0.06119363570389147,
    0.07221133405488878,
    -0.049917230711987504,
    -0.04991217180990981,
    0.12810755380158068,
    0.1281080597791675,
    0.026615828748720816,
    0.026625769752338213,
    0.15579253762874223,
    0.15579491854690586
  ],
  "dipole_vec_eA": [
    0.2554680796283275,
    0.0003867170872121624,
    -1.3243317225690095e-06
  ],
  "dipole_mag_D": 1.2270667768245163,
  "HOMO_eV": -11.458490531132625,
  "LUMO_eV": -10.60205566315458,
  "gap_eV": 0.8564348679780451
}