{
  "tag": "RMC-Ag_1-Zn_2-A2-B4-NNNNNO",
  "energy_eV": -2040.536142148493,
  "multiplicity": 1,
  "charge": 0,
  "sym1": "Ag",
  "ox1": 1,
  "sym2": "Zn",
  "ox2": 2,
  "acid": "A2",
  "base": "B4",
  "bridge": [
    "N",
    "O"
  ],
  "S1_ref": 0.0,
  "S2_ref": 0.0,
  "mulliken_q_e": [
    0.2500478479210092,
    0.26756768873319503,
    -0.12353274031581041,
    -0.3659765278202962,
    -0.11486628709801017,
    -0.2549576236752058,
    -0.26904146343863045,
    -0.22265795996565196,
    0.19959739796782316,
    -0.02956837777242205,
    -0.02728269410515982,
    -0.044692120600053675,
    -0.028721672522607378,
    -0.034386118971376334,
    0.043734177902756466,
    0.0383003798174707,
    0.04094087645408495,
    0.09285433372781915,
    0.09299577740265286,
    0.0673534834461359,
    0.07318844439587846,
    0.06488641966796282,
    -0.01528472473199649,
    -0.030682216484938962,
    -0.03756519577413853,
    -0.03080319500029627,
    -0.022788969832516326,
    0.033975780656818166,
    0.031080902247882847,
    0.030589987280381536,
    0.08726889785269454,
    0.013974547902556811,
    0.04220024465148775,
    0.035367883272516054,
    -0.0602167304132144,
    -0.06826200823533646,
    0.07437013004888648,
    0.07437013004888637,
    0.06203779658990194,
    0.06203779658990238,
    -0.07342080347444013,
    -0.06853692309269555,
    0.03350176098248303,
    0.0335017609824837,
    0.038749953390560976,
    0.03874995339056042
  ],
  "dipole_vec_eA": [
    -0.6600038404111358,
    -0.16597201738082054,
    3.745342610877431e-15
  ],
  "dipole_mag_D": 3.268832937408031,
  "solvation_E_eV": null
}