{
  "tag": "RMC-Cu_1-Mn_2-A2-B1-NNNNOS",
  "energy_eV": -2572.674796741534,
  "multiplicity": 2,
  "charge": 1,
  "sym1": "Cu",
  "ox1": 1,
  "sym2": "Mn",
  "ox2": 2,
  "acid": "A2",
  "base": "B1",
  "bridge": [
    "O",
    "S"
  ],
  "S1_ref": 0.0,
  "S2_ref": 0.5,
  "mulliken_q_e": [
    0.40322287706823867,
    0.12219859334076233,
    -0.30252594610452244,
    -0.17237751474717675,
    -0.18844682118627598,
    -0.12790421615553216,
    -0.08781574212324506,
    -0.0924376732524701,
    0.06704683879788575,
    0.004682980440986695,
    -0.024888588209641682,
    -0.028088238718104064,
    -0.02343939468963896,
    -0.0014539221251244072,
    0.058211696452569184,
    0.06469975005986406,
    0.06080360976499244,
    0.035338043663285745,
    0.06467577145383929,
    0.05947008003691934,
    0.06398798813778805,
    0.19174149438356425,
    -0.01128762202422462,
    -0.026392268230120752,
    -0.033023051188264985,
    -0.025184030566302917,
    -0.021738198067247305,
    0.0590760326270513,
    0.06471280336958629,
    0.05959749340438425,
    0.04751889502060758,
    0.07500919531173422,
    0.05875550032482901,
    0.05443944487776853,
    -0.03598472491552718,
    0.05286422408645586,
    0.05468238269923531,
    -0.033726589095074866,
    -0.021950242948632903,
    -0.021842442610131574,
    0.05506680285617893,
    0.059829047476738006,
    0.06739463892964603,
    0.06689156548188158,
    -0.036034165167026844,
    0.07740751000285795,
    0.07668473488072536,
    -0.03594438960984769,
    -0.0223186815918901,
    -0.022227583741032175,
    0.06417205268209691,
    0.06424511618074713,
    0.07123740634736442,
    0.07136748164161255
  ],
  "dipole_vec_eA": [
    0.41812696150894196,
    -0.06743299833356588,
    2.860082320990489e-15
  ],
  "dipole_mag_D": 2.0342994277509217,
  "HOMO_eV": -11.740456804265074,
  "LUMO_eV": -11.049673990067626,
  "gap_eV": 0.6907828141974477
}