{
  "tag": "RMC-Au_3-Fe_3-A2-B1-NNNNOS",
  "energy_eV": -2528.885885208364,
  "multiplicity": 2,
  "charge": 4,
  "sym1": "Au",
  "ox1": 3,
  "sym2": "Fe",
  "ox2": 3,
  "acid": "A2",
  "base": "B1",
  "bridge": [
    "O",
    "S"
  ],
  "S1_ref": 0.0,
  "S2_ref": 0.5,
  "mulliken_q_e": [
    0.5928484600309598,
    0.7712208429617422,
    -0.38022237420778904,
    -0.12706468722963465,
    -0.10043244389855,
    -0.08008770159764289,
    -0.10386493126540763,
    -0.1052062756066301,
    0.07464534732081796,
    0.02896227212375324,
    0.015357544413257651,
    0.01035374799359845,
    0.015450451609538396,
    0.023235308957220813,
    0.14325145172588194,
    0.15638369406673558,
    0.13969450772459024,
    0.05946430040156647,
    0.06466986229588811,
    0.15742361324239207,
    0.1610389128570895,
    0.19448510887763604,
    0.013569436885843666,
    0.009557619400837547,
    0.00240814656424293,
    0.015347615218846311,
    -0.001830386847351262,
    0.1393965698173959,
    0.15470647617179745,
    0.13737818496582033,
    0.0682788394419449,
    0.07512681364163498,
    0.15795893058747623,
    0.15638101389428327,
    -0.004218388231050252,
    0.06057073199189689,
    0.05655225841532241,
    -0.005183266282785093,
    0.013999756747803183,
    0.018619328769698518,
    0.1162191791598064,
    0.11284915797626249,
    0.15220433169364567,
    0.1533663033721524,
    -0.0005658883050707608,
    0.04851390014946766,
    0.04846893102142724,
    -0.0004796165387674911,
    0.01231529167686296,
    0.01522184903255619,
    0.12545082352507964,
    0.12449070585292454,
    0.15539115687182647,
    0.15632718053505623
  ],
  "dipole_vec_eA": [
    0.3740135366384707,
    -0.19183000145391046,
    -1.5306024437060555e-15
  ],
  "dipole_mag_D": 2.018974080365281,
  "HOMO_eV": -21.864955483839,
  "LUMO_eV": -20.979963747102005,
  "gap_eV": 0.8849917367369962
}