{
  "tag": "RMC-Pt_2-Ta_3-A2-B10-NNNNNS",
  "energy_eV": -3272.5150742537967,
  "multiplicity": 3,
  "charge": 2,
  "sym1": "Pt",
  "ox1": 2,
  "sym2": "Ta",
  "ox2": 3,
  "acid": "A2",
  "base": "B10",
  "bridge": [
    "N",
    "S"
  ],
  "S1_ref": 0.0,
  "S2_ref": 1.0,
  "mulliken_q_e": [
    0.06348798601313577,
    0.5497969836463636,
    -0.24252142663524756,
    -0.04491812391291837,
    -0.02400477781872512,
    -0.08907576381939775,
    -0.1634291657914897,
    -0.16248685236629878,
    0.050115625994423985,
    -0.0012451528115520194,
    -0.013712715488808147,
    -0.018433377553657593,
    -0.013700948622404896,
    0.007265861869068413,
    0.07634243056058543,
    0.08814153401200264,
    0.0771412744199329,
    0.05209390487033527,
    0.05752593720861188,
    0.0850618812589663,
    0.08123700631839792,
    0.12561138021793683,
    -0.010648266243142634,
    -0.01207047615345247,
    -0.023972275756761974,
    -0.009094360094508147,
    -0.001686984597360608,
    0.07343969834671249,
    0.08601707206987719,
    0.07668796377826992,
    0.05030108013438772,
    0.05026171498956011,
    0.089261795936323,
    0.0996714567279704,
    0.06690794356922125,
    0.015260156373144707,
    0.023496446407338833,
    -0.019341486275457953,
    -0.011669828317590225,
    -0.04438070320597465,
    0.0845953193863822,
    0.08318709196322849,
    0.06687233819339455,
    -0.018239372528817466,
    0.022911125914075958,
    0.01667986634220142,
    0.07092826029678045,
    -0.044020472057522575,
    -0.012540683779719952,
    0.08320996696618466,
    0.06206354761725574,
    0.07981759373640362,
    0.06715478539965458,
    -0.007144036030804379,
    0.021319706508877267,
    -0.020956771668067198,
    -0.013809946585537025,
    -0.04304513930844989,
    0.08326708186092946,
    0.08173491866805949,
    0.06357845269213114,
    -0.01993958460459666,
    0.021186867121141262,
    -0.0036313096166968872,
    0.06990001370754606,
    -0.04345049453157945,
    -0.014399832803721369,
    0.08255288292848928,
    0.06136075164312094,
    0.0801226233118264
  ],
  "dipole_vec_eA": [
    0.23416485738325654,
    -0.19208102455886344,
    -1.1612798301755953e-16
  ],
  "dipole_mag_D": 1.4547311219616585,
  "HOMO_eV": -14.204967844012003,
  "LUMO_eV": -13.93123645501312,
  "gap_eV": 0.2737313889988826
}