{
  "tag": "RMC-Pd_2-Ti_3-A2-B6-NNNNSS",
  "energy_eV": -2211.5637760428253,
  "multiplicity": 2,
  "charge": 3,
  "sym1": "Pd",
  "ox1": 2,
  "sym2": "Ti",
  "ox2": 3,
  "acid": "A2",
  "base": "B6",
  "bridge": [
    "S",
    "S"
  ],
  "S1_ref": 0.0,
  "S2_ref": 0.5,
  "mulliken_q_e": [
    0.028775515966966037,
    0.5139698327423452,
    -0.023385571535899735,
    -0.023386054990979954,
    -0.013792091695514985,
    -0.013790174627937635,
    -0.16391007122535584,
    -0.1639138119753205,
    0.06859326297494595,
    0.009795422458416914,
    0.00043271259354682456,
    -0.006184714140107905,
    0.003828481090652147,
    0.01876925073199165,
    0.10913582678178146,
    0.12153982997917878,
    0.11289849162247667,
    0.08120466432874696,
    0.06371557582778609,
    0.10718525040482008,
    0.11521141469425289,
    0.06859004934484769,
    0.00979766054286757,
    0.00042837199546386096,
    -0.006183558838204872,
    0.0038213374218905027,
    0.0187737993243855,
    0.10913622051709271,
    0.12154041997964826,
    0.11289952925202507,
    0.08120596310299733,
    0.06371872952572155,
    0.10718468132197523,
    0.115210878466807,
    -0.08125706092638985,
    -0.029922880323604018,
    -0.02992306458694971,
    0.12435781392152023,
    0.11773851976609029,
    0.11240895482132696,
    0.11240903116738787,
    0.12667480306722478,
    0.12667496069898643,
    -0.07968456410088831,
    -0.014855808696690342,
    -0.014856307243796163,
    0.14713585976495214,
    0.1339271165352619,
    0.11979732026336587,
    0.11979744874081144,
    0.1283802867461873,
    0.1283804463482613
  ],
  "dipole_vec_eA": [
    1.1868087916724677,
    -1.1145354654019542e-05,
    0.31770520200631086
  ],
  "dipole_mag_D": 5.901204536229304,
  "HOMO_eV": -18.135966109748313,
  "LUMO_eV": -17.854136592199122,
  "gap_eV": 0.28182951754919117
}