{
  "tag": "RMC-Mn_2-Pd_2-A2-B4-NNNNNS",
  "energy_eV": -2087.641443141209,
  "multiplicity": 2,
  "charge": 1,
  "sym1": "Mn",
  "ox1": 2,
  "sym2": "Pd",
  "ox2": 2,
  "acid": "A2",
  "base": "B4",
  "bridge": [
    "N",
    "S"
  ],
  "S1_ref": 0.5,
  "S2_ref": 0.0,
  "mulliken_q_e": [
    0.29704425067520335,
    -0.022735191532704313,
    -0.1745816545452783,
    0.26159752362773736,
    -0.12298523043845977,
    -0.2688026821674183,
    -0.16872475734655845,
    -0.207702855155947,
    -0.0037645877649592485,
    -0.005249495301734797,
    -0.011880110654433285,
    -0.019981497141290383,
    -0.012668203087383478,
    0.002356435500882048,
    0.06882162959961757,
    0.07177176964455212,
    0.0712518122892114,
    0.05932852551755019,
    0.08136482019638791,
    0.06948153287774927,
    0.07423818910392765,
    0.11534106489268381,
    0.006803784953743897,
    -0.0214743016076957,
    -0.016131124626575843,
    -0.022783419621939638,
    0.018089414585588992,
    0.07217065354315078,
    0.07801810707441559,
    0.0777466509680449,
    0.07630289783836663,
    0.05636104611510828,
    0.1011073194703781,
    0.11305391955810074,
    -0.07410751317691622,
    -0.07751307429191723,
    0.04717150024832506,
    0.04717150024832628,
    0.051639444169395476,
    0.05163944416939592,
    -0.048956870312295564,
    -0.041738476581608897,
    0.07807877938564511,
    0.07807877938564334,
    0.09787512488932892,
    0.09787512488933103
  ],
  "dipole_vec_eA": [
    0.7844337880453686,
    -0.6795214059236112,
    2.805335053637605e-15
  ],
  "dipole_mag_D": 4.9848969916703565,
  "HOMO_eV": -12.560608398105577,
  "LUMO_eV": -12.295263551959149,
  "gap_eV": 0.2653448461464283
}