{
  "tag": "RMC-Ti_3-Zn_2-A2-B2-NNNNNO",
  "energy_eV": -2949.090760078482,
  "multiplicity": 2,
  "charge": 2,
  "sym1": "Ti",
  "ox1": 3,
  "sym2": "Zn",
  "ox2": 2,
  "acid": "A2",
  "base": "B2",
  "bridge": [
    "N",
    "O"
  ],
  "S1_ref": 0.5,
  "S2_ref": 0.0,
  "mulliken_q_e": [
    0.7428523512527545,
    0.3336067644384817,
    -0.3631018680876241,
    -0.3801387540914385,
    -0.17171332706796227,
    -0.15144561470699625,
    -0.12720595456116568,
    -0.104390653958365,
    0.190465269272883,
    -0.01421369956288987,
    -0.013502109677345109,
    -0.022260670902032098,
    -0.012900282153613718,
    -0.019790416023429014,
    0.08188671778659573,
    0.09336566256417855,
    0.08226523395063212,
    0.06207302591625563,
    0.06360096801514192,
    0.08607711391754691,
    0.09045818738374811,
    0.12655280116864587,
    -0.015599475335944746,
    -0.00656518720877175,
    -0.025698622357805734,
    -0.009978655121232638,
    -0.019568516596008,
    0.0760988233371096,
    0.08579864525859171,
    0.07395814724488148,
    0.060378967311314424,
    0.05341351177543374,
    0.07999575934791481,
    0.09569134207659591,
    -0.015489080361348773,
    0.027474549995852193,
    0.003720137988638239,
    0.06445922649623337,
    -0.034325766667596236,
    -0.019337564426903153,
    0.08637832251247002,
    0.06858929913380729,
    0.08162569677776121,
    0.06714684733499054,
    -0.019570575563970127,
    -0.018966777644646937,
    -0.03644445868014623,
    0.08471868190568799,
    0.0813420440646101,
    0.07112003571289716,
    -0.013991566127057542,
    0.02657147308500285,
    0.007544027457339952,
    0.0645001477023881,
    -0.0329439282078563,
    -0.01932968589303985,
    0.08389512001103261,
    0.06501809210347387,
    0.0787558277796141,
    0.06844478425324207,
    -0.01791627746314095,
    -0.018015473079718625,
    -0.033066576865134145,
    0.08206342414618639,
    0.07932252735959744,
    0.06624198040207252
  ],
  "dipole_vec_eA": [
    -0.37242003319810646,
    -0.3690340340768715,
    -2.233618538296989e-15
  ],
  "dipole_mag_D": 2.5182847712040304,
  "HOMO_eV": -14.252000771713362,
  "LUMO_eV": -14.095606462907368,
  "gap_eV": 0.1563943088059947
}