{
  "tag": "RMC-Hg_2-Rh_2-A2-B1-NNNNSS",
  "energy_eV": -2480.4566565312957,
  "multiplicity": 2,
  "charge": 2,
  "sym1": "Hg",
  "ox1": 2,
  "sym2": "Rh",
  "ox2": 2,
  "acid": "A2",
  "base": "B1",
  "bridge": [
    "S",
    "S"
  ],
  "S1_ref": 0.0,
  "S2_ref": 0.5,
  "mulliken_q_e": [
    0.3975022266362327,
    -0.04106594199556168,
    -0.15153956462366297,
    -0.1515395866339483,
    -0.16376769412065784,
    -0.16376773434769398,
    -0.010111596693922698,
    -0.010111639157530883,
    0.09572041931746389,
    0.014770532955439286,
    -0.005570819660420501,
    -0.019355462583496186,
    -0.0035838951101594407,
    0.012227628979828653,
    0.08620412503766872,
    0.09455173773939407,
    0.08796646387577267,
    0.0678127543263034,
    0.09377523803070686,
    0.09378485241599488,
    0.08330904158364039,
    0.09572033793660983,
    0.01477055657674109,
    -0.005570828223488311,
    -0.01935543072925827,
    -0.0035839124092318375,
    0.012227575645884503,
    0.0862041298929469,
    0.09455173168322506,
    0.08796643905364632,
    0.06781270518507831,
    0.09377513278420158,
    0.09378484710378188,
    0.08330906533809401,
    -0.01764625236449402,
    0.057288519849293396,
    0.0572884819203443,
    -0.017646216039006513,
    -0.007913969585672254,
    -0.0079140742690047,
    0.0828904938847358,
    0.08289046521621246,
    0.09807914480711799,
    0.09807919342691007,
    -0.023875821898771354,
    0.08144443907513454,
    0.0814444910987504,
    -0.023875829922660685,
    -0.008013345710578212,
    -0.008013358824937367,
    0.08394035902657415,
    0.08394037426276557,
    0.09939474140432758,
    0.0993947288536059
  ],
  "dipole_vec_eA": [
    0.2831423283440607,
    -1.3615323615073687e-07,
    -3.18381120168613e-13
  ],
  "dipole_mag_D": 1.3599904405200918,
  "HOMO_eV": -15.321152452673605,
  "LUMO_eV": -14.390741845091993,
  "gap_eV": 0.9304106075816119
}