{
  "tag": "RMC-Cd_2-Ir_2-A2-B7-NNNNNN",
  "energy_eV": -2129.146597529535,
  "multiplicity": 2,
  "charge": 0,
  "sym1": "Cd",
  "ox1": 2,
  "sym2": "Ir",
  "ox2": 2,
  "acid": "A2",
  "base": "B7",
  "bridge": [
    "N",
    "N"
  ],
  "S1_ref": 0.0,
  "S2_ref": 0.5,
  "mulliken_q_e": [
    0.4150560606242266,
    0.15040275494541577,
    -0.2966319821756376,
    -0.29295913000557183,
    -0.19061878534256693,
    -0.1723992683097053,
    -0.1105703906777864,
    -0.08939583217311564,
    0.10150929130749153,
    -0.022894461906462826,
    -0.031114180211979425,
    -0.04798578274610743,
    -0.02911218379804814,
    -0.030666230503638925,
    0.025919936832584756,
    0.025683930475493,
    0.026138971854458792,
    0.03993784406251333,
    0.05426707321446145,
    0.023178202034940032,
    0.02199166192120572,
    0.10093339394926426,
    -0.027002165216829743,
    -0.029844819129469347,
    -0.05195830066685203,
    -0.028184779377271374,
    -0.0352844186019583,
    0.02472498312157434,
    0.024416081560548197,
    0.024508097999882406,
    0.04218171391116132,
    0.0630352226813462,
    0.01829956304148206,
    0.019469497149100512,
    0.030876895578709984,
    -0.06794435926675102,
    0.023228274269019744,
    0.03883209283251132,
    0.017625076491633473,
    0.04628983408050846,
    0.046289834080507575,
    0.024153668758219782,
    -0.05917690307037238,
    0.027419891049353273,
    0.04074753818476862,
    0.010521472945143273,
    0.05305256306982653,
    0.05305256306982742
  ],
  "dipole_vec_eA": [
    -0.010215884350751365,
    0.14703070192413983,
    -2.9375236163744554e-16
  ],
  "dipole_mag_D": 0.7079211310882199,
  "HOMO_eV": -8.066962173098403,
  "LUMO_eV": -7.669984351361136,
  "gap_eV": 0.39697782173726726
}