{
  "tag": "RMC-Rh_3-Ru_3-A2-B7-NNNNOO",
  "energy_eV": -2207.68440805103,
  "multiplicity": 2,
  "charge": 4,
  "sym1": "Rh",
  "ox1": 3,
  "sym2": "Ru",
  "ox2": 3,
  "acid": "A2",
  "base": "B7",
  "bridge": [
    "O",
    "O"
  ],
  "S1_ref": 0.0,
  "S2_ref": 0.5,
  "mulliken_q_e": [
    0.1958876309732256,
    0.14775528736045007,
    -0.1052511523076669,
    -0.09982773700445202,
    -0.017075880046485192,
    0.005356831004089013,
    -0.018852679963767827,
    0.0035968420636112164,
    0.1977597152406163,
    0.029101820179661564,
    0.023389316494474954,
    0.018795186368720573,
    0.023032771746819503,
    0.025721982358078987,
    0.15916592302271992,
    0.17115640879812022,
    0.15789154246209247,
    0.07259672525898386,
    0.06641730179575833,
    0.1511985355132578,
    0.14889954353008572,
    0.19674374304657216,
    0.022963982431375873,
    0.01562825874185947,
    0.017308045386110305,
    0.017377829775773845,
    0.01706374659325305,
    0.15271201691356873,
    0.16679818045170625,
    0.15205815287700075,
    0.07004071330812045,
    0.06598748532832177,
    0.14275529931242892,
    0.1416502782103246,
    0.04279763203804454,
    0.012569588190770808,
    0.14432224186730036,
    0.1721227178683098,
    -0.028974570825342605,
    0.19197480827884972,
    0.19197480751322815,
    0.04446733423220239,
    0.011273510310921608,
    0.145298305257064,
    0.17316952334105362,
    -0.02520261550705083,
    0.1942015348377374,
    0.19420153531829198
  ],
  "dipole_vec_eA": [
    -0.0701332489361074,
    0.16395958240380715,
    -6.592104561318735e-09
  ],
  "dipole_mag_D": 0.8565531060719291,
  "HOMO_eV": -22.843540458941163,
  "LUMO_eV": -22.27518691258093,
  "gap_eV": 0.5683535463602318
}