{
  "tag": "RMC-Os_3-Y_3-A2-B2-NNNNOS",
  "energy_eV": -2986.584264807746,
  "multiplicity": 2,
  "charge": 4,
  "sym1": "Os",
  "ox1": 3,
  "sym2": "Y",
  "ox2": 3,
  "acid": "A2",
  "base": "B2",
  "bridge": [
    "O",
    "S"
  ],
  "S1_ref": 0.5,
  "S2_ref": 0.0,
  "mulliken_q_e": [
    0.36591440720055535,
    0.5412490171706844,
    -0.33075961546380217,
    0.008064274362156343,
    -0.04762599838946047,
    -0.042237072669688125,
    -0.10046712268466051,
    -0.10946033808528877,
    0.05424433253890881,
    0.015815421062006507,
    0.008197833763684548,
    0.002021914744488207,
    0.004933804632488936,
    0.02328195818995127,
    0.11901281828572763,
    0.13741165311391312,
    0.12022203028079059,
    0.06072235424154804,
    0.034840337683923917,
    0.12302743928172344,
    0.12977957810710627,
    0.20938399178005795,
    -0.005200816428701849,
    0.008831331485293248,
    -0.004150952662376417,
    2.694595600649663e-06,
    0.006225729329686569,
    0.11979076079584938,
    0.13728283178578626,
    0.11705473368924657,
    0.07218155248951375,
    0.061083681599340744,
    0.1248593801769734,
    0.12667764986498886,
    0.01725314603187278,
    0.04403488382715248,
    0.020220883673449208,
    0.07914699399263592,
    -0.012610009087282492,
    0.0020726834067672506,
    0.13737539648909636,
    0.10691300435491013,
    0.13403240546239525,
    0.07888635472771255,
    0.016684383355371146,
    0.0018154576964184432,
    -0.012367060221903703,
    0.13693989928376926,
    0.13363058252055937,
    0.10457198682145918,
    0.009914579270813295,
    0.043845077231396745,
    0.012295204378371727,
    0.07041705176512014,
    -0.011599639278522922,
    -0.0008970726329935452,
    0.13181592456138191,
    0.10172471094666335,
    0.13024996188989357,
    0.06979714857038366,
    0.008362552357887854,
    -0.00044407579305438816,
    -0.010619949882342716,
    0.13130773060591505,
    0.1308223440970534,
    0.10219586436639572
  ],
  "dipole_vec_eA": [
    0.18284113889571793,
    -0.010200726098230943,
    1.5537327117187315e-05
  ],
  "dipole_mag_D": 0.8795890311128842,
  "HOMO_eV": -20.679915491323214,
  "LUMO_eV": -20.53731747446034,
  "gap_eV": 0.14259801686287332
}