{
  "tag": "RMC-Co_2-Nb_3-A2-B6-NNNNNS",
  "energy_eV": -2201.3412763182473,
  "multiplicity": 2,
  "charge": 2,
  "sym1": "Co",
  "ox1": 2,
  "sym2": "Nb",
  "ox2": 3,
  "acid": "A2",
  "base": "B6",
  "bridge": [
    "N",
    "S"
  ],
  "S1_ref": 0.5,
  "S2_ref": 1.0,
  "mulliken_q_e": [
    0.08864227844089179,
    0.2737365501621589,
    -0.233938754271368,
    -0.00796100314682327,
    -0.0280480395853262,
    -0.0517831183747095,
    -0.13786134663131322,
    -0.13911027372128149,
    0.061987371936513824,
    0.008128648562805818,
    -0.008394094723341627,
    -0.013494563233393375,
    -0.005199958300404317,
    0.012936639013420237,
    0.08830256984700247,
    0.09909277757760115,
    0.09355744844416514,
    0.07971313364246502,
    0.05909919424899801,
    0.07968562994079065,
    0.08627385171365731,
    0.1272999473730878,
    -0.001770506714673159,
    -0.00836686040060286,
    -0.016846258982262663,
    -0.006058640638636703,
    0.006398215615238012,
    0.08390265883738357,
    0.09553287205731065,
    0.08869910060205088,
    0.08097597279476854,
    0.05473773824722272,
    0.0826497539931701,
    0.09380784000477049,
    -0.08094235762403001,
    -0.029151520113966045,
    -0.024302223176564386,
    0.0997800814000891,
    0.09469336552977203,
    0.09083829898175855,
    0.08434789129517362,
    0.10220736005409625,
    0.10233728198110281,
    -0.06660818639941857,
    0.011388810923693482,
    0.009795433685845012,
    0.09107318213764737,
    0.09476336717011902,
    0.07937580163377589,
    0.07760595713492435,
    0.08788399009191639,
    0.08858669246621043
  ],
  "dipole_vec_eA": [
    0.9910226198629086,
    -0.3621528834727068,
    0.08918217775201293
  ],
  "dipole_mag_D": 5.086033155183,
  "HOMO_eV": -15.384475429126248,
  "LUMO_eV": -14.952625664222047,
  "gap_eV": 0.43184976490420013
}