{
  "tag": "RMC-Co_3-Ta_3-A2-B7-NNNNNS",
  "energy_eV": -2128.488196434778,
  "multiplicity": 3,
  "charge": 3,
  "sym1": "Co",
  "ox1": 3,
  "sym2": "Ta",
  "ox2": 3,
  "acid": "A2",
  "base": "B7",
  "bridge": [
    "N",
    "S"
  ],
  "S1_ref": 0.0,
  "S2_ref": 1.0,
  "mulliken_q_e": [
    0.20339107356041153,
    0.762796909542109,
    -0.3024535431255766,
    -0.02168283599857182,
    -0.02377123309699658,
    -0.030986083656622698,
    -0.18010952281387915,
    -0.1621515888716265,
    0.05858846485317826,
    0.014370209245607946,
    0.005895284465971651,
    -0.00018144681614984393,
    0.007504505927363514,
    0.02554796196858078,
    0.11724530613635487,
    0.1307411329362862,
    0.12212339788168658,
    0.08058561765769157,
    0.054411762590697244,
    0.11594871663290196,
    0.11767079692852589,
    0.13283115075985807,
    -0.0005857337267902718,
    0.008665570060284455,
    -0.002679785949703639,
    0.007259815472242526,
    0.019651512914853342,
    0.11512282038083133,
    0.13000236977009239,
    0.11902099567338742,
    0.07755023378861226,
    0.056395602078507245,
    0.11744387142865931,
    0.12261831734091522,
    0.02382785264452658,
    -0.013840549159831683,
    0.11425904917516116,
    0.1392376742463065,
    -0.03264302487172954,
    0.15203451381700095,
    0.15203451381700073,
    0.018628309835804213,
    -0.0466888993274599,
    0.10811951872120029,
    0.1291545618003449,
    -0.005888764754099052,
    0.13149180919088344,
    0.1314918091908841
  ],
  "dipole_vec_eA": [
    0.8914434681077271,
    0.04804922319562272,
    3.018305515824753e-15
  ],
  "dipole_mag_D": 4.2880004126657365,
  "HOMO_eV": -18.907137371889384,
  "LUMO_eV": -18.3884836867357,
  "gap_eV": 0.5186536851536836
}