{
  "tag": "RMC-Fe_3-Sc_3-A2-B10-NNNNNS",
  "energy_eV": -3194.9704117347296,
  "multiplicity": 2,
  "charge": 3,
  "sym1": "Fe",
  "ox1": 3,
  "sym2": "Sc",
  "ox2": 3,
  "acid": "A2",
  "base": "B10",
  "bridge": [
    "N",
    "S"
  ],
  "S1_ref": 0.5,
  "S2_ref": 0.0,
  "mulliken_q_e": [
    0.7093901986830145,
    0.6706871411049089,
    -0.37904696114233505,
    -0.14281223915543398,
    -0.15830790436099895,
    -0.1804642327841406,
    -0.15109656626549817,
    -0.1298082589975038,
    0.05795340543904115,
    0.007332131531305741,
    -0.008070894302179443,
    -0.009805408298988905,
    -0.0048877936442457415,
    0.008045021367867333,
    0.09214382098115304,
    0.10857316646370463,
    0.09571918415075775,
    0.062124972692165326,
    0.062224343521454895,
    0.10252912325338759,
    0.0862037789747151,
    0.13923587370366164,
    -0.006286299790418282,
    0.0007716758887432729,
    -0.012181062823359623,
    -0.00719524329707566,
    -3.415649641547169e-05,
    0.09361718544839615,
    0.10658150894780072,
    0.0893359280198327,
    0.06679494736371439,
    0.04368270116830408,
    0.10570875991700568,
    0.11318713699111038,
    0.07003692439468412,
    0.014011524373184647,
    0.03359944117858982,
    -0.012734798335108044,
    -0.00174686931881185,
    -0.042117309409415604,
    0.1060769580556098,
    0.1040164501804498,
    0.0793805583628866,
    -0.010945801016746692,
    0.03337772775439607,
    0.011932436570827543,
    0.07848361087799804,
    -0.03674605559374888,
    8.007699040035732e-05,
    0.1046573344470002,
    0.07829051132568299,
    0.1031038510486082,
    0.07291325240935076,
    0.003691892100309291,
    0.02807146029185592,
    -0.012303107780568423,
    -0.0039595719534837315,
    -0.040075907353859686,
    0.10187551562809716,
    0.1007261643548868,
    0.07685401464977448,
    -0.011653313679959254,
    0.029682723067903316,
    0.007885915505556618,
    0.0704667903399967,
    -0.041149817410965905,
    -0.004484977992486261,
    0.10200803169805839,
    0.07615529824349498,
    0.0986940929205371
  ],
  "dipole_vec_eA": [
    0.15622098674597856,
    0.033427898145572114,
    -4.703524593298445e-15
  ],
  "dipole_mag_D": 0.7673473389478244,
  "HOMO_eV": -17.295049347366167,
  "LUMO_eV": -17.24984505391259,
  "gap_eV": 0.04520429345357613
}