{
  "tag": "RMC-Ag_1-In_1-A2-B7-NNNNOS",
  "energy_eV": -2186.643731041683,
  "multiplicity": 1,
  "charge": 0,
  "sym1": "Ag",
  "ox1": 1,
  "sym2": "In",
  "ox2": 1,
  "acid": "A2",
  "base": "B7",
  "bridge": [
    "O",
    "S"
  ],
  "S1_ref": 0.0,
  "S2_ref": 0.0,
  "mulliken_q_e": [
    0.18413976044623775,
    0.2812177133364957,
    -0.3638605109819977,
    -0.32652398977727914,
    -0.15890779418166345,
    -0.15284280056209743,
    -0.19245484770108146,
    -0.16821212507117544,
    0.0871541054318703,
    -0.0046395759447881435,
    -0.026338979755989422,
    -0.043167110375484485,
    -0.026670061398976985,
    -0.005857578449169898,
    0.034704740339694395,
    0.03391192318906766,
    0.03499538601242913,
    0.07697927202367305,
    0.07466911432687162,
    0.010340137590284071,
    0.01279880302956915,
    0.20127718183810495,
    -0.035687740981024785,
    -0.027017057759339602,
    -0.05103649797842036,
    -0.027961157821815075,
    -0.03109220187319517,
    0.032674292127660154,
    0.03263653523112442,
    0.03288413681834368,
    0.08362541186795358,
    0.07926382997734294,
    0.01093744346687564,
    0.013623575425557033,
    0.041140964809440295,
    -0.05574670704633555,
    0.020902103461913124,
    0.04487896402644609,
    0.016393961519741262,
    0.054379020644620524,
    0.05437902064472655,
    0.03871081453875247,
    -0.06411751353027428,
    0.018303814644692884,
    0.0371706821093295,
    0.01714408822678193,
    0.05044872704165415,
    0.05044872704283043
  ],
  "dipole_vec_eA": [
    -0.020758229832108756,
    0.3384556922051865,
    1.049334842432242e-11
  ],
  "dipole_mag_D": 1.6287265503845811,
  "HOMO_eV": -8.043393674802605,
  "LUMO_eV": -7.81620408017488,
  "gap_eV": 0.22718959462772492
}