{
  "tag": "RMC-Cr_3-Cu_2-A2-B10-NNNNNS",
  "energy_eV": -3257.5494108549915,
  "multiplicity": 1,
  "charge": 2,
  "sym1": "Cr",
  "ox1": 3,
  "sym2": "Cu",
  "ox2": 2,
  "acid": "A2",
  "base": "B10",
  "bridge": [
    "N",
    "S"
  ],
  "S1_ref": 0.5,
  "S2_ref": 0.5,
  "mulliken_q_e": [
    0.5562540046602418,
    0.24813592412384994,
    -0.28913286701468754,
    -0.16111903303159536,
    -0.12968258159153767,
    -0.17228738041547564,
    -0.1016450817862542,
    -0.10339394475432351,
    0.06617538556553892,
    0.010103181503841263,
    -0.010413288347701721,
    -0.01681121488794579,
    -0.014229376585514375,
    0.0006498050037195835,
    0.08211607003304267,
    0.08966939203362079,
    0.07383563731340104,
    0.06458159939081942,
    0.0626576577231246,
    0.07777638828726507,
    0.08049072005009261,
    0.12810607578112942,
    0.006130476456377432,
    -0.01419936209701489,
    -0.015876689317633863,
    -0.009462674109975477,
    0.008105114990031526,
    0.07875559334210935,
    0.09232930448716559,
    0.08523471506405678,
    0.05827024072270848,
    0.05934397458132534,
    0.0891461117080331,
    0.08968210585045389,
    0.06852618785318287,
    0.0057592570989875025,
    0.018910007081020863,
    -0.018626798469741468,
    -0.013813210104095752,
    -0.04469076781077286,
    0.08151248679248846,
    0.07993455207211608,
    0.06157891827247286,
    -0.019814915031096003,
    0.020010287931201853,
    0.005552498117776583,
    0.06634608974968548,
    -0.048418751003209026,
    -0.014714741810665677,
    0.0806587788231048,
    0.05774193833841634,
    0.07627039450303619,
    0.06127264818627465,
    0.0010709676325031392,
    0.022788117031969035,
    -0.01934883126419873,
    -0.013821871639945638,
    -0.04444242728181114,
    0.08242398108586868,
    0.07894257128178594,
    0.06169461338712856,
    -0.018342745136917138,
    0.020560860986855056,
    0.0013474822430283862,
    0.0657891804940065,
    -0.04099664189145891,
    -0.01330313951344797,
    0.08129797851107934,
    0.06157642173119182,
    0.07947263701987395
  ],
  "dipole_vec_eA": [
    -0.29272963605921115,
    -0.04869436311880968,
    6.324862724995806e-07
  ],
  "dipole_mag_D": 1.4253607270292772,
  "HOMO_eV": -14.77068279692637,
  "LUMO_eV": -14.198545409593683,
  "gap_eV": 0.5721373873326865
}