{
  "tag": "RMC-Cr_2-Ta_3-A2-B5-NNNNOO",
  "energy_eV": -1959.9115257790577,
  "multiplicity": 3,
  "charge": 3,
  "sym1": "Cr",
  "ox1": 2,
  "sym2": "Ta",
  "ox2": 3,
  "acid": "A2",
  "base": "B5",
  "bridge": [
    "O",
    "O"
  ],
  "S1_ref": 0.0,
  "S2_ref": 1.0,
  "mulliken_q_e": [
    0.6297403033407398,
    0.9402820903072902,
    -0.2956005052462103,
    -0.2955989291810277,
    -0.22183090613674117,
    -0.2218225964553482,
    -0.24727854642081426,
    -0.24727044275288668,
    0.22815926806804443,
    0.0026027199906866194,
    0.013336727158948847,
    -0.0041294316720350555,
    0.004807114596355744,
    0.009629386760671377,
    0.12896949991791706,
    0.13129340539116952,
    0.12490009249845113,
    0.11917266344709176,
    0.10686771895337333,
    0.1598474693423304,
    0.14840790365988044,
    0.22815878069204887,
    0.0025984958370308675,
    0.013337126566149715,
    -0.004130445542734673,
    0.004805905087645002,
    0.009623020459741394,
    0.12897094341958792,
    0.13129350511333038,
    0.12490004038790126,
    0.11917426453618019,
    0.1068651555438993,
    0.1598460132947952,
    0.1484076849903545,
    -0.0019459084256781,
    -0.0019515412025774559,
    0.21240764071183382,
    0.21240810100589802,
    -0.04959964505860048,
    -0.049599596360454745,
    0.14497288348170656,
    0.14497256988366347
  ],
  "dipole_vec_eA": [
    -0.659264162256715,
    -8.820593805891376e-05,
    -4.983806792869254e-12
  ],
  "dipole_mag_D": 3.1665804675518663,
  "solvation_E_eV": null
}