{
  "tag": "RMC-Sc_3-Sn_2-A2-B1-NNNNNS",
  "energy_eV": -2426.581794910638,
  "multiplicity": 1,
  "charge": 2,
  "sym1": "Sc",
  "ox1": 3,
  "sym2": "Sn",
  "ox2": 2,
  "acid": "A2",
  "base": "B1",
  "bridge": [
    "N",
    "S"
  ],
  "S1_ref": 0.0,
  "S2_ref": 0.0,
  "mulliken_q_e": [
    0.5647452833397232,
    0.49091356508668205,
    -0.3993012577952395,
    -0.25816240217431297,
    -0.1611884853577783,
    -0.13617775547323263,
    -0.17752413170400372,
    -0.15214671044473782,
    0.10160099357196661,
    0.014616063558337222,
    -0.0041863810564244375,
    -0.018520357162731704,
    -0.006238293264417383,
    0.016499476326686358,
    0.08920642192145889,
    0.0960999154695773,
    0.08827730883376173,
    0.0850290558832063,
    0.08977966997525488,
    0.07892059831284404,
    0.08683441544992387,
    0.14601232348799198,
    -0.009251675850153518,
    -0.002819447790383567,
    -0.02263219804927874,
    -0.005634431402869122,
    0.004150878580775119,
    0.08096943639759058,
    0.08884846597218699,
    0.08196281806048966,
    0.0817820937813507,
    0.09189997777961456,
    0.08090492270243266,
    0.09905154725333398,
    -0.02480743677710784,
    0.05497865405825064,
    0.050098808309973375,
    -0.02202457202565755,
    -0.01260430885038355,
    -0.009351424715758672,
    0.08377831017146331,
    0.0840098211346122,
    0.09665101672289067,
    0.09796579361637159,
    -0.021359765304150402,
    0.05916210275410139,
    0.05044665865079501,
    -0.020811251883441795,
    -0.011369547952615688,
    -0.009100695771616873,
    0.08159569173344006,
    0.07987141567716516,
    0.09364911860822522,
    0.0948999076237218
  ],
  "dipole_vec_eA": [
    -0.6390025664492832,
    -0.0945465160069765,
    -2.1877948709624635e-06
  ],
  "dipole_mag_D": 3.102674119886248,
  "HOMO_eV": -14.852941152109258,
  "LUMO_eV": -14.487895899994951,
  "gap_eV": 0.3650452521143066
}