{
  "tag": "RMC-In_1-Ta_3-A2-B4-NNNNNS",
  "energy_eV": -1975.8842699337501,
  "multiplicity": 3,
  "charge": 1,
  "sym1": "In",
  "ox1": 1,
  "sym2": "Ta",
  "ox2": 3,
  "acid": "A2",
  "base": "B4",
  "bridge": [
    "N",
    "S"
  ],
  "S1_ref": 0.0,
  "S2_ref": 1.0,
  "mulliken_q_e": [
    0.39001784306808146,
    0.527474813492409,
    -0.15714847306694835,
    0.12566850822583478,
    -0.13642556457304855,
    -0.21864130880293509,
    -0.2665111265408535,
    -0.321253397127653,
    0.02287537285798069,
    0.0022267374513365024,
    -0.023324729826333712,
    -0.02384666574189609,
    -0.020493051615458446,
    -0.0028699389019812838,
    0.06207519966923192,
    0.06588475645236636,
    0.06530299698484854,
    0.08132241509461058,
    0.052964352668072756,
    0.06528221260486755,
    0.07129245063812917,
    0.07189464914492172,
    -0.0011159393876678525,
    -0.02468126711875751,
    -0.029897541498000724,
    -0.016999947786599856,
    -0.011803413715564703,
    0.0519720179034473,
    0.0569181114751498,
    0.05947279495904245,
    0.0895808435294363,
    0.02035286715141571,
    0.08307824108346806,
    0.0454997468964754,
    -0.07359182834248301,
    -0.07541593311281014,
    0.07475463379695513,
    0.0747546337969539,
    0.07060874142701745,
    0.07060874142701756,
    -0.07491270844601194,
    -0.07585842159599432,
    0.062457174624950706,
    0.062457174624950706,
    0.06399661307393334,
    0.06399661307393378
  ],
  "dipole_vec_eA": [
    -0.07109561038084769,
    -0.4522202132087111,
    7.719812063832068e-14
  ],
  "dipole_mag_D": 2.1987855568432897,
  "solvation_E_eV": null
}