{
  "tag": "RMC-Cd_2-Rh_2-A2-B10-NNNNNN",
  "energy_eV": -3235.07747262283,
  "multiplicity": 2,
  "charge": 0,
  "sym1": "Cd",
  "ox1": 2,
  "sym2": "Rh",
  "ox2": 2,
  "acid": "A2",
  "base": "B10",
  "bridge": [
    "N",
    "N"
  ],
  "S1_ref": 0.0,
  "S2_ref": 0.5,
  "mulliken_q_e": [
    0.3671167393095275,
    -0.07638459745154658,
    -0.22202501754958193,
    -0.22191204653243712,
    -0.18178433624399126,
    -0.18179131099011192,
    -0.10279434851579783,
    -0.1027554310460328,
    0.10770935633214918,
    -0.020581668511750806,
    -0.02432013170716507,
    -0.048992985299877834,
    -0.024314200405266773,
    -0.02824366415305124,
    0.029115216376496056,
    0.029937096629553905,
    0.02859071279553549,
    0.05751662214236841,
    0.06008123807462473,
    0.03904312331587245,
    0.036802589659104434,
    0.10770300515134212,
    -0.02057989930868409,
    -0.02431535692789133,
    -0.04899135182728198,
    -0.024302431666591406,
    -0.028260013673681472,
    0.029116258693616226,
    0.029937962889119873,
    0.028588497089985565,
    0.057501985881164286,
    0.0600808721367625,
    0.0390481562058943,
    0.03680310445599111,
    0.074210345071819,
    -0.004813297759418411,
    0.003725271670697472,
    -0.038882556895461606,
    -0.031405896525275256,
    -0.05069627502111507,
    0.036817575546303716,
    0.03602623166827301,
    0.03579578979573006,
    -0.03893668204894518,
    0.0037177386796152234,
    -0.0048041174904969175,
    0.07421459736958713,
    -0.0506938375605821,
    -0.03138279470501515,
    0.03683852244713015,
    0.03579503834270881,
    0.03601882440878057,
    0.06957462919138502,
    0.0035396260335045504,
    0.0028046578713101233,
    -0.038568783113948735,
    -0.03204006984934593,
    -0.052326696778771,
    0.03548708423065672,
    0.034300996578797815,
    0.03528464033084722,
    -0.038558511266484796,
    0.0028125521565252054,
    0.0035238031071282983,
    0.06957172260773481,
    -0.05231521273800421,
    -0.03204407902343909,
    0.0354819786416285,
    0.03528135895732276,
    0.034302085605479204
  ],
  "dipole_vec_eA": [
    -0.23439100529452825,
    -0.00016931361713200358,
    1.1799815124777906e-15
  ],
  "dipole_mag_D": 1.1258281712072495,
  "HOMO_eV": -8.604928499694227,
  "LUMO_eV": -8.019706635576453,
  "gap_eV": 0.5852218641177735
}