{
  "tag": "RMC-Ti_3-V_3-A2-B5-NNNNSS",
  "energy_eV": -1884.941574270044,
  "multiplicity": 2,
  "charge": 4,
  "sym1": "Ti",
  "ox1": 3,
  "sym2": "V",
  "ox2": 3,
  "acid": "A2",
  "base": "B5",
  "bridge": [
    "S",
    "S"
  ],
  "S1_ref": 0.5,
  "S2_ref": 1.0,
  "mulliken_q_e": [
    0.9664091968485395,
    0.2950415891944411,
    0.2487745140186321,
    0.2487745091164078,
    -0.32974969076982075,
    -0.32975013711164136,
    -0.12059485739803,
    -0.12059487501859678,
    0.035480998895372595,
    0.031416741764818124,
    0.02037236991127922,
    0.007940454346303971,
    0.022099970552448722,
    0.019158174681171314,
    0.14432408077787284,
    0.1525474396015204,
    0.13993201640038988,
    0.06654275432849777,
    0.1152570087020719,
    0.15500658180740468,
    0.14249899948865596,
    0.03548054828852165,
    0.03141643007562056,
    0.0203715504102151,
    0.0079406330795051,
    0.022099821080509008,
    0.01915841919518191,
    0.14432403983409936,
    0.1525473628651558,
    0.13993180826631635,
    0.0665414723953619,
    0.11525706595189322,
    0.15500580464028468,
    0.14249948097798248,
    0.007598788575761128,
    0.007599277927242243,
    0.26321601942655914,
    0.26321607873043984,
    0.019486618317093862,
    0.019483172502799295,
    0.22796946510891702,
    0.22796830221264375
  ],
  "dipole_vec_eA": [
    -0.941772893926208,
    -1.1960721057689742e-05,
    1.444081524823702e-12
  ],
  "dipole_mag_D": 4.523527585841432,
  "HOMO_eV": -21.711722582629044,
  "LUMO_eV": -21.684769607418204,
  "gap_eV": 0.026952975210839725
}