{
  "tag": "RMC-Ru_3-Y_3-A2-B6-NNNNNO",
  "energy_eV": -2178.9724364792537,
  "multiplicity": 2,
  "charge": 3,
  "sym1": "Ru",
  "ox1": 3,
  "sym2": "Y",
  "ox2": 3,
  "acid": "A2",
  "base": "B6",
  "bridge": [
    "N",
    "O"
  ],
  "S1_ref": 0.5,
  "S2_ref": 0.0,
  "mulliken_q_e": [
    0.06846831194904557,
    0.566988972884197,
    -0.16052957034199844,
    -0.2688030304176263,
    -0.0010981749262561902,
    -0.054273029251540095,
    -0.09862751046260554,
    -0.10306900811692565,
    0.19794325380008204,
    -0.009336207239060368,
    0.005713673791000851,
    -0.006049546087473434,
    0.0014706600714220475,
    0.003992875505500759,
    0.11604037952582869,
    0.12679521210121691,
    0.11553650799491166,
    0.08080209846707676,
    0.0816260422014008,
    0.11782247363125875,
    0.10194266776186545,
    0.11907047323449049,
    0.010820279933126065,
    0.004565114796052594,
    0.007672530249634768,
    0.004820382840347914,
    0.03242132213551141,
    0.11911265758763057,
    0.13482391192970278,
    0.12680028639301721,
    0.07612367496570638,
    0.05865459483282587,
    0.1253388158867721,
    0.12370670179426646,
    -0.07528359605155255,
    -0.028489054143850945,
    -0.017131799764428468,
    0.11935659223579786,
    0.10394170811170411,
    0.11273435456376568,
    0.09663614667279918,
    0.12752249343486,
    0.11448430803237808,
    -0.08314558987109577,
    -0.03254698974030901,
    -0.031408686504390326,
    0.14207314609211907,
    0.11986774292818025,
    0.1198066027633169,
    0.11704202929531071,
    0.13682440950035812,
    0.1304283692398236
  ],
  "dipole_vec_eA": [
    0.7055403663803496,
    0.1843590791263456,
    0.645893810290696
  ],
  "dipole_mag_D": 4.679007098224047,
  "HOMO_eV": -18.809638655845824,
  "LUMO_eV": -18.714916591881117,
  "gap_eV": 0.0947220639647064
}