{
  "tag": "RMC-Co_2-Ti_2-A2-B10-NNNNOS",
  "energy_eV": -3270.7630768775202,
  "multiplicity": 4,
  "charge": 2,
  "sym1": "Co",
  "ox1": 2,
  "sym2": "Ti",
  "ox2": 2,
  "acid": "A2",
  "base": "B10",
  "bridge": [
    "O",
    "S"
  ],
  "S1_ref": 0.5,
  "S2_ref": 1.0,
  "mulliken_q_e": [
    0.10513495474020995,
    0.7014690194473021,
    -0.3834147255078233,
    -0.09688637065638739,
    -0.07941892713660881,
    -0.07036114364946822,
    -0.14701447491159048,
    -0.1740859891455684,
    0.05946446481755885,
    -0.002660600051711093,
    -0.015702330885274174,
    -0.020212985783181647,
    -0.011018131473146342,
    0.008027607920395807,
    0.07264720900628918,
    0.08781720996284825,
    0.08017028454321384,
    0.05408706236749139,
    0.05571249871608708,
    0.09339545863889576,
    0.08240194189607097,
    0.19159203622050147,
    -0.019659028814109636,
    -0.014237004575446965,
    -0.023209786125345744,
    -0.01809155403422036,
    -0.008446909991843832,
    0.07924189943272064,
    0.08931818528735946,
    0.07693683769413251,
    0.06032563427252535,
    0.058014992388913056,
    0.09214023323225118,
    0.08550688136480589,
    0.06685968677461585,
    0.011216268028327425,
    0.02086161032679157,
    -0.019778756956716714,
    -0.015308221099937569,
    -0.04613883785305806,
    0.08120694551174346,
    0.07790400599315772,
    0.06114163751249346,
    -0.019005488645694735,
    0.01911491682604116,
    0.01050596162589712,
    0.0682921575371227,
    -0.042930809768646494,
    -0.014936179226963109,
    0.0806899298696051,
    0.061901314561241705,
    0.07949501731496333,
    0.06702897784429496,
    -0.0021520443218190355,
    0.020828080632803836,
    -0.019233663701014647,
    -0.014166174340446647,
    -0.04430253755150271,
    0.08358676317252645,
    0.08221422389574728,
    0.06478976209758325,
    -0.019835849924408455,
    0.02228655612998942,
    -0.001544892958960542,
    0.06451833007536267,
    -0.04720606306246,
    -0.014840351047029854,
    0.08384139771033361,
    0.06384299610536037,
    0.08026888350514727
  ],
  "dipole_vec_eA": [
    0.5946596569481265,
    0.005924832086630984,
    -1.3510112676377953e-15
  ],
  "dipole_mag_D": 2.8564135700424607,
  "HOMO_eV": -13.988021196083547,
  "LUMO_eV": -13.959846144672616,
  "gap_eV": 0.028175051410931573
}