{
  "tag": "RMC-Ag_2-Ti_3-A2-B2-NNNNSS",
  "energy_eV": -3007.3654586476678,
  "multiplicity": 1,
  "charge": 3,
  "sym1": "Ag",
  "ox1": 2,
  "sym2": "Ti",
  "ox2": 3,
  "acid": "A2",
  "base": "B2",
  "bridge": [
    "S",
    "S"
  ],
  "S1_ref": 0.5,
  "S2_ref": 0.5,
  "mulliken_q_e": [
    0.37751958914401496,
    0.5893604665928623,
    -0.21203407248054262,
    -0.21204320219933145,
    -0.07286569116328256,
    -0.07286624378060647,
    -0.16495859002170166,
    -0.1649630205236341,
    0.08569046493886323,
    0.010489627014690361,
    -0.004722372013120646,
    -0.009007859538114449,
    -0.0008026372643286095,
    0.018976437204401897,
    0.09538745822001604,
    0.11201853946113627,
    0.10112784354214244,
    0.0745041869105636,
    0.06338568208641493,
    0.09542753515321734,
    0.11444173491029086,
    0.08569175875451474,
    0.010488183428314368,
    -0.004722685325273535,
    -0.009008857577248675,
    -0.0008022306491299869,
    0.018978219246317485,
    0.09538490117782761,
    0.11201828969762273,
    0.10113030562801228,
    0.07450386049873803,
    0.06338605753586735,
    0.0954308875837383,
    0.11444079429701759,
    -0.0032652293636767915,
    0.03953454059500183,
    0.016202624231474783,
    0.06964040182361786,
    -0.01700586998972109,
    -0.010439555112241816,
    0.11275811434904404,
    0.09347530941940563,
    0.1123331371039471,
    0.06964106665217096,
    -0.003266072448568025,
    -0.010442673010687908,
    -0.017006517292296408,
    0.11276026043668441,
    0.11233408657639754,
    0.0934726879127259,
    -0.006726023961293626,
    0.032848090051537104,
    0.001216154360422994,
    0.06102402974870569,
    -0.024138888019114457,
    -0.012228323579231537,
    0.10457643215687429,
    0.08269851851289978,
    0.10191131509714624,
    0.06101900276125316,
    -0.006723307314439264,
    -0.012223546666994878,
    -0.024141940271619644,
    0.10457339610184457,
    0.10190694054358651,
    0.08269647810196057
  ],
  "dipole_vec_eA": [
    0.9355943279419145,
    0.0037660350705490337,
    -1.5938629933757627e-14
  ],
  "dipole_mag_D": 4.493887077585153,
  "HOMO_eV": -17.425397234981684,
  "LUMO_eV": -17.189384341735657,
  "gap_eV": 0.23601289324602703
}