{
  "tag": "RMC-Au_3-Cu_1-A2-B6-NNNNOO",
  "energy_eV": -2317.0846319043612,
  "multiplicity": 1,
  "charge": 2,
  "sym1": "Au",
  "ox1": 3,
  "sym2": "Cu",
  "ox2": 1,
  "acid": "A2",
  "base": "B6",
  "bridge": [
    "O",
    "O"
  ],
  "S1_ref": 0.0,
  "S2_ref": 0.0,
  "mulliken_q_e": [
    0.40441973370107653,
    0.3475293005696409,
    -0.329336112205477,
    -0.3293367714230071,
    -0.1121805871543684,
    -0.11217977079476249,
    -0.11077113606987021,
    -0.11077395340158724,
    0.19415782440988805,
    -0.009187637090028788,
    -0.004126379485524634,
    -0.021104322832830924,
    -0.007185606047934057,
    -0.018457199890434373,
    0.09307483282676532,
    0.09909061499952976,
    0.08818763356972348,
    0.07732599809106344,
    0.07690256377339866,
    0.0883008186858365,
    0.1020646142530437,
    0.1941568157355429,
    -0.00918841089429634,
    -0.004128129247202406,
    -0.021107058798930156,
    -0.0071837786943402815,
    -0.018455826783722706,
    0.0930752680800303,
    0.0990914280832762,
    0.08818718241025669,
    0.07732584417175414,
    0.07690308562672765,
    0.088300261948979,
    0.1020646474946495,
    -0.07782122434267569,
    -0.011520628887809359,
    -0.011520658957955954,
    0.10064530884809408,
    0.07314113989764659,
    0.08982380000303025,
    0.08982378732284657,
    0.09041070752948688,
    0.09041078788145596,
    -0.0784636768415985,
    -0.014966414069547351,
    -0.014966232380406064,
    0.09635108441554507,
    0.07402198583481268,
    0.08108618918393651,
    0.08108621244169933,
    0.0885010424535827,
    0.08850100205098954
  ],
  "dipole_vec_eA": [
    -0.3584546455677569,
    -7.583722011711237e-06,
    0.04815332333260598
  ],
  "dipole_mag_D": 1.7371967124774315,
  "HOMO_eV": -15.541868027507645,
  "LUMO_eV": -14.865932926095748,
  "gap_eV": 0.6759351014118966
}