{
  "tag": "RMC-Au_3-In_1-A2-B4-NNNNNS",
  "energy_eV": -2026.2637443693811,
  "multiplicity": 1,
  "charge": 1,
  "sym1": "Au",
  "ox1": 3,
  "sym2": "In",
  "ox2": 1,
  "acid": "A2",
  "base": "B4",
  "bridge": [
    "N",
    "S"
  ],
  "S1_ref": 0.0,
  "S2_ref": 0.0,
  "mulliken_q_e": [
    0.2784873737181245,
    0.2651426025439104,
    -0.1351957355039628,
    0.17228003134651182,
    -0.11787599717386277,
    -0.19649791741731826,
    -0.20397686024425243,
    -0.21651866613813153,
    0.023153407332064946,
    0.0012207332562654827,
    -0.01631423147145039,
    -0.020821855064428574,
    -0.01466353421183153,
    0.0009998301099487517,
    0.07132456110542518,
    0.07317051300976962,
    0.07153500852769623,
    0.08647228114452798,
    0.054658479847250696,
    0.09504858839779995,
    0.0763595680610023,
    0.06990044435950726,
    -0.009403298579643504,
    -0.021096886692366423,
    -0.029392270794932562,
    -0.017180359925013766,
    -0.013378430513863115,
    0.05522481985913641,
    0.05761109624058092,
    0.05541309166601627,
    0.08980126344030004,
    0.017033327559549782,
    0.10068013580041812,
    0.040377388348820875,
    -0.07773774414350498,
    -0.06633208741818963,
    0.0789087437837408,
    0.07890874378374046,
    0.0807877042239139,
    0.08078770422391235,
    -0.06868809806792031,
    -0.06619718179629319,
    0.05383591952874767,
    0.053835919528748444,
    0.05415593720583234,
    0.05415593720583178
  ],
  "dipole_vec_eA": [
    -1.422348559435462,
    -0.745997830674872,
    -3.4809654854037294e-15
  ],
  "dipole_mag_D": 7.714472699176953,
  "solvation_E_eV": null
}