{
  "tag": "RMC-Ga_3-Ir_2-A2-B10-NNNNOO",
  "energy_eV": -3273.03003946638,
  "multiplicity": 1,
  "charge": 3,
  "sym1": "Ga",
  "ox1": 3,
  "sym2": "Ir",
  "ox2": 2,
  "acid": "A2",
  "base": "B10",
  "bridge": [
    "O",
    "O"
  ],
  "S1_ref": 0.5,
  "S2_ref": 0.5,
  "mulliken_q_e": [
    0.36430935021333666,
    0.27475114938788514,
    -0.27660217649736274,
    -0.27660254585693345,
    -0.09903935342754222,
    -0.099040407164674,
    -0.05451753271724158,
    -0.05451433180947762,
    0.19443452964543773,
    -0.008329744674493433,
    -0.0065872624640785915,
    -0.01564153804666457,
    -0.004123674274380429,
    -0.011673971549716056,
    0.0935673984916936,
    0.11013803366455754,
    0.0939609740675783,
    0.06017581925896254,
    0.0728893982368064,
    0.11105871303762582,
    0.10133632023490269,
    0.19443432369136393,
    -0.008327339058924244,
    -0.006588799614337226,
    -0.01564298355648064,
    -0.004123224770872236,
    -0.011673585176755985,
    0.09356899536504404,
    0.11013921972405061,
    0.09396036555920506,
    0.06017479391313674,
    0.07288934494417498,
    0.11105966741898277,
    0.10133649929244737,
    0.07883140050920812,
    0.02061669833876123,
    0.037911554766360656,
    -0.007411372530528038,
    0.0010656192391829133,
    -0.028851392811627186,
    0.10886981159685327,
    0.11050699815999121,
    0.08331802334409422,
    -0.007408471199273237,
    0.03791357056876432,
    0.02061500094142854,
    0.0788322836877422,
    -0.028853297033354375,
    0.0010656701705737959,
    0.10886636239142611,
    0.0833182007224097,
    0.1105079131810216,
    0.07311721652304404,
    0.0269598207472308,
    0.04176377253876962,
    -0.007272942089330936,
    0.004118932395869246,
    -0.03332289869298455,
    0.11270855472778296,
    0.11082537222072986,
    0.08566816938770583,
    -0.007276543816135739,
    0.0417606517996878,
    0.026961906540419855,
    0.07311508764572139,
    -0.03332088517572207,
    0.00411879960203021,
    0.11271249792110294,
    0.08566808476912346,
    0.11082340190839901
  ],
  "dipole_vec_eA": [
    -0.16858881989643487,
    1.6209468108380946e-05,
    4.225423551594369e-12
  ],
  "dipole_mag_D": 0.8097665433437307,
  "HOMO_eV": -17.61320428685145,
  "LUMO_eV": -16.28272312357999,
  "gap_eV": 1.3304811632714575
}