{
  "tag": "RMC-Cu_2-In_1-A2-B4-NNNNNN",
  "energy_eV": -2036.1267138743428,
  "multiplicity": 2,
  "charge": -1,
  "sym1": "Cu",
  "ox1": 2,
  "sym2": "In",
  "ox2": 1,
  "acid": "A2",
  "base": "B4",
  "bridge": [
    "N",
    "N"
  ],
  "S1_ref": 0.5,
  "S2_ref": 0.0,
  "mulliken_q_e": [
    0.09321807153774281,
    0.21180285736034754,
    -0.1885606276741434,
    -0.18856880633728612,
    -0.06402907043593764,
    -0.06403698676591052,
    -0.3423497581895343,
    -0.34233287347638,
    0.06323220982213873,
    -0.017066477519636525,
    -0.046959908957501684,
    -0.04908887202169643,
    -0.04470906313126721,
    -0.03499592260634521,
    0.0015713466179417823,
    -0.004341581865789701,
    -0.002905940788486605,
    0.08436342751724579,
    -0.011819304994613145,
    -0.019503148976451,
    0.002670422007260087,
    0.06322594402813198,
    -0.01706403888653485,
    -0.04699399644385083,
    -0.049083625432682076,
    -0.044666885554813573,
    -0.03500096317622936,
    0.0015796426958407661,
    -0.004347396540678616,
    -0.002919205570933059,
    0.08436633121392423,
    -0.01183988608898523,
    -0.01950434447805116,
    0.002676212758318419,
    -0.07393816020744604,
    -0.07394124491087073,
    0.040280359506236096,
    0.04028035950623654,
    0.040280495509380176,
    0.04028049550937762,
    -0.06925755524368826,
    -0.06925884040331609,
    0.04231411512506422,
    0.042314115125063445,
    0.04231404026068808,
    0.04231404026068497
  ],
  "dipole_vec_eA": [
    -1.1375032756846937,
    -7.675294325896219e-05,
    1.3218856273685048e-15
  ],
  "dipole_mag_D": 5.463660603345362,
  "HOMO_eV": -5.046099438358128,
  "LUMO_eV": -4.115351180982598,
  "gap_eV": 0.9307482573755301
}