{
  "tag": "RMC-Pt_2-Rh_3-A2-B2-NNNNOS",
  "energy_eV": -3115.9903460478067,
  "multiplicity": 1,
  "charge": 3,
  "sym1": "Pt",
  "ox1": 2,
  "sym2": "Rh",
  "ox2": 3,
  "acid": "A2",
  "base": "B2",
  "bridge": [
    "O",
    "S"
  ],
  "S1_ref": 0.0,
  "S2_ref": 0.0,
  "mulliken_q_e": [
    0.15005684386668794,
    -0.019097213711385175,
    -0.2272652064332048,
    0.17458239491008543,
    -0.02695601761313271,
    -0.007961806143244043,
    -0.019333075766538865,
    -0.01397277749291126,
    0.028954241106075918,
    0.019473689445671738,
    -0.004590609072904206,
    -0.00258848152524771,
    -0.0047178764374209425,
    0.01631293292188718,
    0.0995783008872746,
    0.11457508030102159,
    0.09895859251606087,
    0.03574463227295244,
    0.03226937043139788,
    0.10366721345953311,
    0.11692799696881218,
    0.20682466468687943,
    0.0014533699180292459,
    -0.009704968408188686,
    -0.010526118367831794,
    -0.006590630302089728,
    -0.005612140045269554,
    0.09619196288016907,
    0.11238559117279012,
    0.09713448914112621,
    0.06392823885260501,
    0.05518691159358968,
    0.09923195486346037,
    0.10597577890916643,
    0.0026053564421146813,
    0.03557471435681547,
    0.01751471785540093,
    0.06871596991706541,
    -0.02251427638582504,
    -0.008063212170750234,
    0.11272387587042343,
    0.08941945712544308,
    0.10946108529471399,
    0.06977844498215258,
    0.000566784409269383,
    -0.00790121840949598,
    -0.021722687954744746,
    0.11122036108090161,
    0.10860113649856284,
    0.08759023788884868,
    0.005567711158644739,
    0.034298888074181244,
    0.019790370957222247,
    0.07820385923629969,
    -0.020105665215860435,
    -0.007155802244240839,
    0.11140621943640228,
    0.08888044386848148,
    0.10775470369154216,
    0.07658739534384407,
    0.004303385443396035,
    -0.0075721500305587774,
    -0.019960645001096733,
    0.1105486646743874,
    0.10706885412926681,
    0.08631568989128158
  ],
  "dipole_vec_eA": [
    0.0086592291657846,
    -0.10316732966608137,
    -3.8152286436050657e-16
  ],
  "dipole_mag_D": 0.49727618485430153,
  "HOMO_eV": -18.105967603487603,
  "LUMO_eV": -17.66039059509282,
  "gap_eV": 0.44557700839478187
}