{
  "tag": "RMC-Ag_1-Ni_2-A2-B4-NNNNOO",
  "energy_eV": -2176.152054620476,
  "multiplicity": 1,
  "charge": 1,
  "sym1": "Ag",
  "ox1": 1,
  "sym2": "Ni",
  "ox2": 2,
  "acid": "A2",
  "base": "B4",
  "bridge": [
    "O",
    "O"
  ],
  "S1_ref": 0.0,
  "S2_ref": 0.0,
  "mulliken_q_e": [
    0.22183299913760302,
    -0.4625301991410812,
    -0.0900125024199474,
    -0.09001401629121819,
    -0.23511293426563773,
    -0.2351051981239336,
    0.11282020950406113,
    0.11282630958171125,
    0.14033596105525215,
    -0.012308081906841517,
    -0.01952116961652317,
    -0.025653998363765584,
    -0.020220959416747508,
    -0.0010657619186162925,
    0.07000625024316076,
    0.07002832674773984,
    0.06815023595100267,
    0.02895368590548797,
    0.09799188423572325,
    0.10977067427797194,
    0.05812315378435429,
    0.14033796072150473,
    -0.012305185647955685,
    -0.01952073250141617,
    -0.02565389276699115,
    -0.020221309737873172,
    -0.0010637829399018361,
    0.07000862256380669,
    0.0700275390909022,
    0.0681527015050939,
    0.028951191781322994,
    0.0979902494864977,
    0.10977117023207683,
    0.05812569527225797,
    -0.056850820738755914,
    -0.056850453328674666,
    0.08710720072627265,
    0.08710720072627254,
    0.08710750398591705,
    0.0871075039859176,
    -0.022315964037519676,
    -0.022316427804423,
    0.08650228711295671,
    0.08650228711296093,
    0.08650229315474112,
    0.08650229315473956
  ],
  "dipole_vec_eA": [
    -0.650650742031392,
    1.406548548703871e-05,
    -8.048814708866008e-15
  ],
  "dipole_mag_D": 3.125208423134085,
  "HOMO_eV": -11.95537347503542,
  "LUMO_eV": -10.747010737867111,
  "gap_eV": 1.2083627371683097
}