{
  "tag": "RMC-Re_3-Ta_3-A2-B7-NNNNOS",
  "energy_eV": -2130.407035027336,
  "multiplicity": 3,
  "charge": 4,
  "sym1": "Re",
  "ox1": 3,
  "sym2": "Ta",
  "ox2": 3,
  "acid": "A2",
  "base": "B7",
  "bridge": [
    "O",
    "S"
  ],
  "S1_ref": 0.0,
  "S2_ref": 1.0,
  "mulliken_q_e": [
    0.31092608373646924,
    0.8346142144870562,
    -0.3344236575137327,
    0.02093704396396673,
    0.03454533377873936,
    0.023694911769513105,
    -0.17459303159082418,
    -0.16464128381206233,
    0.05347132835228763,
    0.02079122221079066,
    0.021678369195869962,
    0.010912148095109986,
    0.018244463661040156,
    0.03571778083179811,
    0.14448281216425596,
    0.16083117247494927,
    0.14874833273986632,
    0.08530295628754048,
    0.04472990489140671,
    0.14291563005927654,
    0.15727818685626982,
    0.20032495381164783,
    -0.0007331149657547886,
    0.020253898033925744,
    0.004971848534812251,
    0.015822332855485177,
    0.020944634695360342,
    0.14319557578532305,
    0.1615203865019812,
    0.1484280004822771,
    0.09394258747767315,
    0.05327442902652213,
    0.14220526768487907,
    0.1563468412500576,
    0.01544143226583139,
    -0.002219057109728695,
    0.15728903996727972,
    0.18316237810867464,
    -0.059232295992941,
    0.19750062778147237,
    0.1975006339679305,
    0.01709851981813504,
    -0.04729406822842597,
    0.13578001172822074,
    0.15689510251664218,
    -0.01812469460138577,
    0.15477039882307408,
    0.15477040649397356
  ],
  "dipole_vec_eA": [
    0.969753571795358,
    0.1427916784642149,
    -4.663814897545824e-08
  ],
  "dipole_mag_D": 4.7081483903834185,
  "HOMO_eV": -22.142847571255547,
  "LUMO_eV": -21.805478748650632,
  "gap_eV": 0.3373688226049154
}