{
  "tag": "RMC-Co_2-Pb_2-A2-B4-NNNNNS",
  "energy_eV": -2049.92327488217,
  "multiplicity": 2,
  "charge": 1,
  "sym1": "Co",
  "ox1": 2,
  "sym2": "Pb",
  "ox2": 2,
  "acid": "A2",
  "base": "B4",
  "bridge": [
    "N",
    "S"
  ],
  "S1_ref": 0.5,
  "S2_ref": 0.0,
  "mulliken_q_e": [
    0.04726800651257268,
    0.6968006361384529,
    -0.16981129566039788,
    0.06431947667062565,
    -0.04761106420226047,
    -0.17634281668838114,
    -0.33275695518702775,
    -0.21992104958843184,
    0.030205538939446663,
    -0.0029243880700302594,
    -0.019784493314165763,
    -0.025089594014843897,
    -0.024475174979432968,
    0.004330687803620448,
    0.06404001619842825,
    0.06362108893802187,
    0.05937041936054399,
    0.056512747329165336,
    0.06445416630084022,
    0.0662146754010865,
    0.07133737391629502,
    0.06427489498377503,
    -0.012165799800874622,
    -0.01652983871246727,
    -0.02632771941892309,
    -0.01694359801205958,
    -0.012392721538520224,
    0.06332136770620211,
    0.06348442657710551,
    0.060396144053665,
    0.09649710447974957,
    0.01992516861216287,
    0.06781660450782534,
    0.07129915216086036,
    -0.05373121508416445,
    -0.06632483498717612,
    0.087998606190272,
    0.087998606191105,
    0.0801420840213879,
    0.080142084022641,
    -0.0817262030082031,
    -0.07769749061174247,
    0.06143512490896563,
    0.061435124909975714,
    0.0639574659876313,
    0.06395746599324381
  ],
  "dipole_vec_eA": [
    -0.5347820348760298,
    0.007239443514429458,
    3.967788349241556e-10
  ],
  "dipole_mag_D": 2.5689027037183685,
  "solvation_E_eV": null
}