{
  "tag": "RMC-Ag_1-V_3-A2-B1-NNNNNS",
  "energy_eV": -2514.855882365305,
  "multiplicity": 3,
  "charge": 1,
  "sym1": "Ag",
  "ox1": 1,
  "sym2": "V",
  "ox2": 3,
  "acid": "A2",
  "base": "B1",
  "bridge": [
    "N",
    "S"
  ],
  "S1_ref": 0.0,
  "S2_ref": 1.0,
  "mulliken_q_e": [
    0.3874914220280954,
    0.21873749343329218,
    -0.2727828803761312,
    -0.174050395076076,
    -0.14099642940196655,
    -0.14588675050996636,
    -0.11526815271421276,
    -0.11948559021180016,
    0.07032161022219952,
    0.007800324547763804,
    -0.0289453568488518,
    -0.02647022342440919,
    -0.029561378104686398,
    -0.0017614320668217776,
    0.05738312435890036,
    0.06296781653016947,
    0.05583538647391573,
    0.0367635876955974,
    0.05294441617487178,
    0.052400878707603016,
    0.06591674698005257,
    0.1269754502971201,
    0.003402913631573856,
    -0.025408236926643513,
    -0.02984487775742828,
    -0.025360361668330444,
    -0.014238950767619496,
    0.060679333022413906,
    0.06417302732149865,
    0.05727130582427409,
    0.04986596020525602,
    0.05090847281249333,
    0.05900122606105629,
    0.08459609610454666,
    -0.034289364202663375,
    0.061289341502197114,
    0.061309506311555406,
    -0.03349456133331041,
    -0.023900314219064134,
    -0.022128716556127248,
    0.061366241290521595,
    0.06086714754184297,
    0.06946141588405563,
    0.07073949761164211,
    -0.03811925101191438,
    0.06486657201494439,
    0.06457624920157445,
    -0.0386792492803274,
    -0.024767375735766706,
    -0.024821687400058412,
    0.059543514493157534,
    0.05864017004725275,
    0.06583315947631485,
    0.06633213019111728
  ],
  "dipole_vec_eA": [
    0.0045118702658113905,
    -0.13051195038363425,
    4.1254439547876263e-16
  ],
  "dipole_mag_D": 0.6272500422485056,
  "HOMO_eV": -11.563132444365642,
  "LUMO_eV": -11.040448521947479,
  "gap_eV": 0.5226839224181639
}