{
  "tag": "RMC-In_1-Rh_2-A2-B10-NNNNNN",
  "energy_eV": -3260.286716791328,
  "multiplicity": 2,
  "charge": -1,
  "sym1": "In",
  "ox1": 1,
  "sym2": "Rh",
  "ox2": 2,
  "acid": "A2",
  "base": "B10",
  "bridge": [
    "N",
    "N"
  ],
  "S1_ref": 0.0,
  "S2_ref": 0.5,
  "mulliken_q_e": [
    0.28278562576729854,
    -0.10394160113409934,
    -0.18659055818553694,
    -0.18643918037842155,
    -0.20334695873343334,
    -0.2033382525203884,
    -0.12820500785681688,
    -0.12818663994422175,
    0.10042707415275354,
    -0.026424226345748814,
    -0.046106687714704275,
    -0.055734268110899876,
    -0.04503478254068227,
    -0.034177457638812525,
    0.0051058440715117115,
    0.0027078163643029507,
    0.0055511618769312765,
    0.04505963187537643,
    0.04198316589597351,
    0.02156075453364692,
    0.014260460173376788,
    0.10040487578952417,
    -0.026449233927097637,
    -0.04619151029663682,
    -0.05572349473581428,
    -0.04510773486264852,
    -0.034194941096305165,
    0.005111538519708025,
    0.0027112577303995966,
    0.0055550790972144215,
    0.04499375338885003,
    0.04194017114988968,
    0.021568144075253648,
    0.014263296018548477,
    0.06886257021761066,
    -0.01589382450486365,
    -0.005020873868325282,
    -0.051577168003795304,
    -0.04131457031872254,
    -0.05453628323846482,
    0.011646422613665885,
    0.011878104725187022,
    0.02084052874892095,
    -0.05159282976802815,
    -0.005026575163647351,
    -0.015881481640669604,
    0.0688641230509317,
    -0.054531437316653,
    -0.04130343727066421,
    0.011659045161051873,
    0.02083955408158733,
    0.011872481633180443,
    0.06622521826157368,
    -0.007118038991680509,
    -0.005364388471721382,
    -0.05022200721206205,
    -0.04074895795177591,
    -0.05607936836301941,
    0.012483115174426906,
    0.012417072754072112,
    0.023106663267896344,
    -0.05021137648896823,
    -0.005367400273656786,
    -0.007117740940215889,
    0.06623803703536635,
    -0.05607031816122943,
    -0.040755866151929165,
    0.012478338101687525,
    0.023107324861704748,
    0.01241824070248665
  ],
  "dipole_vec_eA": [
    0.06542972360418461,
    -0.0014175689509974144,
    -6.055605842158374e-15
  ],
  "dipole_mag_D": 0.31434607803493736,
  "HOMO_eV": -5.312518212839857,
  "LUMO_eV": -5.0763438660211655,
  "gap_eV": 0.2361743468186912
}