{
  "tag": "RMC-Mn_2-Sc_3-A2-B10-NNNNNO",
  "energy_eV": -3224.987386856667,
  "multiplicity": 2,
  "charge": 2,
  "sym1": "Mn",
  "ox1": 2,
  "sym2": "Sc",
  "ox2": 3,
  "acid": "A2",
  "base": "B10",
  "bridge": [
    "N",
    "O"
  ],
  "S1_ref": 0.5,
  "S2_ref": 0.0,
  "mulliken_q_e": [
    0.27537771045855475,
    0.6554831903666659,
    -0.23994242602981153,
    -0.36981858929032096,
    -0.08054406856820862,
    -0.1377926390608395,
    -0.15499355554442462,
    -0.12498263998388093,
    0.19316273717266674,
    -0.024238972738557907,
    -0.013765156801497147,
    -0.0246857901430797,
    -0.013686899466234026,
    -0.017405717146369293,
    0.07638853414260494,
    0.08700508953290464,
    0.07508010948163091,
    0.06856762820911144,
    0.06931810028969543,
    0.09310537418121745,
    0.06997418154997614,
    0.11486563428141938,
    -0.009981711200956145,
    -0.01510529017887663,
    -0.021935205820764914,
    -0.00856396528996406,
    0.002515240980588418,
    0.07432595348945814,
    0.08903361046852587,
    0.08333486257438283,
    0.05430242383891515,
    0.0515775994729708,
    0.09892635454873577,
    0.09510590312952028,
    0.06734590943693552,
    0.009803868631892199,
    0.018834813555187013,
    -0.020448833758253127,
    -0.015266455644631582,
    -0.04615026555561896,
    0.07873603092754633,
    0.07711594217220419,
    0.06170387558544577,
    -0.02089225474138101,
    0.019065429388135824,
    0.010326464778514621,
    0.0658605734547506,
    -0.04875843018005099,
    -0.016539977595612543,
    0.07709835761482187,
    0.05324182649548892,
    0.07222955188844837,
    0.06871581843163721,
    0.000837021365716506,
    0.022155651599377713,
    -0.01966945551975985,
    -0.014008928836862555,
    -0.045358635452817486,
    0.0835301720405981,
    0.08117105420042114,
    0.06468852172792361,
    -0.018626343187543526,
    0.02162021450157403,
    0.0045797822373114805,
    0.06694509929373726,
    -0.04367830751314172,
    -0.01428303617836102,
    0.08337300224396149,
    0.06358989674663496,
    0.08110443414684443
  ],
  "dipole_vec_eA": [
    0.7620744875545037,
    -0.30362507488375406,
    -4.1700761912457995e-06
  ],
  "dipole_mag_D": 3.9402254455105736,
  "HOMO_eV": -14.252917204587941,
  "LUMO_eV": -14.202417365978958,
  "gap_eV": 0.05049983860898344
}