{
  "tag": "RMC-Cd_2-Mn_2-A2-B7-NNNNNN",
  "energy_eV": -2101.1757264966727,
  "multiplicity": 2,
  "charge": 0,
  "sym1": "Cd",
  "ox1": 2,
  "sym2": "Mn",
  "ox2": 2,
  "acid": "A2",
  "base": "B7",
  "bridge": [
    "N",
    "N"
  ],
  "S1_ref": 0.0,
  "S2_ref": 0.5,
  "mulliken_q_e": [
    0.43386815212136154,
    0.09289792901603611,
    -0.2943438632892157,
    -0.28891291159975196,
    -0.1899239818806997,
    -0.17613560752822277,
    -0.11191812344653873,
    -0.0915750257009913,
    0.1034420964948295,
    -0.015956106762491817,
    -0.03768063021491175,
    -0.042396385881654064,
    -0.03650875859254987,
    -0.02811507947892511,
    0.02704143211149823,
    0.02708404096627215,
    0.02564855855292114,
    0.03943096706010585,
    0.04622316490500067,
    0.0232072807781023,
    0.02480622774156438,
    0.10354812151038462,
    -0.01853472815996482,
    -0.03316910820715324,
    -0.045148988403998835,
    -0.03304406654829939,
    -0.031950345738077646,
    0.028440823768301038,
    0.028143382087226665,
    0.02620539187834625,
    0.04011085508987544,
    0.06217515277820729,
    0.017504950113585438,
    0.024100992303440427,
    0.030152248177970353,
    -0.0715404078194326,
    0.026275130472772523,
    0.039970287240936986,
    0.017832450396049415,
    0.04690732017565491,
    0.046907320175654243,
    0.029335178819728025,
    -0.05778862295150522,
    0.02912817000719481,
    0.04179847828761263,
    0.014726392049202008,
    0.053865123707410256,
    0.05386512370741259
  ],
  "dipole_vec_eA": [
    -0.19943206315805015,
    0.284235206259061,
    1.799233215029354e-15
  ],
  "dipole_mag_D": 1.667776000527945,
  "HOMO_eV": -7.874853918041482,
  "LUMO_eV": -7.704704701989729,
  "gap_eV": 0.17014921605175282
}