{
  "tag": "RMC-Re_3-V_3-A2-B6-NNNNOS",
  "energy_eV": -2186.946532705121,
  "multiplicity": 3,
  "charge": 4,
  "sym1": "Re",
  "ox1": 3,
  "sym2": "V",
  "ox2": 3,
  "acid": "A2",
  "base": "B6",
  "bridge": [
    "O",
    "S"
  ],
  "S1_ref": 0.0,
  "S2_ref": 1.0,
  "mulliken_q_e": [
    0.3533380273371878,
    0.28911939729953373,
    -0.21162602747020953,
    0.13825925557366134,
    0.015750341791952005,
    -0.02498742262863196,
    -0.13966161254419984,
    -0.07441495004130805,
    0.04696668315971353,
    0.022816485874252113,
    0.016666779873068194,
    0.011881640824104034,
    0.013258349068448805,
    0.028510795818383894,
    0.13837465856573394,
    0.15675713862708318,
    0.14021954987260554,
    0.07122579450804634,
    0.05698657692567877,
    0.13816791232420722,
    0.14162020829137045,
    0.1937964924639919,
    0.024221532637934695,
    0.01611756558006827,
    0.016450612257375763,
    0.018261835440919416,
    0.025101377223485155,
    0.1481124422955813,
    0.1655556965833368,
    0.1582239212191906,
    0.1062645375856952,
    0.05796410525851603,
    0.18086224114896032,
    0.15501034732635988,
    -0.09533096165356136,
    -0.05269091865922859,
    -0.04755486980218171,
    0.15790494322919668,
    0.12432152116488815,
    0.14514184367202088,
    0.13384552992079302,
    0.1564112803261859,
    0.14855721482310313,
    -0.062091554205407906,
    -0.07865425566848971,
    -0.02693627850204705,
    0.1965021624959572,
    0.12630561502204374,
    0.14321322499738842,
    0.12813534297053886,
    0.15919044553779838,
    0.14855742449326215
  ],
  "dipole_vec_eA": [
    1.1210800774912208,
    0.18057483296254656,
    0.9944834978107019
  ],
  "dipole_mag_D": 7.250174307856641,
  "solvation_E_eV": null
}