{
  "tag": "RMC-Cd_2-Mo_2-A2-B4-NNNNSS",
  "energy_eV": -1956.6133277498143,
  "multiplicity": 1,
  "charge": 2,
  "sym1": "Cd",
  "ox1": 2,
  "sym2": "Mo",
  "ox2": 2,
  "acid": "A2",
  "base": "B4",
  "bridge": [
    "S",
    "S"
  ],
  "S1_ref": 0.0,
  "S2_ref": 0.0,
  "mulliken_q_e": [
    0.2970041911003592,
    0.3705028167920468,
    0.1831531582715834,
    0.18314849245907766,
    -0.1728312196452373,
    -0.17284066738825654,
    -0.29091111210372245,
    -0.29091303953266845,
    0.027792432911827314,
    0.007852930534220981,
    -0.011067574738474972,
    -0.014191957032707814,
    -0.007273159960305309,
    0.004914668743899897,
    0.08299556051437051,
    0.09057673009919276,
    0.0866766334853305,
    0.09108198982921145,
    0.05602533178187641,
    0.08063057173899435,
    0.0950989807257463,
    0.027791800492037666,
    0.007850934270279275,
    -0.011073038802248636,
    -0.014188132877429815,
    -0.007269127519976104,
    0.004911907115619396,
    0.08299764399656939,
    0.09057446483724052,
    0.08667348587401025,
    0.0910856934984341,
    0.05602711588963527,
    0.08062675504385919,
    0.09510167462423802,
    -0.0570372279310456,
    -0.05703694737784315,
    0.09606922250440197,
    0.09606918283538579,
    0.09606879584585204,
    0.0960687562208612,
    -0.05185672606421665,
    -0.05185600201772256,
    0.13624142172934295,
    0.13624142450726962,
    0.1362455814432133,
    0.1362455832735534
  ],
  "dipole_vec_eA": [
    0.0532273370196598,
    5.6753153450222076e-05,
    2.370291266220366e-06
  ],
  "dipole_mag_D": 0.25566191803401594,
  "solvation_E_eV": null
}