{
  "tag": "RMC-Cr_2-Zr_2-A2-B6-NNNNNO",
  "energy_eV": -2187.630143098953,
  "multiplicity": 3,
  "charge": 1,
  "sym1": "Cr",
  "ox1": 2,
  "sym2": "Zr",
  "ox2": 2,
  "acid": "A2",
  "base": "B6",
  "bridge": [
    "N",
    "O"
  ],
  "S1_ref": 0.0,
  "S2_ref": 1.0,
  "mulliken_q_e": [
    0.5823735879617332,
    0.8414193964981882,
    -0.3976568731774506,
    -0.39760207235032086,
    -0.1731408344195995,
    -0.20488475078247959,
    -0.22924977258307466,
    -0.22141268351393006,
    0.1537975121450088,
    -0.03197089586451374,
    -0.04434910851783025,
    -0.03486786443474443,
    -0.04266630192701104,
    -0.026289099495031998,
    0.047288549821571935,
    0.05465074615152343,
    0.04931845353013409,
    0.03819812462921157,
    0.026344245734000626,
    0.05005078010813235,
    0.03477500777492204,
    0.09585336633335761,
    -0.029270189306281447,
    -0.036305345223920815,
    -0.03617155517841231,
    -0.034405761328284656,
    -0.017275977060975167,
    0.04509971058408335,
    0.05241794282203793,
    0.04916933266269552,
    0.034277216536328314,
    0.021892302789764395,
    0.0569765243240532,
    0.047795982570593254,
    -0.08239801334553576,
    -0.011434670541800473,
    -0.0025751220784244744,
    0.07051825696122371,
    0.07436017969553721,
    0.061082668791319183,
    0.05197568352690718,
    0.06852466198861007,
    0.06326530564334154,
    -0.07679344282832012,
    -0.004672624391541591,
    -0.0026431745492800918,
    0.08574691396191925,
    0.08745500246819193,
    0.07310828872855546,
    0.06852620147878707,
    0.07651206402095045,
    0.07526212265606202
  ],
  "dipole_vec_eA": [
    0.8054991086770829,
    -0.2621645448116976,
    0.08652570205599593
  ],
  "dipole_mag_D": 4.089910130528727,
  "HOMO_eV": -10.630905227854187,
  "LUMO_eV": -10.619020730915821,
  "gap_eV": 0.01188449693836624
}