{
  "tag": "RMC-Cu_1-Hf_2-A2-B7-NNNNOO",
  "energy_eV": -2209.547572240417,
  "multiplicity": 3,
  "charge": 1,
  "sym1": "Cu",
  "ox1": 1,
  "sym2": "Hf",
  "ox2": 2,
  "acid": "A2",
  "base": "B7",
  "bridge": [
    "O",
    "O"
  ],
  "S1_ref": 0.0,
  "S2_ref": 1.0,
  "mulliken_q_e": [
    0.26808263237453966,
    0.4810691778304794,
    -0.3408482565914883,
    -0.33786033223078893,
    -0.13560923107866385,
    -0.12478040512335298,
    -0.14957935496086794,
    -0.13027795261033703,
    0.18452174140549227,
    -0.023028162632217963,
    -0.027163140531060614,
    -0.03172434171329641,
    -0.02687569931130751,
    -0.018259911045446664,
    0.06007918153607961,
    0.06578666434347125,
    0.06192251583462438,
    0.04241460674963893,
    0.06971102130807583,
    0.06032717147959332,
    0.04953424690896269,
    0.18447156344839533,
    -0.025633911428719403,
    -0.02673923663849731,
    -0.03258960648412823,
    -0.026234804200458095,
    -0.02030898372302059,
    0.05974378341572628,
    0.06632578867672101,
    0.06180453304219691,
    0.04825650576154916,
    0.07144325886681924,
    0.0576734853898101,
    0.04655031140302612,
    0.022295350600380903,
    -0.04613842621171749,
    0.046593323421727506,
    0.0716079201872698,
    0.00013741552464585638,
    0.07823011405887825,
    0.07823011405887825,
    0.02614837623684174,
    -0.05562385400025005,
    0.0630584886288702,
    0.07768693971470098,
    0.0033187223105328734,
    0.08612532794868533,
    0.08612532794868333
  ],
  "dipole_vec_eA": [
    0.16870365048809452,
    0.29286857529864396,
    -1.1309465923041653e-15
  ],
  "dipole_mag_D": 1.623404343305162,
  "HOMO_eV": -11.066640031542086,
  "LUMO_eV": -10.905932654789849,
  "gap_eV": 0.1607073767522369
}