{
  "tag": "RMC-Au_3-Ni_2-A2-B10-NNNNSS",
  "energy_eV": -3324.122322617931,
  "multiplicity": 1,
  "charge": 3,
  "sym1": "Au",
  "ox1": 3,
  "sym2": "Ni",
  "ox2": 2,
  "acid": "A2",
  "base": "B10",
  "bridge": [
    "S",
    "S"
  ],
  "S1_ref": 0.0,
  "S2_ref": 0.0,
  "mulliken_q_e": [
    0.27166708490055225,
    -0.24278762509111873,
    0.062064006169986,
    0.062086599599228465,
    -0.13346920334167267,
    -0.1334671860058545,
    -0.017677869740350793,
    -0.017676777518020215,
    0.0660059112972633,
    0.02167204040578974,
    -0.0035063006527809026,
    -0.006668324537688175,
    -0.002214736454458466,
    0.012207550022324654,
    0.09460352488306001,
    0.10889570380454805,
    0.09345318145095516,
    0.0650731385917871,
    0.07191220718030067,
    0.0958729093752243,
    0.09161033158423759,
    0.06599230691919877,
    0.02166653149868636,
    -0.003505401907502037,
    -0.0066704075191545975,
    -0.0022137702701523487,
    0.012202620259085473,
    0.09460445448393051,
    0.10889593033656408,
    0.09345367878522792,
    0.06506987282093468,
    0.07190784082802093,
    0.09587371678027756,
    0.09161141044643539,
    0.08293995577179158,
    0.021523782646236445,
    0.0408583309985584,
    -0.008008853984867725,
    0.006727839102674382,
    -0.02754388029434085,
    0.11009077379466792,
    0.10881229299951434,
    0.08338955512521562,
    -0.008008428302953785,
    0.04085802198155597,
    0.021523667384325318,
    0.0829443758777122,
    -0.027544625837709003,
    0.006729271287500227,
    0.11008861684989435,
    0.08338942557780682,
    0.10881364836530971,
    0.0863205971666039,
    0.04386742537778576,
    0.040210697779794025,
    -0.007939791439493415,
    0.00805521811001575,
    -0.031184922293626016,
    0.1110060166711947,
    0.10971674252471819,
    0.08688336643830219,
    -0.007942870201433916,
    0.04020671981274093,
    0.0438703111776535,
    0.08632383476724681,
    -0.031183689283440286,
    0.008055062505662125,
    0.1110076142168176,
    0.08688314697741784,
    0.10971580380447588
  ],
  "dipole_vec_eA": [
    -0.03557226648226166,
    -0.00013333059965781342,
    3.939011931236429e-15
  ],
  "dipole_mag_D": 0.17086206244470883,
  "HOMO_eV": -17.744168585035965,
  "LUMO_eV": -17.66274417040615,
  "gap_eV": 0.08142441462981509
}