{
  "tag": "RMC-Hf_2-Y_3-A2-B1-NNNNOO",
  "energy_eV": -2457.2135859459427,
  "multiplicity": 3,
  "charge": 3,
  "sym1": "Hf",
  "ox1": 2,
  "sym2": "Y",
  "ox2": 3,
  "acid": "A2",
  "base": "B1",
  "bridge": [
    "O",
    "O"
  ],
  "S1_ref": 1.0,
  "S2_ref": 0.0,
  "mulliken_q_e": [
    0.5525763104064381,
    0.4707590427866287,
    -0.3267606273027146,
    -0.32676020760934077,
    -0.09744068528055694,
    -0.0974397652272756,
    -0.08908582700037582,
    -0.08908693385109423,
    0.1881520569438464,
    0.0003516293850811536,
    0.0015727044681830282,
    -0.009717169198967035,
    0.00014828050888704425,
    0.001822281649579871,
    0.11416492018106916,
    0.12600918142440465,
    0.1137303353082012,
    0.08157370368423345,
    0.08055743735912402,
    0.12202761497780767,
    0.12157424827513719,
    0.18815103657164367,
    0.0003522575532124428,
    0.0015719818852466538,
    -0.009716722260891819,
    0.00014653030842648462,
    0.0018228223689238376,
    0.11416501155100633,
    0.12600924506925215,
    0.11373054333353338,
    0.08157388684264788,
    0.08055196045321789,
    0.12202751718794957,
    0.12157512477251042,
    -0.015609618321003715,
    0.06382948921720732,
    0.06382945923414463,
    -0.015609178415304736,
    0.002611149707921978,
    0.002610655997132172,
    0.10010313452276931,
    0.10010307119028472,
    0.12458007687443695,
    0.12458014922699978,
    -0.011994720415811733,
    0.06403576167390734,
    0.06403620099897167,
    -0.011994914015631464,
    0.003514469868255654,
    0.0035141484912109,
    0.1029416140887297,
    0.1029416674192779,
    0.1256438273472602,
    0.125643827785629
  ],
  "dipole_vec_eA": [
    -0.05513746481744328,
    -2.0736119505113958e-05,
    -2.47135802420122e-13
  ],
  "dipole_mag_D": 0.26483652517688705,
  "HOMO_eV": -17.750346633325023,
  "LUMO_eV": -17.720820885245598,
  "gap_eV": 0.02952574807942554
}