{
  "tag": "RMC-Mg_2-Zr_2-A2-B4-NNNNNS",
  "energy_eV": -1945.506113628095,
  "multiplicity": 3,
  "charge": 1,
  "sym1": "Mg",
  "ox1": 2,
  "sym2": "Zr",
  "ox2": 2,
  "acid": "A2",
  "base": "B4",
  "bridge": [
    "N",
    "S"
  ],
  "S1_ref": 0.0,
  "S2_ref": 1.0,
  "mulliken_q_e": [
    0.4652783820762457,
    0.8500313037449945,
    -0.3850688900339996,
    0.04339456194258623,
    -0.2530638972421644,
    -0.2538911887655737,
    -0.3461109947262684,
    -0.36103941435734277,
    0.029502073771717097,
    -0.009806757230733876,
    -0.02993980632857718,
    -0.025853679302119126,
    -0.028785901425663063,
    -0.008409098642362833,
    0.052294709759792,
    0.05772264106609204,
    0.05567093773527387,
    0.07296877232805898,
    0.05702184833758439,
    0.04084095083275263,
    0.0660162891565308,
    0.11927362593737789,
    -0.026983085297233478,
    -0.023257655272092892,
    -0.039213775771297366,
    -0.022357102356793,
    -0.027043664873787066,
    0.05752643168560556,
    0.05771651218613205,
    0.05801357738636348,
    0.09004534127940711,
    0.08056546956587618,
    0.0826209246156151,
    0.1042214195552611,
    -0.07769846065783281,
    -0.0668017684040676,
    0.06723516724834533,
    0.06723516724834488,
    0.07000700087392331,
    0.07000700087392275,
    -0.07890800906414674,
    -0.05322434648636376,
    0.10333715683984235,
    0.10333715683984146,
    0.09778653473235477,
    0.09778653473235299
  ],
  "dipole_vec_eA": [
    1.117989821350253,
    -0.11161555732727377,
    3.3194016865031346e-15
  ],
  "dipole_mag_D": 5.396628766272807,
  "solvation_E_eV": null
}