{
  "tag": "RMC-Mn_3-Pb_2-A2-B7-NNNNNN",
  "energy_eV": -2137.355711918528,
  "multiplicity": 1,
  "charge": 1,
  "sym1": "Mn",
  "ox1": 3,
  "sym2": "Pb",
  "ox2": 2,
  "acid": "A2",
  "base": "B7",
  "bridge": [
    "N",
    "N"
  ],
  "S1_ref": 0.0,
  "S2_ref": 0.0,
  "mulliken_q_e": [
    0.16044467695703513,
    0.5631629870428587,
    -0.28446544287799624,
    -0.2857911847462973,
    -0.08366583268837458,
    -0.06683073086974667,
    -0.19504385017407455,
    -0.18313629774329376,
    0.10634155072750118,
    -0.015534405274428398,
    -0.018495204476516758,
    -0.02860453532404339,
    -0.017380620410776926,
    -0.0021552187865234718,
    0.05861114423867364,
    0.06434005472206705,
    0.06207153812657362,
    0.06952652000385395,
    0.04899101811349493,
    0.04131592413434637,
    0.055510107542802944,
    0.10451085135162197,
    -0.017396183134345433,
    -0.018983228408034902,
    -0.029488832501855633,
    -0.01767639428904988,
    -0.003241264475912997,
    0.05770301459113125,
    0.06434653540991553,
    0.061646391799567435,
    0.07179111697378593,
    0.04828647944592923,
    0.03923836122858104,
    0.05141284137756785,
    0.024345632430261777,
    -0.04144094080524452,
    0.05700920787407393,
    0.0747754967778641,
    -0.001775649367628196,
    0.08394958308632594,
    0.08394958309079781,
    0.03137924381124435,
    -0.04948032146619186,
    0.04491003172104413,
    0.06906459627786798,
    0.007770314658036792,
    0.07709066715228774,
    0.07709066715322943
  ],
  "dipole_vec_eA": [
    0.4184311902409685,
    0.22331880407897828,
    -2.6545752242523365e-09
  ],
  "dipole_mag_D": 2.2781367930666145,
  "HOMO_eV": -11.446974300586096,
  "LUMO_eV": -11.177833834905126,
  "gap_eV": 0.2691404656809695
}