{
  "tag": "RMC-Fe_2-Ti_2-A2-B6-NNNNNN",
  "energy_eV": -2195.9444443404645,
  "multiplicity": 3,
  "charge": 0,
  "sym1": "Fe",
  "ox1": 2,
  "sym2": "Ti",
  "ox2": 2,
  "acid": "A2",
  "base": "B6",
  "bridge": [
    "N",
    "N"
  ],
  "S1_ref": 0.0,
  "S2_ref": 1.0,
  "mulliken_q_e": [
    0.5502597928537634,
    0.5269709523061941,
    -0.36310489509439425,
    -0.36311699255090657,
    -0.2029507883493944,
    -0.20297341750393194,
    -0.2245150090922079,
    -0.22456710880027386,
    0.09790382790210717,
    -0.03772552004315699,
    -0.04472006024458275,
    -0.04817290059887802,
    -0.04647396682672511,
    -0.031856564171681256,
    0.018254662314273307,
    0.02026588413768471,
    0.019704943997806867,
    0.04022283242374236,
    0.03738365464929072,
    0.013472640299715732,
    0.013608350095617672,
    0.09791311123202417,
    -0.03771510299182923,
    -0.044635632907694234,
    -0.048184757642810494,
    -0.0463835320428958,
    -0.0318514005742625,
    0.01824957647547254,
    0.02026369046458154,
    0.0196978603047403,
    0.0403122246158214,
    0.037428046931079706,
    0.013466020139655366,
    0.013604019352275287,
    -0.07685342126173467,
    0.0004463019372478172,
    0.00044703009551816386,
    0.04570411868074653,
    0.06056390642746656,
    0.032467975835070884,
    0.03246731363361688,
    0.04316513519169274,
    0.043164957553208594,
    -0.0627189258728853,
    0.018488780781749092,
    0.01848844408359729,
    0.04329420406938833,
    0.06285764642458402,
    0.029488787403318506,
    0.02948832290183634,
    0.03950273786831748,
    0.039502243187087505
  ],
  "dipole_vec_eA": [
    0.2855902912899493,
    0.0012246979179908217,
    0.015976580970153982
  ],
  "dipole_mag_D": 1.3739058954311858,
  "HOMO_eV": -7.292082909381755,
  "LUMO_eV": -7.2422547771967425,
  "gap_eV": 0.04982813218501292
}