{
  "tag": "RMC-In_1-Y_3-A2-B6-NNNNOS",
  "energy_eV": -2152.80795444767,
  "multiplicity": 1,
  "charge": 2,
  "sym1": "In",
  "ox1": 1,
  "sym2": "Y",
  "ox2": 3,
  "acid": "A2",
  "base": "B6",
  "bridge": [
    "O",
    "S"
  ],
  "S1_ref": 0.0,
  "S2_ref": 0.0,
  "mulliken_q_e": [
    0.45606767946064797,
    0.47879599559343955,
    -0.3922512692403761,
    -0.10066922888170138,
    -0.1420046585270387,
    -0.15101909201437458,
    -0.1303946158390048,
    -0.13994583354340584,
    0.06553930579493672,
    2.385996750331465e-05,
    -0.01397295103583529,
    -0.0180753906403448,
    -0.005885541712788989,
    0.012653630900284263,
    0.08302789650349185,
    0.0944598415648007,
    0.09208514027989778,
    0.07519282979276465,
    0.06833297816079953,
    0.08835051211724954,
    0.05861408635269294,
    0.1921247189905393,
    -0.024070468585717153,
    -0.013824649015134582,
    -0.025171284993543264,
    -0.009656936178589204,
    -0.0144909495097989,
    0.08232508539830896,
    0.0918412816556845,
    0.08702801285966211,
    0.0810769087609422,
    0.07097728883920684,
    0.087401972113193,
    0.06330026250742138,
    -0.0774852412369762,
    -0.01309642265159372,
    -0.002168759644783469,
    0.08187878781676483,
    0.09231551275372951,
    0.07028121111304286,
    0.06818596906384644,
    0.08032203284485151,
    0.08122423152334757,
    -0.08263329986122003,
    -0.011788670917435295,
    -0.013162517955257691,
    0.10545190925155701,
    0.10388937653137176,
    0.09133658963422842,
    0.09139843660460079,
    0.09310562980971049,
    0.09315880742436122
  ],
  "dipole_vec_eA": [
    0.8676055667681429,
    0.02081980645890581,
    -1.5039084884288345
  ],
  "dipole_mag_D": 8.340046919424713,
  "solvation_E_eV": null
}