{
  "tag": "RMC-Fe_2-Re_3-A2-B5-NNNNOS",
  "energy_eV": -2006.604143449182,
  "multiplicity": 1,
  "charge": 3,
  "sym1": "Fe",
  "ox1": 2,
  "sym2": "Re",
  "ox2": 3,
  "acid": "A2",
  "base": "B5",
  "bridge": [
    "O",
    "S"
  ],
  "S1_ref": 0.0,
  "S2_ref": 0.0,
  "mulliken_q_e": [
    0.8074470782347607,
    0.23857120643061147,
    -0.28807948854152343,
    0.3879591087897955,
    -0.2658818009402675,
    -0.24580121028373658,
    0.02152169788443259,
    -0.13981212357233597,
    -0.008972617660228055,
    0.025131233786633622,
    0.0032997739599576192,
    -0.00013001378369770222,
    0.006634440482633286,
    0.01510265166949476,
    0.12498827319554773,
    0.13346174619185747,
    0.12555260285995118,
    0.07363188042033908,
    0.047969215818441935,
    0.14930669872943825,
    0.1265113123215631,
    0.18355593976074336,
    0.010231420836892546,
    -0.0005755801912343816,
    0.0010152588738847612,
    -0.0029807020335894663,
    0.009093070219548194,
    0.12450586310369571,
    0.13393701585839302,
    0.12010170056217817,
    0.0471240766101757,
    0.08111127645292782,
    0.13200951133077932,
    0.15035830702177422,
    -0.08247938711409541,
    -0.03885163403887315,
    0.15088819708853607,
    0.16279110590840018,
    0.01741846645774725,
    0.060460702628325036,
    0.20757571644682737,
    0.1942980086433994
  ],
  "dipole_vec_eA": [
    -0.08270628569814127,
    -0.31849526615087304,
    2.106909688562365e-06
  ],
  "dipole_mag_D": 1.5805356873793202,
  "solvation_E_eV": null
}