{
  "tag": "RMC-Cu_1-Mn_3-A2-B6-NNNNNS",
  "energy_eV": -2248.0912059185353,
  "multiplicity": 1,
  "charge": 1,
  "sym1": "Cu",
  "ox1": 1,
  "sym2": "Mn",
  "ox2": 3,
  "acid": "A2",
  "base": "B6",
  "bridge": [
    "N",
    "S"
  ],
  "S1_ref": 0.0,
  "S2_ref": 0.0,
  "mulliken_q_e": [
    0.22035418965631315,
    0.09108350582908153,
    -0.18963384997943367,
    -0.20036195024836712,
    -0.11227449059371519,
    -0.11884847668778065,
    -0.07865234781440056,
    -0.1416937767701958,
    0.06885546325469427,
    -0.004670532915442394,
    -0.01862097518098471,
    -0.02908869906403333,
    -0.016830548057228834,
    -0.0016620456180511667,
    0.054502620911994315,
    0.061540909080235906,
    0.0594698029242936,
    0.06900859109516033,
    0.07381453984735775,
    0.02858495360765423,
    0.047427105525578495,
    0.11736589628639815,
    0.005823752201617349,
    -0.01677521603499388,
    -0.02634791407541992,
    -0.0208105801395273,
    0.0025676376680394686,
    0.06885510361613423,
    0.06929532764749458,
    0.06365511588457562,
    0.04772991556553263,
    0.06915954855662898,
    0.06140506712042648,
    0.058668676493712324,
    -0.0786973191139897,
    -0.01409881485179798,
    -0.006453098118313738,
    0.07389296327982764,
    0.06843088630340588,
    0.0588937446641411,
    0.0579213360323525,
    0.0700695780539865,
    0.07220706422420498,
    -0.06337044379181855,
    -0.0016223220050719522,
    0.018035344302393064,
    0.06521801770639823,
    0.07926708380378722,
    0.061001880957178733,
    0.04023421224683388,
    0.07557667247383548,
    0.0605968942392876
  ],
  "dipole_vec_eA": [
    -0.01485203165142323,
    -0.24309246948244728,
    0.042611735086070184
  ],
  "dipole_mag_D": 1.1875701970462982,
  "HOMO_eV": -11.388415791528145,
  "LUMO_eV": -11.172920050890854,
  "gap_eV": 0.21549574063729082
}