{
  "tag": "RMC-Co_3-Cu_1-A2-B4-NNNNNO",
  "energy_eV": -2114.6441723292332,
  "multiplicity": 1,
  "charge": 1,
  "sym1": "Co",
  "ox1": 3,
  "sym2": "Cu",
  "ox2": 1,
  "acid": "A2",
  "base": "B4",
  "bridge": [
    "N",
    "O"
  ],
  "S1_ref": 0.0,
  "S2_ref": 0.0,
  "mulliken_q_e": [
    0.08963723186755646,
    0.28535610905760955,
    -0.11146194972211854,
    -0.09364553594558211,
    -0.03387781016898739,
    -0.1645555567474719,
    -0.23724948408451363,
    -0.03524849291594423,
    0.13965484915933613,
    -0.008360208347102605,
    -0.020299623985860382,
    -0.023366429719176462,
    -0.02064048719436462,
    0.0013763902565542274,
    0.07507537705151945,
    0.0775317807182837,
    0.07604609769437032,
    0.04629013112116165,
    0.06469381743412073,
    0.09920951848864801,
    0.07462765433819041,
    0.06393582885738747,
    -0.006183375513089562,
    -0.01822961445855964,
    -0.027538923492025802,
    -0.019203284016529487,
    -0.008728705224767763,
    0.06220021473226689,
    0.06437503108788623,
    0.06303949496596017,
    0.08766468244723513,
    0.012987327132198523,
    0.09792508161069036,
    0.06886079026622216,
    -0.05175265915285543,
    -0.06939481927691027,
    0.09300824220360737,
    0.09300824220360826,
    0.0854681338138984,
    0.08546813381389928,
    -0.07698119040108509,
    -0.06447083354982275,
    0.04074801950196183,
    0.040748019501961275,
    0.051126392295321454,
    0.05112639229532134
  ],
  "dipole_vec_eA": [
    -0.6744626129572651,
    -0.5083347439758261,
    -3.069712179111306e-15
  ],
  "dipole_mag_D": 4.0566579931275575,
  "solvation_E_eV": null
}