{
  "tag": "RMC-Co_3-Cr_3-A2-B2-NNNNNN",
  "energy_eV": -3013.1738588759013,
  "multiplicity": 2,
  "charge": 2,
  "sym1": "Co",
  "ox1": 3,
  "sym2": "Cr",
  "ox2": 3,
  "acid": "A2",
  "base": "B2",
  "bridge": [
    "N",
    "N"
  ],
  "S1_ref": 0.0,
  "S2_ref": 0.5,
  "mulliken_q_e": [
    0.16452589264662498,
    0.5978293039435834,
    -0.23670736280409876,
    -0.2367397114252805,
    -0.08211826660903809,
    -0.08215329468763932,
    -0.15222953164056174,
    -0.1522282742143768,
    0.10915590805787811,
    -0.002874189961671769,
    -0.011300243019920941,
    -0.016056507053862745,
    -0.012026355790878851,
    0.0025202635226566628,
    0.08094595648217695,
    0.09233061629286732,
    0.08194194358226059,
    0.055998969597964354,
    0.04824902533458175,
    0.08646938402848003,
    0.08772383546104168,
    0.10915319671224188,
    -0.0028786902372885947,
    -0.011295274340255457,
    -0.016055198403399862,
    -0.012025062445959911,
    0.0025172176038046334,
    0.08094282418476151,
    0.09233095445676787,
    0.08193838130076414,
    0.05601467358909473,
    0.04824086638862379,
    0.08646182038247707,
    0.08773368917205193,
    -0.014364461062356115,
    0.025473484145977165,
    0.011665139451245699,
    0.06709728505846879,
    -0.03601156519926474,
    -0.019199521743690884,
    0.0832044445842327,
    0.06787481930001094,
    0.07842179377785219,
    0.06709398710640002,
    -0.014364628789233391,
    -0.01920132718991141,
    -0.03601797162503173,
    0.08320785887311322,
    0.07842525661670297,
    0.06787175384674082,
    -0.014397773418572957,
    0.024793992881098292,
    0.0048856419063965095,
    0.06654010961660561,
    -0.03511599972390966,
    -0.019334506695908305,
    0.08348409832478143,
    0.06647819366236374,
    0.0787517643393526,
    0.06653856744709596,
    -0.01439750855188704,
    -0.0193312158551886,
    -0.03511967801781357,
    0.08348431955860525,
    0.07875146136532007,
    0.06647542598265865
  ],
  "dipole_vec_eA": [
    0.30006105947832695,
    0.002556236480786052,
    1.8132502975395113e-15
  ],
  "dipole_mag_D": 1.4413068602095747,
  "HOMO_eV": -15.036067765328674,
  "LUMO_eV": -14.869063985218133,
  "gap_eV": 0.16700378011054084
}