{
  "tag": "RMC-Cr_3-Cr_3-A2-B7-NNNNNN",
  "energy_eV": -2097.7943924804495,
  "multiplicity": 1,
  "charge": 2,
  "sym1": "Cr",
  "ox1": 3,
  "sym2": "Cr",
  "ox2": 3,
  "acid": "A2",
  "base": "B7",
  "bridge": [
    "N",
    "N"
  ],
  "S1_ref": 0.5,
  "S2_ref": 0.5,
  "mulliken_q_e": [
    0.5879664873752397,
    0.5880044289360099,
    -0.30856839963072025,
    -0.30824842311614975,
    -0.15343329451541132,
    -0.13391735030143703,
    -0.15343249049057284,
    -0.13391979795800002,
    0.1058498076731269,
    0.0004021650180365821,
    -0.003775233748020801,
    -0.014976277413345507,
    -0.0037750557986742095,
    0.00040188650702122075,
    0.09357082777345227,
    0.1004428036840026,
    0.09357069700637244,
    0.05515946715974951,
    0.05515869227731707,
    0.08568839599981648,
    0.08568786893205127,
    0.10450302918640797,
    -0.0017412877060716259,
    -0.0034957506186885645,
    -0.016379870917837103,
    -0.003494795496283176,
    -0.0017411159090199302,
    0.09285107184954444,
    0.10020836672926259,
    0.09285079674467445,
    0.05605337024995438,
    0.056054380175750484,
    0.08111766990878744,
    0.08111689711057124,
    0.020362921506865694,
    -0.04063843226157271,
    0.07620414861910318,
    0.1010938819195254,
    -0.005321482047146331,
    0.10520955940311061,
    0.10520956019715477,
    0.020365326875732004,
    -0.040636782175745845,
    0.0762032054335291,
    0.10109343738450305,
    -0.005322246939363229,
    0.10520846730572797,
    0.10520846787916938
  ],
  "dipole_vec_eA": [
    4.126852590238692e-05,
    0.25352491213034845,
    -5.329894212150244e-09
  ],
  "dipole_mag_D": 1.2177319566289833,
  "HOMO_eV": -15.488203089531748,
  "LUMO_eV": -15.30589007472402,
  "gap_eV": 0.18231301480772721
}