{
  "tag": "RMC-Cu_1-Pd_2-A2-B5-NNNNOS",
  "energy_eV": -2089.175557029681,
  "multiplicity": 1,
  "charge": 1,
  "sym1": "Cu",
  "ox1": 1,
  "sym2": "Pd",
  "ox2": 2,
  "acid": "A2",
  "base": "B5",
  "bridge": [
    "O",
    "S"
  ],
  "S1_ref": 0.0,
  "S2_ref": 0.0,
  "mulliken_q_e": [
    0.3695710579627942,
    0.06881534107353926,
    -0.39290778442991736,
    0.27923026189473044,
    -0.2241439973971564,
    -0.15282600159075765,
    -0.1490138180642353,
    -0.1803376531238554,
    0.014766645898076414,
    0.009707877119850439,
    -0.017045673537527284,
    -0.02082813821647589,
    -0.015897114079837404,
    0.0041212967774983955,
    0.0724126419221397,
    0.07478904620212368,
    0.07320212685648164,
    0.07137917477420452,
    0.050367723556099975,
    0.07835489904174942,
    0.087608773071572,
    0.1989478730513483,
    -0.015787867347491824,
    -0.022203774952727295,
    -0.03552865557123819,
    -0.018150334356887177,
    -0.028235275519664427,
    0.0627533075651121,
    0.06690736322342339,
    0.0660100954787074,
    0.08388302065043662,
    0.09452066873984544,
    0.09042905291679793,
    0.11193344665673466,
    -0.0849103043181949,
    -0.08103847468728187,
    0.08001283484144794,
    0.08939526570779599,
    -0.020084823193146528,
    -0.023421501414930823,
    0.14638380714484367,
    0.13685758663564418
  ],
  "dipole_vec_eA": [
    0.7998731964384622,
    -0.3487736247758963,
    2.531716570427217e-16
  ],
  "dipole_mag_D": 4.1913019492073635,
  "solvation_E_eV": null
}