{
  "tag": "RMC-Os_3-Ta_3-A2-B4-NNNNNN",
  "energy_eV": -2009.0522646234822,
  "multiplicity": 2,
  "charge": 2,
  "sym1": "Os",
  "ox1": 3,
  "sym2": "Ta",
  "ox2": 3,
  "acid": "A2",
  "base": "B4",
  "bridge": [
    "N",
    "N"
  ],
  "S1_ref": 0.5,
  "S2_ref": 1.0,
  "mulliken_q_e": [
    0.321007938059919,
    0.8002420546722955,
    -0.16994863601888,
    -0.16997714176713719,
    -0.003510906317270024,
    -0.0035160208158011574,
    -0.28678223852653817,
    -0.2868602499382349,
    0.0807248628264825,
    0.0062124331699937585,
    -0.004495775545315217,
    -0.015916928237316386,
    -0.0019043343701701243,
    0.0012912198003853792,
    0.08771869346490768,
    0.09447594016344729,
    0.09221509476457113,
    0.1107930266127366,
    0.0058953063882787315,
    0.11228178872706629,
    0.0951547432477251,
    0.08071711194879327,
    0.006214018734161053,
    -0.004494204629831744,
    -0.01591841391902915,
    -0.0019151609200867004,
    0.0013057621269634279,
    0.08770071672371171,
    0.09448390519356498,
    0.09221808562062728,
    0.11078734222113984,
    0.005885923249941971,
    0.11227596462420875,
    0.09516877078875507,
    -0.09235767283078511,
    -0.09236586275954428,
    0.11978903193234425,
    0.12714511854048793,
    0.11977226404989261,
    0.1271303063441378,
    -0.07581574683868686,
    -0.07580508389554486,
    0.07823022694222392,
    0.07825845729408742,
    0.07822999748289483,
    0.07825827163145227
  ],
  "dipole_vec_eA": [
    -0.12762701123045603,
    0.000162812012405525,
    0.5100814249863045
  ],
  "dipole_mag_D": 2.5255526697149198,
  "solvation_E_eV": null
}