{
  "tag": "RMC-Cd_2-Ir_3-A2-B5-NNNNNN",
  "energy_eV": -1941.126596010705,
  "multiplicity": 1,
  "charge": 1,
  "sym1": "Cd",
  "ox1": 2,
  "sym2": "Ir",
  "ox2": 3,
  "acid": "A2",
  "base": "B5",
  "bridge": [
    "N",
    "N"
  ],
  "S1_ref": 0.0,
  "S2_ref": 0.0,
  "mulliken_q_e": [
    0.3684480619531193,
    0.15168353643005372,
    -0.14440815938997864,
    -0.14439700447957682,
    -0.1889712369144647,
    -0.1890753585872582,
    -0.015589429595659787,
    -0.015572047617775642,
    0.07012495957401543,
    -0.007526105783351111,
    -0.019028796475754506,
    -0.02707027079262625,
    -0.01921142726441305,
    -0.004721009831009537,
    0.06438647887057847,
    0.06507174574738961,
    0.06163200633335442,
    0.003376803517127991,
    0.0921009366141754,
    0.06537914523284705,
    0.11069111613986093,
    0.07012548825863418,
    -0.007537152573936945,
    -0.01902619674173711,
    -0.02706491111400422,
    -0.019207394093455843,
    -0.004714622070773444,
    0.06437594121916723,
    0.06507771337870993,
    0.06162510417437794,
    0.0033842699383581643,
    0.09210464855447742,
    0.0653694551945806,
    0.1107100693213553,
    -0.07295827550170131,
    -0.0729583936856375,
    0.08021136855155941,
    0.08021079275077514,
    -0.02503776484076381,
    -0.025040209682724024,
    0.1515103687834266,
    0.15151575649892268
  ],
  "dipole_vec_eA": [
    0.7665051531864837,
    0.00013900637643615336,
    -1.5617202525732405e-08
  ],
  "dipole_mag_D": 3.6816808853041367,
  "solvation_E_eV": null
}