{
  "tag": "RMC-Cr_3-Ru_3-A2-B1-NNNNOS",
  "energy_eV": -2480.8932490247516,
  "multiplicity": 1,
  "charge": 4,
  "sym1": "Cr",
  "ox1": 3,
  "sym2": "Ru",
  "ox2": 3,
  "acid": "A2",
  "base": "B1",
  "bridge": [
    "O",
    "S"
  ],
  "S1_ref": 0.5,
  "S2_ref": 0.5,
  "mulliken_q_e": [
    0.6621777241884653,
    -0.03436290112531415,
    -0.19755097180408177,
    0.18572461462707374,
    -0.1072946119673015,
    -0.14618283530293263,
    -0.004374473020112735,
    -0.036877281211713075,
    0.05149947043302783,
    0.0397846658650316,
    0.01620273248023496,
    0.016757430293951492,
    0.019226808213902657,
    0.029363611033377257,
    0.1461949675269778,
    0.1589714689635907,
    0.14585872282803514,
    0.06255128871135152,
    0.06330481101520458,
    0.1398382581455686,
    0.13319242950355759,
    0.1816254481146493,
    0.032284221533529944,
    0.016019559790670046,
    0.011861523240545457,
    0.020448915030007786,
    0.01854198480326885,
    0.14772447575557135,
    0.1620142976182517,
    0.14945681659015542,
    0.07246680469916655,
    0.07089962412412287,
    0.13810691588098667,
    0.14125457247819928,
    -0.00887301130516538,
    0.0701288749997444,
    0.07646776716199422,
    -0.009885095323223458,
    0.022950276140650594,
    0.019252971438499022,
    0.12061640221748271,
    0.12111990921384752,
    0.15493906995330875,
    0.153899489497486,
    -0.006942376141786832,
    0.0896158200367394,
    0.09366156789442304,
    -0.008141825873820396,
    0.021613101476231078,
    0.0224448265638717,
    0.12413393352256674,
    0.12415037162873221,
    0.15603261928897594,
    0.15610421894540216
  ],
  "dipole_vec_eA": [
    -0.18787860212911467,
    -0.009363371609775552,
    3.6522530997409676e-08
  ],
  "dipole_mag_D": 0.9035393060966942,
  "HOMO_eV": -22.10731843137255,
  "LUMO_eV": -21.928122364945665,
  "gap_eV": 0.17919606642688635
}