{
  "tag": "RMC-Fe_3-Ru_2-A2-B7-NNNNNN",
  "energy_eV": -2173.0202378729628,
  "multiplicity": 2,
  "charge": 1,
  "sym1": "Fe",
  "ox1": 3,
  "sym2": "Ru",
  "ox2": 2,
  "acid": "A2",
  "base": "B7",
  "bridge": [
    "N",
    "N"
  ],
  "S1_ref": 0.5,
  "S2_ref": 0.0,
  "mulliken_q_e": [
    0.6605086308326238,
    -0.02917399465807824,
    -0.22778079143089736,
    -0.22835408302836901,
    -0.18497004694424812,
    -0.16526668873032602,
    -0.08553053207635641,
    -0.06569905193439607,
    0.10266642889720723,
    -0.00016117730449005663,
    -0.0229803724671509,
    -0.026011584796735265,
    -0.022408624281491374,
    -0.01245399287063087,
    0.06215985455921125,
    0.0659794017840315,
    0.06161507843711178,
    0.04694104205454086,
    0.050488109556370064,
    0.05236001067498064,
    0.05455536391593141,
    0.10105024625898151,
    -0.0015624330083041649,
    -0.023828666185224945,
    -0.026962999280211397,
    -0.02327158132267715,
    -0.014179169627137389,
    0.06092859978000065,
    0.06542977634971237,
    0.060387726033698574,
    0.04617925441767534,
    0.05143821402352389,
    0.04687152092467817,
    0.05014020714656653,
    0.020071251347539176,
    -0.05181873602578735,
    0.051579390609120424,
    0.07304131442590645,
    -0.0005079103429839193,
    0.07856388446063889,
    0.078563884460638,
    0.02839925902897522,
    -0.04099497717186096,
    0.048916773497319155,
    0.06906660065229109,
    0.00918331693437624,
    0.0784161434372983,
    0.07841614343729342
  ],
  "dipole_vec_eA": [
    -0.15838982236132795,
    0.1882578611471231,
    -3.774717847041175e-15
  ],
  "dipole_mag_D": 1.181708891686348,
  "HOMO_eV": -11.747978932484264,
  "LUMO_eV": -11.226816916186133,
  "gap_eV": 0.5211620162981312
}