{
  "tag": "RMC-Ag_2-Pd_2-A2-B4-NNNNSS",
  "energy_eV": -2113.706590664904,
  "multiplicity": 2,
  "charge": 2,
  "sym1": "Ag",
  "ox1": 2,
  "sym2": "Pd",
  "ox2": 2,
  "acid": "A2",
  "base": "B4",
  "bridge": [
    "S",
    "S"
  ],
  "S1_ref": 0.5,
  "S2_ref": 0.0,
  "mulliken_q_e": [
    0.2280750275835911,
    0.1781567973930085,
    0.16851564499450616,
    0.1685413028053725,
    -0.1765112880526587,
    -0.17659686297846,
    -0.1628038372486631,
    -0.16253593017237522,
    0.024436819987879277,
    0.010204426181894766,
    -0.00935702996877108,
    -0.01535891904553921,
    -0.0070040050197410775,
    0.004801296899717755,
    0.08484519731307849,
    0.0917658441501299,
    0.08777986435926899,
    0.08420109081990623,
    0.056678381106733955,
    0.1049105918735006,
    0.0917300700975342,
    0.024399663146678296,
    0.010165676484086728,
    -0.00934780266021451,
    -0.015360687870106027,
    -0.006984390710731425,
    0.004767670945865721,
    0.08483526296816968,
    0.09176259888133842,
    0.08776805129721055,
    0.08420236257357883,
    0.05671146841501473,
    0.10488886197500313,
    0.0916970484008992,
    -0.0655027761850262,
    -0.06549760716179853,
    0.1077936275470125,
    0.10779362754701283,
    0.10779470325211982,
    0.10779470325212048,
    -0.048841064736833806,
    -0.048851751959307466,
    0.12838507466801097,
    0.1283850746680072,
    0.12838306288196755,
    0.1283830628819641
  ],
  "dipole_vec_eA": [
    0.3847811184595343,
    -0.0006823293069186984,
    -1.3218856273685048e-16
  ],
  "dipole_mag_D": 1.848185217062422,
  "solvation_E_eV": null
}