{
  "tag": "RMC-Nb_3-Zr_2-A2-B7-NNNNOS",
  "energy_eV": -2102.9379168414303,
  "multiplicity": 1,
  "charge": 3,
  "sym1": "Nb",
  "ox1": 3,
  "sym2": "Zr",
  "ox2": 2,
  "acid": "A2",
  "base": "B7",
  "bridge": [
    "O",
    "S"
  ],
  "S1_ref": 1.0,
  "S2_ref": 1.0,
  "mulliken_q_e": [
    0.17214960810766589,
    1.0062848226423386,
    -0.37620552529339646,
    -0.10623944193242377,
    -0.06662161231499453,
    -0.048161004711469335,
    -0.16380751860732956,
    -0.1830644955148395,
    0.06266634434598384,
    0.011601001518900533,
    0.0064620544066928964,
    -0.006445002409730005,
    0.009517505954470318,
    0.023587469233226965,
    0.11283188575287129,
    0.12455287418290029,
    0.11737157112883823,
    0.05858654448292255,
    0.057109375297026865,
    0.11039472339084577,
    0.11975804621089092,
    0.17878000946233286,
    -0.00847801167900597,
    0.0011910776219277164,
    -0.01118622687114268,
    0.0010810024254208628,
    0.007118680721131643,
    0.11355997262552298,
    0.12642117353080617,
    0.11471960815912918,
    0.06458149322297135,
    0.06476872883647178,
    0.12384736336913349,
    0.11245396839259536,
    0.028473536718368164,
    -0.025138181937920834,
    0.12602164356002588,
    0.14125496860727893,
    -0.013176639189585337,
    0.14736404634178923,
    0.14736404634178868,
    0.021858352813782345,
    -0.05644979205132894,
    0.12594832703769987,
    0.143910077013507,
    -0.020537969521106758,
    0.15095975928201466,
    0.15095975928201344
  ],
  "dipole_vec_eA": [
    1.2313072870315493,
    0.31485891123131693,
    4.291722003523079e-14
  ],
  "dipole_mag_D": 6.10451883707578,
  "HOMO_eV": -17.864125259937726,
  "LUMO_eV": -17.75372081370879,
  "gap_eV": 0.1104044462289373
}