{
  "tag": "RMC-Pt_2-Zr_2-A2-B6-NNNNSS",
  "energy_eV": -2226.833986876932,
  "multiplicity": 3,
  "charge": 2,
  "sym1": "Pt",
  "ox1": 2,
  "sym2": "Zr",
  "ox2": 2,
  "acid": "A2",
  "base": "B6",
  "bridge": [
    "S",
    "S"
  ],
  "S1_ref": 0.0,
  "S2_ref": 1.0,
  "mulliken_q_e": [
    -0.019872669596980086,
    0.6600365817256653,
    -0.08847199516195958,
    -0.0884685902343578,
    -0.01899645588888399,
    -0.018987723678483226,
    -0.2238287780672834,
    -0.2238110582835584,
    0.06004632861393655,
    -0.0004400288862942414,
    -0.0191915125615143,
    -0.021349723856693537,
    -0.021171148761810255,
    0.005978875532499428,
    0.07493650291827858,
    0.0845763021624919,
    0.07730907471544068,
    0.03788526726905306,
    0.05762991702375042,
    0.06754419668496425,
    0.09101647083541187,
    0.05998541005219682,
    -0.0004416378604057414,
    -0.019132321616184722,
    -0.0213548803799255,
    -0.02110102258455271,
    0.005975369385138762,
    0.07493078253171981,
    0.08457231693834155,
    0.07730177069019228,
    0.037896267436053455,
    0.05764389715466067,
    0.0675479744502725,
    0.09101700669458357,
    -0.08135751087330689,
    -0.02564897876840999,
    -0.02564819267038776,
    0.10475787426715766,
    0.10938038640921988,
    0.09229783428668004,
    0.09229751973907419,
    0.1099978858814642,
    0.10999812294694089,
    -0.08055826538941746,
    -0.004991127228919812,
    -0.0049963884368882105,
    0.12321350151438581,
    0.10832637871519668,
    0.0959828617588051,
    0.09598390101979626,
    0.10687513865524711,
    0.10687829279595551
  ],
  "dipole_vec_eA": [
    1.105955940181302,
    0.0003401222042111372,
    1.1581948969525566
  ],
  "dipole_mag_D": 7.691959469745611,
  "HOMO_eV": -13.770370729216049,
  "LUMO_eV": -13.633618259349618,
  "gap_eV": 0.13675246986643153
}