{
  "tag": "RMC-In_1-Pb_2-A2-B5-NNNNNS",
  "energy_eV": -1937.2343057670541,
  "multiplicity": 1,
  "charge": 0,
  "sym1": "In",
  "ox1": 1,
  "sym2": "Pb",
  "ox2": 2,
  "acid": "A2",
  "base": "B5",
  "bridge": [
    "N",
    "S"
  ],
  "S1_ref": 0.0,
  "S2_ref": 0.0,
  "mulliken_q_e": [
    0.3149074625456156,
    0.6645912758556227,
    -0.1538832699323689,
    -0.0019013877318396766,
    -0.15342121373080952,
    -0.35649042531202246,
    -0.4267485412126024,
    -0.3099650330736343,
    0.037532005700510185,
    -0.017908992591240125,
    -0.031023829367494482,
    -0.03888818302552122,
    -0.0315156872441722,
    -0.015598317314012622,
    0.02854061416185527,
    0.027862380382287943,
    0.02916351343157353,
    0.06208338329942764,
    0.08554549370035258,
    0.013577379982866566,
    -0.004109216149472683,
    0.05951587765345301,
    -0.023531025317334642,
    -0.029496039444753652,
    -0.03818180076677158,
    -0.030334771258562432,
    -0.021596226522849538,
    0.03496104183160842,
    0.0304035863658092,
    0.03012973597907409,
    0.09315633653181354,
    0.020632731518607006,
    0.005923186737015862,
    0.033763068180667766,
    -0.06293237990688816,
    -0.06944800286310904,
    0.12561846097265128,
    0.10116357101604834,
    -0.08246067328850915,
    -0.09629139614556226,
    0.07575360545368204,
    0.12090170089898078
  ],
  "dipole_vec_eA": [
    -0.6865318589336667,
    0.05099996693368756,
    -2.4181944473651817e-12
  ],
  "dipole_mag_D": 3.306638955035012,
  "solvation_E_eV": null
}