{
  "tag": "RMC-Cd_2-Co_2-A2-B2-NNNNOO",
  "energy_eV": -3036.9797602335548,
  "multiplicity": 2,
  "charge": 2,
  "sym1": "Cd",
  "ox1": 2,
  "sym2": "Co",
  "ox2": 2,
  "acid": "A2",
  "base": "B2",
  "bridge": [
    "O",
    "O"
  ],
  "S1_ref": 0.0,
  "S2_ref": 0.5,
  "mulliken_q_e": [
    0.4686241024682263,
    0.23077028065333427,
    -0.3056206209879344,
    -0.3056027651638704,
    -0.1303318332120289,
    -0.13032732544007897,
    -0.06627472851267724,
    -0.06627425099389472,
    0.19051776408264542,
    -0.014056322571803781,
    -0.013406679510288066,
    -0.02385540201207892,
    -0.012893033948511823,
    -0.02038065491399421,
    0.07901294877123755,
    0.08959072606025409,
    0.07881374196135127,
    0.0526513852212489,
    0.06402021176952477,
    0.09323956224769225,
    0.08256948829330679,
    0.19051733060017617,
    -0.014053989409483991,
    -0.013407109731635058,
    -0.023849835172044864,
    -0.012895043145015439,
    -0.020376233367251695,
    0.07900755056014186,
    0.08958958713990062,
    0.07881412863634729,
    0.05265739224682897,
    0.06401696339374863,
    0.09323661609986733,
    0.0825689239434968,
    -0.015291778859551908,
    0.02697992266781246,
    0.007680226113580657,
    0.06721050703726394,
    -0.03182826163028141,
    -0.018253532959698004,
    0.0842424016823502,
    0.06758566533776833,
    0.0806669751303083,
    0.067227570445622,
    -0.015292715601864515,
    -0.018252412656938333,
    -0.031827944380226736,
    0.08424899942403785,
    0.08066799228274313,
    0.06758572256701911,
    -0.01438683719326539,
    0.027664375732149304,
    0.009863366576858157,
    0.06453493964121093,
    -0.033818407902904246,
    -0.018033474240253478,
    0.0858316802117578,
    0.07022406460096109,
    0.08189883575655421,
    0.06454470513769128,
    -0.014388195138839821,
    -0.0180328626070565,
    -0.03381971789052085,
    0.08583368135161173,
    0.08189924089255451,
    0.07022239237423744
  ],
  "dipole_vec_eA": [
    -0.16945755350912683,
    0.0025573554896318566,
    -7.648188462222969e-16
  ],
  "dipole_mag_D": 0.81403192707052,
  "HOMO_eV": -14.92047507701281,
  "LUMO_eV": -13.727664014288404,
  "gap_eV": 1.192811062724406
}