{
  "tag": "RMC-Ir_3-Mg_2-A2-B6-NNNNNO",
  "energy_eV": -2195.980956386576,
  "multiplicity": 1,
  "charge": 2,
  "sym1": "Ir",
  "ox1": 3,
  "sym2": "Mg",
  "ox2": 2,
  "acid": "A2",
  "base": "B6",
  "bridge": [
    "N",
    "O"
  ],
  "S1_ref": 0.0,
  "S2_ref": 0.0,
  "mulliken_q_e": [
    0.28168245934581015,
    0.4372768659184408,
    -0.2274841231484408,
    -0.2890193109582413,
    -0.02892744372904943,
    -0.09538455576873628,
    -0.10725014393846788,
    -0.11356121134211006,
    0.18451024197451837,
    -0.018424267095013658,
    -0.007296521452179183,
    -0.021472766656668973,
    -0.012802619715250874,
    -0.015482786158337314,
    0.08671645065480094,
    0.09326950029096182,
    0.08391678900850275,
    0.07119679658201217,
    0.06847409519719672,
    0.0772890325438137,
    0.0740987589557206,
    0.10505158566574346,
    0.005861875202503475,
    -0.008417295083734677,
    -0.0049617655466907,
    -0.010236455258592958,
    0.010994000307833263,
    0.08967890665755918,
    0.10098921904688474,
    0.09152640468416473,
    0.06707368403644542,
    0.04436576594009645,
    0.0807488227982277,
    0.09685671211323343,
    -0.0808831824588272,
    -0.031510478469392034,
    -0.017284018600843387,
    0.09566432880447151,
    0.08471894801712399,
    0.0909840968993435,
    0.07467124977569162,
    0.10263022383536557,
    0.08801333246206033,
    -0.08046750359550825,
    -0.021690198106490977,
    -0.02068421827734901,
    0.09578516366856349,
    0.0844566244529511,
    0.07909189271219508,
    0.07765474371595948,
    0.09664692434814015,
    0.09134536974359608
  ],
  "dipole_vec_eA": [
    0.08004725523095277,
    0.1611143206259651,
    0.04968579079009232
  ],
  "dipole_mag_D": 0.8964645837774813,
  "HOMO_eV": -15.579860075268959,
  "LUMO_eV": -15.40144822589162,
  "gap_eV": 0.17841184937733878
}