{
  "tag": "RMC-Rh_3-W_2-A2-B1-NNNNSS",
  "energy_eV": -2513.576543663622,
  "multiplicity": 1,
  "charge": 3,
  "sym1": "Rh",
  "ox1": 3,
  "sym2": "W",
  "ox2": 2,
  "acid": "A2",
  "base": "B1",
  "bridge": [
    "S",
    "S"
  ],
  "S1_ref": 0.0,
  "S2_ref": 0.0,
  "mulliken_q_e": [
    -0.08073775469277011,
    -0.12986181416123566,
    0.15030618177338229,
    0.1503037044110976,
    -0.0035521037049750515,
    -0.003551754741031532,
    0.02723994199157076,
    0.02726120223717743,
    0.04877079265287665,
    0.028805726275207943,
    -0.005221104575757973,
    0.002362039755035905,
    0.0007323618818844135,
    0.02547420577972992,
    0.1089489635304598,
    0.12252283126537933,
    0.11047617803495569,
    0.047518212503825596,
    0.05370674697686906,
    0.12644143575492017,
    0.10531192561469105,
    0.048766391850212365,
    0.028793484291121274,
    -0.005222032642921315,
    0.0023643013376695166,
    0.0007299023399760518,
    0.02547713416160824,
    0.10894808070700046,
    0.12252311278963335,
    0.11047903169961093,
    0.047523200690850365,
    0.05370292084596229,
    0.12644259627258425,
    0.10531329681038903,
    -0.020391887355649674,
    0.06919561770147387,
    0.06919511891108554,
    -0.02039178283878873,
    0.001196328960634263,
    0.0011949091789604793,
    0.09065580856014799,
    0.09065588911752054,
    0.11520872978322994,
    0.11520908438055344,
    0.0034473253278062277,
    0.10421410282276522,
    0.10425638064271081,
    0.0034484901941043145,
    0.015435079460905943,
    0.015428199657609998,
    0.13941791183504637,
    0.13941342494873799,
    0.13705627583294056,
    0.1370556531561573
  ],
  "dipole_vec_eA": [
    1.7592513267948113,
    -0.00013452782869016966,
    -1.7701810624820144e-06
  ],
  "dipole_mag_D": 8.450043509573996,
  "HOMO_eV": -18.256131136053614,
  "LUMO_eV": -18.05259876779141,
  "gap_eV": 0.20353236826220567
}