{
  "tag": "RMC-Nb_3-Ta_3-A2-B10-NNNNNO",
  "energy_eV": -3207.0014835887528,
  "multiplicity": 3,
  "charge": 3,
  "sym1": "Nb",
  "ox1": 3,
  "sym2": "Ta",
  "ox2": 3,
  "acid": "A2",
  "base": "B10",
  "bridge": [
    "N",
    "O"
  ],
  "S1_ref": 1.0,
  "S2_ref": 1.0,
  "mulliken_q_e": [
    0.2894212904104865,
    0.7228065102733174,
    -0.256062487564209,
    -0.3848947129069449,
    -0.05627780108559821,
    -0.12841264133475905,
    -0.15692684497694875,
    -0.14345786624599977,
    0.20172675938071838,
    -0.01619301259978645,
    -0.00461279597817188,
    -0.01661771697249903,
    -0.005548305460822078,
    -0.011835561050607346,
    0.09370414698399998,
    0.10780293970003685,
    0.08938516725234336,
    0.07356867838256909,
    0.080611041214115,
    0.10983382477102599,
    0.08240693722422354,
    0.13183239165082505,
    0.0013376482393387956,
    -0.005214789230076233,
    -0.011312024089228156,
    0.0018713948495467925,
    0.013114434674083464,
    0.09388113927582253,
    0.11358440557813021,
    0.10233403124145968,
    0.05890622231634768,
    0.06511755693943089,
    0.11404358517838231,
    0.12096140179541415,
    0.07886590315705577,
    0.023599512006391654,
    0.03694417549198592,
    -0.007356056023648527,
    0.0011196303354774617,
    -0.02926940144524437,
    0.10984029909514048,
    0.10984920810701992,
    0.08623390262410857,
    -0.008031658427843258,
    0.037042435867120194,
    0.022149873466477343,
    0.08058970537149501,
    -0.03179236408264807,
    -2.1142734582202394e-05,
    0.10719286869806277,
    0.0784002777855628,
    0.10337426982376963,
    0.06816937024605108,
    -0.00037719725111751146,
    0.03708437365094919,
    -0.009242266437783808,
    -0.0023445736299190223,
    -0.0331436404368195,
    0.11042143591671172,
    0.10794533659198802,
    0.08232041398884848,
    -0.008434724598517906,
    0.036423838724669366,
    0.0006770671370937009,
    0.07292675755372446,
    -0.030742683188399234,
    -0.00206142254655739,
    0.10986325753748938,
    0.0825153775021642,
    0.10838289231201015
  ],
  "dipole_vec_eA": [
    -0.006284673759810253,
    -0.10536618748370606,
    -4.900644477891374e-16
  ],
  "dipole_mag_D": 0.5069947767981122,
  "HOMO_eV": -16.987145461388863,
  "LUMO_eV": -16.96078399979989,
  "gap_eV": 0.0263614615889729
}