{
  "tag": "RMC-Ti_2-Zr_2-A2-B7-NNNNOS",
  "energy_eV": -2112.181742993879,
  "multiplicity": 1,
  "charge": 2,
  "sym1": "Ti",
  "ox1": 2,
  "sym2": "Zr",
  "ox2": 2,
  "acid": "A2",
  "base": "B7",
  "bridge": [
    "O",
    "S"
  ],
  "S1_ref": 1.0,
  "S2_ref": 1.0,
  "mulliken_q_e": [
    0.4262856806206161,
    0.8346565455602631,
    -0.3828205325720824,
    -0.18135990274762437,
    -0.13414298314896622,
    -0.12304085721967772,
    -0.18009386995084098,
    -0.17736889400131894,
    0.06156702423662752,
    0.005004486615888704,
    -0.013973642700354949,
    -0.018516598524873862,
    -0.013469039760470425,
    0.008891314677501816,
    0.08175282742112111,
    0.08993207406439763,
    0.0832598181426566,
    0.034281372431133494,
    0.04921209322527287,
    0.0802713806330021,
    0.08397147315077047,
    0.1548619099115236,
    -0.01592807277745223,
    -0.018907565155654504,
    -0.02371510362804008,
    -0.020017623318933087,
    -0.006034506894144975,
    0.08185048406963835,
    0.0915466837689567,
    0.08231051862691285,
    0.03203414753910838,
    0.05007135925842343,
    0.08853159475767958,
    0.08137001160956314,
    0.027835934722610034,
    -0.04706620832707675,
    0.09283916601955966,
    0.11054275939651936,
    -0.006140026859326797,
    0.11668877429102409,
    0.11668877429102276,
    0.022566827730120087,
    -0.06417805075988325,
    0.0965130232004181,
    0.10967126532931826,
    -0.007545622380497274,
    0.11965488628737309,
    0.11965488628737087
  ],
  "dipole_vec_eA": [
    0.46724646708257833,
    0.2953598464005464,
    5.449106308374614e-15
  ],
  "dipole_mag_D": 2.6550760308115624,
  "HOMO_eV": -14.20531323731926,
  "LUMO_eV": -14.168971677830172,
  "gap_eV": 0.03634155948908813
}