{
  "tag": "RMC-V_2-Y_3-A2-B6-NNNNOO",
  "energy_eV": -2178.1837159356296,
  "multiplicity": 2,
  "charge": 3,
  "sym1": "V",
  "ox1": 2,
  "sym2": "Y",
  "ox2": 3,
  "acid": "A2",
  "base": "B6",
  "bridge": [
    "O",
    "O"
  ],
  "S1_ref": 0.5,
  "S2_ref": 0.0,
  "mulliken_q_e": [
    0.37652294637479,
    0.5905364120072618,
    -0.24367487467473392,
    -0.24368223308882642,
    -0.08352425441617095,
    -0.08354189337962259,
    -0.13825087418856064,
    -0.13828284425041248,
    0.17760325114706998,
    0.011941439346604632,
    -0.005100015663116908,
    0.006084855825779778,
    0.0021513885436601488,
    0.007551927528966607,
    0.11886183382391557,
    0.13514267359137777,
    0.12388071012861701,
    0.06970585626839898,
    0.0746435279295059,
    0.08847610176136256,
    0.11432555404253186,
    0.17759464384932744,
    0.011934568898056996,
    -0.0051236551212037185,
    0.006078790637927822,
    0.0021511529754518754,
    0.007563995633620202,
    0.11887636709993477,
    0.13515279516752887,
    0.1238641755244353,
    0.0697306624041154,
    0.07464747872960653,
    0.0884450170322203,
    0.11431572029459769,
    -0.07399136862808153,
    -0.023569256811781347,
    -0.02356922792357463,
    0.12208863660997515,
    0.09551293480702094,
    0.10131548047182903,
    0.10131586500170486,
    0.12362631430605497,
    0.12362979117170636,
    -0.07937470921511625,
    -0.015551797672030965,
    -0.01553981124334003,
    0.12239800997967087,
    0.11701969550189395,
    0.08972380850220019,
    0.08972614851061422,
    0.12930634466710778,
    0.12932995437925132
  ],
  "dipole_vec_eA": [
    0.05716992799848743,
    -0.00014940189363476646,
    1.2005115871838745
  ],
  "dipole_mag_D": 5.772837101189647,
  "solvation_E_eV": null
}