{
  "tag": "RMC-Rh_3-V_3-A2-B7-NNNNOO",
  "energy_eV": -2174.5365820569823,
  "multiplicity": 3,
  "charge": 4,
  "sym1": "Rh",
  "ox1": 3,
  "sym2": "V",
  "ox2": 3,
  "acid": "A2",
  "base": "B7",
  "bridge": [
    "O",
    "O"
  ],
  "S1_ref": 0.0,
  "S2_ref": 1.0,
  "mulliken_q_e": [
    0.14643660665060942,
    0.39553968507688775,
    -0.15051170264861424,
    -0.14886101571682508,
    0.00046764509131325127,
    0.0207045168611264,
    -0.06414107005649905,
    -0.04564600239239702,
    0.18664647509224408,
    0.027374989615033707,
    0.029457385244298084,
    0.016904631839500084,
    0.02212872420762091,
    0.03133592352795156,
    0.15948660061571185,
    0.17034664946280742,
    0.1553302976923212,
    0.07590102478908678,
    0.06408256303322446,
    0.14471655650290538,
    0.14829587366314223,
    0.18568469750814898,
    0.020569584664793528,
    0.022737541973260056,
    0.016576709742858187,
    0.014464913068965135,
    0.02588151083251078,
    0.15419310123973773,
    0.16714872081133647,
    0.1496223576342799,
    0.07783712985488145,
    0.06230967339637594,
    0.1394990885472861,
    0.14162037084722945,
    0.04130916533818785,
    0.014788385180474428,
    0.1453452948535413,
    0.1724183141113369,
    -0.032000154687775506,
    0.19300817997299247,
    0.19300817997299002,
    0.046325532412126114,
    0.008386195873099744,
    0.1375253961140005,
    0.16815282621518224,
    -0.023479887220536844,
    0.1855354080777578,
    0.1855354080777616
  ],
  "dipole_vec_eA": [
    -0.07003048462677922,
    0.21543072285251863,
    -1.953453204889013e-15
  ],
  "dipole_mag_D": 1.0880573980115895,
  "HOMO_eV": -22.77501085717245,
  "LUMO_eV": -22.43363689629547,
  "gap_eV": 0.3413739608769788
}