{
  "tag": "RMC-Pb_2-Zr_2-A2-B10-NNNNOS",
  "energy_eV": -3234.377018089346,
  "multiplicity": 3,
  "charge": 2,
  "sym1": "Pb",
  "ox1": 2,
  "sym2": "Zr",
  "ox2": 2,
  "acid": "A2",
  "base": "B10",
  "bridge": [
    "O",
    "S"
  ],
  "S1_ref": 0.0,
  "S2_ref": 1.0,
  "mulliken_q_e": [
    0.6693252713054083,
    0.8182838885726947,
    -0.44009594017931253,
    -0.18868905310618705,
    -0.20921583042874525,
    -0.17740571309921904,
    -0.15850083333200748,
    -0.18491021833173815,
    0.06587000258444276,
    0.002877134389378977,
    -0.024347294967992816,
    -0.018816964939931458,
    -0.025490259305211538,
    0.005061253284041056,
    0.07172579790454581,
    0.08446772774357003,
    0.0738746344991873,
    0.027147157364074248,
    0.06144600302746306,
    0.08703807621361492,
    0.07579287131114087,
    0.17753187101687562,
    -0.017769192218119567,
    -0.022212275313705065,
    -0.027620097301873647,
    -0.02083013563694136,
    -0.021282569300905774,
    0.07018500122846583,
    0.08232027353707139,
    0.07229728855097539,
    0.03725971327753208,
    0.07060664536375971,
    0.08956578451897956,
    0.06261152799231917,
    0.06800589950780545,
    -0.017125378598047858,
    0.018963931319282423,
    -0.022272520829490938,
    -0.015391911891356358,
    -0.04149598647171748,
    0.07618904736886278,
    0.07410026786391266,
    0.05712969689742764,
    -0.022179947092179964,
    0.020446815267205487,
    -0.015280758548922524,
    0.06171140090519267,
    -0.04281738690013648,
    -0.01575751992451746,
    0.07753864321510173,
    0.05826187998746468,
    0.0749429527572254,
    0.06728161725581594,
    -0.012703597763775942,
    0.02090457116539901,
    -0.022970410729565627,
    -0.01562781242505573,
    -0.04418080308657424,
    0.08179507132506036,
    0.08059220711534698,
    0.06747322812912493,
    -0.023319762175300296,
    0.020929432651628055,
    -0.015146303886998336,
    0.06822898385223586,
    -0.0466649811524249,
    -0.01590215423438268,
    0.0811430013627521,
    0.06640658037570868,
    0.07869046113867384
  ],
  "dipole_vec_eA": [
    0.48301026516640416,
    -0.0038226455395204417,
    -2.0198893831973013e-10
  ],
  "dipole_mag_D": 2.320069623176628,
  "HOMO_eV": -13.558579877730836,
  "LUMO_eV": -13.503941929853305,
  "gap_eV": 0.054637947877530735
}