{
  "tag": "RMC-Ni_2-Rh_2-A2-B6-NNNNNO",
  "energy_eV": -2329.154382767803,
  "multiplicity": 2,
  "charge": 1,
  "sym1": "Ni",
  "ox1": 2,
  "sym2": "Rh",
  "ox2": 2,
  "acid": "A2",
  "base": "B6",
  "bridge": [
    "N",
    "O"
  ],
  "S1_ref": 0.0,
  "S2_ref": 0.5,
  "mulliken_q_e": [
    -0.114227736223392,
    -0.007360882207551489,
    -0.062130813512952354,
    -0.17975288191425953,
    -0.022409464991461014,
    -0.05041225597209542,
    -0.04640800086468855,
    -0.06331392893682364,
    0.1828333312094217,
    -0.023334112361359516,
    -0.02025272484436047,
    -0.03382865287881964,
    -0.01980529235655415,
    -0.022894708707331013,
    0.05906297700896124,
    0.06265999946434542,
    0.059083335860317554,
    0.061809936270017296,
    0.07036421342404231,
    0.04618548354680585,
    0.0483078888427666,
    0.09963626237893086,
    -0.00240249326177544,
    -0.018333378562495728,
    -0.030093343872293676,
    -0.017803692819565065,
    -0.007510523441644601,
    0.060770199798975466,
    0.06313310196533317,
    0.059496352276455,
    0.04617347517735593,
    0.055304489079810004,
    0.05468424568081631,
    0.06611261719452488,
    -0.06631348534593795,
    -0.010970308764992831,
    -0.005602252657013418,
    0.06789582108272418,
    0.07907264750012355,
    0.062518310399023,
    0.05323033640037633,
    0.0761302766899683,
    0.07163514066773524,
    -0.0691515673858436,
    -0.0116039080566952,
    -0.006610207227775611,
    0.06780613965651561,
    0.07916761858249766,
    0.05908976415542677,
    0.053142218207145375,
    0.07494983275980382,
    0.07227060188127166
  ],
  "dipole_vec_eA": [
    -0.09747121734021412,
    -0.12242453803533195,
    0.029214196950514443
  ],
  "dipole_mag_D": 0.7646284078016394,
  "HOMO_eV": -11.878507927107139,
  "LUMO_eV": -10.873183801372635,
  "gap_eV": 1.0053241257345036
}