{
  "tag": "RMC-Fe_2-Rh_2-A2-B2-NNNNNO",
  "energy_eV": -3098.511174315177,
  "multiplicity": 2,
  "charge": 1,
  "sym1": "Fe",
  "ox1": 2,
  "sym2": "Rh",
  "ox2": 2,
  "acid": "A2",
  "base": "B2",
  "bridge": [
    "N",
    "O"
  ],
  "S1_ref": 0.0,
  "S2_ref": 0.5,
  "mulliken_q_e": [
    0.7263552293978526,
    -0.015864078131934356,
    -0.2603144342907229,
    -0.26899133415894894,
    -0.19524957444672308,
    -0.1994903029505397,
    -0.0576460590891863,
    -0.06416432406384565,
    0.1702541185978792,
    -0.017485558644658505,
    -0.026636745452460975,
    -0.03500872054887627,
    -0.025892659690575304,
    -0.03502214001507231,
    0.05637143629600383,
    0.062255580112148046,
    0.05502022833760245,
    0.04852846484549822,
    0.04179580662830196,
    0.05712798603811309,
    0.06429953347626971,
    0.0947125862921443,
    -0.004770449618575201,
    -0.023042044398830175,
    -0.03318908241195051,
    -0.02304931912841468,
    -0.025401487331473405,
    0.053596414040944396,
    0.05868212790609639,
    0.05067758287465629,
    0.04014517322943445,
    0.027085518332440994,
    0.06246736281670562,
    0.07094551440602159,
    -0.029014631260955825,
    0.018927020905545655,
    -0.005273720977506224,
    0.06394593589062225,
    -0.04516695706479279,
    -0.02728088269634421,
    0.0600994444410633,
    0.05087265666212104,
    0.05600454878466643,
    0.0654230160464988,
    -0.03087737086832254,
    -0.026870969142088974,
    -0.04612207582345662,
    0.059516845836800614,
    0.05680499025873931,
    0.053432039212891635,
    -0.027153779999952388,
    0.018647485374163608,
    0.00619716063580511,
    0.06554197383496696,
    -0.04324702524848156,
    -0.02656909823194553,
    0.05948104895611539,
    0.05155128552238841,
    0.055340025269514204,
    0.06615989626098218,
    -0.02874971694997641,
    -0.025940738888505566,
    -0.044109875752881944,
    0.05915446144623182,
    0.0561343944202215,
    0.05404026389512384
  ],
  "dipole_vec_eA": [
    -0.2112345856538796,
    -0.2330408486916392,
    8.035759596324787e-16
  ],
  "dipole_mag_D": 1.5107439472117712,
  "HOMO_eV": -11.428048937444295,
  "LUMO_eV": -11.172237765877297,
  "gap_eV": 0.2558111715669984
}