{
  "tag": "RMC-In_1-Re_3-A2-B6-NNNNSS",
  "energy_eV": -2184.424809348573,
  "multiplicity": 1,
  "charge": 2,
  "sym1": "In",
  "ox1": 1,
  "sym2": "Re",
  "ox2": 3,
  "acid": "A2",
  "base": "B6",
  "bridge": [
    "S",
    "S"
  ],
  "S1_ref": 0.0,
  "S2_ref": 0.0,
  "mulliken_q_e": [
    0.4501859117445541,
    -0.0037814157486096844,
    0.022774919186637918,
    0.022774236254851282,
    -0.17441694882666403,
    -0.17441608163525357,
    -0.04662083907947934,
    -0.04661804653144497,
    0.04595646037770873,
    0.011809178191183323,
    -0.017246878828526935,
    -0.01399720867898635,
    -0.007831111104183552,
    0.008313092509809383,
    0.08305061302953098,
    0.09412424596223568,
    0.08926320900880724,
    0.04174025730564335,
    0.06860102476955299,
    0.08554876477601436,
    0.058132779642985244,
    0.04595838101356753,
    0.011809292908428137,
    -0.017245017915299643,
    -0.01399999439467603,
    -0.007827888151638707,
    0.008311154325577164,
    0.08305127629159514,
    0.09412505511298674,
    0.08926223617961238,
    0.04174776076245035,
    0.06860128886314754,
    0.08554845159460511,
    0.05813260790757502,
    -0.08110805315246594,
    -0.008736968253921784,
    -0.008736821074412093,
    0.08228890784536425,
    0.08693006428197914,
    0.06725779870941617,
    0.06725775396132705,
    0.07662201909097877,
    0.07662203347634977,
    -0.06994156411884989,
    -0.004239395405293056,
    -0.004238775891813651,
    0.09714136071127577,
    0.10541809349169573,
    0.08887844951882207,
    0.08887824034631608,
    0.09744302045398234,
    0.0974430700886817
  ],
  "dipole_vec_eA": [
    0.6847373779502517,
    2.289519594809989e-05,
    -0.696379484206537
  ],
  "dipole_mag_D": 4.690962008712312,
  "HOMO_eV": -15.121797419867555,
  "LUMO_eV": -14.990985198422727,
  "gap_eV": 0.13081222144482751
}