{
  "tag": "RMC-Ga_3-Ni_3-A2-B10-NNNNOO",
  "energy_eV": -3279.3371568598855,
  "multiplicity": 1,
  "charge": 4,
  "sym1": "Ga",
  "ox1": 3,
  "sym2": "Ni",
  "ox2": 3,
  "acid": "A2",
  "base": "B10",
  "bridge": [
    "O",
    "O"
  ],
  "S1_ref": 0.5,
  "S2_ref": 0.5,
  "mulliken_q_e": [
    0.39833704480844423,
    0.1115313390325251,
    -0.2404836938503776,
    -0.24048736124415804,
    -0.07989156755367666,
    -0.07986665830104078,
    -0.015207073862057996,
    -0.01519259194689715,
    0.20091435524237777,
    0.0011688155465672256,
    0.002201473794908093,
    -0.009016201578379457,
    0.0031418229573392242,
    -0.005626522447750526,
    0.10881690981959968,
    0.12931865853671765,
    0.10879719827112133,
    0.07159960632731188,
    0.07584841358874317,
    0.13136957644362157,
    0.1200172846673716,
    0.2009190314054743,
    0.001177172234176238,
    0.002211135717649082,
    -0.009018650881201129,
    0.0031404442742912764,
    -0.005627605943395064,
    0.10881951088711761,
    0.12932027988113248,
    0.1087963393577307,
    0.07159848240092814,
    0.07583850558965222,
    0.1313703233244402,
    0.12001625634416524,
    0.08627302242826951,
    0.032381896523303144,
    0.05628140620061006,
    0.005138952192515589,
    0.01610599641337207,
    -0.013832695227580682,
    0.1369066206749967,
    0.14041619115419934,
    0.10582906649846802,
    0.005138883583269305,
    0.0562808333485465,
    0.03238302139555005,
    0.08628316609049747,
    -0.013811717764533382,
    0.01611373025372509,
    0.13690557168375306,
    0.10582731102427889,
    0.1404154785995102,
    0.08046553329384531,
    0.04012398452730159,
    0.0606961499344536,
    0.006051459489002653,
    0.01869387250595045,
    -0.016423358038027747,
    0.1397529727160446,
    0.13905242241395777,
    0.10814612159716186,
    0.0060522618473914935,
    0.06069829264812454,
    0.04012368180654602,
    0.08046207207875455,
    -0.016429373429642347,
    0.018693055314964013,
    0.13975161752549392,
    0.1081462910301364,
    0.13905415484650474
  ],
  "dipole_vec_eA": [
    -0.1598992101912215,
    -9.059119065023961e-05,
    1.2107204844056718e-16
  ],
  "dipole_mag_D": 0.7680286924213741,
  "HOMO_eV": -20.353449979390447,
  "LUMO_eV": -20.223921205774033,
  "gap_eV": 0.12952877361641413
}