{
  "tag": "RMC-Au_3-Cr_2-A2-B1-NNNNNO",
  "energy_eV": -2528.7566441190775,
  "multiplicity": 1,
  "charge": 2,
  "sym1": "Au",
  "ox1": 3,
  "sym2": "Cr",
  "ox2": 2,
  "acid": "A2",
  "base": "B1",
  "bridge": [
    "N",
    "O"
  ],
  "S1_ref": 0.0,
  "S2_ref": 0.0,
  "mulliken_q_e": [
    0.5729545449017086,
    0.5394696482492795,
    -0.3301151050177966,
    -0.2906851061909066,
    -0.1297037280616402,
    -0.15514284547333124,
    -0.1443342439537334,
    -0.1534663138469452,
    0.15243674767338034,
    -0.00024546859719487557,
    -0.010540272387734584,
    -0.018578752008173938,
    -0.013915191491761014,
    -0.015455040773182827,
    0.09576869002865684,
    0.10058521687746946,
    0.08936223804216648,
    0.041718461000589624,
    0.055967198646651006,
    0.0828635327498135,
    0.1031207518102909,
    0.11422924963132663,
    0.0059529452084907675,
    -0.004900591060158943,
    -0.018080407698860546,
    -0.008563650926012967,
    -0.010330017779019318,
    0.09476675294605674,
    0.09838753318265614,
    0.0877469019274435,
    0.048566843788417025,
    0.05083215050107315,
    0.09329629548720753,
    0.11664068593499244,
    -0.02637548265682943,
    0.051920590496862484,
    0.053450158153722116,
    -0.025774850391720783,
    -0.010882866857990336,
    -0.009183839419257156,
    0.07676117116148795,
    0.07592835046427293,
    0.09737513676839615,
    0.09843290500772506,
    -0.028727449854424547,
    0.060974058472063275,
    0.06153711696627617,
    -0.028320913060285058,
    -0.013884818123068632,
    -0.01305734041286799,
    0.0771110998364416,
    0.07586275510643892,
    0.0928984120994426,
    0.0933461530092754
  ],
  "dipole_vec_eA": [
    -0.529021766338139,
    -0.16656171953064622,
    -3.6492059084181073e-11
  ],
  "dipole_mag_D": 2.6639682700085316,
  "HOMO_eV": -14.877460414130264,
  "LUMO_eV": -14.814128116701808,
  "gap_eV": 0.06333229742845603
}