{
  "tag": "RMC-Mg_2-Mn_2-A2-B5-NNNNSS",
  "energy_eV": -1918.7894250057793,
  "multiplicity": 2,
  "charge": 2,
  "sym1": "Mg",
  "ox1": 2,
  "sym2": "Mn",
  "ox2": 2,
  "acid": "A2",
  "base": "B5",
  "bridge": [
    "S",
    "S"
  ],
  "S1_ref": 0.0,
  "S2_ref": 0.5,
  "mulliken_q_e": [
    0.4606097332452886,
    0.1735214165782193,
    0.20058350738539302,
    0.2005667437300107,
    -0.1654031508900735,
    -0.16540702537867902,
    -0.22933233993421864,
    -0.2293549077275412,
    0.026152265161036192,
    0.01030181152510301,
    -0.012997872930261334,
    -0.013722079257675546,
    -0.01595217572969143,
    0.008246536123397874,
    0.08403119547914617,
    0.09115224963110968,
    0.08521643659632694,
    0.06783226870439174,
    0.04710530362895349,
    0.07923652807151138,
    0.10329011297565094,
    0.02614783643958929,
    0.01030512279703455,
    -0.012995748562895981,
    -0.013725666703820583,
    -0.015951582005251375,
    0.008249760841698262,
    0.08402798104596343,
    0.09115590100223692,
    0.08521841632198557,
    0.06783468111317847,
    0.047106887390572894,
    0.07924107873610686,
    0.1032950276835155,
    -0.022383568444655166,
    -0.022335660809125413,
    0.18579383419184214,
    0.18579286979741727,
    -0.004895572646035129,
    -0.0048855403063554625,
    0.15866025876030854,
    0.15866712832098828
  ],
  "dipole_vec_eA": [
    -1.3503307709854369,
    3.569116529808496e-05,
    -1.6495493419632486e-09
  ],
  "dipole_mag_D": 6.485914527375239,
  "HOMO_eV": -14.604034786218326,
  "LUMO_eV": -14.414668729986328,
  "gap_eV": 0.18936605623199831
}