{
  "tag": "RMC-Mo_2-V_3-A2-B1-NNNNSS",
  "energy_eV": -2446.2036119293643,
  "multiplicity": 3,
  "charge": 3,
  "sym1": "Mo",
  "ox1": 2,
  "sym2": "V",
  "ox2": 3,
  "acid": "A2",
  "base": "B1",
  "bridge": [
    "S",
    "S"
  ],
  "S1_ref": 0.0,
  "S2_ref": 1.0,
  "mulliken_q_e": [
    0.2854384417398862,
    0.20349789548597852,
    -0.023233172868914076,
    -0.023236514443841533,
    -0.09040906470636756,
    -0.09040301772542825,
    -0.05979591672717355,
    -0.05979405547009797,
    0.07157154337032434,
    0.029179356464657857,
    -0.005939028122377454,
    0.00038688166983202876,
    -0.007751166737735904,
    0.02553308031861179,
    0.11123533182535805,
    0.12403100573758485,
    0.10895299848841233,
    0.05936378219416616,
    0.0621419883163048,
    0.11378435727934966,
    0.11226460494571999,
    0.07157305095423427,
    0.029180478156260348,
    -0.005935965725179848,
    0.0003856123551069235,
    -0.00774920836017623,
    0.025536664532143982,
    0.11123380422849671,
    0.12403113981563785,
    0.10895373795338859,
    0.05936352747491069,
    0.06214547033316764,
    0.11378523645271776,
    0.11226640361599194,
    -0.012229790345862579,
    0.08838943996443893,
    0.08838459721348291,
    -0.012230049595784331,
    0.005821087476882925,
    0.005821271364634395,
    0.11388875772676332,
    0.11388815628268656,
    0.13211447221273742,
    0.1321149738392493,
    -0.016470144468276215,
    0.07437015683000303,
    0.0743685740163853,
    -0.016470114321932794,
    0.005336705185497115,
    0.005337129210290836,
    0.1057423715360406,
    0.10574228496587113,
    0.1272454081237394,
    0.12724543047009418
  ],
  "dipole_vec_eA": [
    -0.4988944137544068,
    4.1942901797706116e-05,
    1.1253173730988846e-07
  ],
  "dipole_mag_D": 2.3962917868929305,
  "HOMO_eV": -18.09040878162677,
  "LUMO_eV": -17.90630397711986,
  "gap_eV": 0.1841048045069087
}