{
  "tag": "RMC-Co_3-Zn_2-A2-B2-NNNNOS",
  "energy_eV": -2996.402463821634,
  "multiplicity": 1,
  "charge": 3,
  "sym1": "Co",
  "ox1": 3,
  "sym2": "Zn",
  "ox2": 2,
  "acid": "A2",
  "base": "B2",
  "bridge": [
    "O",
    "S"
  ],
  "S1_ref": 0.0,
  "S2_ref": 0.0,
  "mulliken_q_e": [
    0.1632883797495187,
    0.3076646300800725,
    -0.2995287400501059,
    0.042824377210643,
    -0.04831698757769676,
    -0.051828762676749074,
    -0.08493585661489633,
    -0.10938269224102859,
    0.05351116109737708,
    0.012715674923289289,
    -0.0004641326327976536,
    -0.004548446989659949,
    -0.0035761858056981843,
    0.016038792926164502,
    0.1012412278282313,
    0.11524772691178842,
    0.09944201244788387,
    0.060467299034080435,
    0.04553009744027725,
    0.09924486796362442,
    0.11124515802920465,
    0.20969804245386925,
    -0.007010515878678625,
    -0.0014030277296122051,
    -0.00867930628331881,
    -0.00418788389284841,
    -0.0006920054077814708,
    0.09956985738413326,
    0.11507540325089927,
    0.09964448515104918,
    0.0675761064324103,
    0.06263707225986725,
    0.10409108749135387,
    0.10752530329685539,
    0.005215661290530749,
    0.03577335882535526,
    0.01666932175748781,
    0.07833631542500163,
    -0.021491558257604293,
    -0.006315768946113742,
    0.1137127772392631,
    0.09062210778952762,
    0.10969770602289608,
    0.07832849065207315,
    0.005821194865590629,
    -0.006197519311854638,
    -0.020643431449992367,
    0.1139206866408603,
    0.11020820271309528,
    0.09024229351643909,
    0.0020009117473196447,
    0.03433720310048627,
    0.009113232629529344,
    0.07358405992692219,
    -0.020588262220347486,
    -0.007109291202600954,
    0.1097787143244432,
    0.0852856631500184,
    0.10649151484110897,
    0.070277555198198,
    0.0011735578727429807,
    -0.0074338402569140705,
    -0.02194461559306049,
    0.1098367172324507,
    0.10647845682080492,
    0.08509436458038422
  ],
  "dipole_vec_eA": [
    -0.08398158557291438,
    -0.02916822961114798,
    3.682116508441757e-16
  ],
  "dipole_mag_D": 0.4270178894867492,
  "HOMO_eV": -18.106001184537714,
  "LUMO_eV": -17.82928508789753,
  "gap_eV": 0.2767160966401825
}