{
  "tag": "RMC-Cu_2-W_2-A2-B6-NNNNOO",
  "energy_eV": -2280.4620239512783,
  "multiplicity": 2,
  "charge": 2,
  "sym1": "Cu",
  "ox1": 2,
  "sym2": "W",
  "ox2": 2,
  "acid": "A2",
  "base": "B6",
  "bridge": [
    "O",
    "O"
  ],
  "S1_ref": 0.5,
  "S2_ref": 0.0,
  "mulliken_q_e": [
    0.343582062660928,
    0.2726466171234383,
    -0.2310269615402749,
    -0.23102834313093257,
    -0.1452158572388591,
    -0.14521363893526185,
    -0.07378209325380292,
    -0.0737780235125427,
    0.1742168292754145,
    -0.0012098870425063524,
    -0.010938833210091481,
    -0.01509778639738868,
    -0.009389090689525093,
    -0.0058709408899288995,
    0.09496512787013867,
    0.10255706048188051,
    0.0951917772043055,
    0.05816768475835854,
    0.07504638506696715,
    0.09102190944182365,
    0.07182434293865148,
    0.1742212896740174,
    -0.0012065825636649041,
    -0.01093375734632862,
    -0.015099156955680426,
    -0.0093869178687771,
    -0.005873822092132608,
    0.09496531876440717,
    0.10255574081234642,
    0.09519095392181631,
    0.05818035789714093,
    0.07504726538583517,
    0.09102141172862643,
    0.07182442483973406,
    -0.0792628624192766,
    -0.011091412524917077,
    -0.011091282007207548,
    0.09177173749915568,
    0.07292934247355964,
    0.07083102911935157,
    0.07083102253467388,
    0.08512758780696017,
    0.08512752918119193,
    -0.07671612119942983,
    -0.016687341798717892,
    -0.01668841420360545,
    0.10290354199105989,
    0.09890026886222492,
    0.08756499141073915,
    0.08756509808090329,
    0.10040473795819949,
    0.10040568182218879
  ],
  "dipole_vec_eA": [
    0.27563236580409367,
    5.3197314088590984e-05,
    0.06335772146148175
  ],
  "dipole_mag_D": 1.3584443747355257,
  "HOMO_eV": -15.187557109707447,
  "LUMO_eV": -14.299915304520697,
  "gap_eV": 0.8876418051867496
}