{
  "tag": "RMC-In_3-Re_2-A2-B1-NNNNNO",
  "energy_eV": -2490.356621311204,
  "multiplicity": 1,
  "charge": 2,
  "sym1": "In",
  "ox1": 3,
  "sym2": "Re",
  "ox2": 2,
  "acid": "A2",
  "base": "B1",
  "bridge": [
    "N",
    "O"
  ],
  "S1_ref": 0.5,
  "S2_ref": 0.5,
  "mulliken_q_e": [
    0.47242800031102505,
    0.2082671293216708,
    -0.23402746394248886,
    -0.2628465968100637,
    -0.13165988331233192,
    -0.11867652917783689,
    -0.021637392731505445,
    -0.07140378035046457,
    0.17179933267236658,
    -0.00423576098811429,
    -0.008450271433992462,
    -0.021957348092069617,
    -0.010121755299977941,
    -0.012281480554077184,
    0.08920157982002308,
    0.09543019184820167,
    0.08550842220861765,
    0.050641577120431824,
    0.07921280798274033,
    0.07700051504951366,
    0.09046121058915535,
    0.11046595843362272,
    0.014108840506968034,
    -0.006035786183457237,
    -0.016921426204575818,
    -0.007576078617209436,
    -0.002577217325306025,
    0.09411605802915135,
    0.09775953584986496,
    0.08617182888822561,
    0.03311900722983818,
    0.0767652282605229,
    0.10268501755593962,
    0.09135062248073034,
    -0.02485665861381836,
    0.060696173751570326,
    0.05610554868581463,
    -0.02471960188341704,
    -0.009327566753018823,
    -0.008077647232489715,
    0.07996611461247372,
    0.07799260151561116,
    0.09587925695738675,
    0.09658474660945437,
    -0.02483990474671649,
    0.0600414188621099,
    0.06351015538902205,
    -0.026102585869463457,
    -0.012137376999724392,
    -0.011924120211352252,
    0.08470182238817248,
    0.0790618162840856,
    0.09501075342660215,
    0.09635096077635863
  ],
  "dipole_vec_eA": [
    -0.740380732504544,
    -0.24244577434171125,
    4.30121403241141e-06
  ],
  "dipole_mag_D": 3.742012367830898,
  "HOMO_eV": -15.037689229952964,
  "LUMO_eV": -14.753863729865547,
  "gap_eV": 0.283825500087417
}