{
  "tag": "RMC-Fe_2-Hf_2-A2-B1-NNNNNO",
  "energy_eV": -2509.230613747918,
  "multiplicity": 3,
  "charge": 1,
  "sym1": "Fe",
  "ox1": 2,
  "sym2": "Hf",
  "ox2": 2,
  "acid": "A2",
  "base": "B1",
  "bridge": [
    "N",
    "O"
  ],
  "S1_ref": 0.0,
  "S2_ref": 1.0,
  "mulliken_q_e": [
    0.7291848176655699,
    0.629789397358929,
    -0.3606802800715292,
    -0.35563914867152646,
    -0.1787405880917745,
    -0.18950384117837737,
    -0.17520929625111514,
    -0.17777433799527387,
    0.15286491818279768,
    -0.023709391030521276,
    -0.04105290757618607,
    -0.03342875155042879,
    -0.0420278055903065,
    -0.023833708974049905,
    0.05339513797954287,
    0.059754372893366714,
    0.05417764802739233,
    0.026696567025145335,
    0.03537154495634853,
    0.05380306836533,
    0.0580444615543978,
    0.10332741234031029,
    -0.02054614198502569,
    -0.02986634842734337,
    -0.03430137402267497,
    -0.028084320962558085,
    -0.017253603448976307,
    0.05418031130097378,
    0.05951001581952842,
    0.056619947945800164,
    0.03979861019170694,
    0.034300726224119726,
    0.06694880118252866,
    0.06431104519111908,
    -0.04012056560682864,
    0.046861418175847325,
    0.04512034409023147,
    -0.03940963671841402,
    -0.027710494878678382,
    -0.026123358405633956,
    0.05911981980044745,
    0.05706185661948948,
    0.0644883909270969,
    0.0652440404249448,
    -0.04115128062027473,
    0.05404309020635312,
    0.05709774803483625,
    -0.04221450695981677,
    -0.027675629276752156,
    -0.02934604407828556,
    0.05287090313018905,
    0.052306354861481164,
    0.05947372492248881,
    0.059636866973995506
  ],
  "dipole_vec_eA": [
    0.12996608833599732,
    -0.14112814871061796,
    1.6104245292132206e-16
  ],
  "dipole_mag_D": 0.9215187233110617,
  "HOMO_eV": -10.943549269551017,
  "LUMO_eV": -10.872445337353023,
  "gap_eV": 0.07110393219799427
}