{
  "tag": "RMC-Cr_2-Ta_3-A2-B2-NNNNNS",
  "energy_eV": -2972.900736613279,
  "multiplicity": 3,
  "charge": 2,
  "sym1": "Cr",
  "ox1": 2,
  "sym2": "Ta",
  "ox2": 3,
  "acid": "A2",
  "base": "B2",
  "bridge": [
    "N",
    "S"
  ],
  "S1_ref": 0.0,
  "S2_ref": 1.0,
  "mulliken_q_e": [
    0.6039730097671423,
    0.5840107556872933,
    -0.4018843732518138,
    -0.14019639757683178,
    -0.16322812907810724,
    -0.1669453154136773,
    -0.17569294463229568,
    -0.1593117060097229,
    0.04513745423620086,
    0.002525905896256564,
    -0.015729550070305187,
    -0.017878320123882574,
    -0.014454108996671211,
    0.005145320306252588,
    0.07839658502567737,
    0.09058623796783072,
    0.07960256259930765,
    0.056699038873915475,
    0.02344889291523522,
    0.09184612008462034,
    0.08155164700875883,
    0.1235149107572937,
    -0.0198923738341239,
    -0.015583439660312726,
    -0.02343119002884797,
    -0.015242045325174924,
    -0.008614618976209965,
    0.0715843708399091,
    0.08559260469379826,
    0.07349633959806479,
    0.0508075308252498,
    0.036357331671774906,
    0.08763677151519866,
    0.08210295684091085,
    -0.017832418978089404,
    0.026936582725380243,
    -0.005519762467953049,
    0.0582280982637402,
    -0.03300088985924954,
    -0.021057090943590095,
    0.08522612117396688,
    0.07228236519982223,
    0.08166932473789801,
    0.05996618783041652,
    -0.018918172725190807,
    -0.020246402780530026,
    -0.032506562358034286,
    0.0852227138955769,
    0.08289775738908167,
    0.07252191504721783,
    -0.015297967170489812,
    0.028047628473530928,
    0.0006411003554418482,
    0.06489816374650692,
    -0.030674514609019488,
    -0.01953049084655878,
    0.0871605677402395,
    0.06992991708789542,
    0.08333138889519098,
    0.06857999406345572,
    -0.018992715521031656,
    -0.018385321320317782,
    -0.03136321450735835,
    0.08592086838294544,
    0.08399190937784695,
    0.06994108557428658
  ],
  "dipole_vec_eA": [
    -0.0012298448583669258,
    -0.20639748342582362,
    -2.1350618320366874e-09
  ],
  "dipole_mag_D": 0.9913868729301066,
  "HOMO_eV": -14.418250129601887,
  "LUMO_eV": -14.284228284509979,
  "gap_eV": 0.13402184509190818
}