{
  "tag": "RMC-Pb_2-Zr_2-A2-B7-NNNNOO",
  "energy_eV": -2154.6115190993073,
  "multiplicity": 3,
  "charge": 2,
  "sym1": "Pb",
  "ox1": 2,
  "sym2": "Zr",
  "ox2": 2,
  "acid": "A2",
  "base": "B7",
  "bridge": [
    "O",
    "O"
  ],
  "S1_ref": 0.0,
  "S2_ref": 1.0,
  "mulliken_q_e": [
    0.6609240127826645,
    0.9564279023994409,
    -0.425398350840444,
    -0.422349517789093,
    -0.1794588693002539,
    -0.16563077252601932,
    -0.1776055626581583,
    -0.16278605368258492,
    0.17321453396237851,
    -0.009408131972087341,
    -0.020243959103581233,
    -0.021887546105937572,
    -0.020060058795782876,
    -0.014283134998971603,
    0.08402249295357511,
    0.0925986682668819,
    0.08430375135438051,
    0.04203519692311097,
    0.054867674672870015,
    0.0874468291132422,
    0.07480073976918034,
    0.1731516148605181,
    -0.01191689132829099,
    -0.020702453924496655,
    -0.022190466712559198,
    -0.020447106696545703,
    -0.015251416907302362,
    0.0834961332364289,
    0.09303246464904524,
    0.08410890609413135,
    0.04686240199821956,
    0.052596417951392915,
    0.08593984233351415,
    0.07229357750976806,
    0.018559083377012175,
    -0.05286611201821745,
    0.07494579907384424,
    0.09800044980592759,
    -0.0121717689769687,
    0.10193813085614334,
    0.10193813085583558,
    0.01839873093745159,
    -0.06012464744040513,
    0.09293659841163426,
    0.10764883033701778,
    -0.01345505774603506,
    0.1158744825050887,
    0.11587448250035037
  ],
  "dipole_vec_eA": [
    0.492051910380105,
    0.27650742347692897,
    -3.6438159196482966e-11
  ],
  "dipole_mag_D": 2.711030942282282,
  "HOMO_eV": -14.021617762486754,
  "LUMO_eV": -13.952417166831433,
  "gap_eV": 0.069200595655321
}