{
  "tag": "RMC-Mo_2-Os_3-A2-B2-NNNNSS",
  "energy_eV": -3006.038501379064,
  "multiplicity": 2,
  "charge": 3,
  "sym1": "Mo",
  "ox1": 2,
  "sym2": "Os",
  "ox2": 3,
  "acid": "A2",
  "base": "B2",
  "bridge": [
    "S",
    "S"
  ],
  "S1_ref": 0.0,
  "S2_ref": 0.5,
  "mulliken_q_e": [
    0.3379943312970849,
    0.23929687340731076,
    -0.016578173174069566,
    -0.016600777128874117,
    -0.12550237790345564,
    -0.12548916252228204,
    -0.042478867476524185,
    -0.04246066921653657,
    0.053563509486433736,
    0.017509233286093995,
    -0.006446156662443858,
    -0.005536669811375017,
    -0.007622821934682555,
    0.015067456822292602,
    0.10043596702698399,
    0.11465890651148447,
    0.09870297996323285,
    0.030916131791602686,
    0.052302718353530064,
    0.11101514015725134,
    0.09938241708251938,
    0.05355745290829095,
    0.017510292243061665,
    -0.006447790301632228,
    -0.005533679892307575,
    -0.007617095385659134,
    0.015066488663766586,
    0.10044498049839345,
    0.11465542077821844,
    0.0986999733206737,
    0.030915499145589997,
    0.05230745530045455,
    0.11101880215373483,
    0.09938180091739923,
    -0.00727940795258708,
    0.03426320299855545,
    0.012397638469070715,
    0.0702072496565711,
    -0.023966834424537176,
    -0.011539915612144958,
    0.10782301702054864,
    0.08758248285420578,
    0.1055094264937243,
    0.07019106393331254,
    -0.007281104277365058,
    -0.011540164366942385,
    -0.023964968050029123,
    0.107821826865522,
    0.10551321912754918,
    0.0875855797871663,
    -0.0014143294034751897,
    0.03621478992499472,
    0.019174035022593072,
    0.06844786875505404,
    -0.022572367818138206,
    -0.010348376738881226,
    0.11111764388976075,
    0.08948125750379998,
    0.10788998284466367,
    0.0684380400759399,
    -0.0014149384382708963,
    -0.010348258492426599,
    -0.02256960934904284,
    0.11111603224114508,
    0.10789239215040447,
    0.08948394066494214
  ],
  "dipole_vec_eA": [
    -0.47827836810498847,
    0.003784782917014901,
    3.4595929027315074e-08
  ],
  "dipole_mag_D": 2.2973406275145414,
  "HOMO_eV": -17.749287889141552,
  "LUMO_eV": -17.067611667486467,
  "gap_eV": 0.6816762216550849
}