{
  "tag": "RMC-Co_2-Pb_2-A2-B5-NNNNOS",
  "energy_eV": -2008.7486696830845,
  "multiplicity": 2,
  "charge": 2,
  "sym1": "Co",
  "ox1": 2,
  "sym2": "Pb",
  "ox2": 2,
  "acid": "A2",
  "base": "B5",
  "bridge": [
    "O",
    "S"
  ],
  "S1_ref": 0.5,
  "S2_ref": 0.0,
  "mulliken_q_e": [
    0.2552114739027539,
    0.8017932662318599,
    -0.39837064405537403,
    0.12507253691189027,
    -0.14556310655357274,
    -0.1655043117403021,
    -0.24714034158250375,
    -0.23816190261639325,
    0.028903498962130625,
    0.005811401968686569,
    -0.005354833868220554,
    -0.015081160704393026,
    -0.011621673039782898,
    0.00968887998568202,
    0.08985311505933147,
    0.09178622924467539,
    0.08201211717374657,
    0.06246765533254606,
    0.0781482886747813,
    0.08306979752776811,
    0.10787171739918966,
    0.21200042234216054,
    -0.012633258548838011,
    -0.008952543919479528,
    -0.02096191279410231,
    -0.012241506759648635,
    -0.006833557255331302,
    0.09167080790697979,
    0.0956903854053387,
    0.08521889686169815,
    0.10674266561029455,
    0.08444123151405036,
    0.13754459813991393,
    0.11594155437702636,
    0.00569276408292807,
    -0.0018530514861532232,
    0.17692968740847992,
    0.17518680097480466,
    -0.05242361040487564,
    -0.05306213508204327,
    0.13834806144898193,
    0.14866169858266487
  ],
  "dipole_vec_eA": [
    -0.4097690890725246,
    0.17995430254161152,
    4.8143719189789557e-11
  ],
  "dipole_mag_D": 2.1496378755902934,
  "solvation_E_eV": null
}