{
  "tag": "RMC-Ir_2-Ru_2-A2-B5-NNNNOO",
  "energy_eV": -2060.2753444928067,
  "multiplicity": 2,
  "charge": 2,
  "sym1": "Ir",
  "ox1": 2,
  "sym2": "Ru",
  "ox2": 2,
  "acid": "A2",
  "base": "B5",
  "bridge": [
    "O",
    "O"
  ],
  "S1_ref": 0.5,
  "S2_ref": 0.0,
  "mulliken_q_e": [
    0.23683021914900637,
    -0.06259804376612776,
    -0.09015738010918573,
    -0.09013836665733987,
    -0.13930865817629656,
    -0.13930990882665184,
    0.05267354022884008,
    0.05266963308740147,
    0.14137747433784464,
    0.004471954377727849,
    -0.009042665886477508,
    -0.014390141060115269,
    -0.014137862170244375,
    0.0019459324197059757,
    0.09818625723880359,
    0.09984582504006112,
    0.08916017215618077,
    0.03606543943460583,
    0.07252426246474686,
    0.11786979522134156,
    0.11376732542871415,
    0.14138624791984222,
    0.004469718517691401,
    -0.00905594201636517,
    -0.014394827435616042,
    -0.014130215619790887,
    0.0019465966333989115,
    0.09819264101787983,
    0.09984850129383593,
    0.08915940586969362,
    0.03607850036537119,
    0.07252415316164496,
    0.11786876984159511,
    0.11376908520664641,
    0.021551125616903866,
    0.021554749970400078,
    0.19016751933032738,
    0.1901639642678512,
    -0.015455734003066324,
    -0.015447553035920603,
    0.15574917248276987,
    0.15574931668572978
  ],
  "dipole_vec_eA": [
    -1.2722771042349226,
    7.55545347911999e-05,
    7.120901703659008e-08
  ],
  "dipole_mag_D": 6.111006830459999,
  "HOMO_eV": -15.541623772907531,
  "LUMO_eV": -15.062128251429426,
  "gap_eV": 0.47949552147810515
}