{
  "tag": "RMC-Zn_2-Zn_2-A2-B2-NNNNNS",
  "energy_eV": -2908.5188135038748,
  "multiplicity": 1,
  "charge": 1,
  "sym1": "Zn",
  "ox1": 2,
  "sym2": "Zn",
  "ox2": 2,
  "acid": "A2",
  "base": "B2",
  "bridge": [
    "N",
    "S"
  ],
  "S1_ref": 0.0,
  "S2_ref": 0.0,
  "mulliken_q_e": [
    0.3046058344536998,
    0.30465650317678317,
    -0.37964165707158437,
    -0.19704872734910664,
    -0.13499835760753953,
    -0.1411775864109932,
    -0.13493020967302027,
    -0.14116041477644847,
    0.08228526848701856,
    -0.000684165787990354,
    -0.016371699258967976,
    -0.029261123477211326,
    -0.01637749606413541,
    -0.0006943544386524003,
    0.06109703733077787,
    0.06675275773409184,
    0.06109751981235578,
    0.06437307029484352,
    0.06437844877923249,
    0.06342300925376276,
    0.06342497607393371,
    0.12969462337048698,
    -0.021054595687846955,
    -0.012266030405176265,
    -0.035570328651272076,
    -0.012335923986337427,
    -0.021093486361913216,
    0.050389425155374146,
    0.056839717169654747,
    0.05039624682258359,
    0.06003809017196993,
    0.05994401182318487,
    0.06275768148498828,
    0.06277160024422535,
    -0.02516564100245855,
    0.01970281315387168,
    0.0007011504842626692,
    0.06708399205435334,
    -0.04042284789978834,
    -0.02596253944559135,
    0.06184972587465687,
    0.05388092318741888,
    0.05751584798342735,
    0.06839349037170028,
    -0.02987276223781521,
    -0.024784407937531228,
    -0.04301186468070761,
    0.06034992001898254,
    0.05833901044274681,
    0.05425788175037649,
    -0.025208884088206318,
    0.019732980766724584,
    0.0007521959515304211,
    0.06712116143481905,
    -0.04040920276879367,
    -0.026024682609437466,
    0.061854300473767054,
    0.053875995650145225,
    0.05752421028219812,
    0.06844879217686506,
    -0.02993342318288872,
    -0.024831226083286806,
    -0.04296399401148343,
    0.06035446595548177,
    0.058343563799674314,
    0.05424938951885394
  ],
  "dipole_vec_eA": [
    0.0004498169069908693,
    -0.3029382632564313,
    4.034160230441016e-16
  ],
  "dipole_mag_D": 1.4550759636709258,
  "HOMO_eV": -11.962807109296849,
  "LUMO_eV": -11.062720224341938,
  "gap_eV": 0.9000868849549111
}