{
  "tag": "RMC-Cu_2-Ti_3-A2-B1-NNNNSS",
  "energy_eV": -2484.5805918307583,
  "multiplicity": 1,
  "charge": 3,
  "sym1": "Cu",
  "ox1": 2,
  "sym2": "Ti",
  "ox2": 3,
  "acid": "A2",
  "base": "B1",
  "bridge": [
    "S",
    "S"
  ],
  "S1_ref": 0.5,
  "S2_ref": 0.5,
  "mulliken_q_e": [
    0.4969716772293861,
    0.4250974074243066,
    -0.15776632409869243,
    -0.15776432121190131,
    -0.11613986787590425,
    -0.11614018419527783,
    -0.1219997011933196,
    -0.12199998588406857,
    0.08822013177904497,
    0.022097372759045664,
    0.0029273786025905135,
    -0.0052262363405057854,
    0.007484804249959343,
    0.020558407066349815,
    0.11307919188068905,
    0.12451430743306247,
    0.11516672704458741,
    0.08775464452358461,
    0.07697104968365576,
    0.11280684628355298,
    0.11762883154357395,
    0.08821567389620588,
    0.022097205527261465,
    0.002928137563932731,
    -0.005225327429690951,
    0.007484020695247784,
    0.020557849548097806,
    0.11307926916465116,
    0.12451438296346096,
    0.11516695894912088,
    0.08775353507770767,
    0.07696704270972599,
    0.11280710945411587,
    0.11762919159600038,
    -0.015943735030313544,
    0.04925340765291297,
    0.04925549860122502,
    -0.01594359747436047,
    0.0024257563138798677,
    0.0024232911789454636,
    0.09454652750007131,
    0.09454641869924907,
    0.12172186234080506,
    0.1217220580620253,
    -0.01019806057657724,
    0.07017472421134285,
    0.0701759392873158,
    -0.01019819971796565,
    0.004775456391130417,
    0.004774263843958071,
    0.10671104443518031,
    0.1067110080305318,
    0.12742450797011662,
    0.1274246218538957
  ],
  "dipole_vec_eA": [
    0.9142858530321293,
    -2.4792638864490755e-05,
    -4.165513736638834e-13
  ],
  "dipole_mag_D": 4.391501714899115,
  "HOMO_eV": -17.982340596946678,
  "LUMO_eV": -17.743521164141757,
  "gap_eV": 0.23881943280492024
}