{
  "tag": "RMC-Cr_2-Fe_3-A2-B1-NNNNNO",
  "energy_eV": -2512.45345710099,
  "multiplicity": 2,
  "charge": 2,
  "sym1": "Cr",
  "ox1": 2,
  "sym2": "Fe",
  "ox2": 3,
  "acid": "A2",
  "base": "B1",
  "bridge": [
    "N",
    "O"
  ],
  "S1_ref": 0.0,
  "S2_ref": 0.5,
  "mulliken_q_e": [
    0.5332583311323927,
    0.8235890001423488,
    -0.3542215312676702,
    -0.3110629242012033,
    -0.1444822367864862,
    -0.15328506500831884,
    -0.1791187891152093,
    -0.1860778339070399,
    0.15446926080040968,
    -0.013412738242319255,
    -0.014911427269024058,
    -0.019131651224503887,
    -0.014682139859523602,
    -0.008896281965792951,
    0.0909043434755058,
    0.09832321926990406,
    0.09049992260836393,
    0.04900521973283323,
    0.05682548769450424,
    0.08764843883851448,
    0.07985147446389829,
    0.10527990053042502,
    -0.005360409175758418,
    -0.009198363831076195,
    -0.017304046171585874,
    -0.009689349140717951,
    0.0011259482584684566,
    0.09026475761658592,
    0.09710754550948375,
    0.09039909304929272,
    0.050814243683351634,
    0.055805027277145314,
    0.09534029700551105,
    0.09107558529791315,
    -0.03272850478667522,
    0.05936157607654069,
    0.05804340817934528,
    -0.032217653621233966,
    -0.01415539005102917,
    -0.01242042318530645,
    0.07349453890455027,
    0.07031439493187508,
    0.08954578439019523,
    0.09056601142522369,
    -0.03151266004302822,
    0.052068322165218284,
    0.04996195762007383,
    -0.03103557776521315,
    -0.014451492408260824,
    -0.012769503764533008,
    0.07685156074023847,
    0.07420783636259487,
    0.09259183527331505,
    0.0935316703341651
  ],
  "dipole_vec_eA": [
    0.02345753217523616,
    -0.30073308879369115,
    2.2123905860444113e-07
  ],
  "dipole_mag_D": 1.448870039858585,
  "HOMO_eV": -14.976649474969195,
  "LUMO_eV": -14.345572644892583,
  "gap_eV": 0.6310768300766121
}