{
  "tag": "RMC-Ru_3-W_2-A2-B2-NNNNOS",
  "energy_eV": -3034.855787323435,
  "multiplicity": 2,
  "charge": 3,
  "sym1": "Ru",
  "ox1": 3,
  "sym2": "W",
  "ox2": 2,
  "acid": "A2",
  "base": "B2",
  "bridge": [
    "O",
    "S"
  ],
  "S1_ref": 0.5,
  "S2_ref": 0.0,
  "mulliken_q_e": [
    -0.04185522987872814,
    0.10500496735677467,
    -0.15249237324146092,
    0.12983919201124258,
    -0.028806629181759913,
    -0.0475425673577079,
    -0.039115599290553194,
    -0.061679525328997675,
    0.05717466329545795,
    0.019211553050352936,
    0.0016169499666827125,
    -0.003881714673880543,
    0.0020797372150376248,
    0.021978860183236693,
    0.10653993262232064,
    0.11958117681916958,
    0.1071249522975164,
    0.051192972728924646,
    0.04700263298523777,
    0.10945792291790812,
    0.10551702437279975,
    0.1856670501898139,
    0.0055577026045083855,
    -0.00020434425505477805,
    -0.007733754639638324,
    -0.0015946492215639374,
    0.009449204326412275,
    0.10694257767000359,
    0.1209083991195864,
    0.10650230694936902,
    0.06653340633347171,
    0.058693185864187924,
    0.10708599123313212,
    0.1037938009655841,
    0.004250272753056228,
    0.034460961925017575,
    0.02539269618069384,
    0.08446848654609451,
    -0.02215972486987461,
    -0.007036939888247495,
    0.11181804120690642,
    0.08952892906945298,
    0.10808782868419597,
    0.08199202817637374,
    0.0038583339013980034,
    -0.0077794601960456955,
    -0.021808875361726043,
    0.11160888079410636,
    0.10776357456898178,
    0.08850156230534845,
    7.10347933865485e-05,
    0.03346336270710304,
    0.020781798402692786,
    0.07420164786396155,
    -0.024579034837566738,
    -0.009607118673809811,
    0.10930785183162972,
    0.08734190655887653,
    0.10484871298791243,
    0.07331040787981724,
    0.0014210404072114713,
    -0.009032855022317321,
    -0.02405883837403522,
    0.10994619980933895,
    0.10538112126725063,
    0.08470639059339768
  ],
  "dipole_vec_eA": [
    0.04552133155081932,
    0.08550737398429645,
    -3.2576184741907867e-09
  ],
  "dipole_mag_D": 0.4652840605319892,
  "HOMO_eV": -18.078910625483164,
  "LUMO_eV": -17.936181342814525,
  "gap_eV": 0.1427292826686397
}