{
  "tag": "RMC-Cu_1-Mo_2-A2-B6-NNNNNS",
  "energy_eV": -2238.0937796431363,
  "multiplicity": 1,
  "charge": 0,
  "sym1": "Cu",
  "ox1": 1,
  "sym2": "Mo",
  "ox2": 2,
  "acid": "A2",
  "base": "B6",
  "bridge": [
    "N",
    "S"
  ],
  "S1_ref": 0.0,
  "S2_ref": 0.0,
  "mulliken_q_e": [
    0.21715978187389973,
    0.2741958389920558,
    -0.30716227642347893,
    -0.26020882897084213,
    -0.15104269782715263,
    -0.1468336140727624,
    -0.16105141125697475,
    -0.2070789461285074,
    0.058197845851090335,
    -0.012017576699364874,
    -0.0414284534746161,
    -0.039528221015690646,
    -0.044012739935155976,
    -0.01104658065562325,
    0.023097697536201167,
    0.02708554095283533,
    0.025718325545664222,
    0.024953980955908506,
    0.06477559320887782,
    -0.00017986353304677571,
    0.021207988132834532,
    0.11075695488525139,
    -0.01047980830996087,
    -0.036592421327122704,
    -0.04303772426447461,
    -0.03963047992952751,
    -0.019605575041411027,
    0.02778591909936856,
    0.027651881882899465,
    0.024712345072163133,
    0.019257647947588552,
    0.0637865354936924,
    0.01741829860810884,
    0.02663017652458166,
    -0.07597136355308365,
    -0.002456801380378071,
    0.0029691600552423925,
    0.052446101111407795,
    0.062128583386610536,
    0.037403804787930484,
    0.03754506491391574,
    0.046893305010541675,
    0.052890073083716516,
    -0.06219835273599372,
    0.02109415344259924,
    0.03250004842955523,
    0.04379627155380594,
    0.07220139924987734,
    0.03668071973457121,
    0.027033122428997913,
    0.049980556635723206,
    0.041609020127069574
  ],
  "dipole_vec_eA": [
    -0.01155569672996304,
    -0.17977058738388735,
    0.05220707629436692
  ],
  "dipole_mag_D": 0.9008611226802464,
  "HOMO_eV": -7.664936161820511,
  "LUMO_eV": -7.6066177659119845,
  "gap_eV": 0.05831839590852628
}