{
  "tag": "RMC-Rh_3-Zr_2-A2-B6-NNNNOS",
  "energy_eV": -2220.395003672351,
  "multiplicity": 3,
  "charge": 3,
  "sym1": "Rh",
  "ox1": 3,
  "sym2": "Zr",
  "ox2": 2,
  "acid": "A2",
  "base": "B6",
  "bridge": [
    "O",
    "S"
  ],
  "S1_ref": 0.0,
  "S2_ref": 1.0,
  "mulliken_q_e": [
    0.039186143618036295,
    0.9149642568390686,
    -0.38690792837750343,
    0.002650743354567442,
    -0.02924430048528648,
    0.014948944491183447,
    -0.16558950907515246,
    -0.19956618091192713,
    0.05232189591051872,
    0.00459505266759197,
    -0.003184177651748943,
    -0.008713720459758934,
    -0.0011448321959841579,
    0.015016475636114635,
    0.10559028617486543,
    0.1191793605920003,
    0.10954824437793531,
    0.060697936086228976,
    0.05263287934968952,
    0.1033417283759146,
    0.12790040812565084,
    0.1831422094986841,
    -0.015365403523200705,
    -0.006071704026438862,
    -0.014429855934636304,
    -0.007370244883275312,
    -0.0019415294535385375,
    0.10549820581382374,
    0.11656208763083242,
    0.10301581365795787,
    0.057502627985692056,
    0.06971250605446366,
    0.1171659598921786,
    0.11025915280537524,
    -0.07287851322313932,
    -0.01641047614804747,
    -0.02603241670384926,
    0.12744712512120115,
    0.12904848943865255,
    0.1087036146518946,
    0.11962598597920804,
    0.12016171930828412,
    0.128845696704883,
    -0.09109722707171652,
    -0.02976282901163474,
    -0.02990160751568527,
    0.14999709837481134,
    0.1192056252563991,
    0.12941770249847884,
    0.12122496675321615,
    0.1357790391353758,
    0.13072247455147257
  ],
  "dipole_vec_eA": [
    0.4056149084188595,
    -0.23239078196703192,
    0.695293155528903
  ],
  "dipole_mag_D": 4.024275492096193,
  "HOMO_eV": -17.124724297873804,
  "LUMO_eV": -16.965460584111323,
  "gap_eV": 0.15926371376248127
}