{
  "tag": "RMC-Ni_2-Pt_2-A2-B7-NNNNOO",
  "energy_eV": -2303.397899314815,
  "multiplicity": 1,
  "charge": 2,
  "sym1": "Ni",
  "ox1": 2,
  "sym2": "Pt",
  "ox2": 2,
  "acid": "A2",
  "base": "B7",
  "bridge": [
    "O",
    "O"
  ],
  "S1_ref": 0.0,
  "S2_ref": 0.0,
  "mulliken_q_e": [
    0.13112975329689913,
    0.22668024575378287,
    -0.27015312710328865,
    -0.2177832108814437,
    -0.0624170762260301,
    0.018514082898802853,
    -0.037657838774817654,
    -0.020103984213494686,
    0.18004323515592446,
    -0.008815636091879187,
    -0.006712874093101284,
    -0.01757984292217385,
    -0.009457898089863859,
    -0.008378441765810152,
    0.09248310241058433,
    0.09986112214068077,
    0.08928866066325669,
    0.052965070487262844,
    0.05478255613957317,
    0.0960218552956762,
    0.11302752373893998,
    0.18335079980067337,
    -0.01374951360858967,
    -0.008948372600197763,
    -0.023723114764688802,
    -0.008567844447360695,
    -0.009583440013714029,
    0.08898247568003148,
    0.09413104767771419,
    0.08864787765214821,
    0.05718724652208529,
    0.07010786418233916,
    0.09542167258589551,
    0.08839745504535612,
    0.014611210651087836,
    -0.024520937074788973,
    0.09969065628500473,
    0.10827727534049847,
    -0.010005654767859307,
    0.11174368646928279,
    0.11174368646928523,
    0.009352156911321297,
    -0.029290413570886242,
    0.08902476147075133,
    0.11070974010735912,
    -0.020898691156316485,
    0.11608554577331431,
    0.11608554577331698
  ],
  "dipole_vec_eA": [
    -0.26751464298225386,
    0.0746329464170117,
    -7.703655683942009e-14
  ],
  "dipole_mag_D": 1.333995720541911,
  "solvation_E_eV": null
}