{
  "tag": "RMC-In_1-Ni_2-A2-B2-NNNNNO",
  "energy_eV": -3075.5614245151696,
  "multiplicity": 1,
  "charge": 0,
  "sym1": "In",
  "ox1": 1,
  "sym2": "Ni",
  "ox2": 2,
  "acid": "A2",
  "base": "B2",
  "bridge": [
    "N",
    "O"
  ],
  "S1_ref": 0.0,
  "S2_ref": 0.0,
  "mulliken_q_e": [
    0.35794907095693523,
    -0.2076751523443775,
    -0.16290377004902812,
    -0.2546810907219237,
    -0.1680813733068769,
    -0.1413302550605946,
    -0.012341825812168361,
    -0.022251163249399797,
    0.18406038366137145,
    -0.021624337061493026,
    -0.05353445239235599,
    -0.03932250483517885,
    -0.052504246474464944,
    -0.03281288202294097,
    0.028379151341904385,
    0.03255936140478333,
    0.027001548689638777,
    0.04551640895073694,
    0.03241516427809632,
    0.05893548676431726,
    0.04873074548213241,
    0.1139329235833908,
    -0.011859392276265535,
    -0.04162952831673694,
    -0.04143772912583832,
    -0.041879639094206667,
    -0.02596702442086074,
    0.030087488517098082,
    0.031021433650916586,
    0.026618248138066125,
    0.03410722998896687,
    0.037073197555378634,
    0.06689831346943653,
    0.0443903205368249,
    -0.04730505648904226,
    0.012313291053165365,
    -0.008755544208220112,
    0.062195722678470844,
    -0.05929682934139824,
    -0.032875787274217805,
    0.03271895485978349,
    0.034527310540646505,
    0.030657340112799192,
    0.06420035761007248,
    -0.047165402446972315,
    -0.032765711743053316,
    -0.05913181485837393,
    0.03303527411076934,
    0.03087764217293787,
    0.032926911333015285,
    -0.044231447803092516,
    0.01352207162113217,
    0.0037979773247276416,
    0.06122630066213697,
    -0.05845104325635275,
    -0.03247219450064032,
    0.03570245581897191,
    0.039412217153374396,
    0.03318613296980133,
    0.061789081187257455,
    -0.04582160654910061,
    -0.032062060621118826,
    -0.059848979641581534,
    0.03553643108669402,
    0.03400902552181451,
    0.040708870500162586
  ],
  "dipole_vec_eA": [
    -0.1382729102992075,
    -0.036186244739028664,
    -2.1508541132700714e-11
  ],
  "dipole_mag_D": 0.6865195857284785,
  "HOMO_eV": -8.174814550745369,
  "LUMO_eV": -8.117449699581883,
  "gap_eV": 0.05736485116348611
}