{
  "tag": "RMC-Ag_1-Mn_2-A2-B4-NNNNOS",
  "energy_eV": -2101.9525473799263,
  "multiplicity": 2,
  "charge": 1,
  "sym1": "Ag",
  "ox1": 1,
  "sym2": "Mn",
  "ox2": 2,
  "acid": "A2",
  "base": "B4",
  "bridge": [
    "O",
    "S"
  ],
  "S1_ref": 0.0,
  "S2_ref": 0.5,
  "mulliken_q_e": [
    0.3029894487039877,
    0.16809646730199745,
    -0.35530757195489904,
    0.2122657458886851,
    -0.22186217868580638,
    -0.19575519980035083,
    -0.21926101867040337,
    -0.24368557181817008,
    0.016439357742813687,
    0.005299344392114991,
    -0.021876092057881547,
    -0.02261072017289445,
    -0.01939388369028605,
    -0.0027019380354245115,
    0.06204685293404577,
    0.06610769272243266,
    0.06472700488191585,
    0.07510459540025449,
    0.04731226136926159,
    0.05713468017501522,
    0.07444784586630482,
    0.2126657877927025,
    -0.016466474841701162,
    -0.022731221599943785,
    -0.03504255247192334,
    -0.016259216645654773,
    -0.02889895620035099,
    0.059090394986690775,
    0.06368766670930726,
    0.06316746612151503,
    0.0940070336696166,
    0.09482234676682055,
    0.06702635926568845,
    0.11814650682089978,
    -0.06488593629263195,
    -0.05719296100127691,
    0.07498925495999775,
    0.07498925496012487,
    0.09695419716493137,
    0.09695419716504738,
    -0.04426104575120959,
    -0.048939623239407704,
    0.09206696313069129,
    0.0920669631324591,
    0.09226323756498434,
    0.09226323756664057
  ],
  "dipole_vec_eA": [
    0.6840683597347825,
    -0.3240590436944004,
    6.058964117608307e-11
  ],
  "dipole_mag_D": 3.6357552742413293,
  "solvation_E_eV": null
}