{
  "tag": "RMC-Cd_2-Rh_3-A2-B10-NNNNNO",
  "energy_eV": -3244.073263784746,
  "multiplicity": 1,
  "charge": 2,
  "sym1": "Cd",
  "ox1": 2,
  "sym2": "Rh",
  "ox2": 3,
  "acid": "A2",
  "base": "B10",
  "bridge": [
    "N",
    "O"
  ],
  "S1_ref": 0.0,
  "S2_ref": 0.0,
  "mulliken_q_e": [
    0.4018497980475382,
    0.04658319940217681,
    -0.16932180875124492,
    -0.2678305241419603,
    -0.12148187059145577,
    -0.12557789896856986,
    -0.04023549135717386,
    -0.08134640682869643,
    0.20119698785725482,
    -0.013904492216811892,
    -0.013678347297147342,
    -0.023989697614623884,
    -0.011643520556171127,
    -0.01895794307983434,
    0.07393774973846334,
    0.08586526894783009,
    0.07553042764880857,
    0.07133241640919041,
    0.07011088861374781,
    0.0784175636726171,
    0.07835606370670001,
    0.11472922442645994,
    0.009461230513384544,
    -0.011722870359512028,
    -0.013413838581573856,
    -0.011343636581319982,
    0.003170432332084916,
    0.07747371377606538,
    0.08979516043717262,
    0.0767594985765877,
    0.05099183425943976,
    0.06175987796689553,
    0.08963380893436845,
    0.0816719239395739,
    0.0751314275888526,
    0.014472272199359981,
    0.021722906018082133,
    -0.018957433606988427,
    -0.011105528324688363,
    -0.04389777492163671,
    0.08315496833485525,
    0.08147590199892563,
    0.06217385365452699,
    -0.01901713174508024,
    0.023134877276088206,
    0.01032535474027485,
    0.07545407085732037,
    -0.04203580453622702,
    -0.010665055126760858,
    0.08296656245052503,
    0.06307913255210162,
    0.08126637525421243,
    0.07404995999536568,
    0.026056291033242696,
    0.023264495180587597,
    -0.018697217947175826,
    -0.00922092884072323,
    -0.046515535903445704,
    0.08448826056878145,
    0.08261600733528773,
    0.06500326874213513,
    -0.018541480616756534,
    0.023918726917537603,
    0.020744978298435468,
    0.07564968070068101,
    -0.04482394529847,
    -0.008801555649517345,
    0.08359384802524628,
    0.0630605444442437,
    0.08129690607097895
  ],
  "dipole_vec_eA": [
    -0.08581332501879882,
    0.09726890369684627,
    1.5162183763557828e-15
  ],
  "dipole_mag_D": 0.6230325552393665,
  "HOMO_eV": -14.975076831364584,
  "LUMO_eV": -14.768438812737278,
  "gap_eV": 0.2066380186273058
}