{
  "tag": "RMC-Fe_2-Os_2-A2-B6-NNNNOO",
  "energy_eV": -2283.9582733004063,
  "multiplicity": 1,
  "charge": 2,
  "sym1": "Fe",
  "ox1": 2,
  "sym2": "Os",
  "ox2": 2,
  "acid": "A2",
  "base": "B6",
  "bridge": [
    "O",
    "O"
  ],
  "S1_ref": 0.0,
  "S2_ref": 0.0,
  "mulliken_q_e": [
    0.8218598937144206,
    0.3506737353326884,
    -0.33300584899438856,
    -0.33300505657091617,
    -0.18920477682040104,
    -0.18920430513472453,
    -0.08482536918226535,
    -0.08482365349345722,
    0.16811812557919303,
    -0.011178580172427566,
    -0.016572615676849756,
    -0.019825814891174964,
    -0.01443940952873124,
    -0.021736486417903933,
    0.08834823614244947,
    0.09595633284731653,
    0.08742644499802055,
    0.04686125080164261,
    0.058092243253013987,
    0.08576868072193577,
    0.08207774265901202,
    0.16811579153400613,
    -0.011172982088901717,
    -0.01657623471956904,
    -0.019828384202910554,
    -0.014438739439858184,
    -0.02173392504131888,
    0.08835066823578919,
    0.0959587589884211,
    0.08742478963760314,
    0.04685355848988637,
    0.058090922435722,
    0.08577179826582426,
    0.08207829022164514,
    -0.09093894048154416,
    -0.023691090364850842,
    -0.023691388169618355,
    0.09714587046141776,
    0.07501100552355877,
    0.08120008769401998,
    0.08119997019189029,
    0.08607934972055131,
    0.08607930621465187,
    -0.08559788681351699,
    -0.027601439315244836,
    -0.02760338107606275,
    0.09990665314975267,
    0.0888334141745798,
    0.08622363939990929,
    0.08622358473257008,
    0.09748303176764705,
    0.09748313108061413
  ],
  "dipole_vec_eA": [
    -0.20748414350635394,
    -8.702759011997771e-06,
    0.03983475960253815
  ],
  "dipole_mag_D": 1.0147896199312645,
  "HOMO_eV": -15.037843784514967,
  "LUMO_eV": -14.931145092538598,
  "gap_eV": 0.10669869197636928
}