{
  "tag": "RMC-Co_3-Pt_2-A2-B6-NNNNOO",
  "energy_eV": -2313.2658458398755,
  "multiplicity": 1,
  "charge": 3,
  "sym1": "Co",
  "ox1": 3,
  "sym2": "Pt",
  "ox2": 2,
  "acid": "A2",
  "base": "B6",
  "bridge": [
    "O",
    "O"
  ],
  "S1_ref": 0.0,
  "S2_ref": 0.0,
  "mulliken_q_e": [
    0.4119843268326724,
    0.30706838466383113,
    -0.24651997551795102,
    -0.24653173419246466,
    -0.07177578942438223,
    -0.07176502709440613,
    -0.015525071886468567,
    -0.015516096077895725,
    0.188864694745009,
    -0.0005890806538029203,
    0.001391747452852421,
    0.0023209535512471735,
    0.001238197203322855,
    0.0004381503469930159,
    0.11971722146279529,
    0.13361646431853036,
    0.12044035213016713,
    0.05852351168033709,
    0.06580206150549661,
    0.12755063064678995,
    0.1189131614185992,
    0.18888893255900374,
    -0.0005833575904332644,
    0.0014007714583545994,
    0.002346920511327788,
    0.001236091722557564,
    0.0004582106355786042,
    0.11971386718266819,
    0.13361079692998568,
    0.12043875750614819,
    0.058529189238959,
    0.06580206934693655,
    0.1275500283791725,
    0.11891399960637494,
    -0.08574077362548382,
    -0.031179748471120483,
    -0.031181416118932326,
    0.12102918362967374,
    0.09397593820738492,
    0.10827003614243258,
    0.10826930450270045,
    0.11691283279641251,
    0.11691231250590572,
    -0.08895458328042549,
    -0.040128883782242,
    -0.040128351553998076,
    0.12882869888275028,
    0.104501475899203,
    0.1189770606721865,
    0.118976619460466,
    0.12635311128601567,
    0.12635382224914493
  ],
  "dipole_vec_eA": [
    0.15414354104121075,
    0.00025083450327275893,
    0.05317562777873153
  ],
  "dipole_mag_D": 0.7832013264868471,
  "HOMO_eV": -19.478993610917676,
  "LUMO_eV": -19.256261721323654,
  "gap_eV": 0.2227318895940229
}