{
  "tag": "RMC-Fe_3-Mg_2-A2-B10-NNNNNN",
  "energy_eV": -3200.6840224151056,
  "multiplicity": 2,
  "charge": 1,
  "sym1": "Fe",
  "ox1": 3,
  "sym2": "Mg",
  "ox2": 2,
  "acid": "A2",
  "base": "B10",
  "bridge": [
    "N",
    "N"
  ],
  "S1_ref": 0.5,
  "S2_ref": 0.0,
  "mulliken_q_e": [
    0.7403364132764483,
    0.4050955618899065,
    -0.3380996072571212,
    -0.3380142727481379,
    -0.20524423286168259,
    -0.20524633435998285,
    -0.15678478365615667,
    -0.15678222355547589,
    0.1060690555451238,
    -0.023108867709093373,
    -0.02179826631816839,
    -0.037529737793873474,
    -0.019560112926485296,
    -0.023452613083775775,
    0.050805380443782244,
    0.0575066715749355,
    0.05300515731969513,
    0.05135773361131002,
    0.053751570168079965,
    0.06318836824807084,
    0.05526178987971542,
    0.10605911992100947,
    -0.02312470252700538,
    -0.02179645879436265,
    -0.037533874738907125,
    -0.019557106147488623,
    -0.023469239920076435,
    0.050806759566537574,
    0.05750820219975028,
    0.05300615280920462,
    0.05135056725259157,
    0.05374648142649607,
    0.0631897724595264,
    0.05526300734808254,
    0.06934955258761688,
    -0.0018429092058198648,
    0.010209605599771576,
    -0.03131527597316208,
    -0.02540711524038497,
    -0.051423754747070616,
    0.055851776699429645,
    0.0530768790771452,
    0.045095298606864564,
    -0.031311373137096865,
    0.010210454596711216,
    -0.001849138018252816,
    0.06935439774865393,
    -0.05142110110821552,
    -0.02540933748903873,
    0.055848032031350026,
    0.04509482163205847,
    0.053078177016292805,
    0.07027944891889137,
    0.0022795728411060256,
    0.011026706839534883,
    -0.03020467931733717,
    -0.024434691019180388,
    -0.049638666477569426,
    0.057240389558375515,
    0.05555069086993847,
    0.04620333021729217,
    -0.03020423336397493,
    0.011025534443316776,
    0.0022747299242287244,
    0.07028442119844036,
    -0.049634558213773605,
    -0.024435673770832667,
    0.05723948764912834,
    0.04620293571021705,
    0.05555092550290319
  ],
  "dipole_vec_eA": [
    0.28605770600056885,
    -0.0002622497342591614,
    2.1840624147129438e-17
  ],
  "dipole_mag_D": 1.373994172329204,
  "HOMO_eV": -11.46320467016793,
  "LUMO_eV": -10.84106444033687,
  "gap_eV": 0.622140229831059
}