{
  "tag": "RMC-Cu_2-Ti_2-A2-B6-NNNNNN",
  "energy_eV": -2215.3383186981605,
  "multiplicity": 2,
  "charge": 0,
  "sym1": "Cu",
  "ox1": 2,
  "sym2": "Ti",
  "ox2": 2,
  "acid": "A2",
  "base": "B6",
  "bridge": [
    "N",
    "N"
  ],
  "S1_ref": 0.5,
  "S2_ref": 1.0,
  "mulliken_q_e": [
    0.2458056282460847,
    0.5312209132306384,
    -0.36054102212363515,
    -0.36054121074754764,
    -0.1741559857899604,
    -0.17415901009861035,
    -0.2095582695810052,
    -0.20955448048393488,
    0.11578077644181772,
    -0.036255158201964566,
    -0.036048119628437236,
    -0.04962917040434389,
    -0.03580795074426901,
    -0.03193156013764975,
    0.02069902225461484,
    0.022062421097087448,
    0.021844777316806563,
    0.047250640746703265,
    0.06496329319391814,
    0.015650411731742198,
    0.014566044467190786,
    0.1157784574665437,
    -0.036249672757918905,
    -0.03605167126632125,
    -0.04963672305330591,
    -0.035805424582999734,
    -0.031930515925371994,
    0.0207018755054742,
    0.02206777088122358,
    0.021843049917742552,
    0.04724802758711699,
    0.06496379314700929,
    0.01565162073102422,
    0.014565571040127012,
    -0.06657477886940466,
    0.011912397021719867,
    0.011912952513587927,
    0.0443375274156117,
    0.05725769728465013,
    0.027510604607581368,
    0.02751025569008203,
    0.0446835230257564,
    0.044682901333408465,
    -0.06401271736462522,
    0.015966076503430404,
    0.01596500067003781,
    0.048021563857651106,
    0.06839179627562897,
    0.0338245404931401,
    0.03382500167901181,
    0.04498844722480788,
    0.0449890610293171
  ],
  "dipole_vec_eA": [
    0.367246124120703,
    6.430311913952324e-06,
    0.018369574505541823
  ],
  "dipole_mag_D": 1.7661634668272694,
  "HOMO_eV": -7.420373046228263,
  "LUMO_eV": -7.2600540557644155,
  "gap_eV": 0.16031899046384712
}