{
  "tag": "RMC-Ta_3-Ti_2-A2-B7-NNNNNN",
  "energy_eV": -2095.173428061732,
  "multiplicity": 1,
  "charge": 1,
  "sym1": "Ta",
  "ox1": 3,
  "sym2": "Ti",
  "ox2": 2,
  "acid": "A2",
  "base": "B7",
  "bridge": [
    "N",
    "N"
  ],
  "S1_ref": 1.0,
  "S2_ref": 1.0,
  "mulliken_q_e": [
    0.4800117959636352,
    0.6006230545475106,
    -0.39211180244126487,
    -0.3878817159321246,
    -0.18129068172864504,
    -0.16188627107676523,
    -0.17011160575523387,
    -0.15335633437529328,
    0.11576604399125645,
    -0.01735282580798181,
    -0.02241106620887301,
    -0.03166966140439165,
    -0.0201785619304109,
    -0.01503388682222373,
    0.05803479922799604,
    0.06337590580183927,
    0.0585737542098026,
    0.05128906223806773,
    0.051379020846355816,
    0.06197226093188213,
    0.05532412755193472,
    0.11600182259305214,
    -0.020662596733080685,
    -0.02192191183966119,
    -0.033070662225109126,
    -0.019165436801849678,
    -0.017165301887144935,
    0.05751744230188305,
    0.06359122282728247,
    0.05838919736012249,
    0.06032850189094141,
    0.051483513610728115,
    0.06001084820000291,
    0.05153609423293015,
    0.02870583799117643,
    -0.054448139286865205,
    0.054000369130666526,
    0.07127456548739008,
    0.011522897069010218,
    0.07803181266298398,
    0.07803181266298531,
    0.025968276530408563,
    -0.058799640815969,
    0.0638207901865735,
    0.07901921014612867,
    0.003794642721988817,
    0.08456970410468234,
    0.08456970410468068
  ],
  "dipole_vec_eA": [
    0.35151609153058816,
    0.24136699205513582,
    1.8432960692749707e-15
  ],
  "dipole_mag_D": 2.0481123636828458,
  "HOMO_eV": -11.199745826312592,
  "LUMO_eV": -11.186139546421176,
  "gap_eV": 0.013606279891416051
}