{
  "tag": "RMC-Nb_3-Sn_2-A2-B7-NNNNOO",
  "energy_eV": -2140.1723905480585,
  "multiplicity": 3,
  "charge": 3,
  "sym1": "Nb",
  "ox1": 3,
  "sym2": "Sn",
  "ox2": 2,
  "acid": "A2",
  "base": "B7",
  "bridge": [
    "O",
    "O"
  ],
  "S1_ref": 1.0,
  "S2_ref": 0.0,
  "mulliken_q_e": [
    0.3353353726175261,
    0.6472413078180631,
    -0.31791467027453923,
    -0.31783807476510395,
    -0.05855688205952947,
    -0.040532187466549185,
    -0.12107860141903304,
    -0.10400183223866244,
    0.19007044406718432,
    0.0016197764558039118,
    0.0038430354083149876,
    -0.004147470557369193,
    0.0035848544392598214,
    0.013414794176376699,
    0.11806426828043382,
    0.1311843249840613,
    0.12054967186714216,
    0.07959881043460149,
    0.06815949866957238,
    0.12392626129245321,
    0.12596009228011706,
    0.19167293136357877,
    -0.0012306581357419688,
    0.004084120484658893,
    -0.005263898719715998,
    0.003521643534367014,
    0.010899205116618127,
    0.11734808592703294,
    0.1309256830158192,
    0.11986446429594866,
    0.08559596923102952,
    0.06910386918587874,
    0.1211786462921789,
    0.12175252574467499,
    0.021769129455901037,
    -0.02011140909926823,
    0.1221206566192915,
    0.14417600099867833,
    -0.022190571745074106,
    0.14752413417776455,
    0.14752413418048804,
    0.020228534702600998,
    -0.0378171981661517,
    0.11853147888145887,
    0.13649776373226508,
    -0.025615075827045253,
    0.1397135201867954,
    0.13971352023938644
  ],
  "dipole_vec_eA": [
    0.3446162975993521,
    0.28792699419546586,
    -1.7315713755897137e-09
  ],
  "dipole_mag_D": 2.156966821499945,
  "HOMO_eV": -18.65367795141029,
  "LUMO_eV": -17.826881797520212,
  "gap_eV": 0.8267961538900792
}