{
  "tag": "RMC-Os_2-Ta_3-A2-B6-NNNNNN",
  "energy_eV": -2199.0403795730936,
  "multiplicity": 3,
  "charge": 1,
  "sym1": "Os",
  "ox1": 2,
  "sym2": "Ta",
  "ox2": 3,
  "acid": "A2",
  "base": "B6",
  "bridge": [
    "N",
    "N"
  ],
  "S1_ref": 0.0,
  "S2_ref": 1.0,
  "mulliken_q_e": [
    0.236881973577301,
    0.5187486575588228,
    -0.30458956059296804,
    -0.3045923328717983,
    -0.09808022743583744,
    -0.098076378697181,
    -0.1953656527936667,
    -0.19536424300932853,
    0.10783373903297422,
    -0.01923167975934259,
    -0.020736589854426057,
    -0.03344153009648232,
    -0.02063330044285583,
    -0.011838455213374344,
    0.05535613136278783,
    0.06234139940617289,
    0.05849351064191055,
    0.06835825347773161,
    0.04212496484330397,
    0.05005960160371059,
    0.05318121969309775,
    0.10783256984544698,
    -0.01923094513764223,
    -0.02073617522611171,
    -0.03344175885840017,
    -0.020632909670768917,
    -0.011837839683960683,
    0.05535622788345462,
    0.062341625464505945,
    0.05849364479646835,
    0.06835723134117733,
    0.04212336470447786,
    0.050060073003283745,
    0.05318161592384951,
    -0.07601639816649342,
    -0.010998231259574665,
    -0.010997741766284985,
    0.07482264905746805,
    0.0830906532764758,
    0.06260802860182824,
    0.06260797363467663,
    0.0763598813054942,
    0.07635992142267112,
    -0.06882349198022819,
    0.012685190710332694,
    0.012684925843902128,
    0.06663812347548248,
    0.07009579494341023,
    0.051230092163653485,
    0.05123010342839729,
    0.06156307015141582,
    0.0615632303411533
  ],
  "dipole_vec_eA": [
    0.3328829068741099,
    2.2395370391030175e-06,
    0.04227084849874854
  ],
  "dipole_mag_D": 1.6117441923165912,
  "solvation_E_eV": null
}