{
  "tag": "RMC-Bi_3-In_3-A2-B10-NNNNNN",
  "energy_eV": -3184.8480558145116,
  "multiplicity": 1,
  "charge": 2,
  "sym1": "Bi",
  "ox1": 3,
  "sym2": "In",
  "ox2": 3,
  "acid": "A2",
  "base": "B10",
  "bridge": [
    "N",
    "N"
  ],
  "S1_ref": 0.5,
  "S2_ref": 0.5,
  "mulliken_q_e": [
    0.8886715087570662,
    0.39114029394377936,
    -0.33948283003491353,
    -0.3396293117699989,
    -0.23576109032045234,
    -0.23593905171063323,
    -0.10160540668906015,
    -0.1017558812960424,
    0.12138828408548585,
    -0.0013383060343856723,
    -0.013669194893680015,
    -0.022710980576727602,
    -0.011240230843013732,
    -0.013898576638817772,
    0.07570502784392674,
    0.0863507038903848,
    0.07681983211186338,
    0.066615456563345,
    0.06480917481397808,
    0.09101178108188746,
    0.06204290102901855,
    0.12137346210408984,
    -0.0012758668941783569,
    -0.013650542206425698,
    -0.022666368647796142,
    -0.011222383954783588,
    -0.01385184973369702,
    0.07574510557431913,
    0.08635346595967441,
    0.07684201805390234,
    0.0665961194266258,
    0.06479694130658142,
    0.09109243867828398,
    0.06213464925937995,
    0.0720900316185984,
    -0.006043534893206859,
    0.018901156432150845,
    -0.02093809752134601,
    -0.015965809067752135,
    -0.042247377159521315,
    0.07683775663119685,
    0.07429227886303791,
    0.055282150902847604,
    -0.020936291601066914,
    0.018830805492419334,
    -0.005986518548538822,
    0.07215578843475678,
    -0.04221880288666813,
    -0.015951236120296253,
    0.07680730251023837,
    0.0552766016277203,
    0.07430303304551078,
    0.06611596731906633,
    0.000495937925911738,
    0.021188039019173432,
    -0.019086195537272532,
    -0.014429884520574143,
    -0.04145441375921832,
    0.08300892265801418,
    0.08285369323180758,
    0.06415900791768625,
    -0.019082466097035455,
    0.021167382114164468,
    0.0005174366877318537,
    0.06613440222189304,
    -0.04144192061524943,
    -0.014430147839808338,
    0.08299663736779528,
    0.06415603460315,
    0.08285103730368548
  ],
  "dipole_vec_eA": [
    0.3343955690618979,
    0.0022847380521619203,
    -7.21546888717709e-12
  ],
  "dipole_mag_D": 1.606207714571517,
  "HOMO_eV": -14.731665915825914,
  "LUMO_eV": -14.500451274865508,
  "gap_eV": 0.23121464096040611
}