{
  "tag": "RMC-Os_3-W_2-A2-B1-NNNNOO",
  "energy_eV": -2542.4718774149,
  "multiplicity": 2,
  "charge": 3,
  "sym1": "Os",
  "ox1": 3,
  "sym2": "W",
  "ox2": 2,
  "acid": "A2",
  "base": "B1",
  "bridge": [
    "O",
    "O"
  ],
  "S1_ref": 0.5,
  "S2_ref": 0.0,
  "mulliken_q_e": [
    0.4341058828252864,
    0.19615302764077602,
    -0.1623009571614309,
    -0.16229886191588516,
    -0.07375901361043269,
    -0.07375906349735262,
    -0.05602777275675286,
    -0.0560298422098211,
    0.1715885954078522,
    0.014343414101181562,
    0.0029580472437151784,
    -0.0041605984166466214,
    0.003714703167561284,
    0.007439646400107414,
    0.12346361772791781,
    0.13315957732813521,
    0.1228092244104898,
    0.07612097339308543,
    0.057892574704726085,
    0.1176141062177044,
    0.11870336356391231,
    0.17158834861215455,
    0.01434349541504032,
    0.0029578626045589917,
    -0.004160641523130115,
    0.0037148414172263333,
    0.007439346136278946,
    0.12346367043069828,
    0.13315957096490516,
    0.12280918563841126,
    0.0761211145827625,
    0.05789258489840021,
    0.1176142054292979,
    0.1187032895862774,
    -0.01938009762882853,
    0.05970054428026916,
    0.05970071579765701,
    -0.019380118127722668,
    0.0009794364797666155,
    0.0009795218657089322,
    0.09593664405651381,
    0.09593665635493587,
    0.12092845388495788,
    0.12092837514574861,
    -0.019619010554971394,
    0.07128983342000561,
    0.07128959193282247,
    -0.019619117017395382,
    0.00266011231288954,
    0.002660097452338528,
    0.09660366270811149,
    0.09660365910367197,
    0.1222117528642429,
    0.12221176701796121
  ],
  "dipole_vec_eA": [
    0.10378947926579975,
    -2.0285296857663934e-06,
    -6.781863323900378e-08
  ],
  "dipole_mag_D": 0.49852207008588834,
  "HOMO_eV": -18.841646394453456,
  "LUMO_eV": -18.32776036128089,
  "gap_eV": 0.5138860331725645
}