{
  "tag": "RMC-Os_2-Sn_2-A2-B7-NNNNSS",
  "energy_eV": -2149.3027777357574,
  "multiplicity": 1,
  "charge": 2,
  "sym1": "Os",
  "ox1": 2,
  "sym2": "Sn",
  "ox2": 2,
  "acid": "A2",
  "base": "B7",
  "bridge": [
    "S",
    "S"
  ],
  "S1_ref": 0.0,
  "S2_ref": 0.0,
  "mulliken_q_e": [
    0.18660841408278062,
    0.5380756135183281,
    -0.13181976644177434,
    -0.13763234165517466,
    -0.07305680675290471,
    -0.06320217457146793,
    -0.15266011524830914,
    -0.14281750574097596,
    0.07237880380179429,
    0.009785755618929581,
    -0.009623896432834789,
    -0.017892965802725813,
    -0.010996704777747057,
    0.01040003609137563,
    0.08744875954294995,
    0.09369357494059627,
    0.08483335812122106,
    0.08087837236966067,
    0.0452177889843981,
    0.08315259499779104,
    0.0857073771823349,
    0.0707661293495414,
    0.00834513381038171,
    -0.0111468215683721,
    -0.01829998391284371,
    -0.011991053254245543,
    0.01001362567983044,
    0.08622406037372676,
    0.0935032007217308,
    0.08411502318343556,
    0.08372298378434784,
    0.03881199575867811,
    0.08247552181569029,
    0.08264864614111167,
    0.034346838554799364,
    -0.029742965468493754,
    0.09231390908128023,
    0.10656713450753641,
    0.0004107089295055655,
    0.1148069262439283,
    0.11480628739415022,
    0.02038418684654575,
    -0.06803593451310741,
    0.0880930827162193,
    0.10035512005789216,
    -0.021516022551020475,
    0.10477424746846464,
    0.10476985283622431
  ],
  "dipole_vec_eA": [
    -0.16664378309892963,
    0.17398337702401095,
    0.0001067109138744586
  ],
  "dipole_mag_D": 1.1571673469313302,
  "HOMO_eV": -15.040604647186775,
  "LUMO_eV": -14.34613053058014,
  "gap_eV": 0.694474116606635
}