{
  "tag": "RMC-Au_3-Hg_2-A2-B5-NNNNOO",
  "energy_eV": -1975.241287954958,
  "multiplicity": 1,
  "charge": 3,
  "sym1": "Au",
  "ox1": 3,
  "sym2": "Hg",
  "ox2": 2,
  "acid": "A2",
  "base": "B5",
  "bridge": [
    "O",
    "O"
  ],
  "S1_ref": 0.0,
  "S2_ref": 0.0,
  "mulliken_q_e": [
    0.3181512270471006,
    0.2383041842934499,
    -0.08790759928941072,
    -0.0879082060456069,
    -0.018465983327083935,
    -0.01855916135189628,
    -0.09725749050194366,
    -0.0972825178859984,
    0.1567945680993803,
    0.018519591308593597,
    0.0045513969509587415,
    -0.003950314975808222,
    0.009302043898352208,
    0.013378862085392962,
    0.11892629362608687,
    0.13676914438993282,
    0.13245749378163962,
    0.11778726676739759,
    0.05574606420469164,
    0.17194386060916533,
    0.12057131516540465,
    0.1568222148782965,
    0.01854825774430524,
    0.00457396983321523,
    -0.003935903545233321,
    0.009297959551593626,
    0.013344074067591638,
    0.11894196821674863,
    0.1367865408479032,
    0.13243230193047406,
    0.11781827543363255,
    0.05575357341491172,
    0.17197404322862908,
    0.12060835046549556,
    -0.013234829924587244,
    -0.013225917026764566,
    0.174511003581851,
    0.17450308114519908,
    0.011860027105246695,
    0.011855180928082687,
    0.19944156700490812,
    0.1994522269159671
  ],
  "dipole_vec_eA": [
    0.9630332053808716,
    0.0009261235558659591,
    -3.4715424773669412e-15
  ],
  "dipole_mag_D": 4.625647343172056,
  "solvation_E_eV": null
}