{
  "tag": "RMC-Co_3-Rh_2-A2-B7-NNNNSS",
  "energy_eV": -2194.1721309243635,
  "multiplicity": 2,
  "charge": 3,
  "sym1": "Co",
  "ox1": 3,
  "sym2": "Rh",
  "ox2": 2,
  "acid": "A2",
  "base": "B7",
  "bridge": [
    "S",
    "S"
  ],
  "S1_ref": 0.0,
  "S2_ref": 0.5,
  "mulliken_q_e": [
    0.14203037389709128,
    0.03574323849820171,
    0.09478252087142275,
    0.10698705143158274,
    -0.04225360335488282,
    -0.05539991486657958,
    0.005433821642305103,
    0.013631699479646153,
    0.05450281575954219,
    0.01954944183774021,
    0.0048457886924833105,
    -0.0009057907285427991,
    0.005562635822948803,
    0.02129697806963682,
    0.11597490350418815,
    0.1270840079180925,
    0.117491812402165,
    0.05926011117005281,
    0.061505644145248395,
    0.13423823649947242,
    0.113984295964217,
    0.054409286952253444,
    0.01849213267505978,
    0.0027629286919557128,
    -0.0019247750369120187,
    0.003884116678120053,
    0.02013633340548071,
    0.1144434580860807,
    0.12739031552505886,
    0.11687296331378416,
    0.05673018938219765,
    0.05706458696175121,
    0.13190060367670886,
    0.12032605293291498,
    0.031194446437825984,
    -0.021330644960053213,
    0.10614553693246154,
    0.12765897064965537,
    -0.013541903573294212,
    0.13685459292611346,
    0.13685459292611368,
    0.029857843704699683,
    -0.01439409593047758,
    0.12012133705923889,
    0.1306335024219254,
    -0.010525463829498483,
    0.14131851166745157,
    0.14131851166745202
  ],
  "dipole_vec_eA": [
    0.38600242898893333,
    0.24380836447532167,
    3.555872337621278e-14
  ],
  "dipole_mag_D": 2.192916014341679,
  "HOMO_eV": -18.781219961566773,
  "LUMO_eV": -18.31565226709449,
  "gap_eV": 0.4655676944722842
}