{
  "tag": "RMC-Cu_2-Os_3-A2-B5-NNNNNO",
  "energy_eV": -2034.835823735905,
  "multiplicity": 3,
  "charge": 2,
  "sym1": "Cu",
  "ox1": 2,
  "sym2": "Os",
  "ox2": 3,
  "acid": "A2",
  "base": "B5",
  "bridge": [
    "N",
    "O"
  ],
  "S1_ref": 0.5,
  "S2_ref": 0.5,
  "mulliken_q_e": [
    0.25552137331744085,
    0.4234963630598245,
    -0.09248368516276884,
    -0.05930788605408299,
    -0.09586418574893418,
    -0.04096886960148982,
    -0.1086535914863811,
    -0.16724490973338524,
    0.1373104137332095,
    0.007603819978603488,
    -0.005081647289093549,
    -0.010294425245819472,
    -0.004898110555200397,
    0.0045526158070572365,
    0.10756362011997689,
    0.11162390302493219,
    0.1059090663461667,
    0.08110314312607558,
    0.05532188212494549,
    0.1250656786878448,
    0.11505494813234252,
    0.06718592991744354,
    0.017943274252419927,
    -0.005489185089397219,
    -0.009643375825191258,
    0.002023290233175601,
    0.0027986429851398764,
    0.0980562814462893,
    0.103009334907179,
    0.09673757807672112,
    0.07293257346359305,
    0.037972944677595155,
    0.1304301019669517,
    0.08192252260588628,
    -0.04112158291886181,
    -0.03311836131223589,
    0.14828326103266398,
    0.15037411647172338,
    -0.04564333886340277,
    -0.05024266052265913,
    0.11261125747671674,
    0.11764788344399868
  ],
  "dipole_vec_eA": [
    -1.2122464757185907,
    -0.5538578138826696,
    2.2613497953194603e-06
  ],
  "dipole_mag_D": 6.40161002352515,
  "solvation_E_eV": null
}