{
  "tag": "RMC-Co_2-Re_2-A2-B7-NNNNNS",
  "energy_eV": -2196.691543800599,
  "multiplicity": 1,
  "charge": 1,
  "sym1": "Co",
  "ox1": 2,
  "sym2": "Re",
  "ox2": 2,
  "acid": "A2",
  "base": "B7",
  "bridge": [
    "N",
    "S"
  ],
  "S1_ref": 0.5,
  "S2_ref": 0.5,
  "mulliken_q_e": [
    0.02315518329992139,
    -0.018856891127648767,
    -0.12396548044253564,
    0.061165616931270955,
    -0.06007125039395911,
    -0.10646109652028501,
    -0.024896842078729664,
    -0.07330273881321525,
    0.038450572303585284,
    0.0014355084283623754,
    -0.019540000386348177,
    -0.026107817216545648,
    -0.01917393821140112,
    -5.156500661573915e-06,
    0.06137887428427946,
    0.0649499091064234,
    0.06109554816525076,
    0.033609929252993664,
    0.061313196748381094,
    0.048475432300133625,
    0.046229783452075845,
    0.09671107750230612,
    0.004854802292262095,
    -0.023890962505817015,
    -0.02647241449287341,
    -0.024007783173137565,
    -0.0027928348738783804,
    0.06219116969162197,
    0.06528448669826137,
    0.06001373744322436,
    0.020660839705012535,
    0.047110914448395214,
    0.05931196374181791,
    0.060493358805787545,
    0.03301079449809863,
    -0.035105469613621265,
    0.04387529267306922,
    0.07198769911979741,
    -0.0021320461541112223,
    0.08697838772303201,
    0.08697838389940471,
    0.028490093640282543,
    -0.04038453727244118,
    0.049422408459608214,
    0.07260671570016608,
    -0.0056724101493474954,
    0.09079898718945834,
    0.09079900243141192
  ],
  "dipole_vec_eA": [
    -0.13501533256974171,
    -0.2158802078969633,
    2.985327179728073e-07
  ],
  "dipole_mag_D": 1.2230112992311513,
  "HOMO_eV": -11.631718296991147,
  "LUMO_eV": -11.529898968797236,
  "gap_eV": 0.10181932819391193
}