{
  "tag": "RMC-Ag_1-Sc_3-A2-B5-NNNNNO",
  "energy_eV": -1987.4105901236971,
  "multiplicity": 1,
  "charge": 1,
  "sym1": "Ag",
  "ox1": 1,
  "sym2": "Sc",
  "ox2": 3,
  "acid": "A2",
  "base": "B5",
  "bridge": [
    "N",
    "O"
  ],
  "S1_ref": 0.0,
  "S2_ref": 0.0,
  "mulliken_q_e": [
    0.27661961105151844,
    0.7115573560867792,
    -0.1552412728250201,
    -0.389179353831566,
    -0.11326554103897557,
    -0.22105570355160076,
    -0.30079104418435154,
    -0.24800458114414847,
    0.1962970781405291,
    -0.02350582032594173,
    -0.019125232156431693,
    -0.03170966311188672,
    -0.02046914561450608,
    -0.020796372826629828,
    0.06802647979601695,
    0.0686907124281787,
    0.06776733882456576,
    0.10487898159812059,
    0.09441536777825599,
    0.09212168927045727,
    0.11159498233441056,
    0.07035560422551468,
    -0.011961196664974416,
    -0.01919304130969457,
    -0.02827112884940286,
    -0.019560800078454843,
    -0.00864010838468654,
    0.05960305855615777,
    0.06177558231146263,
    0.05916723219506448,
    0.09986206564502886,
    0.02566223558998293,
    0.07636849292000503,
    0.05635127607380619,
    -0.043151074761315744,
    -0.03831366246890289,
    0.17197162678999955,
    0.12695514041433564,
    -0.053219049761060955,
    -0.04987701414408274,
    0.10558728216791402,
    0.10970161283556079
  ],
  "dipole_vec_eA": [
    -0.07424145518533115,
    -0.235484991513085,
    3.871176877368234e-15
  ],
  "dipole_mag_D": 1.1859633175846218,
  "solvation_E_eV": null
}