{
  "tag": "RMC-Os_3-Sn_2-A2-B10-NNNNSS",
  "energy_eV": -3238.060373321705,
  "multiplicity": 2,
  "charge": 3,
  "sym1": "Os",
  "ox1": 3,
  "sym2": "Sn",
  "ox2": 2,
  "acid": "A2",
  "base": "B10",
  "bridge": [
    "S",
    "S"
  ],
  "S1_ref": 0.5,
  "S2_ref": 0.0,
  "mulliken_q_e": [
    0.27591749782997965,
    0.5894517663091907,
    -0.1107432183077149,
    -0.1107424695260907,
    -0.07917758204308267,
    -0.07918133698003627,
    -0.14598237863464503,
    -0.14597767399119532,
    0.0701584793295087,
    0.011988191915311974,
    -0.0032577312135524394,
    -0.010268730912098345,
    -0.007124198118426461,
    0.01047454201297393,
    0.09675091628638577,
    0.10895260607773327,
    0.0916810982976074,
    0.07515568332619416,
    0.05504461088853163,
    0.089871665802564,
    0.10999482681479966,
    0.070159794909328,
    0.011990032452318777,
    -0.003258099539032333,
    -0.01026949848756109,
    -0.007123262362644711,
    0.010474551431975954,
    0.0967518709256413,
    0.10895312816630376,
    0.09168081687555285,
    0.07515271202990448,
    0.05504467183488049,
    0.08987607222680138,
    0.10999492824284152,
    0.07284255121696992,
    0.01584080683141398,
    0.03119932886223986,
    -0.009803394091076667,
    -0.0031241180927226164,
    -0.03989523518331617,
    0.1065025348507731,
    0.10513325594000389,
    0.08097002686827848,
    -0.009804712521593872,
    0.03119794768047668,
    0.015841901594906282,
    0.07284112577676272,
    -0.039894146308938616,
    -0.0031244634655249737,
    0.10650399881118844,
    0.08096999243425906,
    0.10513274156141983,
    0.07021557087615782,
    -0.006487894254000981,
    0.03368071864492461,
    -0.009895218990443544,
    -0.0019980029203159333,
    -0.029407106991008236,
    0.10407231167797582,
    0.10300280264683137,
    0.08094436465551991,
    -0.009897234930767773,
    0.03367868133101415,
    -0.00648400794581927,
    0.07021251823240693,
    -0.029403869290282048,
    -0.001998613227292445,
    0.10407508676313215,
    0.08094412977641086,
    0.10300133731062688
  ],
  "dipole_vec_eA": [
    0.04758130652835144,
    2.990149832035413e-05,
    1.6530798402055938e-06
  ],
  "dipole_mag_D": 0.22854277995554892,
  "HOMO_eV": -17.51229516101455,
  "LUMO_eV": -17.176470284703566,
  "gap_eV": 0.33582487631098346
}