{
  "tag": "RMC-Hf_2-Ta_3-A2-B7-NNNNOS",
  "energy_eV": -2101.4351878718917,
  "multiplicity": 1,
  "charge": 3,
  "sym1": "Hf",
  "ox1": 2,
  "sym2": "Ta",
  "ox2": 3,
  "acid": "A2",
  "base": "B7",
  "bridge": [
    "O",
    "S"
  ],
  "S1_ref": 1.0,
  "S2_ref": 1.0,
  "mulliken_q_e": [
    0.7306235804308951,
    0.5555833799003216,
    -0.3907308900088824,
    -0.15352118983747487,
    -0.10910405162325376,
    -0.13254940823730088,
    -0.13997306766550555,
    -0.12271070824445851,
    0.06443861997291811,
    0.017873173929837893,
    0.008941187751529522,
    -0.005507705063489965,
    0.006577610465223538,
    0.015960971717051686,
    0.11714155628673784,
    0.1260790152371517,
    0.11510312910845677,
    0.06571827976554889,
    0.058094843128380536,
    0.11912230185861927,
    0.1157561244873978,
    0.18498388185961057,
    -0.0023395001423744954,
    0.0028797113537488706,
    -0.010394417502842312,
    0.0015900309736289753,
    -0.0034646624690939376,
    0.11497930266901168,
    0.12756994960834334,
    0.11479280724506613,
    0.06347527642136574,
    0.07156929107623511,
    0.11485292418110471,
    0.126801285385314,
    0.02316433347557756,
    -0.04749938877512405,
    0.1268375062834376,
    0.14556272769341017,
    -0.023280382330372884,
    0.15092267914262014,
    0.15092267914260726,
    0.018640153290099715,
    -0.042894861635272674,
    0.12216093320194066,
    0.13978681574397966,
    -0.020467601334765106,
    0.14296588604126914,
    0.14296588604127047
  ],
  "dipole_vec_eA": [
    -0.6123168399308226,
    0.24591049511401997,
    4.660601531649302e-13
  ],
  "dipole_mag_D": 3.1694011129568276,
  "HOMO_eV": -17.862885176104587,
  "LUMO_eV": -17.80575370827054,
  "gap_eV": 0.0571314678340471
}