{
  "tag": "RMC-Os_2-Zn_2-A2-B2-NNNNOS",
  "energy_eV": -3003.393871277806,
  "multiplicity": 1,
  "charge": 2,
  "sym1": "Os",
  "ox1": 2,
  "sym2": "Zn",
  "ox2": 2,
  "acid": "A2",
  "base": "B2",
  "bridge": [
    "O",
    "S"
  ],
  "S1_ref": 0.0,
  "S2_ref": 0.0,
  "mulliken_q_e": [
    0.24981272004332866,
    0.31206532136277143,
    -0.34299201537056057,
    -0.040727562088046676,
    -0.06429421516351308,
    -0.06706348884559721,
    -0.1048298474848326,
    -0.13318557854936963,
    0.04725952174426129,
    0.002947284882935275,
    -0.011163614686868772,
    -0.01780588678608752,
    -0.01160984427068068,
    0.008023822749606335,
    0.07829834308252248,
    0.08943741334174815,
    0.08001948019432337,
    0.061340565839669736,
    0.024905270198501084,
    0.08016687639765818,
    0.09122040202536175,
    0.1953365165245622,
    -0.017979416353944844,
    -0.012142465728701257,
    -0.023258351242276376,
    -0.012326215357080672,
    -0.012574072045282048,
    0.07675339251553948,
    0.08861249037908092,
    0.07879013695627146,
    0.0680989999047481,
    0.0461404635169822,
    0.08710557909919203,
    0.08464631661745292,
    -0.014423910202006729,
    0.028483568169245244,
    0.01017442620889053,
    0.06544623715451547,
    -0.031039762996168063,
    -0.018938581191300985,
    0.08652370471368953,
    0.07297142960497693,
    0.08273923581606224,
    0.06484419499918292,
    -0.014637732743748133,
    -0.01885624068016778,
    -0.030685490983445085,
    0.08620372722128034,
    0.08260287656987408,
    0.07120154069350282,
    -0.014264525243592008,
    0.026935285236167505,
    0.0023532452088914635,
    0.06480850108072933,
    -0.030330003395967475,
    -0.017885291823944938,
    0.08462444560168902,
    0.06850883093817184,
    0.08137139018871875,
    0.06139244943657407,
    -0.015018521570596688,
    -0.01802556768531982,
    -0.03154032538581686,
    0.08489989460104175,
    0.08177047822581507,
    0.06876215119232432
  ],
  "dipole_vec_eA": [
    0.3706121799437119,
    -0.0072732049167308745,
    6.952293822325807e-07
  ],
  "dipole_mag_D": 1.7804687660725267,
  "HOMO_eV": -14.590233319657283,
  "LUMO_eV": -14.468814195421961,
  "gap_eV": 0.12141912423532197
}