{
  "tag": "RMC-Mn_2-V_2-A2-B10-NNNNOS",
  "energy_eV": -3257.2088900779627,
  "multiplicity": 1,
  "charge": 2,
  "sym1": "Mn",
  "ox1": 2,
  "sym2": "V",
  "ox2": 2,
  "acid": "A2",
  "base": "B10",
  "bridge": [
    "O",
    "S"
  ],
  "S1_ref": 0.5,
  "S2_ref": 0.5,
  "mulliken_q_e": [
    0.20135119166269466,
    0.31590622808978897,
    -0.26283801492817727,
    -0.04886562601823763,
    -0.11999379563597601,
    -0.09615310627881746,
    -0.0658983051500941,
    -0.1431217226999677,
    0.0630455328007209,
    0.006417464128604333,
    -0.01601315018861804,
    -0.01934481235467267,
    -0.011447167673167558,
    0.0057164867618446635,
    0.07225727173524765,
    0.0877746883115077,
    0.07951057670953898,
    0.06398639574891263,
    0.05056405354929816,
    0.08501183702059079,
    0.08605120588670812,
    0.17070156140919734,
    0.0011675409796989555,
    -0.013420586019424308,
    -0.018318177901740285,
    -0.02271874081400238,
    -0.00294510255718361,
    0.08587653935792583,
    0.0925413781595621,
    0.07440799285423672,
    0.04620323475908905,
    0.04202808481127418,
    0.09621808792949871,
    0.08467931985780264,
    0.07580827393485134,
    0.01261071970533556,
    0.02269021970468943,
    -0.018835021137262986,
    -0.01377422250496374,
    -0.04560436260614331,
    0.08612935816052047,
    0.08238512040154267,
    0.06543055708863943,
    -0.01780751265602598,
    0.020091921694047388,
    0.010146685653197318,
    0.07656239459072323,
    -0.04099027715773751,
    -0.013312342156635015,
    0.08541534836260978,
    0.0684219065969851,
    0.08525894206640305,
    0.06842531759341663,
    0.008936737028030217,
    0.020101079543062284,
    -0.01796220374286217,
    -0.01384713744722843,
    -0.041748742201986655,
    0.08316403731093158,
    0.08248483003643281,
    0.06628853586798211,
    -0.019585083592962294,
    0.02109152113204571,
    0.006089824853798387,
    0.06744270326617152,
    -0.04737879841971915,
    -0.015047478379455637,
    0.08205588046290935,
    0.06082668526139212,
    0.07769621738346133
  ],
  "dipole_vec_eA": [
    -0.2158605811078973,
    0.07795807876983134,
    2.4502517322791815e-08
  ],
  "dipole_mag_D": 1.102366799397756,
  "solvation_E_eV": null
}