{
  "tag": "RMC-Ni_2-Pd_2-A2-B5-NNNNOS",
  "energy_eV": -2100.205229762894,
  "multiplicity": 1,
  "charge": 2,
  "sym1": "Ni",
  "ox1": 2,
  "sym2": "Pd",
  "ox2": 2,
  "acid": "A2",
  "base": "B5",
  "bridge": [
    "O",
    "S"
  ],
  "S1_ref": 0.0,
  "S2_ref": 0.0,
  "mulliken_q_e": [
    -0.0065075795637367095,
    0.2517367578102149,
    -0.2629496711560746,
    0.27239982682814545,
    -0.06574579883223186,
    -0.0931535207551546,
    -0.13478746734405656,
    -0.1683245491399128,
    0.00860252048334953,
    0.013646424760601183,
    -0.006450441277405572,
    -0.01264125404409766,
    -0.00626680064571894,
    0.003683548057166419,
    0.09191493337906376,
    0.09755352115998683,
    0.09092201010649692,
    0.08931018769704324,
    0.04732570854034379,
    0.11624267599571747,
    0.1012314364706729,
    0.19939767880607628,
    -0.008377047997744302,
    -0.014412591127362928,
    -0.02476476426027041,
    -0.008341672970068714,
    -0.0092874070566209,
    0.08190796845496562,
    0.0934687860898914,
    0.09110984274606237,
    0.09104148795476985,
    0.08481009553297225,
    0.11973212376522391,
    0.15035215206589947,
    -0.00876950890666417,
    0.017606091259646517,
    0.1563671616941067,
    0.17009161229037018,
    0.010517171688390281,
    -0.0005315837648121047,
    0.1951184770474539,
    0.18522145820051084
  ],
  "dipole_vec_eA": [
    0.9605244587472984,
    -0.40441146498167735,
    -9.05726739561624e-17
  ],
  "dipole_mag_D": 5.0058419474125575,
  "solvation_E_eV": null
}