{
  "tag": "RMC-Pt_2-Sn_2-A2-B5-NNNNOS",
  "energy_eV": -2029.7813314531961,
  "multiplicity": 1,
  "charge": 2,
  "sym1": "Pt",
  "ox1": 2,
  "sym2": "Sn",
  "ox2": 2,
  "acid": "A2",
  "base": "B5",
  "bridge": [
    "O",
    "S"
  ],
  "S1_ref": 0.0,
  "S2_ref": 0.0,
  "mulliken_q_e": [
    0.07843976909798045,
    0.6088216633006012,
    -0.11783739848708485,
    0.1792519056178799,
    -0.13626728404825728,
    -0.12485417252631681,
    -0.06659766143128709,
    -0.31335926528438485,
    0.02885123480561025,
    0.004254189333188441,
    -0.005019839162945683,
    -0.01504488045016128,
    -0.006389800497787146,
    0.004824521610437227,
    0.0867164387603413,
    0.0908689973074327,
    0.08765231150289621,
    0.10474729568327446,
    0.05451659945135878,
    0.07119661152463974,
    0.09228076171842126,
    0.1446850609759993,
    -0.0009510106436301236,
    -0.00947083713680441,
    -0.01608301323306227,
    -0.012849050661877692,
    0.0011115717447474083,
    0.09423853864590959,
    0.09698004229121637,
    0.08945445897683146,
    0.05428594955149291,
    0.07700448428089635,
    0.10286092075219222,
    0.1053136241743805,
    -0.003257152072976055,
    0.008248840026126913,
    0.15902613917470587,
    0.16870097381747517,
    -0.03943215485068974,
    -0.04210903758599893,
    0.15929861690607416,
    0.15589103704113905
  ],
  "dipole_vec_eA": [
    0.50715489032348,
    0.2747212070889926,
    -8.947197436996493e-16
  ],
  "dipole_mag_D": 2.7704032179213636,
  "solvation_E_eV": null
}