{
  "tag": "RMC-Cu_1-Ti_2-A2-B5-NNNNNO",
  "energy_eV": -2013.0139934948077,
  "multiplicity": 3,
  "charge": 0,
  "sym1": "Cu",
  "ox1": 1,
  "sym2": "Ti",
  "ox2": 2,
  "acid": "A2",
  "base": "B5",
  "bridge": [
    "N",
    "O"
  ],
  "S1_ref": 0.0,
  "S2_ref": 1.0,
  "mulliken_q_e": [
    0.2604398471038544,
    0.6498364383811234,
    -0.1549246650627989,
    -0.3986308655178661,
    -0.07325624517164142,
    -0.2978542221771747,
    -0.3389186821451189,
    -0.3172808701557246,
    0.18178995698729428,
    -0.0350574528451173,
    -0.029886178888510972,
    -0.042988066791177726,
    -0.030028034476931698,
    -0.0331171362960887,
    0.0421342439861917,
    0.03944978644090469,
    0.04236724849524265,
    0.10032614128464434,
    0.08861506913825701,
    0.03719796357991301,
    0.046158531877889986,
    0.0669380957690362,
    -0.018055666084131117,
    -0.030677541716373824,
    -0.036226887683368014,
    -0.03142742943792243,
    -0.016200377179411918,
    0.040129792677194964,
    0.03722607837870773,
    0.037157740490500246,
    0.0915105304676258,
    0.012540453050410072,
    0.033273192913736316,
    0.04785331004596283,
    -0.08450572947582025,
    -0.08732996504594093,
    0.09874634625157142,
    0.07319188733420856,
    -0.07217755006976145,
    -0.06972732185671426,
    0.08158592327514569,
    0.08980231014814355
  ],
  "dipole_vec_eA": [
    -0.0705325268985152,
    0.06697128195490304,
    -1.1691772490588061e-14
  ],
  "dipole_mag_D": 0.467171557805334,
  "solvation_E_eV": null
}