{
  "tag": "RMC-Au_3-Zr_2-A2-B10-NNNNOO",
  "energy_eV": -3283.8566410596763,
  "multiplicity": 3,
  "charge": 3,
  "sym1": "Au",
  "ox1": 3,
  "sym2": "Zr",
  "ox2": 2,
  "acid": "A2",
  "base": "B10",
  "bridge": [
    "O",
    "O"
  ],
  "S1_ref": 0.0,
  "S2_ref": 1.0,
  "mulliken_q_e": [
    0.29473045671533943,
    0.983994964619805,
    -0.38254784853371326,
    -0.3824763260852344,
    -0.13328367537245023,
    -0.13312524531723624,
    -0.15247535934019574,
    -0.152297734145032,
    0.19266886876272515,
    -0.015858284303633452,
    -0.009972929282500154,
    -0.01762649978345676,
    -0.009015627072901156,
    -0.008430281649006499,
    0.09211574812915146,
    0.10641862704149108,
    0.09353503396285312,
    0.045990276982430967,
    0.07539683877771886,
    0.11042807911506147,
    0.08878782828270426,
    0.1925624087380211,
    -0.01574834291189431,
    -0.010058197062599916,
    -0.017593740377367828,
    -0.009146496526827308,
    -0.008221758610053032,
    0.0922006504920092,
    0.10646020521396504,
    0.09355114965693045,
    0.045568830693684115,
    0.0751505221229285,
    0.11048642094604699,
    0.08908730580571256,
    0.08129529485110432,
    0.019703279962427933,
    0.04175862298411426,
    -0.008850086876436292,
    0.003983883792777476,
    -0.025154707033130608,
    0.10785639434172456,
    0.10898681916686637,
    0.08686849904651373,
    -0.008865536756377246,
    0.041753129380916576,
    0.01972414934842681,
    0.08121295199627698,
    -0.025092430946036526,
    0.003996548009332024,
    0.10787091263229098,
    0.08688721271804001,
    0.10898853075214476,
    0.07060401656784077,
    0.00879422928504825,
    0.03950378798773313,
    -0.009925867943696431,
    -0.0027016251726506013,
    -0.038008093082065875,
    0.10729376211237218,
    0.10552797269504133,
    0.08681970892137936,
    -0.009924494884830937,
    0.03948270686035693,
    0.00883841116312456,
    0.07056311324025577,
    -0.037966872068646795,
    -0.002712546922663872,
    0.10729913353584097,
    0.08680996762346249,
    0.10552335302443883
  ],
  "dipole_vec_eA": [
    0.07446580625827522,
    -0.001277254949520127,
    -6.997064638587237e-14
  ],
  "dipole_mag_D": 0.357727088481287,
  "solvation_E_eV": null
}