{
  "tag": "RMC-Ir_2-Ru_2-A2-B7-NNNNSS",
  "energy_eV": -2194.6965995741016,
  "multiplicity": 2,
  "charge": 2,
  "sym1": "Ir",
  "ox1": 2,
  "sym2": "Ru",
  "ox2": 2,
  "acid": "A2",
  "base": "B7",
  "bridge": [
    "S",
    "S"
  ],
  "S1_ref": 0.5,
  "S2_ref": 0.0,
  "mulliken_q_e": [
    0.1248787883649819,
    -0.092306357595755,
    0.026409653347507334,
    0.02889068269276998,
    -0.02455819865897446,
    -0.013260482390180295,
    -0.05558306273642444,
    -0.043371894149809354,
    0.05364336716212237,
    0.009602427901242994,
    -0.009317387253900966,
    -0.015002222244911101,
    -0.008544975747281969,
    0.011426527611178239,
    0.08572578045288815,
    0.09557408686329771,
    0.09009110744863624,
    0.05660807057910877,
    0.0374829315484384,
    0.08667487094525994,
    0.09537447318227288,
    0.0525300124553334,
    0.008861486517558026,
    -0.010304795027467062,
    -0.01584860437113189,
    -0.010258442662579359,
    0.009652392156657141,
    0.08475287800920694,
    0.09505988770507223,
    0.08854952278468864,
    0.05125268273092076,
    0.037102308925102134,
    0.08288756561741106,
    0.09277132360849805,
    0.016231003765653673,
    -0.026338719996933158,
    0.09743424759690511,
    0.11585870599426962,
    -0.029067144100568987,
    0.1258884660358175,
    0.12588846604002923,
    0.05207711272490778,
    -0.018076206937801764,
    0.08724211637361512,
    0.09950410592575232,
    0.025997977295640684,
    0.10995673182598942,
    0.10995673184879495
  ],
  "dipole_vec_eA": [
    0.7747994266818241,
    0.173790940080195,
    1.0404242757952764e-09
  ],
  "dipole_mag_D": 3.8139905203830056,
  "HOMO_eV": -14.91096546639433,
  "LUMO_eV": -14.298484821573968,
  "gap_eV": 0.6124806448203621
}