{
  "tag": "RMC-Co_3-Ir_2-A2-B7-NNNNOS",
  "energy_eV": -2213.479492314267,
  "multiplicity": 2,
  "charge": 3,
  "sym1": "Co",
  "ox1": 3,
  "sym2": "Ir",
  "ox2": 2,
  "acid": "A2",
  "base": "B7",
  "bridge": [
    "O",
    "S"
  ],
  "S1_ref": 0.0,
  "S2_ref": 0.5,
  "mulliken_q_e": [
    0.24560625863519836,
    0.2521960594663485,
    -0.2716756973208103,
    0.13218664427371715,
    -0.06292264080519372,
    -0.04582044673497432,
    -0.03125089528144476,
    -0.005280721345034101,
    0.03516643281118648,
    0.025272548137000195,
    0.0031382988060755235,
    0.006883479779688617,
    0.005162821681988561,
    0.021672104510106704,
    0.11994327433455632,
    0.13174316102264538,
    0.11933186016794162,
    0.03982945053895559,
    0.050710273750185,
    0.1262108605508676,
    0.11847398936738796,
    0.2023888827802005,
    0.00028896572493830597,
    -0.0011215875006171938,
    -0.0028229342585057715,
    0.0020122580299564152,
    -0.001952566862058136,
    0.11427062618246997,
    0.12806593274411138,
    0.1149282464340281,
    0.05982041515597136,
    0.06860056587359153,
    0.1149784374288928,
    0.11181082036963308,
    0.023539559262593546,
    -0.015265298999236565,
    0.11416547583673664,
    0.1357528710336049,
    -0.01968816862342404,
    0.14286083648592263,
    0.1428608364859234,
    0.0180457900066755,
    -0.012538755987159922,
    0.12292971848437184,
    0.1425872709933541,
    -0.030466238440363114,
    0.15368546255350013,
    0.1536854625535038
  ],
  "dipole_vec_eA": [
    -0.006766051595489319,
    0.08851807177535252,
    3.4736216763627934e-15
  ],
  "dipole_mag_D": 0.4264106232500825,
  "HOMO_eV": -19.330872983551174,
  "LUMO_eV": -18.807529432992858,
  "gap_eV": 0.5233435505583159
}