{
  "tag": "RMC-Os_2-Ta_3-A2-B6-NNNNSS",
  "energy_eV": -2185.5204391366624,
  "multiplicity": 3,
  "charge": 3,
  "sym1": "Os",
  "ox1": 2,
  "sym2": "Ta",
  "ox2": 3,
  "acid": "A2",
  "base": "B6",
  "bridge": [
    "S",
    "S"
  ],
  "S1_ref": 0.0,
  "S2_ref": 1.0,
  "mulliken_q_e": [
    0.2303510344337072,
    0.5653564467073822,
    -0.04542782411023352,
    -0.04542766162342077,
    -0.024454402768774752,
    -0.024455209578291948,
    -0.1831182743302262,
    -0.183118064955605,
    0.05887842416283373,
    0.011399742150453918,
    -0.0007962159775363187,
    -0.0034039870140794015,
    0.000503393414263309,
    0.020646742247051098,
    0.10946729118149556,
    0.12439595451708318,
    0.11539775838619126,
    0.0826858087114446,
    0.04165492917557079,
    0.1044797510529405,
    0.1215894136632184,
    0.058878389071037596,
    0.011399940404134723,
    -0.0007964301197398438,
    -0.003403961940232403,
    0.0005034460504245164,
    0.02064652301531278,
    0.109467512717633,
    0.12439599127020373,
    0.11539754728126883,
    0.08268577796540799,
    0.04165475051185785,
    0.10447988469187308,
    0.12158929486602976,
    -0.09978190081013238,
    -0.048707957681562775,
    -0.048707903874082525,
    0.14247863823096485,
    0.13015761005780557,
    0.12852335929073233,
    0.12852336984079027,
    0.1434143197173232,
    0.14341432161040002,
    -0.08705342161898866,
    -0.0027568207573449577,
    -0.002756893226680157,
    0.11454627926856664,
    0.0951867296969906,
    0.10097699544485972,
    0.10097702028007183,
    0.09903126193355394,
    0.09903127839825199
  ],
  "dipole_vec_eA": [
    1.1465540934611855,
    -1.1410711586940164e-07,
    0.1204478241074194
  ],
  "dipole_mag_D": 5.537438298334804,
  "HOMO_eV": -18.210861068657053,
  "LUMO_eV": -18.04335100737369,
  "gap_eV": 0.16751006128336243
}