{
  "tag": "RMC-In_1-Mn_3-A2-B10-NNNNOS",
  "energy_eV": -3239.0628478219924,
  "multiplicity": 1,
  "charge": 2,
  "sym1": "In",
  "ox1": 1,
  "sym2": "Mn",
  "ox2": 3,
  "acid": "A2",
  "base": "B10",
  "bridge": [
    "O",
    "S"
  ],
  "S1_ref": 0.0,
  "S2_ref": 0.0,
  "mulliken_q_e": [
    0.4012776451379766,
    0.2480240052669438,
    -0.3367605257642856,
    -0.04045557908427032,
    -0.13745392970466996,
    -0.14195816512295,
    -0.09632224291855773,
    -0.10599608474585498,
    0.05719070630646805,
    0.007992835200266502,
    -0.012321354641063653,
    -0.015939262762939332,
    -0.013646787879296518,
    0.01074346311209795,
    0.08128905387302299,
    0.09130450162177439,
    0.08066491306648382,
    0.053228168745727666,
    0.06847089484819335,
    0.08835537501286117,
    0.07456782697473763,
    0.19357342405410316,
    -0.012726342075273678,
    -0.014210198247395667,
    -0.023354685637510864,
    -0.013265376462975986,
    -0.014505048181870484,
    0.07622145199716701,
    0.08777953080642376,
    0.07765197242594513,
    0.06320522763188907,
    0.07445176622159844,
    0.08881373764763123,
    0.07710658345176802,
    0.06936181148148735,
    -0.0028836016556590405,
    0.019270150306054168,
    -0.019957777463194937,
    -0.013440463246988665,
    -0.041014729000504735,
    0.08099262515298289,
    0.08035456929541296,
    0.061857122856446844,
    -0.01934923194540694,
    0.019472291445412626,
    -0.0002337121382636198,
    0.07025048928257704,
    -0.04204807074779171,
    -0.013990780998383245,
    0.08071709159892426,
    0.06111067327577635,
    0.07878446299798858,
    0.07013913644109948,
    0.013894877045939502,
    0.02191909173759199,
    -0.01975471919274696,
    -0.013587370010591737,
    -0.04628951038211593,
    0.08298649747663123,
    0.07986288303672151,
    0.06314292491133122,
    -0.01896160350652276,
    0.02124123680060941,
    0.014848747745020319,
    0.07220052651923825,
    -0.0456383878547173,
    -0.013410086177737979,
    0.0828339023910134,
    0.06256332833343681,
    0.0797581040180283
  ],
  "dipole_vec_eA": [
    -0.3257247478745751,
    -0.04622675494019676,
    1.0897428966083643e-07
  ],
  "dipole_mag_D": 1.5801996331384354,
  "HOMO_eV": -14.74398912398177,
  "LUMO_eV": -14.590252971650989,
  "gap_eV": 0.1537361523307812
}