{
  "tag": "RMC-Ag_2-Y_3-A2-B10-NNNNNN",
  "energy_eV": -3240.248528483282,
  "multiplicity": 2,
  "charge": 1,
  "sym1": "Ag",
  "ox1": 2,
  "sym2": "Y",
  "ox2": 3,
  "acid": "A2",
  "base": "B10",
  "bridge": [
    "N",
    "N"
  ],
  "S1_ref": 0.5,
  "S2_ref": 0.0,
  "mulliken_q_e": [
    0.2784909736409136,
    0.5385700350693025,
    -0.3117102436729702,
    -0.3118623360901047,
    -0.1402477279166967,
    -0.14022217184574615,
    -0.16387978522526203,
    -0.1638669732418747,
    0.12576057891386516,
    -0.025925570335125547,
    -0.016983370233030648,
    -0.03929144612285418,
    -0.015056480022840546,
    -0.018087935515304965,
    0.049482580601936665,
    0.05604487072910558,
    0.05184161638255913,
    0.05913503360457484,
    0.06358916956619365,
    0.06402558740758446,
    0.0647800143201902,
    0.12576755881459323,
    -0.025906148405204332,
    -0.016976465006327768,
    -0.039295519388484745,
    -0.015050948242225859,
    -0.018044704696562164,
    0.04947966101880652,
    0.05604548808531151,
    0.05184149982106612,
    0.059129365327012184,
    0.0635800462077869,
    0.06402657723185723,
    0.06478975899063733,
    0.07232872190745465,
    0.0024898172079663716,
    0.01251259836373686,
    -0.029676508981715255,
    -0.023432060374799946,
    -0.04713722533267406,
    0.0587284691827209,
    0.05677880994364892,
    0.04796472539472474,
    -0.029671189897819028,
    0.01251954399254962,
    0.002497248317175016,
    0.07230982247410211,
    -0.04713633757062907,
    -0.02343237113918417,
    0.05872609704046816,
    0.04796383191811293,
    0.05677972586212121,
    0.06923665111486632,
    -0.00602516153078736,
    0.011643569910530172,
    -0.030167982637646196,
    -0.02299433090854186,
    -0.04798758795497182,
    0.05840878735320676,
    0.05687188772121021,
    0.048469957918838125,
    -0.030156613154400436,
    0.0116478009596519,
    -0.006024047405397193,
    0.06923077837011049,
    -0.0479890609654241,
    -0.022997440606701502,
    0.05840340053126003,
    0.04846927586185967,
    0.05687380732972458
  ],
  "dipole_vec_eA": [
    0.5338324168829207,
    0.00040944360522517694,
    -1.1524273562579686e-15
  ],
  "dipole_mag_D": 2.564106898432491,
  "HOMO_eV": -11.563034398177038,
  "LUMO_eV": -11.446943226021954,
  "gap_eV": 0.11609117215508391
}