{
  "tag": "RMC-Hf_2-Ta_3-A2-B1-NNNNSS",
  "energy_eV": -2425.2367214429546,
  "multiplicity": 1,
  "charge": 3,
  "sym1": "Hf",
  "ox1": 2,
  "sym2": "Ta",
  "ox2": 3,
  "acid": "A2",
  "base": "B1",
  "bridge": [
    "S",
    "S"
  ],
  "S1_ref": 1.0,
  "S2_ref": 1.0,
  "mulliken_q_e": [
    0.2843020650911645,
    0.4394116237854637,
    -0.10997408234999,
    -0.10997435107561762,
    -0.0659478678437797,
    -0.06594629337941549,
    -0.1394708680954464,
    -0.13946982683803433,
    0.08802148571438417,
    0.02194592471492518,
    -0.006058724244784486,
    -0.00379602545119484,
    -0.0051245988356183325,
    0.02739084170852424,
    0.10760931038564703,
    0.12171600088774714,
    0.10918330004035648,
    0.07507712883052409,
    0.07195253219002695,
    0.10909798182176667,
    0.12178022966238133,
    0.0880204509001099,
    0.02194772291400393,
    -0.006060299190234986,
    -0.003795955558489883,
    -0.00512777451378521,
    0.027390061699723578,
    0.10760958951382049,
    0.12171627139949681,
    0.10918346134278989,
    0.07507682735838084,
    0.07194303490442433,
    0.10909866442593197,
    0.12178090269299213,
    -0.009222829480963979,
    0.06913229145315603,
    0.06913348403962849,
    -0.00922170946840728,
    0.003478859643550214,
    0.003478353132487566,
    0.11454378129776766,
    0.11454384684890861,
    0.13163954170221692,
    0.13163960427901444,
    -0.011214154558548017,
    0.06905896763727637,
    0.06905769473791201,
    -0.011214037212575523,
    0.006048561754435022,
    0.006048586358703645,
    0.11071824641594918,
    0.1107180684338197,
    0.13056199831091675,
    0.13056210006656221
  ],
  "dipole_vec_eA": [
    0.2345436336221828,
    -4.825493601819441e-05,
    -1.1356112394008113e-13
  ],
  "dipole_mag_D": 1.126561006358384,
  "HOMO_eV": -17.825893516127316,
  "LUMO_eV": -17.75989732039433,
  "gap_eV": 0.06599619573298554
}