{
  "tag": "RMC-Pb_2-Ru_3-A2-B10-NNNNNN",
  "energy_eV": -3248.983510936152,
  "multiplicity": 2,
  "charge": 1,
  "sym1": "Pb",
  "ox1": 2,
  "sym2": "Ru",
  "ox2": 3,
  "acid": "A2",
  "base": "B10",
  "bridge": [
    "N",
    "N"
  ],
  "S1_ref": 0.0,
  "S2_ref": 0.5,
  "mulliken_q_e": [
    0.6403407914943733,
    -0.0067166835171817985,
    -0.23901020639102954,
    -0.23896960005510537,
    -0.20601888476723218,
    -0.20601745207940092,
    -0.09459969088122033,
    -0.09459922355538586,
    0.11119682505533501,
    -0.005996290708360386,
    -0.01768961279350112,
    -0.032516710511647506,
    -0.01782791687364993,
    -0.02009809694621212,
    0.05581749161165939,
    0.061753316995776464,
    0.055278799780441035,
    0.06161167826969294,
    0.060465379074204906,
    0.06443317148171768,
    0.04981770263836349,
    0.11118949826330171,
    -0.005997579790487206,
    -0.0176894794783522,
    -0.0325212765546774,
    -0.01782711745394505,
    -0.02009748867484329,
    0.05581810606211679,
    0.061756477877355165,
    0.055279476656957316,
    0.0616050796991634,
    0.06046150227011515,
    0.06443612019238532,
    0.04982084225164529,
    0.07211488641700003,
    -0.0054942895015202,
    0.012071735485786661,
    -0.029309359641154886,
    -0.022694709424238013,
    -0.04654229693393552,
    0.058409283069798645,
    0.05624915077914794,
    0.045859150718143615,
    -0.029298964781802272,
    0.012076136580601693,
    -0.005500600084320961,
    0.07211505779350524,
    -0.046543685568156246,
    -0.0226991005516739,
    0.0584023440562359,
    0.045859641249119676,
    0.05625223069888863,
    0.07070017543873286,
    0.010144368253532932,
    0.01183400646004129,
    -0.028444836218846747,
    -0.022909699250526883,
    -0.04952107491526614,
    0.05920810005344557,
    0.05676833085345767,
    0.048112685590927295,
    -0.02844889605409895,
    0.011831503342810246,
    0.010145352826981924,
    0.07070078855663775,
    -0.04952110985035807,
    -0.022907941716210578,
    0.059211268554270946,
    0.04811409917181386,
    0.056767325360850496
  ],
  "dipole_vec_eA": [
    -0.2503956042979092,
    -8.268825331090546e-05,
    -7.18345054432915e-05
  ],
  "dipole_mag_D": 1.202701350824155,
  "HOMO_eV": -11.518678354081992,
  "LUMO_eV": -11.074720467031458,
  "gap_eV": 0.44395788705053363
}