{
  "tag": "RMC-Co_3-Mn_3-A2-B2-NNNNNS",
  "energy_eV": -3025.6698871880853,
  "multiplicity": 1,
  "charge": 3,
  "sym1": "Co",
  "ox1": 3,
  "sym2": "Mn",
  "ox2": 3,
  "acid": "A2",
  "base": "B2",
  "bridge": [
    "N",
    "S"
  ],
  "S1_ref": 0.0,
  "S2_ref": 0.0,
  "mulliken_q_e": [
    0.16428832590386033,
    0.3131248529657624,
    -0.2562650257026,
    0.06284155354048854,
    -0.05145947573273624,
    -0.06163007743793636,
    -0.09111346297448986,
    -0.0912321999884127,
    0.04458851770865935,
    0.016060546125996167,
    -0.0012733881552817738,
    -0.003932976187782877,
    -0.0014729725538782379,
    0.017895180102497354,
    0.10149320589811406,
    0.11591311701770701,
    0.10145772827377086,
    0.050524707122829415,
    0.0507806113130016,
    0.10587040579093188,
    0.10458005108373536,
    0.1280359340618087,
    0.007261642040520266,
    -0.002998332281539673,
    -0.005867086460672466,
    -5.586397625534367e-05,
    0.01267359578149696,
    0.0936154238513508,
    0.11247113692120425,
    0.09930077464613984,
    0.04664410127086471,
    0.0523736017217491,
    0.10250044625232702,
    0.10275376280444914,
    0.004222811655789194,
    0.034993185621157386,
    0.0159005076122134,
    0.07838790505246607,
    -0.022010774918954645,
    -0.006638888944701105,
    0.11201201834151131,
    0.08861416708184122,
    0.10805748533585902,
    0.07947241497982938,
    0.005606992286465662,
    -0.006331016483663188,
    -0.02139971732003665,
    0.1129461899565316,
    0.10903471038747636,
    0.08942627366713374,
    0.0024560800322230847,
    0.0353266251209674,
    0.015478290947555484,
    0.0773535105346701,
    -0.021340588348735423,
    -0.00750400909745208,
    0.11193941479042124,
    0.08941610430296676,
    0.10840901619470478,
    0.08170945698841248,
    0.0036199597543769,
    -0.007793026057670627,
    -0.020404607240730455,
    0.11277808520665589,
    0.1089110176309589,
    0.08760204418238726
  ],
  "dipole_vec_eA": [
    0.10970071926301984,
    0.09634372477620015,
    -1.6801010345792637e-14
  ],
  "dipole_mag_D": 0.7012737634217644,
  "HOMO_eV": -18.017856172486525,
  "LUMO_eV": -17.43199814209563,
  "gap_eV": 0.5858580303908951
}