{
  "tag": "RMC-Sc_3-Zn_2-A2-B4-NNNNNN",
  "energy_eV": -1922.7724821511456,
  "multiplicity": 1,
  "charge": 1,
  "sym1": "Sc",
  "ox1": 3,
  "sym2": "Zn",
  "ox2": 2,
  "acid": "A2",
  "base": "B4",
  "bridge": [
    "N",
    "N"
  ],
  "S1_ref": 0.0,
  "S2_ref": 0.0,
  "mulliken_q_e": [
    0.5942946004850347,
    0.2640804948280765,
    -0.16868148350993417,
    -0.16868142061821367,
    -0.12664143127496263,
    -0.1266423283963889,
    -0.2345533368743553,
    -0.2345591735874173,
    0.07998596961010707,
    -0.011109406776385278,
    -0.018589974626766814,
    -0.026588506200018625,
    -0.019908173580472033,
    -0.007097726567661278,
    0.061421732266647155,
    0.06224712874822336,
    0.05998413938713498,
    0.0923257060821685,
    0.02926909622262408,
    0.08715202175274905,
    0.06673525391713664,
    0.07998580531987431,
    -0.011108288824807078,
    -0.018590425953555867,
    -0.02658883326848871,
    -0.019907959064065617,
    -0.007098501166101556,
    0.06142172517384825,
    0.06224716008268483,
    0.059983406152695595,
    0.09232534278469262,
    0.029270482453871427,
    0.08715308854898784,
    0.06673418928657449,
    -0.06384731152304046,
    -0.06384759076410718,
    0.0941263266899729,
    0.0941263266899729,
    0.0941262820463118,
    0.0941262820463109,
    -0.07238225732846937,
    -0.07238198918445349,
    0.04642089121362025,
    0.04642089121362014,
    0.04642088804330102,
    0.04642088804330091
  ],
  "dipole_vec_eA": [
    -1.762495108464439,
    3.260484779228208e-08,
    1.3071980092866327e-15
  ],
  "dipole_mag_D": 8.465624030830508,
  "HOMO_eV": -12.281253659382303,
  "LUMO_eV": -12.16305735307147,
  "gap_eV": 0.11819630631083378
}