{
  "tag": "RMC-Hg_2-V_3-A2-B1-NNNNNS",
  "energy_eV": -2415.977131966106,
  "multiplicity": 3,
  "charge": 2,
  "sym1": "Hg",
  "ox1": 2,
  "sym2": "V",
  "ox2": 3,
  "acid": "A2",
  "base": "B1",
  "bridge": [
    "N",
    "S"
  ],
  "S1_ref": 0.0,
  "S2_ref": 1.0,
  "mulliken_q_e": [
    0.39025638912597227,
    0.29860151196326423,
    -0.30243165207008516,
    -0.19246346651442514,
    -0.15686958277901608,
    -0.13420493339490402,
    -0.07966229272716219,
    -0.09133924744555078,
    0.08847156552367341,
    0.016447930748795248,
    -0.006690214829516705,
    -0.0146716291797937,
    -0.003785101489264031,
    0.01432102410397551,
    0.08794529763726078,
    0.09697940938814087,
    0.08985215299511662,
    0.06894539084240692,
    0.08603077389935065,
    0.08457127221314653,
    0.08013484117941816,
    0.12631396828495678,
    0.019365217704804483,
    -0.005656458712653745,
    -0.011825480328091942,
    -0.0007504570941312405,
    0.002870007792810547,
    0.08941269581776745,
    0.0980987790343073,
    0.08747382178975094,
    0.061639253201045685,
    0.0842142209198693,
    0.09186036024689737,
    0.08580614616629667,
    -0.02030860624673525,
    0.07085213327850948,
    0.06722590143397689,
    -0.019732559455090115,
    -0.007827556247870016,
    -0.006739064780551196,
    0.07913838573377752,
    0.07938954031831158,
    0.09590901391120954,
    0.09668945815527286,
    -0.025562692038782586,
    0.06657527587223733,
    0.06495038873133208,
    -0.02536361564044287,
    -0.010726393981475013,
    -0.008637967607107777,
    0.08342483610341378,
    0.07868518121059542,
    0.09558002732730231,
    0.09721681456428066
  ],
  "dipole_vec_eA": [
    0.4909584334131894,
    -0.19260745006484462,
    -3.540525246984411e-12
  ],
  "dipole_mag_D": 2.5331509757591397,
  "HOMO_eV": -15.166488780226484,
  "LUMO_eV": -14.753018559713135,
  "gap_eV": 0.41347022051334825
}