{
  "tag": "RMC-Ag_2-Cu_1-A2-B7-NNNNNS",
  "energy_eV": -2228.25237332667,
  "multiplicity": 2,
  "charge": 0,
  "sym1": "Ag",
  "ox1": 2,
  "sym2": "Cu",
  "ox2": 1,
  "acid": "A2",
  "base": "B7",
  "bridge": [
    "N",
    "S"
  ],
  "S1_ref": 0.5,
  "S2_ref": 0.0,
  "mulliken_q_e": [
    0.2344357753154589,
    0.24477044624325095,
    -0.2936087765264541,
    -0.26926095832178853,
    -0.18136723721728965,
    -0.16040054565838013,
    -0.1756349148735783,
    -0.11696892483372934,
    0.08815819121248736,
    -0.007391736118242731,
    -0.04752511454919395,
    -0.036741500564982266,
    -0.0478988720105753,
    -0.009259535814140074,
    0.02874714539135481,
    0.030241791524596162,
    0.027134365790103088,
    0.04375336879902414,
    0.05503876213634995,
    0.03193362264392019,
    0.022004086865373695,
    0.12567271465353969,
    -0.020925157589498644,
    -0.02784906199664805,
    -0.0493223178050326,
    -0.028118904590893612,
    -0.02746885666128729,
    0.029613486444026837,
    0.02811800194250602,
    0.027196767712603154,
    0.06446374140236433,
    0.06550002247422881,
    0.02515170109388043,
    0.02781386154242771,
    0.03743391926342321,
    -0.06750543068412451,
    0.022793547614212706,
    0.03868291979584748,
    0.02700350002780838,
    0.04959580673898423,
    0.04959580673898423,
    0.024548093360016177,
    -0.06952080972578267,
    0.030580225846003395,
    0.04205520741766833,
    0.014670008297404724,
    0.050030881673374106,
    0.05003088167337266
  ],
  "dipole_vec_eA": [
    -0.15761775340634798,
    0.3776108589311203,
    -4.156595917169854e-15
  ],
  "dipole_mag_D": 1.9654047311036316,
  "HOMO_eV": -7.861611533681128,
  "LUMO_eV": -7.757692584650467,
  "gap_eV": 0.10391894903066046
}