{
  "tag": "RMC-In_1-Re_3-A2-B2-NNNNNN",
  "energy_eV": -3003.8102580702034,
  "multiplicity": 1,
  "charge": 0,
  "sym1": "In",
  "ox1": 1,
  "sym2": "Re",
  "ox2": 3,
  "acid": "A2",
  "base": "B2",
  "bridge": [
    "N",
    "N"
  ],
  "S1_ref": 0.0,
  "S2_ref": 0.0,
  "mulliken_q_e": [
    0.33484096235141814,
    -0.03836192637855529,
    -0.2331817277544057,
    -0.2332461649078843,
    -0.178706460830925,
    -0.17871975518277128,
    -0.07556704291937244,
    -0.07563721271114687,
    0.09945009784219905,
    -0.011438744623550656,
    -0.03145299593221762,
    -0.0415588752123921,
    -0.033795299867792616,
    -0.023166174019088714,
    0.031367799975601685,
    0.03279321759362841,
    0.027934808303736625,
    0.022053285177791704,
    0.05990103468743602,
    0.03698500872597987,
    0.03602339780653652,
    0.0994482022870804,
    -0.011429437694587596,
    -0.03146546469957645,
    -0.04154940677717445,
    -0.03381793941884581,
    -0.02316341357115692,
    0.03136457261828329,
    0.03278055974224359,
    0.027915445410624518,
    0.021976888562596164,
    0.059917525952281725,
    0.03699423440571448,
    0.036025234171228604,
    -0.03994434815990955,
    0.012672669684649085,
    -0.0055151730205373894,
    0.07189100183040154,
    -0.049933580663737764,
    -0.031991449751290535,
    0.0376641605373601,
    0.03774016180746187,
    0.035344903989992016,
    0.07189723891053479,
    -0.03993942390263383,
    -0.03198985637690677,
    -0.04993120813449825,
    0.037668728828792686,
    0.03535196991208267,
    0.03774468774301176,
    -0.03881225987161585,
    0.012381379995290764,
    -0.0007417922192785031,
    0.07135609827198697,
    -0.05117150446494301,
    -0.03248972846786513,
    0.03755937114647734,
    0.04282524229818452,
    0.03478040297839591,
    0.07136405050960959,
    -0.03880708987550552,
    -0.032486427114455596,
    -0.0511827679878043,
    0.037559173328535755,
    0.03477742345675705,
    0.04284371166846168
  ],
  "dipole_vec_eA": [
    -0.27034902079954126,
    -0.00045394496351252456,
    -5.384470733100812e-06
  ],
  "dipole_mag_D": 1.298543401905438,
  "HOMO_eV": -8.364542379824428,
  "LUMO_eV": -8.255685420677137,
  "gap_eV": 0.10885695914729077
}