{
  "tag": "RMC-Ru_2-Y_3-A2-B4-NNNNOS",
  "energy_eV": -2009.691325052701,
  "multiplicity": 1,
  "charge": 3,
  "sym1": "Ru",
  "ox1": 2,
  "sym2": "Y",
  "ox2": 3,
  "acid": "A2",
  "base": "B4",
  "bridge": [
    "O",
    "S"
  ],
  "S1_ref": 0.0,
  "S2_ref": 0.0,
  "mulliken_q_e": [
    0.07478067976199954,
    0.5550733807696662,
    -0.312130689324686,
    0.32706106904704857,
    -0.13738935830662125,
    -0.16175645132379501,
    -0.19976835080313227,
    -0.15630850114217054,
    0.020882820632764254,
    0.015223944599742856,
    0.013141208847256891,
    0.000493871399416701,
    0.010343763744384171,
    0.028851092342035534,
    0.12006877246087277,
    0.1285795514976995,
    0.12159128802765384,
    0.05694713241780347,
    0.10211536010135291,
    0.12414815532940404,
    0.1287720589080421,
    0.22272934071448702,
    -0.008309733719147783,
    0.01456909399230688,
    -0.002990265330760522,
    -0.0048651216418709176,
    0.016196691892358173,
    0.12205837935877428,
    0.12895084978438465,
    0.11264990718616896,
    0.10889580194581128,
    0.10331696836903714,
    0.16030680569833133,
    0.13245531740680683,
    -0.018315492825945245,
    -0.0299899002424715,
    0.14811300964233076,
    0.14811300923524917,
    0.14603699102400713,
    0.14603699028840234,
    -0.06807622524155832,
    -0.026786503553617447,
    0.13947709023870725,
    0.13947709021454446,
    0.1546145532757548,
    0.1546145533011718
  ],
  "dipole_vec_eA": [
    0.5638413174643198,
    -0.34724457775810236,
    4.319634367613488e-09
  ],
  "dipole_mag_D": 3.180634676822065,
  "solvation_E_eV": null
}