{
  "tag": "RMC-Au_3-Rh_2-A2-B7-NNNNOS",
  "energy_eV": -2222.177943277654,
  "multiplicity": 2,
  "charge": 3,
  "sym1": "Au",
  "ox1": 3,
  "sym2": "Rh",
  "ox2": 2,
  "acid": "A2",
  "base": "B7",
  "bridge": [
    "O",
    "S"
  ],
  "S1_ref": 0.0,
  "S2_ref": 0.5,
  "mulliken_q_e": [
    0.47486395334835996,
    0.09209110884384542,
    -0.31931229201328737,
    -0.025745939801280926,
    -0.10081267239563929,
    -0.06979550027985337,
    -0.001200827706893337,
    0.03726575549629896,
    0.07777948635571463,
    0.022729233148978345,
    0.007547077593496043,
    -0.0032229403125743072,
    0.0065331290300034706,
    0.014916249139532267,
    0.12138230399406258,
    0.131510398629196,
    0.11866562856480489,
    0.056426112281098506,
    0.06433975344754139,
    0.14085349204320585,
    0.13486267413856912,
    0.20045290460091025,
    0.00382424322578645,
    0.0041155119314182365,
    -0.010246453545067702,
    0.003621020809289721,
    -0.010852316645242999,
    0.1146021183518443,
    0.12618418249330365,
    0.11206296256624704,
    0.07051337060594998,
    0.07495429144037646,
    0.13024252984564444,
    0.1313269808355786,
    0.01458541114675449,
    -0.02620592141333633,
    0.12445183904083357,
    0.13683241753129938,
    -0.017108633035523457,
    0.13916681459528835,
    0.13916681459529145,
    0.026606697291245096,
    -0.011097758129041901,
    0.12782335442560955,
    0.1356381267691108,
    -0.007077522909219258,
    0.14237041514574889,
    0.14237041514574988
  ],
  "dipole_vec_eA": [
    0.37634821907645005,
    0.02378799457883828,
    1.635466273416478e-14
  ],
  "dipole_mag_D": 1.8112847681751607,
  "HOMO_eV": -19.054834185149033,
  "LUMO_eV": -18.4353385697614,
  "gap_eV": 0.6194956153876348
}