{
  "tag": "RMC-Mg_2-Zn_2-A2-B6-NNNNSS",
  "energy_eV": -2090.8514973731394,
  "multiplicity": 1,
  "charge": 2,
  "sym1": "Mg",
  "ox1": 2,
  "sym2": "Zn",
  "ox2": 2,
  "acid": "A2",
  "base": "B6",
  "bridge": [
    "S",
    "S"
  ],
  "S1_ref": 0.0,
  "S2_ref": 0.0,
  "mulliken_q_e": [
    0.47698881957380773,
    0.28495469517262695,
    -0.21525166347287936,
    -0.21525451411101712,
    -0.1138686617986211,
    -0.11387834218302362,
    -0.11360500246422633,
    -0.1136366397479247,
    0.08517765574435665,
    0.004825270229761092,
    -0.006115579671128746,
    -0.020329856326189333,
    -0.00565939796542736,
    0.0060140487453053115,
    0.08406178888859994,
    0.09133772049388145,
    0.08538919645334142,
    0.07918702170299641,
    0.07565419022314712,
    0.08249674675689911,
    0.08471834728235872,
    0.08513990702550633,
    0.004802946151338361,
    -0.006104294158341794,
    -0.02035442078199945,
    -0.005630209377827322,
    0.005984880973637363,
    0.08406183929834865,
    0.09134127629195099,
    0.0853897322597742,
    0.07922406247928993,
    0.07565021886046996,
    0.08248601079721851,
    0.08471988180537593,
    -0.09439414776998167,
    -0.03000004856347327,
    -0.03000368460193692,
    0.10525140837261215,
    0.09237310838242208,
    0.08760960071458046,
    0.08761019745554133,
    0.09591905764199227,
    0.0959192174033896,
    -0.07978989251840174,
    -0.013204531639132933,
    -0.013208264842880624,
    0.09884164843056165,
    0.08355982420870733,
    0.08084490607063954,
    0.08084662396907294,
    0.09095232397618314,
    0.0909549781587089
  ],
  "dipole_vec_eA": [
    -0.25564936021517876,
    -7.034286346830509e-05,
    0.16150385195110661
  ],
  "dipole_mag_D": 1.4524439764206691,
  "HOMO_eV": -15.608269694655968,
  "LUMO_eV": -13.835499481317287,
  "gap_eV": 1.7727702133386813
}