{
  "tag": "RMC-Hf_2-Ir_2-A2-B7-NNNNOO",
  "energy_eV": -2195.9162641481694,
  "multiplicity": 2,
  "charge": 2,
  "sym1": "Hf",
  "ox1": 2,
  "sym2": "Ir",
  "ox2": 2,
  "acid": "A2",
  "base": "B7",
  "bridge": [
    "O",
    "O"
  ],
  "S1_ref": 1.0,
  "S2_ref": 0.5,
  "mulliken_q_e": [
    0.6896919805238473,
    0.1839464170863988,
    -0.3024494967178015,
    -0.30260821205599253,
    -0.1525682393032266,
    -0.1347190028830949,
    -0.024389428134405255,
    -0.011392894116748264,
    0.1719933230671522,
    -0.005474722839018842,
    -0.015858225833594197,
    -0.019427525219834152,
    -0.01744288460073884,
    -0.015116038508957708,
    0.0895781069988899,
    0.09618738018148765,
    0.08564901897426391,
    0.03232473694176674,
    0.05739676329699628,
    0.09246783328201547,
    0.09030466658061098,
    0.17232111654360716,
    -0.0067210381676996445,
    -0.016524367252569006,
    -0.02010132692632638,
    -0.01829238964642843,
    -0.01749554194811931,
    0.08893265737228206,
    0.09611193242375926,
    0.08469528087851741,
    0.029985282460201823,
    0.061296160711420855,
    0.0890798773121465,
    0.08798343080457427,
    0.02142980013634732,
    -0.045650507210581726,
    0.088561096846965,
    0.10718818679782594,
    -0.005943192268948572,
    0.10982003847057431,
    0.10982003847057442,
    0.007836733172112753,
    -0.030489660865888224,
    0.0954167900774533,
    0.11312611386148108,
    -0.0327630419435736,
    0.12114148532775904,
    0.12114148532775992
  ],
  "dipole_vec_eA": [
    -0.7649322973026788,
    0.24739498305079644,
    7.637561402573584e-16
  ],
  "dipole_mag_D": 3.861506482802638,
  "HOMO_eV": -14.576913446757848,
  "LUMO_eV": -14.56292531347872,
  "gap_eV": 0.013988133279127624
}