{
  "tag": "RMC-Cr_2-Cr_2-A2-B7-NNNNOO",
  "energy_eV": -2161.972998390248,
  "multiplicity": 1,
  "charge": 2,
  "sym1": "Cr",
  "ox1": 2,
  "sym2": "Cr",
  "ox2": 2,
  "acid": "A2",
  "base": "B7",
  "bridge": [
    "O",
    "O"
  ],
  "S1_ref": 0.0,
  "S2_ref": 0.0,
  "mulliken_q_e": [
    0.5942122454829927,
    0.5943310871617637,
    -0.3135404761593463,
    -0.31393126597219356,
    -0.1573629073786491,
    -0.13809398085331015,
    -0.15735848611931602,
    -0.13808510132006635,
    0.1658530444531887,
    -0.009395252707610213,
    -0.0113290844124323,
    -0.016843225651370197,
    -0.011329471361766652,
    -0.009393972080348423,
    0.09458259750581877,
    0.10132826206502421,
    0.09458274415592816,
    0.052815778437251826,
    0.052817821354344874,
    0.08426587708882705,
    0.08426664659933181,
    0.16546142403049102,
    -0.011118715816797575,
    -0.011264584936756084,
    -0.017768391551676643,
    -0.011267961036803387,
    -0.011117344649962169,
    0.09411776597203991,
    0.10145119317686746,
    0.09411900934620843,
    0.053108450046892575,
    0.053100710645715754,
    0.07988905667785717,
    0.07989184575248554,
    0.016491352091057898,
    -0.0410137321438202,
    0.07543443046433274,
    0.10016746037182789,
    -0.008809823923529247,
    0.10361541365803195,
    0.10361541856929157,
    0.01648219476890178,
    -0.041012943989620965,
    0.07543722109987105,
    0.1001693301181864,
    -0.008807939025661682,
    0.10361813968666966,
    0.10361814459601404
  ],
  "dipole_vec_eA": [
    0.00021835217901034024,
    0.25261776746487125,
    1.8111414106877895e-08
  ],
  "dipole_mag_D": 1.2133751926301006,
  "HOMO_eV": -15.228509093895008,
  "LUMO_eV": -15.081721038401689,
  "gap_eV": 0.1467880554933192
}