{
  "tag": "RMC-Cu_2-Ni_2-A2-B10-NNNNNO",
  "energy_eV": -3367.7477608688564,
  "multiplicity": 2,
  "charge": 1,
  "sym1": "Cu",
  "ox1": 2,
  "sym2": "Ni",
  "ox2": 2,
  "acid": "A2",
  "base": "B10",
  "bridge": [
    "N",
    "O"
  ],
  "S1_ref": 0.5,
  "S2_ref": 0.0,
  "mulliken_q_e": [
    0.3439848316416746,
    -0.1352505133423456,
    -0.12446542237726432,
    -0.26616843249211053,
    -0.15535272745966777,
    -0.15180321244119477,
    -0.04852170645717724,
    -0.07028314840954053,
    0.19600313608408437,
    -0.019905203752282663,
    -0.02047564400811641,
    -0.03571806645512199,
    -0.01820876370036517,
    -0.031092080415905166,
    0.05384337321154742,
    0.06112036659154374,
    0.05535181734149708,
    0.07071886039050401,
    0.06840786501471352,
    0.06054446018328674,
    0.059860651334651904,
    0.11757414079683026,
    -0.0018555343543773528,
    -0.01639028686007782,
    -0.0319607249292595,
    -0.017141786317419916,
    -0.008019381850567608,
    0.05716430378582926,
    0.06199700748568959,
    0.055307559562204345,
    0.057597832147264105,
    0.056901499610907624,
    0.07297298466626556,
    0.0726216353378294,
    0.07012369572154831,
    0.0032918012128899665,
    0.014166678091576346,
    -0.028169508245327934,
    -0.022187431377292732,
    -0.04852507099739367,
    0.0606967740330171,
    0.05869036803474137,
    0.048586548821814346,
    -0.02742675268685968,
    0.013044204744672161,
    0.0030162895236329756,
    0.07055127169203312,
    -0.046298763329009285,
    -0.02207692588546717,
    0.059941761664528026,
    0.04777891941782075,
    0.05837744040661175,
    0.06899234457424752,
    0.013837835662543707,
    0.012066304017551932,
    -0.02797325072515977,
    -0.02172158462508067,
    -0.04907888342007882,
    0.05890981700990161,
    0.05795489565446732,
    0.04849735517432807,
    -0.027807119007655423,
    0.012394687838401364,
    0.01330355752534862,
    0.06817685100325366,
    -0.04912957128507256,
    -0.022176680585118236,
    0.058258071408733736,
    0.04662312682097802,
    0.05593126710686547
  ],
  "dipole_vec_eA": [
    -0.03686308126548442,
    0.005059314859737952,
    6.384173769964104e-16
  ],
  "dipole_mag_D": 0.1787207331624117,
  "HOMO_eV": -12.130792221037742,
  "LUMO_eV": -11.245682614793568,
  "gap_eV": 0.8851096062441748
}