{
  "tag": "RMC-Hg_2-Ti_3-A2-B7-NNNNSS",
  "energy_eV": -2049.765186454471,
  "multiplicity": 2,
  "charge": 3,
  "sym1": "Hg",
  "ox1": 2,
  "sym2": "Ti",
  "ox2": 3,
  "acid": "A2",
  "base": "B7",
  "bridge": [
    "S",
    "S"
  ],
  "S1_ref": 0.0,
  "S2_ref": 0.5,
  "mulliken_q_e": [
    0.3981290406264901,
    0.5839474797666231,
    -0.202954030063414,
    -0.2031281839993772,
    -0.09170284458003142,
    -0.08209077938518994,
    -0.14068215343936963,
    -0.127144795501003,
    0.10146605186635682,
    0.0195688829043128,
    0.005248957190137293,
    -0.0031235066712951287,
    0.009374594922118451,
    0.02641227145429559,
    0.11471415853441558,
    0.12722706072485912,
    0.11909978698473433,
    0.08713471845196774,
    0.08738277608872602,
    0.11368478598270315,
    0.12010765635346654,
    0.10125402686155827,
    0.01741197017192242,
    0.005026492308721764,
    -0.003758370283189816,
    0.008887978259916718,
    0.02429298972339433,
    0.11453898870305734,
    0.12764894395184978,
    0.11866116611458877,
    0.08815154900327138,
    0.09143091156631256,
    0.11168366744001601,
    0.11856784929211162,
    0.01993357220263925,
    -0.03615996530993271,
    0.11876641346888217,
    0.1415327642253742,
    -0.028837618119261332,
    0.14279901399917116,
    0.1427990139991735,
    0.0314596728727059,
    -0.03966949078610549,
    0.11620495357512928,
    0.1366038677855992,
    -0.00634638555589806,
    0.13722204814718264,
    0.13722204814718297
  ],
  "dipole_vec_eA": [
    0.7800675700185207,
    0.29900742025325866,
    -6.947243352725587e-15
  ],
  "dipole_mag_D": 4.012647705263143,
  "HOMO_eV": -18.274276806847528,
  "LUMO_eV": -18.0429009819622,
  "gap_eV": 0.23137582488532615
}