{
  "tag": "RMC-Ir_2-Zn_2-A2-B2-NNNNSS",
  "energy_eV": -2994.069284844358,
  "multiplicity": 2,
  "charge": 2,
  "sym1": "Ir",
  "ox1": 2,
  "sym2": "Zn",
  "ox2": 2,
  "acid": "A2",
  "base": "B2",
  "bridge": [
    "S",
    "S"
  ],
  "S1_ref": 0.5,
  "S2_ref": 0.0,
  "mulliken_q_e": [
    0.129625418977797,
    0.29555795295968257,
    -0.10046326344989182,
    -0.10045489363152421,
    -0.045356471451252656,
    -0.04535424692943901,
    -0.12293120090647025,
    -0.12292830970095214,
    0.06344647949187898,
    0.00359346531398419,
    -0.010421894447427915,
    -0.018793113348056556,
    -0.010713743048244462,
    0.00850371204641176,
    0.07643287348292394,
    0.08738029009033188,
    0.07835851077757794,
    0.062067698956039585,
    0.036886447187489235,
    0.08201272595785347,
    0.08686212670155402,
    0.06341191412755309,
    0.0036036455606001105,
    -0.010421667008457147,
    -0.018780808963935636,
    -0.010733255770293937,
    0.008499191095008074,
    0.07643901410810106,
    0.087385441455332,
    0.07836392577037976,
    0.06205342417735116,
    0.036835117367191694,
    0.0820164900518019,
    0.08686654526828852,
    -0.013978455195817308,
    0.027918648116533218,
    0.013756801811589892,
    0.06637659504749327,
    -0.0309503195333658,
    -0.018493357671558464,
    0.08598591342518935,
    0.07287048008195018,
    0.08269894540043232,
    0.0663500232087606,
    -0.013964944769382148,
    -0.01850391656943806,
    -0.030935207696725087,
    0.08598170486960366,
    0.08270294266999889,
    0.07286898318705104,
    -0.015045718967267252,
    0.02652455425989153,
    0.00040283216325409654,
    0.06242006906014752,
    -0.031112536425872195,
    -0.01826300825357241,
    0.08379692202220845,
    0.06903498536958708,
    0.08094139138242729,
    0.06239797172034356,
    -0.01503806951773301,
    -0.018271063227035755,
    -0.031096233234460424,
    0.08379169060020208,
    0.08094425187890364,
    0.06903757239503805
  ],
  "dipole_vec_eA": [
    0.3555801121156783,
    0.0023210147731874,
    -5.4115492749872e-16
  ],
  "dipole_mag_D": 1.7079602972046153,
  "HOMO_eV": -14.605989358969055,
  "LUMO_eV": -13.84693565583731,
  "gap_eV": 0.7590537031317446
}