{
  "tag": "RMC-Ir_3-Mo_2-A2-B2-NNNNNS",
  "energy_eV": -3028.478388451459,
  "multiplicity": 1,
  "charge": 2,
  "sym1": "Ir",
  "ox1": 3,
  "sym2": "Mo",
  "ox2": 2,
  "acid": "A2",
  "base": "B2",
  "bridge": [
    "N",
    "S"
  ],
  "S1_ref": 0.0,
  "S2_ref": 0.0,
  "mulliken_q_e": [
    0.1812352952250016,
    0.47982948023187155,
    -0.3130364563808623,
    -0.037784769936598794,
    -0.03127121765558649,
    -0.04125425924837001,
    -0.1564261857511755,
    -0.1552025574282183,
    0.04340593174245311,
    0.005108504528106739,
    -0.017244746086160667,
    -0.015364857750401306,
    -0.014817723796223259,
    0.011602185439455459,
    0.07530369602296438,
    0.08927954780936442,
    0.07966257274584154,
    0.04327146587260455,
    0.027226049635137306,
    0.0804725911639318,
    0.09159977945498354,
    0.12248394046560973,
    -0.007931216927701046,
    -0.016572515932824494,
    -0.01872696522235673,
    -0.01616533157810096,
    0.001777893437385547,
    0.07152975713374521,
    0.0859493704538773,
    0.07397604063916874,
    0.05192595958725277,
    0.03501565525196182,
    0.07697453041906976,
    0.09227313546286087,
    -0.014285327955397387,
    0.028400636033744098,
    0.011875714698529771,
    0.0621326574272032,
    -0.032021075384806474,
    -0.01907462138673499,
    0.08626171323234466,
    0.07198635812680998,
    0.08215137694238828,
    0.062158220935954134,
    -0.015829896262719467,
    -0.018443327821207722,
    -0.03189591896666788,
    0.08580407722237793,
    0.0828940541223604,
    0.07267897708207571,
    -0.016390515185663146,
    0.026083030580839495,
    -0.0005745829162957516,
    0.06515337570408763,
    -0.033138674396709034,
    -0.019644005252670738,
    0.08587377632554671,
    0.07262849640525393,
    0.08236721592592011,
    0.07048790202579891,
    -0.018391502283283234,
    -0.018276540007494457,
    -0.031625030385840525,
    0.08523583397115797,
    0.08381106588218323,
    0.07350195653341629
  ],
  "dipole_vec_eA": [
    0.7917786923659215,
    -0.25683366814929365,
    2.2363059975068872e-07
  ],
  "dipole_mag_D": 3.998150508419467,
  "HOMO_eV": -14.743685858482538,
  "LUMO_eV": -13.925999056485749,
  "gap_eV": 0.8176868019967891
}