{
  "tag": "RMC-Au_3-V_3-A2-B5-NNNNSS",
  "energy_eV": -1943.294846489648,
  "multiplicity": 3,
  "charge": 4,
  "sym1": "Au",
  "ox1": 3,
  "sym2": "V",
  "ox2": 3,
  "acid": "A2",
  "base": "B5",
  "bridge": [
    "S",
    "S"
  ],
  "S1_ref": 0.0,
  "S2_ref": 1.0,
  "mulliken_q_e": [
    0.4206691389664948,
    0.3292023500146344,
    0.25315661697852776,
    0.2531575637194685,
    -0.1880893391085674,
    -0.18808969363024897,
    -0.10656746570779663,
    -0.10656874430329832,
    0.04441457373239155,
    0.04043454854970996,
    0.01771512933105157,
    0.013884756349723304,
    0.030459589007269416,
    0.037743620232253194,
    0.15087645719486098,
    0.16521887911519184,
    0.15261585672615985,
    0.06801699665613348,
    0.11444739452652697,
    0.16013492396610407,
    0.1733254488161463,
    0.04441634258997906,
    0.04043528351200876,
    0.017716366578518716,
    0.013885472961794987,
    0.030460942282121817,
    0.03774408532846962,
    0.15087578172513894,
    0.16521888365819948,
    0.15261567659850472,
    0.06801789265372205,
    0.11444802560749667,
    0.16013474940917138,
    0.1733260405725846,
    0.015841044774855817,
    0.01584118165810522,
    0.21783977754649086,
    0.21783981017705323,
    0.02650781520981349,
    0.026511154492553368,
    0.23708266082588203,
    0.23708241233274552
  ],
  "dipole_vec_eA": [
    0.32491664944066284,
    3.226814157800083e-05,
    4.765314869674631e-15
  ],
  "dipole_mag_D": 1.5606410456836965,
  "HOMO_eV": -22.549672972624894,
  "LUMO_eV": -22.44083072489708,
  "gap_eV": 0.10884224772781437
}