{
  "tag": "RMC-Cr_2-Nb_3-A2-B2-NNNNNO",
  "energy_eV": -2995.7377336349555,
  "multiplicity": 3,
  "charge": 2,
  "sym1": "Cr",
  "ox1": 2,
  "sym2": "Nb",
  "ox2": 3,
  "acid": "A2",
  "base": "B2",
  "bridge": [
    "N",
    "O"
  ],
  "S1_ref": 0.0,
  "S2_ref": 1.0,
  "mulliken_q_e": [
    0.6232015645928158,
    0.2806394212522507,
    -0.3066069754697849,
    -0.3010591366693405,
    -0.14227724388999818,
    -0.16695400760358514,
    -0.11373374029444117,
    -0.11730416914521413,
    0.17244207067860717,
    -0.011132603301464927,
    -0.01503621862646165,
    -0.02126974346452082,
    -0.014557683075170358,
    -0.017581979069296594,
    0.08184938827461052,
    0.09356721154792724,
    0.08195509982768756,
    0.06603240853165171,
    0.03865551382034349,
    0.08265242788336391,
    0.08222845017501257,
    0.11219527987748235,
    -0.0014642333468699587,
    -0.010752979502046012,
    -0.01976391825171775,
    -0.008836004000667197,
    -0.004261504207603961,
    0.08117181057755374,
    0.09332596127272874,
    0.08368878563028481,
    0.059703715385053924,
    0.03169824766107654,
    0.09801278193910168,
    0.09378452077759125,
    -0.015375298834743534,
    0.027063116723806013,
    0.0033418543084342556,
    0.06524054576602523,
    -0.034003441828148295,
    -0.020085952021011266,
    0.08544737084334553,
    0.06823661391814873,
    0.08000048013804195,
    0.06496976561543,
    -0.016101021824553863,
    -0.01921192005487904,
    -0.0334549146791967,
    0.0856809285466199,
    0.08188225001182192,
    0.0727924552866267,
    -0.0136268093985068,
    0.026695037898526675,
    0.011277721886007619,
    0.07109542995881246,
    -0.032311425662945314,
    -0.018711589186925393,
    0.08587885474973544,
    0.0666235904695005,
    0.08100811009746844,
    0.07103356934486071,
    -0.01624192096012078,
    -0.018314905706537044,
    -0.03392165957665916,
    0.08556216477866296,
    0.08202022895971639,
    0.07129825064574646
  ],
  "dipole_vec_eA": [
    0.11218651322789915,
    -0.3508224725401975,
    7.173698823164862e-11
  ],
  "dipole_mag_D": 1.769133140547231,
  "HOMO_eV": -14.614430756729943,
  "LUMO_eV": -14.532345467931687,
  "gap_eV": 0.08208528879825572
}