{
  "tag": "RMC-Cr_2-Rh_2-A2-B6-NNNNOO",
  "energy_eV": -2273.2704818105153,
  "multiplicity": 2,
  "charge": 2,
  "sym1": "Cr",
  "ox1": 2,
  "sym2": "Rh",
  "ox2": 2,
  "acid": "A2",
  "base": "B6",
  "bridge": [
    "O",
    "O"
  ],
  "S1_ref": 0.0,
  "S2_ref": 0.5,
  "mulliken_q_e": [
    0.5952445521870939,
    0.00010096518832214407,
    -0.21737508422480056,
    -0.21737497287850838,
    -0.14773737575878454,
    -0.1477379076809644,
    -0.035641282783297035,
    -0.03563707064146637,
    0.169125432842961,
    -0.0052102231692428,
    -0.012595804661333032,
    -0.01581032316450437,
    -0.011584002267590154,
    -0.010626477482318153,
    0.09317134655248827,
    0.10114306823517782,
    0.09375974625246009,
    0.05792252084564642,
    0.05806259785064438,
    0.08675291078914593,
    0.08431668679316362,
    0.16912540841349277,
    -0.005208308379305526,
    -0.012596071668764086,
    -0.015810307003815582,
    -0.011582793860877683,
    -0.010626819086798855,
    0.09317180704357464,
    0.10114298577278902,
    0.09375942686524152,
    0.057918994474261964,
    0.05806355128783003,
    0.08675517412380218,
    0.08431634336838245,
    -0.08297750370901169,
    -0.01563241518406877,
    -0.01563222276972276,
    0.09664238010685611,
    0.08527493857617074,
    0.07967656698907377,
    0.07967651089064609,
    0.0908280088687825,
    0.09082795069745242,
    -0.07652189126451825,
    -0.021795253965836814,
    -0.021796103347150764,
    0.09454096831652603,
    0.09113446361130295,
    0.08112067889064334,
    0.0811206086415972,
    0.09640678333388764,
    0.09640683407603945
  ],
  "dipole_vec_eA": [
    -0.09895205452974884,
    2.6701039847379844e-06,
    0.047658416458385686
  ],
  "dipole_mag_D": 0.5275404045806638,
  "HOMO_eV": -15.235172754162098,
  "LUMO_eV": -14.734858753886153,
  "gap_eV": 0.5003140002759459
}