{
  "tag": "RMC-Nb_3-Pd_2-A2-B2-NNNNNO",
  "energy_eV": -3064.1589713496364,
  "multiplicity": 3,
  "charge": 2,
  "sym1": "Nb",
  "ox1": 3,
  "sym2": "Pd",
  "ox2": 2,
  "acid": "A2",
  "base": "B2",
  "bridge": [
    "N",
    "O"
  ],
  "S1_ref": 1.0,
  "S2_ref": 0.0,
  "mulliken_q_e": [
    0.28488363943646033,
    0.13864060975615777,
    -0.18779534087076444,
    -0.2435456425060496,
    -0.09669670471964409,
    -0.11908057009642037,
    -0.038167405135391075,
    -0.04638803062886132,
    0.17603276118598354,
    -0.010280621916120003,
    -0.018611769383968246,
    -0.0214060047041984,
    -0.015378417139634726,
    -0.011691476525001798,
    0.07853781220995781,
    0.09063946557593949,
    0.07936077820686305,
    0.05559606183206878,
    0.04913627436655976,
    0.08998479011558858,
    0.07634483156152438,
    0.11601634235168401,
    0.0025677073170660147,
    -0.012605000901389829,
    -0.018971007342527102,
    -0.01011055619908463,
    0.0029495990118961757,
    0.07990732780449672,
    0.09152958985330628,
    0.08191769858405895,
    0.04890225306616647,
    0.04404725138366494,
    0.10104175317113218,
    0.09624345279545832,
    -0.014110781180922016,
    0.026979001669687364,
    0.010098436971948566,
    0.0740023751134129,
    -0.0319204062368168,
    -0.01842359201986321,
    0.0848734699903122,
    0.06761527278952295,
    0.08004575071227416,
    0.07282857525057085,
    -0.014530884121374932,
    -0.017916542313091366,
    -0.032473898446536476,
    0.08579093571637031,
    0.08223265882779107,
    0.07282258665309704,
    -0.012798268866647033,
    0.027800901903824338,
    0.01436992226596634,
    0.06751430227972222,
    -0.0327502238098758,
    -0.017434597728625878,
    0.08755431604006247,
    0.07152065712461031,
    0.08366687670810946,
    0.06738417520209317,
    -0.01387640660332723,
    -0.016968046201852882,
    -0.03405746888070138,
    0.08776722127376668,
    0.08495350859891093,
    0.07388871745807335
  ],
  "dipole_vec_eA": [
    0.24599921950024958,
    -0.2566061548046422,
    -4.7664631793438135e-17
  ],
  "dipole_mag_D": 1.7074180856372891,
  "HOMO_eV": -14.44384204072404,
  "LUMO_eV": -13.950443942771992,
  "gap_eV": 0.49339809795204737
}