{
  "tag": "RMC-Re_2-V_2-A2-B7-NNNNOO",
  "energy_eV": -2192.499641512201,
  "multiplicity": 1,
  "charge": 2,
  "sym1": "Re",
  "ox1": 2,
  "sym2": "V",
  "ox2": 2,
  "acid": "A2",
  "base": "B7",
  "bridge": [
    "O",
    "O"
  ],
  "S1_ref": 0.5,
  "S2_ref": 0.5,
  "mulliken_q_e": [
    0.23053100999954446,
    0.3113371512176708,
    -0.20006515314220463,
    -0.19967972350033691,
    -0.04581329933369149,
    -0.029093543918903286,
    -0.11492747873654463,
    -0.09801125326386595,
    0.16729287791395997,
    -0.0039571623471077455,
    -0.008253515706910353,
    -0.015037966777674994,
    -0.011243230950632288,
    -0.00013468793699678017,
    0.09571886160067333,
    0.10255879148251479,
    0.09591794824773436,
    0.06348399331369503,
    0.039651426180855376,
    0.08290973575548377,
    0.09352364931472446,
    0.1667269292521778,
    -0.005919177521834573,
    -0.008321109791466608,
    -0.01608376543110679,
    -0.011228247002906588,
    -0.0015242315371186699,
    0.09517970269109188,
    0.1026037150275787,
    0.09555663225301558,
    0.06634997803195564,
    0.03698190938247525,
    0.07917720689807384,
    0.08915004645077818,
    0.011117058868915342,
    -0.03125704332890944,
    0.08742775152687421,
    0.10818567986912042,
    -0.023161232348971827,
    0.11655348643047891,
    0.11655348615003003,
    0.024652154975324025,
    -0.030312868146647576,
    0.07198325593511579,
    0.09794917734517683,
    -0.002328720592088329,
    0.10363989785585181,
    0.1036398978335169
  ],
  "dipole_vec_eA": [
    0.03309578706772269,
    0.2572220207086521,
    9.417303524184524e-09
  ],
  "dipole_mag_D": 1.2456746955119777,
  "HOMO_eV": -15.40733320294669,
  "LUMO_eV": -15.193300436447288,
  "gap_eV": 0.21403276649940217
}