{
  "tag": "RMC-Cd_2-Os_3-A2-B1-NNNNNO",
  "energy_eV": -2473.7499231584807,
  "multiplicity": 2,
  "charge": 2,
  "sym1": "Cd",
  "ox1": 2,
  "sym2": "Os",
  "ox2": 3,
  "acid": "A2",
  "base": "B1",
  "bridge": [
    "N",
    "O"
  ],
  "S1_ref": 0.0,
  "S2_ref": 0.5,
  "mulliken_q_e": [
    0.49663646299452646,
    0.3618651324353487,
    -0.2293847291263975,
    -0.3034162942068759,
    -0.14522705799560298,
    -0.14404470507331357,
    -0.053420197534899794,
    -0.09883091844884317,
    0.18450371893204132,
    -0.012883748782365867,
    -0.012223381670050992,
    -0.023819011151896552,
    -0.01064917353308581,
    -0.016582886791902007,
    0.08528725127805259,
    0.09292079174195567,
    0.08608700962917115,
    0.059572200825254384,
    0.07384119835734992,
    0.08150938763887228,
    0.08290460581511805,
    0.1111718092317393,
    0.01136682323253746,
    -0.008259559645509729,
    -0.018278086768606094,
    -0.008375668290902194,
    -0.002391214685688592,
    0.09517391140555498,
    0.09738077743908657,
    0.08943938182276268,
    0.0418999784479408,
    0.064274057940789,
    0.10569169051826677,
    0.09151695973590368,
    -0.026458024586674123,
    0.060645142331054114,
    0.058041959042320235,
    -0.026005224479045186,
    -0.011053706506234828,
    -0.010263058445200368,
    0.07670719560465111,
    0.07587377879637369,
    0.09227946286457744,
    0.09280164162190374,
    -0.02752169068490562,
    0.059156712379380805,
    0.06211654218039109,
    -0.02818306411381477,
    -0.011825956216316325,
    -0.011613544734147663,
    0.08176565971785221,
    0.07739391880886803,
    0.09488692110431984,
    0.09599881959647882
  ],
  "dipole_vec_eA": [
    -0.09358497961466931,
    -0.09112831049630331,
    1.0478464016225163e-05
  ],
  "dipole_mag_D": 0.6274116975271578,
  "HOMO_eV": -14.958195692243944,
  "LUMO_eV": -14.79158929584154,
  "gap_eV": 0.16660639640240404
}