{
  "tag": "RMC-Co_2-Sn_2-A2-B6-NNNNOO",
  "energy_eV": -2264.8706911872655,
  "multiplicity": 2,
  "charge": 2,
  "sym1": "Co",
  "ox1": 2,
  "sym2": "Sn",
  "ox2": 2,
  "acid": "A2",
  "base": "B6",
  "bridge": [
    "O",
    "O"
  ],
  "S1_ref": 0.5,
  "S2_ref": 0.0,
  "mulliken_q_e": [
    0.2662967090835756,
    0.5504701980268365,
    -0.31323235638464375,
    -0.3132316376511173,
    -0.07442323223210257,
    -0.07441813971632194,
    -0.11840643816961682,
    -0.11840608255283636,
    0.1808567618653858,
    -0.020664666129653453,
    -0.008739733797899829,
    -0.021324170151037602,
    -0.01018251519741531,
    -0.013634159944513558,
    0.08797816614113751,
    0.09675989152165143,
    0.08870385071608866,
    0.0721961900356074,
    0.06521648453029227,
    0.08381352323565627,
    0.08910273184270268,
    0.18085571276746326,
    -0.020681060465499224,
    -0.008730547842516811,
    -0.021323723832868957,
    -0.010170248150265238,
    -0.013635609264727178,
    0.08797587166296383,
    0.09675866447722581,
    0.08870383123830239,
    0.07218983645959565,
    0.0652295428796783,
    0.08381518065778837,
    0.08910104161331078,
    -0.07909624805326354,
    -0.021072827570743247,
    -0.02107224970349786,
    0.09683810767091627,
    0.0858000127412516,
    0.08413809825846896,
    0.08413796390547934,
    0.09128462409672111,
    0.09128487658394113,
    -0.08069772053740998,
    -0.016835370977750008,
    -0.016835708635748015,
    0.09464904624778281,
    0.09218818439583165,
    0.0833877562889126,
    0.08338775131467613,
    0.08184703013977213,
    0.08184680657527044
  ],
  "dipole_vec_eA": [
    0.2165205525091998,
    3.0003057266594086e-05,
    -0.8145854952131237
  ],
  "dipole_mag_D": 4.048479184088405,
  "solvation_E_eV": null
}