{
  "tag": "RMC-Cr_3-Pt_2-A2-B1-NNNNNO",
  "energy_eV": -2549.7110079636827,
  "multiplicity": 2,
  "charge": 2,
  "sym1": "Cr",
  "ox1": 3,
  "sym2": "Pt",
  "ox2": 2,
  "acid": "A2",
  "base": "B1",
  "bridge": [
    "N",
    "O"
  ],
  "S1_ref": 0.5,
  "S2_ref": 0.0,
  "mulliken_q_e": [
    0.6121884110313873,
    0.16508685112116717,
    -0.2425693424801849,
    -0.22549939308543077,
    -0.14706765581011072,
    -0.15998486529707345,
    -0.029430484475268637,
    -0.0580555978331283,
    0.15903139056338578,
    -0.00834458630835555,
    -0.01537830811182661,
    -0.019176388089595875,
    -0.011562736791462136,
    -0.00832264983843034,
    0.08873599591980064,
    0.09821129173740561,
    0.09204961738796735,
    0.0617261994149052,
    0.04613916617137481,
    0.09202357235816694,
    0.07986810833444258,
    0.10960651533743149,
    0.0016715048635105312,
    -0.009502043549669326,
    -0.017079386965162424,
    -0.006623281908489487,
    0.002821942907697439,
    0.0897187687781893,
    0.09817978873852351,
    0.09305181932969875,
    0.05482458149710068,
    0.0482832714975594,
    0.10670604976098963,
    0.09275375998351854,
    -0.030251380298417008,
    0.058117389709277045,
    0.05843158903803869,
    -0.030068995736361126,
    -0.014042135449403803,
    -0.012948922446619493,
    0.076021791265939,
    0.07306586585811181,
    0.09105649647371261,
    0.09191931461643077,
    -0.028686048267826614,
    0.06154341769724159,
    0.0620027670204506,
    -0.027652045455945462,
    -0.01037875798299237,
    -0.008255112747427518,
    0.08151406149914653,
    0.07866016768021744,
    0.09733429733576049,
    0.09853435400863919
  ],
  "dipole_vec_eA": [
    0.38988605844577007,
    -0.29811462294001867,
    -3.89218743956818e-12
  ],
  "dipole_mag_D": 2.3574069158458912,
  "HOMO_eV": -15.069143563442728,
  "LUMO_eV": -14.643719870192632,
  "gap_eV": 0.4254236932500959
}