{
  "tag": "RMC-Pb_2-Ru_3-A2-B1-NNNNSS",
  "energy_eV": -2485.4276735062344,
  "multiplicity": 2,
  "charge": 3,
  "sym1": "Pb",
  "ox1": 2,
  "sym2": "Ru",
  "ox2": 3,
  "acid": "A2",
  "base": "B1",
  "bridge": [
    "S",
    "S"
  ],
  "S1_ref": 0.0,
  "S2_ref": 0.5,
  "mulliken_q_e": [
    0.6477303815057915,
    -0.07402351996307766,
    -0.04494511181975465,
    -0.04494360210452629,
    -0.14618499373953076,
    -0.14618522322118022,
    0.013543246925882935,
    0.013543755216260722,
    0.06381145551994205,
    0.02411719174150817,
    -0.0013264568299622415,
    -0.004094401224001842,
    0.0021916656784766175,
    0.011070879180221649,
    0.10955515444273833,
    0.11963589253537399,
    0.10720249973263163,
    0.061287350269566554,
    0.06714065960383797,
    0.12556174565597067,
    0.09427119836195552,
    0.06381182035738275,
    0.024120165941783345,
    -0.001326905228310915,
    -0.0040948074434628,
    0.002192585499296573,
    0.011070892451030323,
    0.10955591400381903,
    0.11963638136358812,
    0.10720225826165208,
    0.061285186623895926,
    0.06714110332581336,
    0.1255625595818768,
    0.09427054942792212,
    -0.025118519909416825,
    0.060790928110707965,
    0.06079079192458936,
    -0.025118395687749873,
    -0.0005568870335199705,
    -0.0005568466571250763,
    0.08336430723572008,
    0.08336428974677002,
    0.1120261869174286,
    0.1120262038987413,
    0.004966684841909652,
    0.08786965266696489,
    0.0878669050208365,
    0.004968488192774956,
    0.02069524891197072,
    0.020695003451139504,
    0.12838563367231648,
    0.1283855103341064,
    0.13788365342032527,
    0.13788368930747497
  ],
  "dipole_vec_eA": [
    0.956656069643401,
    1.967075259884985e-05,
    1.1376186702935827
  ],
  "dipole_mag_D": 7.139453929722763,
  "HOMO_eV": -18.271823336780496,
  "LUMO_eV": -18.19150958258497,
  "gap_eV": 0.08031375419552589
}