{
  "tag": "RMC-In_1-Pt_2-A2-B10-NNNNNS",
  "energy_eV": -3276.6507629493344,
  "multiplicity": 1,
  "charge": 0,
  "sym1": "In",
  "ox1": 1,
  "sym2": "Pt",
  "ox2": 2,
  "acid": "A2",
  "base": "B10",
  "bridge": [
    "N",
    "S"
  ],
  "S1_ref": 0.0,
  "S2_ref": 0.0,
  "mulliken_q_e": [
    0.26566675170427634,
    -0.05949957418477669,
    -0.23534294653182197,
    -0.1426234389487327,
    -0.20563938103596824,
    -0.1778770016240201,
    -0.06671862125630335,
    -0.1523136868203101,
    0.06255604970138173,
    -0.009982023988306388,
    -0.027108178024722207,
    -0.04232162358829927,
    -0.025707346338356363,
    -0.008705024454700228,
    0.03494760537679775,
    0.03697552607564136,
    0.03735718760126594,
    0.066354630498068,
    0.07080935579129344,
    0.03133903542954242,
    0.0252124839211042,
    0.11552910509916003,
    -0.023600528972750334,
    -0.02612285250147206,
    -0.0499162307887735,
    -0.02320049478251973,
    -0.017990711118628155,
    0.02706573651180877,
    0.029757132180230794,
    0.03155859316159626,
    0.0458799461499082,
    0.07385153861418758,
    0.052024716359806655,
    0.019848130727283753,
    0.07586564224564118,
    -0.01301543447937048,
    0.0034736312097467525,
    -0.03984395801946716,
    -0.030529992811026307,
    -0.049256358130921996,
    0.03763729953259165,
    0.03642962672381744,
    0.03742314351324916,
    -0.03822818356106805,
    0.005334630002498786,
    -0.004149548479555509,
    0.07631006285475728,
    -0.048766306986204766,
    -0.031024070678873805,
    0.038848595391788976,
    0.0384893494774422,
    0.036283588406364364,
    0.0699482873738917,
    0.001434205386092735,
    0.003975725884979298,
    -0.0395667715311121,
    -0.030086813461219775,
    -0.05371960786887109,
    0.03837839393135578,
    0.03781243944950241,
    0.04107060770483195,
    -0.03768071232823411,
    0.0019591822048699026,
    0.006343134478484114,
    0.0739652876357797,
    -0.05258920011829615,
    -0.031291402138715396,
    0.03716043949327197,
    0.03493257093650903,
    0.034608653831775804
  ],
  "dipole_vec_eA": [
    0.14308746982686507,
    -0.2689613218600443,
    9.319625450025324e-14
  ],
  "dipole_mag_D": 1.463316631012285,
  "HOMO_eV": -8.401611433181161,
  "LUMO_eV": -8.080482001211488,
  "gap_eV": 0.32112943196967336
}