{
  "tag": "RMC-Pb_2-Pt_2-A2-B4-NNNNSS",
  "energy_eV": -2070.9521615390477,
  "multiplicity": 1,
  "charge": 2,
  "sym1": "Pb",
  "ox1": 2,
  "sym2": "Pt",
  "ox2": 2,
  "acid": "A2",
  "base": "B4",
  "bridge": [
    "S",
    "S"
  ],
  "S1_ref": 0.0,
  "S2_ref": 0.0,
  "mulliken_q_e": [
    0.794103219311459,
    0.12961629480900894,
    0.13047258442780774,
    0.1282915575867724,
    -0.2535357614771119,
    -0.2548609267895172,
    -0.18362108689798395,
    -0.1831448400061113,
    0.034963524038344795,
    0.0068247345027361295,
    -0.0029695433388610137,
    -0.01584433648404504,
    -0.007357720966243875,
    0.004324009399183204,
    0.08885258162917709,
    0.09104285188955741,
    0.08446619062193261,
    0.07577540371162672,
    0.06618091192592557,
    0.08426697170347197,
    0.06740030197721181,
    0.034656153268444845,
    0.006966360416050588,
    -0.0030680248007270983,
    -0.01579662061723619,
    -0.007444753647259272,
    0.004363276851804265,
    0.08891163327448703,
    0.09109742229974749,
    0.0845288773810674,
    0.07589965316328318,
    0.06558408711981989,
    0.08432091700914257,
    0.0678121090491054,
    -0.08175585161712196,
    -0.08174801826667677,
    0.07384990606946784,
    0.07384990606714803,
    0.07387186844875704,
    0.0738718684464712,
    -0.05332580798248965,
    -0.0530946311189735,
    0.12779709165233955,
    0.12779709165173747,
    0.12790428215645622,
    0.1279042821558516
  ],
  "dipole_vec_eA": [
    -1.0102266124374184,
    0.0030445306254743456,
    -3.675566584284422e-10
  ],
  "dipole_mag_D": 4.852346813979077,
  "solvation_E_eV": null
}