{
  "tag": "RMC-Ag_1-Sn_2-A2-B6-NNNNNN",
  "energy_eV": -2234.716084768326,
  "multiplicity": 1,
  "charge": -1,
  "sym1": "Ag",
  "ox1": 1,
  "sym2": "Sn",
  "ox2": 2,
  "acid": "A2",
  "base": "B6",
  "bridge": [
    "N",
    "N"
  ],
  "S1_ref": 0.0,
  "S2_ref": 0.0,
  "mulliken_q_e": [
    0.1204578465852022,
    0.2678195400636795,
    -0.3351082792203608,
    -0.33509663805761614,
    -0.18682467767146393,
    -0.1867822363406899,
    -0.21712229042562892,
    -0.21708584971825307,
    0.10572326160138856,
    -0.04722261835756503,
    -0.040694584024770775,
    -0.06443872733485434,
    -0.04082976766339774,
    -0.03498709310463877,
    -0.008301883410009925,
    -0.010311003869132973,
    -0.005303356930492997,
    0.06772640107751382,
    0.06034296083799684,
    -0.024338793632953326,
    -0.021348692338267083,
    0.10574262982336746,
    -0.047218036842159306,
    -0.04065898163843329,
    -0.06443398051252691,
    -0.040788559015096704,
    -0.03498802546543289,
    -0.008305091135529796,
    -0.010316745107279202,
    -0.0053083685603851904,
    0.06773538041443339,
    0.06036037408449868,
    -0.024334143572924072,
    -0.02134077761559916,
    -0.055641908603738965,
    0.02296626199711227,
    0.02295953445522181,
    0.024075222246616734,
    0.049646934363094086,
    0.003295161089219678,
    0.003298319159201757,
    0.03539727415607119,
    0.03540332081679898,
    -0.058354871731357116,
    0.03332078876682831,
    0.03331374383246777,
    0.012184586081188553,
    0.049023200484514584,
    -0.005580506259362128,
    -0.005577663690642387,
    0.008922035940907347,
    0.008929364931057893
  ],
  "dipole_vec_eA": [
    -0.0030796669594567406,
    0.00032535210342148714,
    0.15179869546679836
  ],
  "dipole_mag_D": 0.7292718527404684,
  "HOMO_eV": -4.322427708092401,
  "LUMO_eV": -4.1191825727645455,
  "gap_eV": 0.2032451353278555
}