{
  "tag": "RMC-Cr_2-Zn_2-A2-B2-NNNNSS",
  "energy_eV": -2944.566716634701,
  "multiplicity": 1,
  "charge": 2,
  "sym1": "Cr",
  "ox1": 2,
  "sym2": "Zn",
  "ox2": 2,
  "acid": "A2",
  "base": "B2",
  "bridge": [
    "S",
    "S"
  ],
  "S1_ref": 0.0,
  "S2_ref": 0.0,
  "mulliken_q_e": [
    0.5313099357656457,
    0.31005493374136084,
    -0.1645357273223328,
    -0.16454649940805052,
    -0.16735426170443568,
    -0.1673511711518303,
    -0.10979498735835613,
    -0.10978853529990018,
    0.06298189494170625,
    0.006249492210984586,
    -0.01242737070215294,
    -0.018661889314369073,
    -0.012452320688626672,
    0.004453953530230814,
    0.07832114052026651,
    0.08839575384712062,
    0.07775715529189409,
    0.05828538336856259,
    0.032608638908750986,
    0.08996578485728823,
    0.07898938167136738,
    0.06298152661162315,
    0.006248195566067816,
    -0.012425437478740031,
    -0.01866246798306359,
    -0.012447277075982921,
    0.004453471175506651,
    0.07832264888016194,
    0.08839691460290822,
    0.07775632543100086,
    0.058289196448582103,
    0.03261781054837942,
    0.08996618526030808,
    0.07898936242102805,
    -0.018452950775917465,
    0.026291590781649887,
    -0.004047972621624263,
    0.06080740572480536,
    -0.03306846767081506,
    -0.020750171146031615,
    0.08402080521811706,
    0.07184007371907097,
    0.08104300908010409,
    0.0608022503846497,
    -0.018450424181119196,
    -0.02074602963832084,
    -0.03306910203546387,
    0.0840173219719772,
    0.08103866573654894,
    0.07184106815983582,
    -0.015564692340321207,
    0.02774952150136545,
    0.0022072258488829988,
    0.06153112129480931,
    -0.03165072473894792,
    -0.018256268824710986,
    0.08545014543977114,
    0.07109671721193078,
    0.08238154631214933,
    0.061528847539059184,
    -0.015566088993508531,
    -0.018258637363570696,
    -0.0316475770946425,
    0.0854529650842154,
    0.08238447171209706,
    0.0710972145909643
  ],
  "dipole_vec_eA": [
    -0.04128088036866028,
    0.002629023965231806,
    -3.3586004278882474e-11
  ],
  "dipole_mag_D": 0.19868220055009778,
  "HOMO_eV": -14.271342459537953,
  "LUMO_eV": -14.213933023714016,
  "gap_eV": 0.05740943582393676
}