{
  "tag": "RMC-Ir_3-Sn_2-A2-B1-NNNNNN",
  "energy_eV": -2510.550109685031,
  "multiplicity": 1,
  "charge": 1,
  "sym1": "Ir",
  "ox1": 3,
  "sym2": "Sn",
  "ox2": 2,
  "acid": "A2",
  "base": "B1",
  "bridge": [
    "N",
    "N"
  ],
  "S1_ref": 0.0,
  "S2_ref": 0.0,
  "mulliken_q_e": [
    0.16056851238231518,
    0.4083257116249771,
    -0.21462865580342316,
    -0.21460859699034063,
    -0.05947173659449678,
    -0.0594804050595612,
    -0.1400357331328499,
    -0.14002221400285197,
    0.09882676700149795,
    -0.019284558548133823,
    -0.02439788135032539,
    -0.030678788222104236,
    -0.021875130038645274,
    -0.0030802215787590903,
    0.0550664399385854,
    0.06295197722748369,
    0.060558458787238645,
    0.042473939500355495,
    0.04101230814674528,
    0.05637355324379234,
    0.06518191522998651,
    0.09880196847024925,
    -0.01928867510425758,
    -0.024427799791523874,
    -0.03066749097928212,
    -0.021909017920795693,
    -0.003073156987843051,
    0.05507067330930304,
    0.06295414930857157,
    0.06056285017487062,
    0.042420412685820086,
    0.040967358583062774,
    0.056379900080204104,
    0.06518680221953932,
    -0.034558039067368984,
    0.06281615198131085,
    0.06282835778543028,
    -0.034558484566922676,
    -0.021488384422618356,
    -0.02149895469791252,
    0.06504376897085407,
    0.06504375619617353,
    0.0717062091924251,
    0.07170761488144484,
    -0.03752525229487702,
    0.05230803383180227,
    0.0523144122563135,
    -0.03751533567530374,
    -0.02431284337855466,
    -0.02431420922638483,
    0.05106622230417002,
    0.05106564017246018,
    0.061558458121844906,
    0.0615592418794797
  ],
  "dipole_vec_eA": [
    0.01583059320975389,
    -0.0005025446037950416,
    1.415871261270812e-10
  ],
  "dipole_mag_D": 0.0760758768661604,
  "HOMO_eV": -11.798589859965846,
  "LUMO_eV": -11.132150551019496,
  "gap_eV": 0.6664393089463498
}