{
  "tag": "RMC-Cr_2-Mo_2-A2-B6-NNNNNN",
  "energy_eV": -2180.5558197995842,
  "multiplicity": 1,
  "charge": 0,
  "sym1": "Cr",
  "ox1": 2,
  "sym2": "Mo",
  "ox2": 2,
  "acid": "A2",
  "base": "B6",
  "bridge": [
    "N",
    "N"
  ],
  "S1_ref": 0.0,
  "S2_ref": 0.0,
  "mulliken_q_e": [
    0.5342027252184118,
    0.2996142360851476,
    -0.328850067695609,
    -0.3288495448782791,
    -0.2099876062121242,
    -0.20998671870037278,
    -0.18075030997872266,
    -0.1807503139468849,
    0.09402519435878931,
    -0.02124086428882621,
    -0.04716252377806929,
    -0.04169382250278608,
    -0.0476253342728743,
    -0.026132959641949727,
    0.022145344699053493,
    0.025215707035338153,
    0.02218628941153089,
    0.02941169954726197,
    0.029796061922660266,
    0.014413300763021386,
    0.01635820562901591,
    0.09402427870960217,
    -0.0212402483673646,
    -0.04716256664503904,
    -0.04169398452616302,
    -0.04762553146866333,
    -0.026132013202788018,
    0.022145241160485662,
    0.025216105213031192,
    0.022186234352907674,
    0.029411805210152853,
    0.02979568725593329,
    0.014413188877468786,
    0.016358317963213853,
    -0.07126525865575717,
    0.01103053763692352,
    0.011030324989913964,
    0.047047812449804716,
    0.06450232185397486,
    0.03500131024575748,
    0.03500139910042044,
    0.04471918046513834,
    0.0447192994713671,
    -0.062339743738352604,
    0.020962251398592535,
    0.020962251689222944,
    0.043986652742982635,
    0.06783373110611624,
    0.03221993497173348,
    0.0322199188606892,
    0.044166445235837015,
    0.04416641678106892
  ],
  "dipole_vec_eA": [
    -0.009476017020446514,
    -2.133672101240972e-06,
    0.04784907118860265
  ],
  "dipole_mag_D": 0.23429243257191007,
  "HOMO_eV": -7.801558737366412,
  "LUMO_eV": -7.778150220900708,
  "gap_eV": 0.023408516465704743
}