{
  "tag": "RMC-V_2-Zn_2-A2-B10-NNNNNS",
  "energy_eV": -3176.681684842019,
  "multiplicity": 2,
  "charge": 1,
  "sym1": "V",
  "ox1": 2,
  "sym2": "Zn",
  "ox2": 2,
  "acid": "A2",
  "base": "B10",
  "bridge": [
    "N",
    "S"
  ],
  "S1_ref": 0.5,
  "S2_ref": 0.0,
  "mulliken_q_e": [
    0.24639017721068146,
    0.29069988193341845,
    -0.2672260706410292,
    -0.13461464669128032,
    -0.10519503880881742,
    -0.17830894042947154,
    -0.12002332039248498,
    -0.1331496575072546,
    0.0595927068581521,
    -0.0038855548538714313,
    -0.022328468620839592,
    -0.028713598576218358,
    -0.021877491994809706,
    0.00019276680376090205,
    0.055979400485044684,
    0.06255167574733789,
    0.055181949182481205,
    0.04908350293034469,
    0.0691376770929133,
    0.06701911381522652,
    0.04303209174972733,
    0.11017198249048232,
    -0.009181650795035523,
    -0.026623600448046236,
    -0.030889751183198255,
    -0.017714603703875564,
    0.000834647660630683,
    0.04942618940514254,
    0.061101288433975776,
    0.05931107966562976,
    0.05217550218904332,
    0.025675692829982832,
    0.08307007985920667,
    0.0676108712166138,
    0.07288735994830109,
    0.001810622061775513,
    0.01059647720167689,
    -0.030605292829681607,
    -0.02294594782672399,
    -0.04722023870919312,
    0.05824726253563706,
    0.0578496690559559,
    0.05480029464446545,
    -0.029610929235618366,
    0.00898714538023504,
    0.006804550128392872,
    0.07383472949628134,
    -0.04965106062049118,
    -0.0239789758738429,
    0.05606565496264293,
    0.04296230257706579,
    0.052485473926135784,
    0.06427105047889015,
    -0.00763056722724853,
    0.015351372598423563,
    -0.02923947674515981,
    -0.02171276271063327,
    -0.047060784278501355,
    0.0623173255560463,
    0.061193188145817645,
    0.0528022620290739,
    -0.02874202552978633,
    0.013108714773150343,
    -0.007210801360859387,
    0.0662620556962068,
    -0.04527408542147726,
    -0.02191468954634601,
    0.06121645904675965,
    0.049843518279117593,
    0.060594266570151545
  ],
  "dipole_vec_eA": [
    0.2956508840961744,
    -0.35979698745183736,
    1.4877800797584448e-16
  ],
  "dipole_mag_D": 2.236784297008949,
  "HOMO_eV": -11.043172505452548,
  "LUMO_eV": -10.973062490914472,
  "gap_eV": 0.0701100145380753
}