{
  "tag": "RMC-Nb_3-Rh_2-A2-B10-NNNNSS",
  "energy_eV": -3250.0796269182306,
  "multiplicity": 2,
  "charge": 3,
  "sym1": "Nb",
  "ox1": 3,
  "sym2": "Rh",
  "ox2": 2,
  "acid": "A2",
  "base": "B10",
  "bridge": [
    "S",
    "S"
  ],
  "S1_ref": 1.0,
  "S2_ref": 0.5,
  "mulliken_q_e": [
    0.24829459740033588,
    -0.09532132744617072,
    0.0556502333575736,
    0.0556520447193411,
    -0.10176651384189594,
    -0.1017687090402477,
    -0.034519887199936594,
    -0.03451961823908256,
    0.06252028192953163,
    0.01977063462981521,
    -0.0025934383800236827,
    -0.006936502672832745,
    -0.004592875736842972,
    0.012803270981967207,
    0.09852103155394532,
    0.11288150765676586,
    0.09696318152251215,
    0.05904850167152276,
    0.06971474633438635,
    0.09956770170377072,
    0.10623322310626326,
    0.06251631298312721,
    0.01977098129827648,
    -0.0025939690237379853,
    -0.006935384071192541,
    -0.004594178978593932,
    0.012801969819707715,
    0.09852158789550003,
    0.11288161819582421,
    0.09696320859861274,
    0.05904514856635923,
    0.06971031686112483,
    0.09956865308495289,
    0.10623315059096539,
    0.07457149963614174,
    0.012231515580567454,
    0.029824339609165973,
    -0.008362689630357023,
    -0.003404432928952872,
    -0.037589624033244506,
    0.1064206716085534,
    0.10404134130851017,
    0.07945910437090253,
    -0.00835872598378895,
    0.029828203281315746,
    0.01222397921885654,
    0.07457591428864951,
    -0.037592408238000585,
    -0.0034044574633251834,
    0.10641525587496548,
    0.07945919236338084,
    0.10404350797508655,
    0.07887132442543932,
    0.03411908832608557,
    0.040060745577719326,
    -0.006611922803121395,
    0.0032174404430667103,
    -0.030219896589567252,
    0.1107089911838044,
    0.10825819400622438,
    0.08466059158588535,
    -0.006616832880929513,
    0.040056895628449496,
    0.03412008315722481,
    0.07887012073538924,
    -0.030215072476689198,
    0.0032159333531684986,
    0.11071437051926836,
    0.08466050762698085,
    0.1082557515877427
  ],
  "dipole_vec_eA": [
    -0.12209139295262085,
    -2.8473064816234035e-05,
    3.1445343489007547e-16
  ],
  "dipole_mag_D": 0.5864299159074764,
  "HOMO_eV": -17.63197537539242,
  "LUMO_eV": -17.30893150632531,
  "gap_eV": 0.32304386906711
}