{
  "tag": "RMC-Ni_3-W_2-A2-B6-NNNNOS",
  "energy_eV": -2264.227519835582,
  "multiplicity": 2,
  "charge": 3,
  "sym1": "Ni",
  "ox1": 3,
  "sym2": "W",
  "ox2": 2,
  "acid": "A2",
  "base": "B6",
  "bridge": [
    "O",
    "S"
  ],
  "S1_ref": 0.5,
  "S2_ref": 0.0,
  "mulliken_q_e": [
    -0.06054276720998675,
    0.2240781921161612,
    -0.21585217597948025,
    0.1385627929071061,
    -0.011077250362549806,
    0.03457018617035024,
    -0.05399787225376418,
    -0.08301615837879739,
    0.04892967629162914,
    0.01709111384399531,
    0.001451658364315156,
    -0.003133252014845489,
    0.006708240693562129,
    0.019700173111201202,
    0.1121108629967984,
    0.12691099117335203,
    0.1167217244931098,
    0.0683408056457735,
    0.06024139955571295,
    0.10798815714605536,
    0.13572999912125638,
    0.18533745107168786,
    0.012044466828655676,
    0.001236999146011275,
    -0.003504560640203991,
    -0.0005051574130370273,
    0.004483332514781502,
    0.11852107821906344,
    0.12761988009022363,
    0.11272099127076318,
    0.06243071416534951,
    0.06999981727124105,
    0.1126170795889373,
    0.11113152050650699,
    -0.0620312951234403,
    -0.012872127499508057,
    -0.018529763552900258,
    0.12717017720696056,
    0.13307989651607555,
    0.10992718738761487,
    0.12366017952336605,
    0.12179570474791146,
    0.13001280098852042,
    -0.07301165536981613,
    -0.016028226590448558,
    -0.008041906077448813,
    0.1301600080741917,
    0.13253081681875045,
    0.11414493319768337,
    0.11073201726733395,
    0.126012639140337,
    0.12563850329382764
  ],
  "dipole_vec_eA": [
    -0.18291279289388526,
    -0.36882901183265365,
    0.24401638190746222
  ],
  "dipole_mag_D": 2.298702986969601,
  "HOMO_eV": -18.324920232150255,
  "LUMO_eV": -18.071740261718254,
  "gap_eV": 0.2531799704320008
}