{
  "tag": "RMC-Os_3-Zr_2-A2-B7-NNNNSS",
  "energy_eV": -2119.7500939945967,
  "multiplicity": 2,
  "charge": 3,
  "sym1": "Os",
  "ox1": 3,
  "sym2": "Zr",
  "ox2": 2,
  "acid": "A2",
  "base": "B7",
  "bridge": [
    "S",
    "S"
  ],
  "S1_ref": 0.5,
  "S2_ref": 1.0,
  "mulliken_q_e": [
    0.22924514988148714,
    0.8886848025421092,
    -0.09171226648142583,
    -0.08545556160309964,
    -0.025241252891087473,
    -0.016401712933593382,
    -0.19415823683121758,
    -0.18252763379518222,
    0.06358756509816166,
    0.010926266159340337,
    -0.005633747840197545,
    -0.006476153772764226,
    -0.00043070140345147223,
    0.020470976077247682,
    0.10472501695917857,
    0.11868410966309972,
    0.11176611489837263,
    0.06967696707219462,
    0.03488659735266797,
    0.10909215748863066,
    0.11431294968114702,
    0.06298485792887587,
    0.007762555024623419,
    -0.005659645508812261,
    -0.007464309830688798,
    -0.001716796348083971,
    0.018834562459150606,
    0.10445850926538836,
    0.1187987199035535,
    0.11084346325186756,
    0.07190588113897012,
    0.033862452354280315,
    0.10901402909040747,
    0.11197401606761992,
    0.014518179072722237,
    -0.019024384164663566,
    0.11863395609441263,
    0.14008525128163252,
    -0.04159633700628795,
    0.14896985290622167,
    0.1489697372585076,
    0.026809269278139425,
    -0.07400478379313435,
    0.12622984346862454,
    0.13897001336003745,
    -0.013625761695969407,
    0.14072273218650733,
    0.14072273163149474
  ],
  "dipole_vec_eA": [
    2.034896066269957,
    0.23653291842048912,
    -4.899251181767496e-06
  ],
  "dipole_mag_D": 9.839830038014913,
  "HOMO_eV": -17.855499546123923,
  "LUMO_eV": -17.648696155752642,
  "gap_eV": 0.20680339037128093
}