{
  "tag": "RMC-Re_3-Zn_2-A2-B6-NNNNNO",
  "energy_eV": -2179.688221071433,
  "multiplicity": 1,
  "charge": 2,
  "sym1": "Re",
  "ox1": 3,
  "sym2": "Zn",
  "ox2": 2,
  "acid": "A2",
  "base": "B6",
  "bridge": [
    "N",
    "O"
  ],
  "S1_ref": 0.0,
  "S2_ref": 0.0,
  "mulliken_q_e": [
    0.15722670217907797,
    0.3163220067261089,
    -0.16611262687321982,
    -0.27605667507132226,
    0.007232972577192465,
    -0.07371939142935102,
    -0.0950910351762908,
    -0.10267865471056803,
    0.1826176234662058,
    -0.019543935208342855,
    -0.006702936355852174,
    -0.020386672421941476,
    -0.007880532247128036,
    -0.01306809396275721,
    0.08603954927881208,
    0.09443828203072357,
    0.08632703479903503,
    0.07822630797950914,
    0.06140873250842027,
    0.08665369255935051,
    0.06874793532989176,
    0.10601704551741764,
    0.0005424170810088835,
    -0.0074012787983832595,
    -0.012407863535815356,
    -0.005567899827671141,
    0.01756885064549807,
    0.09081447257002007,
    0.10229701689698434,
    0.09905630234119511,
    0.07395149974347515,
    0.02545990837995471,
    0.09762583074191433,
    0.10444681327584049,
    -0.08019290643241517,
    -0.035697290049595765,
    -0.013185567335151971,
    0.09878671215789858,
    0.0925697784292403,
    0.09904941868075567,
    0.07492547750751255,
    0.10859625639129578,
    0.09091082243784776,
    -0.07819546639061747,
    -0.017075651006301484,
    -0.015048792046676862,
    0.10028679552872011,
    0.08220389876409195,
    0.08614245568581991,
    0.08240940437054811,
    0.09549745643526208,
    0.09161380978421074
  ],
  "dipole_vec_eA": [
    0.41108790744246004,
    -0.16657909145950783,
    0.062244291593264035
  ],
  "dipole_mag_D": 2.151364861079663,
  "HOMO_eV": -15.149054588034081,
  "LUMO_eV": -14.843659983032202,
  "gap_eV": 0.3053946050018794
}