{
  "tag": "RMC-Fe_2-Ni_3-A2-B1-NNNNOS",
  "energy_eV": -2576.529946703013,
  "multiplicity": 2,
  "charge": 3,
  "sym1": "Fe",
  "ox1": 2,
  "sym2": "Ni",
  "ox2": 3,
  "acid": "A2",
  "base": "B1",
  "bridge": [
    "O",
    "S"
  ],
  "S1_ref": 0.0,
  "S2_ref": 0.5,
  "mulliken_q_e": [
    0.8535651465520624,
    -0.016079943097178973,
    -0.30472568377291886,
    0.046989185430661495,
    -0.14639511317003895,
    -0.16066566552834738,
    -0.0006496731067109351,
    0.004356453362291068,
    0.03871530315650973,
    0.02048059942899405,
    0.003708971866791533,
    -0.002325595422628002,
    0.0018792133172977898,
    0.010461999679223455,
    0.1145405444510772,
    0.12469237242360787,
    0.11314047918059322,
    0.05413569150270181,
    0.04993417435702474,
    0.12532184879300923,
    0.12591488387154015,
    0.19123977843611573,
    0.0035416137726373975,
    2.1614899544664112e-05,
    -0.008706802887828546,
    -0.002917759846206014,
    -0.006677693378615013,
    0.11275899800924494,
    0.12365684739581306,
    0.11158564883839805,
    0.06864793260318103,
    0.06103296382486456,
    0.11959393451644962,
    0.12511481578763073,
    -0.014748496297369185,
    0.04405919445028794,
    0.04440128119786424,
    -0.015035745110970389,
    -0.0007999720569322744,
    0.001055100365026318,
    0.10114513594817853,
    0.09979589286466672,
    0.12466388385173488,
    0.12578650463490515,
    -0.019965479533791353,
    0.06953071842599168,
    0.06903268383270977,
    -0.019754286461650006,
    0.00042007544907840533,
    0.0028460838815993483,
    0.09563341990830343,
    0.09510355972012507,
    0.12010812596691567,
    0.12083523409967944
  ],
  "dipole_vec_eA": [
    -0.4898603466815103,
    -0.19697233448967577,
    2.3566802330194086e-16
  ],
  "dipole_mag_D": 2.535988418927407,
  "HOMO_eV": -18.598951316217338,
  "LUMO_eV": -18.33046864315657,
  "gap_eV": 0.2684826730607668
}