{
  "tag": "RMC-Fe_2-Ta_3-A2-B6-NNNNOO",
  "energy_eV": -2228.069084992729,
  "multiplicity": 3,
  "charge": 3,
  "sym1": "Fe",
  "ox1": 2,
  "sym2": "Ta",
  "ox2": 3,
  "acid": "A2",
  "base": "B6",
  "bridge": [
    "O",
    "O"
  ],
  "S1_ref": 0.0,
  "S2_ref": 1.0,
  "mulliken_q_e": [
    0.8212150366731188,
    0.9471033578532233,
    -0.4440743103646707,
    -0.4440681035932137,
    -0.17883849406826613,
    -0.17902202421161095,
    -0.14956705267564008,
    -0.14799072132470914,
    0.17556996302502825,
    -0.004604430587211272,
    0.002510105191343648,
    -0.0047698612827176134,
    -0.00010415578457689811,
    -0.00567431938683427,
    0.1167138457261594,
    0.13154056293974337,
    0.11702297129970929,
    0.07411556477439585,
    0.06718466048824534,
    0.10140318020878458,
    0.11346795266201437,
    0.1756356057070958,
    -0.00371557680920942,
    0.002310365810182402,
    -0.004843450217279832,
    0.00014397188497472513,
    -0.005667354373359856,
    0.11705898504679335,
    0.13169038120547671,
    0.11692906524312541,
    0.07286314436847707,
    0.06723656157125668,
    0.10223165113315968,
    0.11343134784037079,
    -0.12213445406710544,
    -0.04702234668245442,
    -0.04698145845609947,
    0.13546252032715145,
    0.1036034086688934,
    0.1196453119274622,
    0.11962094412043711,
    0.10850917527901438,
    0.10846444119166199,
    -0.0843786745120092,
    -0.01537962435476703,
    -0.015995096873105297,
    0.11668320160522239,
    0.0961513710980465,
    0.10335424845682395,
    0.10345190205275678,
    0.11130065684485846,
    0.11120604741071738
  ],
  "dipole_vec_eA": [
    -0.8545612021040523,
    0.004156600315300541,
    0.06599490455825661
  ],
  "dipole_mag_D": 4.116902153562814,
  "solvation_E_eV": null
}