{
  "tag": "RMC-Mg_2-Rh_3-A2-B4-NNNNNO",
  "energy_eV": -2026.2080813380448,
  "multiplicity": 1,
  "charge": 2,
  "sym1": "Mg",
  "ox1": 2,
  "sym2": "Rh",
  "ox2": 3,
  "acid": "A2",
  "base": "B4",
  "bridge": [
    "N",
    "O"
  ],
  "S1_ref": 0.0,
  "S2_ref": 0.0,
  "mulliken_q_e": [
    0.4424145045731901,
    0.09725530979651353,
    -0.09490237930566403,
    -0.30347494708875966,
    -0.11667946998568057,
    -0.09303840461461288,
    0.009287727285491876,
    -0.036182760128152136,
    0.18424916884230846,
    -0.0005294746350845703,
    -0.011395522847602146,
    -0.021978558172603968,
    -0.011270784667593237,
    -0.014464807579953609,
    0.09100054984745842,
    0.10135437001617842,
    0.09194836442452692,
    0.07435302930958465,
    0.06840864993625928,
    0.15621303816151344,
    0.08640366637164021,
    0.05913503426106925,
    -0.0002733785282316159,
    -0.008071860931759378,
    -0.018717510736700138,
    -0.008757124861218601,
    -0.0030200653447975956,
    0.08361383610342288,
    0.08847403694016387,
    0.08308702432180004,
    0.004166860412819995,
    0.06537304141784284,
    0.08395959051213342,
    0.08390205847189669,
    -0.02757217177336435,
    -0.024133948686835938,
    0.09637375003898596,
    0.09637375003898563,
    0.09350303799611737,
    0.09350303799611892,
    -0.01800307719375005,
    -0.05261706606774408,
    0.13109003108423367,
    0.131090031084234,
    0.13427490695281574,
    0.13427490695281596
  ],
  "dipole_vec_eA": [
    0.6893777787461737,
    -0.6415148429322313,
    -5.1406663286552965e-16
  ],
  "dipole_mag_D": 4.523136976479665,
  "solvation_E_eV": null
}