{
  "tag": "RMC-In_1-Ir_3-A2-B2-NNNNNN",
  "energy_eV": -3018.9393625678044,
  "multiplicity": 1,
  "charge": 0,
  "sym1": "In",
  "ox1": 1,
  "sym2": "Ir",
  "ox2": 3,
  "acid": "A2",
  "base": "B2",
  "bridge": [
    "N",
    "N"
  ],
  "S1_ref": 0.0,
  "S2_ref": 0.0,
  "mulliken_q_e": [
    0.3021304493009144,
    0.1311472202283993,
    -0.2427354400807369,
    -0.24277560955972954,
    -0.16340794013363924,
    -0.16341112361472576,
    -0.09441001203141575,
    -0.09441010418608631,
    0.10041971050168264,
    -0.017861242639804376,
    -0.034051467981885075,
    -0.044468773370812675,
    -0.0325223521793927,
    -0.02913450830709774,
    0.028629575774254734,
    0.030784323360183996,
    0.027856634368106592,
    0.03063852453306848,
    0.043862482157344784,
    0.04312307552907957,
    0.038499234768797796,
    0.10043840233136425,
    -0.017860871175839232,
    -0.03403837263135201,
    -0.04446786218394849,
    -0.032512776129509424,
    -0.0291372291621268,
    0.02862823776228085,
    0.03077626829479896,
    0.027851409044393982,
    0.03065984493867857,
    0.043874793220894714,
    0.04311936330878552,
    0.038494686581905024,
    -0.04628996683564335,
    0.011445164427401844,
    -0.005914066239017135,
    0.06943510634445094,
    -0.05878984282067723,
    -0.033089779715634204,
    0.031862891662292614,
    0.03264697923882276,
    0.029392672599650504,
    0.06943957991204774,
    -0.046292871263950985,
    -0.03308923304171385,
    -0.05878945904701349,
    0.03186799699373222,
    0.029398741517950855,
    0.032649708536328204,
    -0.038935491700039515,
    0.013205214861879977,
    -0.0023451756904693255,
    0.06752846238652022,
    -0.051551305647885126,
    -0.03209828292347017,
    0.03934566224555547,
    0.04379026128013974,
    0.03668370357386608,
    0.06752993639592875,
    -0.03893962175228838,
    -0.03209973398040811,
    -0.051549267808491894,
    0.03934765662702244,
    0.03668727168918495,
    0.04378853753709
  ],
  "dipole_vec_eA": [
    0.36306301475742436,
    0.00022042965542789863,
    2.904917164442469e-15
  ],
  "dipole_mag_D": 1.7438661441716896,
  "HOMO_eV": -8.354208049960103,
  "LUMO_eV": -8.049193650258893,
  "gap_eV": 0.3050143997012107
}