{
  "tag": "RMC-Cu_2-Mg_2-A2-B1-NNNNNN",
  "energy_eV": -2481.8785132084954,
  "multiplicity": 2,
  "charge": 0,
  "sym1": "Cu",
  "ox1": 2,
  "sym2": "Mg",
  "ox2": 2,
  "acid": "A2",
  "base": "B1",
  "bridge": [
    "N",
    "N"
  ],
  "S1_ref": 0.5,
  "S2_ref": 0.0,
  "mulliken_q_e": [
    0.36180340150655965,
    0.40580995225668653,
    -0.32941479584367706,
    -0.32942525179350857,
    -0.165963200515034,
    -0.16597627435005857,
    -0.15883267694581749,
    -0.15883865203607384,
    0.11675972158038661,
    -0.020620016752536552,
    -0.037514036053289956,
    -0.043252629629035866,
    -0.03886493094851029,
    -0.026751227864945104,
    0.029558292814264364,
    0.0288694509061177,
    0.026371056740322363,
    0.04830884885012465,
    0.04235850128386387,
    0.03335919904872975,
    0.04501513925768308,
    0.11676390411931448,
    -0.020614451222584984,
    -0.03748441345527609,
    -0.043257339233396586,
    -0.038833121054578035,
    -0.026749316254646827,
    0.029555893578305348,
    0.028867823042584062,
    0.026369161725586232,
    0.04832894177644986,
    0.0423905694309612,
    0.03335707500449003,
    0.04501217067239027,
    -0.046565750245234794,
    0.046121317107994386,
    0.0461184676756905,
    -0.046573711346302504,
    -0.03839458421902098,
    -0.03839699188805268,
    0.034249491506357366,
    0.03425028108321848,
    0.03641602498892382,
    0.03641602050275161,
    -0.04548461622300248,
    0.04649140162715781,
    0.0464899127493823,
    -0.0454892647630698,
    -0.03727523856230963,
    -0.03727701404566264,
    0.03567742542435681,
    0.03567793392469076,
    0.03554111076280231,
    0.03554101424177114
  ],
  "dipole_vec_eA": [
    -0.10527828739482024,
    0.0004255993312380556,
    -2.0079468251173044e-10
  ],
  "dipole_mag_D": 0.5056772515724589,
  "solvation_E_eV": null
}