{
  "tag": "RMC-Cu_1-Pt_2-A2-B2-NNNNOO",
  "energy_eV": -3164.7054974920734,
  "multiplicity": 1,
  "charge": 1,
  "sym1": "Cu",
  "ox1": 1,
  "sym2": "Pt",
  "ox2": 2,
  "acid": "A2",
  "base": "B2",
  "bridge": [
    "O",
    "O"
  ],
  "S1_ref": 0.0,
  "S2_ref": 0.0,
  "mulliken_q_e": [
    0.2796746436000668,
    0.1303631831473634,
    -0.2844119443185391,
    -0.28440589459263355,
    -0.1510922857574435,
    -0.15108577601317075,
    -0.04821216065897582,
    -0.048181254895779624,
    0.19006807008983206,
    -0.024202237659698866,
    -0.025033223944983973,
    -0.03583665798109559,
    -0.0213194871854141,
    -0.026040689509566173,
    0.05513834976210741,
    0.06285919151195629,
    0.05767853186640626,
    0.04654674983053253,
    0.06371425485840154,
    0.07605061544019165,
    0.05132227695920577,
    0.19006681311434326,
    -0.02419645329042175,
    -0.025085480266431537,
    -0.03581773753026418,
    -0.02136658344797948,
    -0.026030764894752423,
    0.055142951007029595,
    0.06286100844932674,
    0.057686323109217286,
    0.04646120478340854,
    0.06368179179953626,
    0.07605900963543277,
    0.05133072614573164,
    -0.02762150754638837,
    0.018464139715567596,
    0.0021479380094953093,
    0.06860776940884028,
    -0.04110469354421609,
    -0.026282139062191012,
    0.05844694207977341,
    0.05049395393404865,
    0.05492891360245822,
    0.06860880237571365,
    -0.02761769079591203,
    -0.026281604692868,
    -0.04111140529277946,
    0.05844674795933624,
    0.0549293319894566,
    0.050493638965165566,
    -0.02840800501314278,
    0.021388570172258925,
    0.006212336239461935,
    0.06186077672655599,
    -0.04401234501250961,
    -0.024647490343632006,
    0.06380954047251086,
    0.056477056796932046,
    0.06116461818463148,
    0.06185378022971055,
    -0.02840974826044329,
    -0.024642247161599018,
    -0.044035690388219084,
    0.06380926075763549,
    0.0611629802797653,
    0.056480405994794425
  ],
  "dipole_vec_eA": [
    0.31509748416156336,
    0.0006561087508978508,
    -1.4569672118626803e-15
  ],
  "dipole_mag_D": 1.513480862399273,
  "HOMO_eV": -11.09850394715089,
  "LUMO_eV": -10.969647848818504,
  "gap_eV": 0.12885609833238654
}