{
  "tag": "RMC-Ni_3-Zr_2-A2-B1-NNNNSS",
  "energy_eV": -2508.572012095345,
  "multiplicity": 2,
  "charge": 3,
  "sym1": "Ni",
  "ox1": 3,
  "sym2": "Zr",
  "ox2": 2,
  "acid": "A2",
  "base": "B1",
  "bridge": [
    "S",
    "S"
  ],
  "S1_ref": 0.5,
  "S2_ref": 1.0,
  "mulliken_q_e": [
    -0.04734549269878663,
    0.8375264800710496,
    -0.0644102924840387,
    -0.06440813838113266,
    0.030275188076921866,
    0.03027409157946992,
    -0.17943446414662234,
    -0.17942896018724075,
    0.07017188178414235,
    0.011677945130754708,
    -0.004082015425829866,
    -0.009538555054432685,
    -0.0021419251161984842,
    0.022745486100551826,
    0.10379866830352324,
    0.11663193087650547,
    0.1084921295928527,
    0.0615987333154826,
    0.0594552177515848,
    0.1085956907256076,
    0.1281638674128185,
    0.07016270549535153,
    0.011677618232322162,
    -0.004090991831139812,
    -0.00953646851517509,
    -0.0021494936868133863,
    0.02274676270159648,
    0.10379943336876152,
    0.11663246392096316,
    0.1084928236695254,
    0.061566896774187585,
    0.059453513249014156,
    0.10859673403649828,
    0.1281639191550492,
    -0.021201248439877585,
    0.07324577420291711,
    0.07324714069230209,
    -0.021201636943327218,
    0.001762861986518871,
    0.001761357356651061,
    0.10251953176942274,
    0.10251960724428555,
    0.12455389574121245,
    0.12455391800373716,
    -0.00749242340680456,
    0.04052261100024657,
    0.040523525036743724,
    -0.007488037265656944,
    -0.0018137529758348592,
    -0.001811239851665425,
    0.10888316741428639,
    0.10888349951530074,
    0.1219490766139466,
    0.12194898825185496
  ],
  "dipole_vec_eA": [
    1.3756222419348143,
    -0.00018977815939079213,
    1.2619318685937671e-11
  ],
  "dipole_mag_D": 6.607394689245638,
  "HOMO_eV": -17.44066350579768,
  "LUMO_eV": -17.359637995664414,
  "gap_eV": 0.08102551013326575
}