{
  "tag": "RMC-Cu_1-Ru_3-A2-B4-NNNNNN",
  "energy_eV": -2082.6062241512636,
  "multiplicity": 2,
  "charge": 0,
  "sym1": "Cu",
  "ox1": 1,
  "sym2": "Ru",
  "ox2": 3,
  "acid": "A2",
  "base": "B4",
  "bridge": [
    "N",
    "N"
  ],
  "S1_ref": 0.0,
  "S2_ref": 0.5,
  "mulliken_q_e": [
    0.21358405842927852,
    -0.13805694530501966,
    -0.006495240030963245,
    -0.006493210257934479,
    -0.24499685253090542,
    -0.24507310516066583,
    -0.03677156116294977,
    -0.0368132374225989,
    0.060404275965262766,
    -0.017232969569970225,
    -0.02926404050145348,
    -0.03604355901575951,
    -0.029907164663699914,
    -0.010292821860022006,
    0.03810820323703379,
    0.037483485178505416,
    0.039532122043934304,
    0.008825218159490111,
    0.08863834138571058,
    0.05065977303783786,
    0.04183322819176816,
    0.06040907830464959,
    -0.01722708595603817,
    -0.02928482692766976,
    -0.036041525740113656,
    -0.02991417820313269,
    -0.010261884395796228,
    0.038112075120861566,
    0.0374852013115442,
    0.039534821959764876,
    0.008805517380485961,
    0.08863657059306052,
    0.050667355956537596,
    0.041837730989918276,
    -0.07109962815400883,
    -0.071091138773965,
    0.037078202367522795,
    0.037078202212668554,
    0.037072456571672574,
    0.037072456417085675,
    -0.07171670027720367,
    -0.07172047574240614,
    0.03823587856564703,
    0.03823587873822487,
    0.03823400988607073,
    0.03823401005865046
  ],
  "dipole_vec_eA": [
    0.4224255749099723,
    0.00024366702968272696,
    1.1239514379412566e-08
  ],
  "dipole_mag_D": 2.0289966627196403,
  "solvation_E_eV": null
}