{
  "tag": "RMC-Pt_2-W_2-A2-B2-NNNNSS",
  "energy_eV": -3066.326790298679,
  "multiplicity": 1,
  "charge": 2,
  "sym1": "Pt",
  "ox1": 2,
  "sym2": "W",
  "ox2": 2,
  "acid": "A2",
  "base": "B2",
  "bridge": [
    "S",
    "S"
  ],
  "S1_ref": 0.0,
  "S2_ref": 0.0,
  "mulliken_q_e": [
    0.007008462379831659,
    -0.16856149471177495,
    0.07389151512843103,
    0.07388028399381869,
    -0.011691841748395992,
    -0.011692493068672372,
    -0.04977875926486175,
    -0.049784025604743265,
    0.04531656741575385,
    0.012143353653987887,
    -0.013560873282086439,
    -0.017461753200246788,
    -0.013920776447792882,
    0.00854472131584072,
    0.07863174576074816,
    0.08907736404428013,
    0.07829000313997991,
    0.03417136070020388,
    0.037415307748779325,
    0.0762001083462508,
    0.09891122248446338,
    0.04531624965759917,
    0.01214468736195462,
    -0.01356043092804371,
    -0.01746132004703682,
    -0.013920007932961997,
    0.008546215492707177,
    0.07863369145279964,
    0.08907626048316919,
    0.07829116503418321,
    0.03417338660082336,
    0.03741429161380916,
    0.07619588557761892,
    0.0989113236235607,
    -0.013908252524502673,
    0.02903986246199497,
    0.016358781986338,
    0.06555409074513707,
    -0.03211964041773463,
    -0.017218581578011483,
    0.088761856354308,
    0.07469880600365808,
    0.08594551413008822,
    0.0655498287245786,
    -0.013910026018890465,
    -0.017220520449538812,
    -0.032116493911019894,
    0.08875829235946853,
    0.08594852363146233,
    0.07469636016730874,
    -0.017290744660954482,
    0.025079868774287473,
    0.024418627448305363,
    0.08614783899133704,
    -0.03289958078054833,
    -0.01899483327574969,
    0.08422891070066851,
    0.07228030429352861,
    0.08197519746422843,
    0.08615073496070003,
    -0.01729237356119384,
    -0.018996393745772888,
    -0.032899027146140014,
    0.08422573733469751,
    0.08197732331281793,
    0.07227861145108883
  ],
  "dipole_vec_eA": [
    -0.020963024187874144,
    0.0025441449957166163,
    -9.238192713172095e-07
  ],
  "dipole_mag_D": 0.10142851040140045,
  "HOMO_eV": -14.291755701141629,
  "LUMO_eV": -14.198849729065344,
  "gap_eV": 0.09290597207628437
}