{
  "tag": "RMC-Co_2-Pd_2-A2-B10-NNNNNN",
  "energy_eV": -3332.6814524361234,
  "multiplicity": 2,
  "charge": 0,
  "sym1": "Co",
  "ox1": 2,
  "sym2": "Pd",
  "ox2": 2,
  "acid": "A2",
  "base": "B10",
  "bridge": [
    "N",
    "N"
  ],
  "S1_ref": 0.5,
  "S2_ref": 0.0,
  "mulliken_q_e": [
    0.10875286579993959,
    -0.11649032601947851,
    -0.1328408722356882,
    -0.13287557464363497,
    -0.13955269030226258,
    -0.13956896632615567,
    -0.10011806441235183,
    -0.10008329183220854,
    0.10748539478764796,
    -0.01924865559467115,
    -0.02531646713674318,
    -0.04961113473571488,
    -0.023606320983938778,
    -0.02557126356647177,
    0.03093325184400275,
    0.031649738062314636,
    0.03160143823376704,
    0.060324857914998864,
    0.05645143354717885,
    0.043660735066879286,
    0.04203785345903499,
    0.10748761088964698,
    -0.019224861312446384,
    -0.025321986324202683,
    -0.04961282665056732,
    -0.023604505965917344,
    -0.025571627779611195,
    0.030936924686803535,
    0.03165112586793439,
    0.031598470554950575,
    0.06031361780958644,
    0.05645754716364193,
    0.04366887318677326,
    0.04203366534587161,
    0.06920537753609701,
    -1.728086997765388e-05,
    0.0032898900419138233,
    -0.03820977437489992,
    -0.03247362586824898,
    -0.052380851219356206,
    0.035967799122746946,
    0.03475300451331087,
    0.03490737524597198,
    -0.038206596562347706,
    0.0032863590391709607,
    -1.3592061620215645e-05,
    0.0692099616955999,
    -0.052386410868152655,
    -0.03247486654215703,
    0.03596700503754813,
    0.034910671268696736,
    0.034753398497282206,
    0.06890276273469498,
    0.0030187498382607814,
    0.002969588022978975,
    -0.037779096881188634,
    -0.031800491086578786,
    -0.05209244090087428,
    0.036216811832520124,
    0.03554416218501477,
    0.03556382020681992,
    -0.037779865240265664,
    0.002976040947513914,
    0.0030242565279772204,
    0.06888629950866143,
    -0.05208995763257618,
    -0.03179868915201056,
    0.03621795401903949,
    0.035562099264977554,
    0.03554418379200819
  ],
  "dipole_vec_eA": [
    0.10174590825253946,
    8.530041190580708e-05,
    -1.4309609782829927e-15
  ],
  "dipole_mag_D": 0.4887065527194903,
  "HOMO_eV": -8.506808217575196,
  "LUMO_eV": -8.041345335266172,
  "gap_eV": 0.46546288230902455
}