{
  "tag": "RMC-Pt_2-Zr_2-A2-B1-NNNNNS",
  "energy_eV": -2523.3212712840045,
  "multiplicity": 3,
  "charge": 1,
  "sym1": "Pt",
  "ox1": 2,
  "sym2": "Zr",
  "ox2": 2,
  "acid": "A2",
  "base": "B1",
  "bridge": [
    "N",
    "S"
  ],
  "S1_ref": 0.0,
  "S2_ref": 1.0,
  "mulliken_q_e": [
    0.010856440719331117,
    0.8265976144028754,
    -0.2933642415611868,
    -0.11597506402189023,
    -0.026260324540413382,
    -0.06368266106242038,
    -0.216745474769239,
    -0.2279256135943193,
    0.06444519492747225,
    -0.005533404887643645,
    -0.03654383888198742,
    -0.030848123641095793,
    -0.03699435989836397,
    -0.0012430304862673935,
    0.04906123758968628,
    0.05700249499492038,
    0.05091819874913839,
    0.026400590641991295,
    0.038974579310814716,
    0.05177600950216488,
    0.06061453948760276,
    0.1154724687767732,
    -0.020979161158716897,
    -0.032753297182546603,
    -0.03469094696939279,
    -0.033579561852846496,
    -0.0073742342658489335,
    0.0506953298054762,
    0.05718371998133953,
    0.05241092961653937,
    0.032840713113729825,
    0.040162532567963316,
    0.06719265770560723,
    0.07106799143838938,
    -0.038771391251752885,
    0.060294791334429165,
    0.06231664279567828,
    -0.038594885379468424,
    -0.025827164923359902,
    -0.02438300175801089,
    0.060380682691976384,
    0.05755584091436061,
    0.06438056236503553,
    0.06553228895203633,
    -0.03383245038159566,
    0.046996451923255966,
    0.04433483115083359,
    -0.035243253613488124,
    -0.028700420476216237,
    -0.029200005916024674,
    0.06410558550477485,
    0.06195110902237222,
    0.06340785929318848,
    0.06411602315355647
  ],
  "dipole_vec_eA": [
    0.6609450458547894,
    -0.06273306149154646,
    -1.9423300196379456e-10
  ],
  "dipole_mag_D": 3.1889217627244166,
  "HOMO_eV": -11.036110752061878,
  "LUMO_eV": -10.857776684446762,
  "gap_eV": 0.1783340676151166
}