{
  "tag": "RMC-Rh_2-Ru_3-A2-B4-NNNNNS",
  "energy_eV": -2070.769181266395,
  "multiplicity": 3,
  "charge": 2,
  "sym1": "Rh",
  "ox1": 2,
  "sym2": "Ru",
  "ox2": 3,
  "acid": "A2",
  "base": "B4",
  "bridge": [
    "N",
    "S"
  ],
  "S1_ref": 0.5,
  "S2_ref": 0.5,
  "mulliken_q_e": [
    -0.017770874605119835,
    -0.013770790136691025,
    -0.13068663656282364,
    0.2911789955202807,
    0.02578135579751306,
    -0.1310384503967894,
    -0.07732118116797726,
    -0.13019957141846739,
    0.015669684505085213,
    0.009608339006350608,
    -0.00920320318584178,
    -0.01056693093832628,
    -0.006129752504602681,
    0.014251671271372945,
    0.09243653891802717,
    0.09860158269837294,
    0.09408941649673719,
    0.05333906978136671,
    0.06603536464935633,
    0.09867529729987001,
    0.10995385336465457,
    0.07740470418736467,
    0.029325710044852293,
    -0.012677647854395735,
    -0.007722499643821434,
    0.005675308633806164,
    0.0003446244186364744,
    0.08661672053588731,
    0.09746085749612643,
    0.09419423216573763,
    0.07448957056537875,
    0.015513414340319276,
    0.13048894143573742,
    0.08886728807879929,
    -0.029031098533635058,
    -0.046849697808932556,
    0.12099348740388893,
    0.12099348740388816,
    0.12089663223700486,
    0.12089663223700353,
    -0.039753766353031184,
    -0.020048353651292095,
    0.13095983829445035,
    0.1309598382944508,
    0.13353399888848894,
    0.13353399888849116
  ],
  "dipole_vec_eA": [
    0.4364895514872209,
    -0.3453000277656903,
    5.155353946737169e-15
  ],
  "dipole_mag_D": 2.673254988980842,
  "HOMO_eV": -15.601151182068138,
  "LUMO_eV": -14.996546623805983,
  "gap_eV": 0.6046045582621549
}