{
  "tag": "RMC-Pd_2-Ru_3-A2-B10-NNNNOO",
  "energy_eV": -3344.474699136062,
  "multiplicity": 2,
  "charge": 3,
  "sym1": "Pd",
  "ox1": 2,
  "sym2": "Ru",
  "ox2": 3,
  "acid": "A2",
  "base": "B10",
  "bridge": [
    "O",
    "O"
  ],
  "S1_ref": 0.0,
  "S2_ref": 0.5,
  "mulliken_q_e": [
    0.28510140588751687,
    0.08778731042430465,
    -0.23357240413716363,
    -0.23357277145754618,
    -0.054482132961909846,
    -0.05450235813502924,
    -0.06225731842773774,
    -0.06225638029037417,
    0.20306211684936226,
    -0.0033458814683895444,
    -0.0061203475813245145,
    -0.013129547810118103,
    -0.005278160847725255,
    -0.009126481410365317,
    0.09493737029013105,
    0.11170337474922454,
    0.0948125324032345,
    0.07203720392082302,
    0.06339332059747593,
    0.10322390175434526,
    0.11483015007492803,
    0.2030607780170195,
    -0.0033458058590718487,
    -0.006131374439671156,
    -0.013126676601345144,
    -0.0052779378354235185,
    -0.009132921278587114,
    0.09493971749130026,
    0.11170197985017483,
    0.09480976236965077,
    0.07203214630861288,
    0.06340370037288379,
    0.10322492524360183,
    0.11482722500991327,
    0.07263409541259658,
    0.024102614121607413,
    0.04017688643402795,
    -0.006517658314868502,
    0.0024376769932956677,
    -0.03312474347213512,
    0.11201285923131832,
    0.11063753308404445,
    0.08459730041381586,
    -0.006518409863714991,
    0.04018057029013722,
    0.02410044214169149,
    0.07263357699666972,
    -0.033136505105935576,
    0.0024398108444105837,
    0.11201267256913494,
    0.08459876616162765,
    0.11063752496423085,
    0.0836715392498586,
    0.034831010403895135,
    0.041300262303190616,
    -0.006676444924833325,
    0.006389479293406053,
    -0.03295666866692737,
    0.1130260896410451,
    0.11142392594518491,
    0.08491838107244243,
    -0.0066731406993632,
    0.04130103953226971,
    0.034831024873376304,
    0.08367496744010139,
    -0.03295677595827873,
    0.006394352033072481,
    0.11302277565257479,
    0.08491788723551474,
    0.11142486164547649
  ],
  "dipole_vec_eA": [
    -0.1040910480285687,
    -3.4233333549089264e-05,
    -5.218962100418405e-07
  ],
  "dipole_mag_D": 0.49997059340459576,
  "HOMO_eV": -17.720797874011065,
  "LUMO_eV": -17.63555653392077,
  "gap_eV": 0.08524134009029538
}