{
  "tag": "RMC-Os_2-V_2-A2-B2-NNNNOO",
  "energy_eV": -3064.94847599115,
  "multiplicity": 2,
  "charge": 2,
  "sym1": "Os",
  "ox1": 2,
  "sym2": "V",
  "ox2": 2,
  "acid": "A2",
  "base": "B2",
  "bridge": [
    "O",
    "O"
  ],
  "S1_ref": 0.0,
  "S2_ref": 0.5,
  "mulliken_q_e": [
    0.3615774169097269,
    0.3419568668031314,
    -0.2813659223480325,
    -0.28137049031118955,
    -0.07896024376071997,
    -0.07893095627600366,
    -0.11700991952353679,
    -0.1169961839695397,
    0.17644268855347067,
    -0.01231657247508533,
    -0.017877085494322653,
    -0.020242338277741023,
    -0.019546342686346252,
    -0.011985913491871836,
    0.07923326703785627,
    0.09136114579441545,
    0.07935061816336697,
    0.05569780977168559,
    0.032696332750832946,
    0.08670103028966358,
    0.09017421206322573,
    0.17643885621007027,
    -0.012303205013682206,
    -0.0178803744561431,
    -0.02024687489461563,
    -0.019549328162637325,
    -0.011974064444389976,
    0.07924624034757999,
    0.09136050438223453,
    0.07936029415178836,
    0.05568446898935964,
    0.03269376614094566,
    0.08670264628628144,
    0.09017331197299949,
    -0.014803409075888174,
    0.028594806826278685,
    0.007853619745584517,
    0.061750910384051894,
    -0.03216768614354626,
    -0.01861053981998806,
    0.08746671525531069,
    0.07254958844741433,
    0.08366075401871276,
    0.06173212883931778,
    -0.014799122181463398,
    -0.018607195801795706,
    -0.03216012859974571,
    0.08746078766250576,
    0.08365683968200754,
    0.07255172068561966,
    -0.014807431459908482,
    0.027464836339817555,
    0.010049804922789063,
    0.06802556732257559,
    -0.032899395879141924,
    -0.018899216449891787,
    0.08609399110676219,
    0.07010758460535615,
    0.08141263790071507,
    0.06800632283225161,
    -0.01480554767747777,
    -0.01890071628709844,
    -0.0328880590576317,
    0.08609146444010973,
    0.08141343450385186,
    0.07010926129565753
  ],
  "dipole_vec_eA": [
    -0.049358622321252855,
    0.0024974376117568153,
    6.380795877317502e-09
  ],
  "dipole_mag_D": 0.2373828295864868,
  "HOMO_eV": -14.830357124794249,
  "LUMO_eV": -14.349087936033014,
  "gap_eV": 0.48126918876123526
}