{
  "tag": "RMC-Cd_2-Ta_3-A2-B5-NNNNNN",
  "energy_eV": -1888.9238982979807,
  "multiplicity": 3,
  "charge": 1,
  "sym1": "Cd",
  "ox1": 2,
  "sym2": "Ta",
  "ox2": 3,
  "acid": "A2",
  "base": "B5",
  "bridge": [
    "N",
    "N"
  ],
  "S1_ref": 0.0,
  "S2_ref": 1.0,
  "mulliken_q_e": [
    0.3335838208915627,
    0.4739299888494428,
    -0.15452527892102785,
    -0.1545266553582869,
    -0.2386001209199482,
    -0.23857985454665043,
    -0.10728414875600656,
    -0.10728452619941908,
    0.07507249263668703,
    -0.004181112402650289,
    -0.018429483821451376,
    -0.024538137778683744,
    -0.021085301531074796,
    -0.008678249328595289,
    0.06660091860751416,
    0.06688190825888973,
    0.06163189682253323,
    0.031247467335778323,
    0.09529047267296131,
    0.0700374139038954,
    0.09328020097352929,
    0.07506903244112628,
    -0.004187112940988946,
    -0.018426186601228967,
    -0.02453163970773331,
    -0.021087976674703857,
    -0.008682100759505929,
    0.06659259453290889,
    0.0668790719640513,
    0.061633609802477785,
    0.031235682596150838,
    0.09529331614550096,
    0.07003726708445823,
    0.0932706492359775,
    -0.044724597547275646,
    -0.04473267310370499,
    0.13718431414517762,
    0.13718297496374565,
    -0.0717401401492268,
    -0.07202844379897555,
    0.09295358089268957,
    0.0929650660965109
  ],
  "dipole_vec_eA": [
    -0.39311777160384453,
    -0.00027350705279425387,
    6.308671943307801e-14
  ],
  "dipole_mag_D": 1.888225416179619,
  "solvation_E_eV": null
}