{
  "tag": "RMC-Hg_2-In_1-A2-B4-NNNNNN",
  "energy_eV": -1951.6842340332005,
  "multiplicity": 1,
  "charge": -1,
  "sym1": "Hg",
  "ox1": 2,
  "sym2": "In",
  "ox2": 1,
  "acid": "A2",
  "base": "B4",
  "bridge": [
    "N",
    "N"
  ],
  "S1_ref": 0.0,
  "S2_ref": 0.0,
  "mulliken_q_e": [
    0.04508315084083059,
    0.2547708320037849,
    -0.1779129540592599,
    -0.17791581586979577,
    -0.2910369059468638,
    -0.2910103380471767,
    -0.16384852926685567,
    -0.16385577482169023,
    0.06405869984716839,
    -0.03769657468069032,
    -0.042861676052495135,
    -0.04971376792384641,
    -0.044239583682111894,
    -0.022860399737714365,
    -0.004328653989758902,
    -0.005442608051524189,
    0.002540442913371521,
    0.001991580712238372,
    0.09172547890899985,
    -0.0122148039731238,
    0.0006286029110715852,
    0.06405432094878916,
    -0.03769935403175717,
    -0.042852347348368625,
    -0.049713955752601846,
    -0.04422765531651285,
    -0.022876285565591292,
    -0.004332147235767803,
    -0.005444744513863675,
    0.0025373724182767843,
    0.00199897910184732,
    0.09173538760375077,
    -0.012217255140210437,
    0.0006153683889061901,
    -0.06423279609443222,
    -0.06424006303844743,
    0.03568188807093553,
    0.03568188807093131,
    0.035681326543035796,
    0.0356813265430308,
    -0.071662657930057,
    -0.0716634097903468,
    0.05290865696865976,
    0.05290865696866032,
    0.05290854904801312,
    0.052908549048011455
  ],
  "dipole_vec_eA": [
    1.1452001363592292,
    3.758102025575739e-05,
    5.443965642045959e-14
  ],
  "dipole_mag_D": 5.50063018792704,
  "HOMO_eV": -5.45468488529402,
  "LUMO_eV": -4.1477983194318115,
  "gap_eV": 1.3068865658622082
}