{
  "tag": "RMC-Cu_2-V_2-A2-B1-NNNNNO",
  "energy_eV": -2541.4646614887506,
  "multiplicity": 1,
  "charge": 1,
  "sym1": "Cu",
  "ox1": 2,
  "sym2": "V",
  "ox2": 2,
  "acid": "A2",
  "base": "B1",
  "bridge": [
    "N",
    "O"
  ],
  "S1_ref": 0.5,
  "S2_ref": 0.5,
  "mulliken_q_e": [
    0.4131214669063614,
    0.2773167011577987,
    -0.2597354565746597,
    -0.302589138424572,
    -0.18319616898160906,
    -0.14264893091064645,
    -0.11875685716992845,
    -0.1245156645280785,
    0.16653277278895184,
    -0.011601760436372954,
    -0.02068369298752981,
    -0.030423078720314356,
    -0.025083415046786017,
    -0.021318463255178166,
    0.06649757050013672,
    0.06816630990927441,
    0.061634126833803315,
    0.03860110169992348,
    0.06538066778613616,
    0.05598303633526591,
    0.06609928282081934,
    0.11015425143173307,
    -0.0011930650334017745,
    -0.016228986274931856,
    -0.03180531618560778,
    -0.018628075316774906,
    -0.015283218942508947,
    0.06621494984382748,
    0.06573076189612292,
    0.06022226308506262,
    0.048155571681169684,
    0.06740077870743444,
    0.0664199047100793,
    0.06428614269123223,
    -0.036760825243482786,
    0.0634959131714532,
    0.05576231487008276,
    -0.035619816067001375,
    -0.022827137834493305,
    -0.02101666546496017,
    0.05542624630338244,
    0.05564339960405007,
    0.0669191934212332,
    0.06746971839429161,
    -0.03857609112311833,
    0.06380042950948628,
    0.06493900218376591,
    -0.03788617677950934,
    -0.02517643450053919,
    -0.024662343966119105,
    0.0575597029668492,
    0.05679809730108121,
    0.06511436341787569,
    0.06537073783946024
  ],
  "dipole_vec_eA": [
    -0.51623456180314,
    -0.17107793271176747,
    -8.61543649515687e-16
  ],
  "dipole_mag_D": 2.6121915511036136,
  "HOMO_eV": -11.590880627913629,
  "LUMO_eV": -11.485166852220084,
  "gap_eV": 0.10571377569354468
}