{
  "tag": "RMC-Hf_2-Nb_3-A2-B6-NNNNSS",
  "energy_eV": -2133.6994541842305,
  "multiplicity": 1,
  "charge": 3,
  "sym1": "Hf",
  "ox1": 2,
  "sym2": "Nb",
  "ox2": 3,
  "acid": "A2",
  "base": "B6",
  "bridge": [
    "S",
    "S"
  ],
  "S1_ref": 1.0,
  "S2_ref": 1.0,
  "mulliken_q_e": [
    0.438725877181274,
    0.18356213345215333,
    -0.08420162516482785,
    -0.0841855548651631,
    -0.1041190096454121,
    -0.10412015284221088,
    -0.10344157006240318,
    -0.10344226189440886,
    0.07075669218951441,
    0.019117464919431226,
    0.005929245625252433,
    -0.005494609600419809,
    0.005454809946772166,
    0.015683867688497832,
    0.11289417052523532,
    0.12381086433445332,
    0.11276792903497002,
    0.0750973401571624,
    0.0700520807725602,
    0.10658648200008258,
    0.11753977556717721,
    0.07076055481717036,
    0.019118477058224892,
    0.005932910376871714,
    -0.005494440748108342,
    0.005455066864401337,
    0.01569092453351484,
    0.11289497225317136,
    0.12380980746073711,
    0.11277536543177913,
    0.07509910842475143,
    0.07005635370359298,
    0.10658547632457416,
    0.11754543695481656,
    -0.10093894655351643,
    -0.02542747906004217,
    -0.025418045716897986,
    0.14745701884649698,
    0.15025470401788676,
    0.13365002356610078,
    0.1336447295455484,
    0.12866889439888973,
    0.1286633649129656,
    -0.07673193248535881,
    -0.005530749920845013,
    -0.005530525088814686,
    0.12696743308169767,
    0.12380275097956184,
    0.10999754303604292,
    0.10999571720026902,
    0.12363643079020858,
    0.12363510514911424
  ],
  "dipole_vec_eA": [
    -0.39232815605262084,
    7.270833549681355e-06,
    -0.19455904189486245
  ],
  "dipole_mag_D": 2.1034229237387034,
  "HOMO_eV": -17.827867833736935,
  "LUMO_eV": -17.70905925719175,
  "gap_eV": 0.11880857654518451
}