{
  "tag": "RMC-Ti_2-Zn_2-A2-B7-NNNNNO",
  "energy_eV": -2090.0466843808067,
  "multiplicity": 3,
  "charge": 1,
  "sym1": "Ti",
  "ox1": 2,
  "sym2": "Zn",
  "ox2": 2,
  "acid": "A2",
  "base": "B7",
  "bridge": [
    "N",
    "O"
  ],
  "S1_ref": 1.0,
  "S2_ref": 0.0,
  "mulliken_q_e": [
    0.6056811725509903,
    0.32362725421182215,
    -0.3637555086049038,
    -0.3733527396181566,
    -0.17019019051659967,
    -0.15595106994334484,
    -0.15021810627661814,
    -0.11367556987300609,
    0.1849496342765482,
    -0.022215814957473823,
    -0.03415505204429503,
    -0.030336744344783284,
    -0.0309458185364333,
    -0.02292573280479515,
    0.05692870946883355,
    0.06399622096446411,
    0.059256142728461914,
    0.06536582614684572,
    0.04152993393501392,
    0.06057162034087993,
    0.05618724105605144,
    0.12057363254371856,
    -0.025472562379142083,
    -0.019040697264048,
    -0.035326705531408376,
    -0.019257543515373232,
    -0.0223811836639336,
    0.054896322306778655,
    0.060574063975450176,
    0.05607808699959538,
    0.06789446231793139,
    0.049616578685309776,
    0.053318285908745655,
    0.0599796720378577,
    0.025331689421705716,
    -0.060098300379821,
    0.061325380525175666,
    0.07802596449541588,
    0.0015860237968647883,
    0.0862465039277881,
    0.08624650392778799,
    0.021450555302207075,
    -0.045990185254765725,
    0.055470114218620914,
    0.07518978595398684,
    0.0037888886022818813,
    0.07980162744091013,
    0.07980162744091013
  ],
  "dipole_vec_eA": [
    0.020351741497564798,
    0.11571086481219858,
    -1.5275122805147168e-15
  ],
  "dipole_mag_D": 0.5643141101217691,
  "HOMO_eV": -11.11139735624228,
  "LUMO_eV": -10.99066930575469,
  "gap_eV": 0.12072805048759072
}