{
  "tag": "RMC-Os_2-V_3-A2-B5-NNNNNO",
  "energy_eV": -1986.2600673402967,
  "multiplicity": 3,
  "charge": 2,
  "sym1": "Os",
  "ox1": 2,
  "sym2": "V",
  "ox2": 3,
  "acid": "A2",
  "base": "B5",
  "bridge": [
    "N",
    "O"
  ],
  "S1_ref": 0.0,
  "S2_ref": 1.0,
  "mulliken_q_e": [
    0.3395774382202802,
    0.33139053086264836,
    -0.04854456651140748,
    -0.20321471934362179,
    -0.07359389518120407,
    -0.0865783479862079,
    -0.0673451872718891,
    -0.1628505273277796,
    0.16481395512612007,
    0.012280609827942657,
    -0.0002518899854682122,
    -0.009825409664010465,
    -0.005696484478588282,
    0.002230801099964097,
    0.11227886800704823,
    0.11468434762669188,
    0.10405690756944652,
    0.08848435935374455,
    0.06287187607749489,
    0.12529732778248925,
    0.09185255460961594,
    0.06545377955205156,
    0.008013318262336089,
    0.0036683993669099912,
    -0.01128091904351769,
    -0.0029865673669466908,
    0.008430498370306294,
    0.10050824137868652,
    0.10275669465835269,
    0.09742578642012922,
    0.032168630941891374,
    0.06180576990454156,
    0.10621609635934326,
    0.10252512010945602,
    0.02339756362255696,
    0.026029226029545827,
    0.0942264019575485,
    0.0998900308091164,
    -0.03417516066614157,
    -0.04610177283393213,
    0.1431399171920853,
    0.12697039661801401
  ],
  "dipole_vec_eA": [
    -0.7464311058448541,
    -0.24469715953276297,
    -1.6185459200219398e-06
  ],
  "dipole_mag_D": 3.772995974249657,
  "solvation_E_eV": null
}