{
  "tag": "RMC-Cu_2-In_1-A2-B2-NNNNSS",
  "energy_eV": -3024.691980532154,
  "multiplicity": 2,
  "charge": 1,
  "sym1": "Cu",
  "ox1": 2,
  "sym2": "In",
  "ox2": 1,
  "acid": "A2",
  "base": "B2",
  "bridge": [
    "S",
    "S"
  ],
  "S1_ref": 0.5,
  "S2_ref": 0.0,
  "mulliken_q_e": [
    0.2289808008067174,
    0.29424769723792,
    -0.19605763195539316,
    -0.19606962743706105,
    -0.12494367626226799,
    -0.12493789926211396,
    -0.11376602626769472,
    -0.11377540355401727,
    0.07954839265937563,
    0.0011716377412658296,
    -0.030150128948285504,
    -0.028899579299317857,
    -0.028376351023064572,
    0.00017353239085138306,
    0.05175557840037015,
    0.059878355416785434,
    0.053478436041746846,
    0.036530419191186825,
    0.06030901800979671,
    0.06790583869080868,
    0.057263604344836794,
    0.07956128201578094,
    0.0011722806252645324,
    -0.03017426109970489,
    -0.028894977944501132,
    -0.028404479009476846,
    0.00016546529886496408,
    0.05176082839814111,
    0.05987747977855373,
    0.05347876886199521,
    0.03656202091534455,
    0.060281437289732676,
    0.0679032377792218,
    0.05726105246236357,
    -0.02675071404003293,
    0.01987889899073214,
    -0.00682591400122412,
    0.057470199229161745,
    -0.03769984808601157,
    -0.026665092821993364,
    0.06094285156034662,
    0.057430418379119774,
    0.05847127510121808,
    0.05747009365026812,
    -0.026752689661512452,
    -0.026664467694992977,
    -0.03771098431376907,
    0.06094076236337176,
    0.05847171982066701,
    0.05742924021475637,
    -0.030628088389548225,
    0.02044905889062565,
    -0.007045775874358728,
    0.06271076905045159,
    -0.043175007836357526,
    -0.025640724102535595,
    0.05975543786389159,
    0.055276744277771406,
    0.0578633114910192,
    0.06272232278149992,
    -0.030626133352528617,
    -0.025642402783717433,
    -0.04317256167785555,
    0.05975746637884072,
    0.057867300302270386,
    0.05527540894270033
  ],
  "dipole_vec_eA": [
    0.11392722688831593,
    0.0011163092073685713,
    -1.7378595946323123e-12
  ],
  "dipole_mag_D": 0.5472420109687185,
  "HOMO_eV": -10.974654949562,
  "LUMO_eV": -10.945082593843411,
  "gap_eV": 0.02957235571858874
}