{
  "tag": "RMC-Cr_3-Cr_3-A2-B6-NNNNNN",
  "energy_eV": -2154.9626205398113,
  "multiplicity": 1,
  "charge": 2,
  "sym1": "Cr",
  "ox1": 3,
  "sym2": "Cr",
  "ox2": 3,
  "acid": "A2",
  "base": "B6",
  "bridge": [
    "N",
    "N"
  ],
  "S1_ref": 0.5,
  "S2_ref": 0.5,
  "mulliken_q_e": [
    0.5812274050455707,
    0.581196528703774,
    -0.3096138361625571,
    -0.3096175074967089,
    -0.15396047647879318,
    -0.1539817990178982,
    -0.15397315722364713,
    -0.15397317004728395,
    0.10585353984369972,
    -0.002964477768303775,
    -0.005230281703687112,
    -0.016556898289041833,
    -0.005234416436334488,
    -0.002961041307796286,
    0.09118250801638883,
    0.09849672569801482,
    0.09118645719290852,
    0.06078615609894733,
    0.06078100352251936,
    0.08151130593671452,
    0.08151436928880895,
    0.10585929620257106,
    -0.0029678155381771543,
    -0.0052352123494598946,
    -0.016552998798044616,
    -0.005231577203653526,
    -0.0029743114481635136,
    0.09118440998391997,
    0.0984926917742146,
    0.09118238309269644,
    0.06078537609422785,
    0.06079743317618802,
    0.08151058641297937,
    0.08150405263527727,
    -0.07841742071296776,
    -0.011376071901954443,
    -0.011371158866075426,
    0.09382700942681532,
    0.08152708042125467,
    0.07584251775421269,
    0.07584155209103438,
    0.08605767824617994,
    0.08605709988939148,
    -0.07841700595052381,
    -0.011372321904061122,
    -0.011372480338284419,
    0.09382594125113786,
    0.08152684606549687,
    0.07584160996444778,
    0.07584195626977108,
    0.0860566822862785,
    0.08605723455767045
  ],
  "dipole_vec_eA": [
    -6.980766096818579e-05,
    -2.6113895990467054e-05,
    0.0576967649452924
  ],
  "dipole_mag_D": 0.27712957897659535,
  "HOMO_eV": -15.429591922081835,
  "LUMO_eV": -15.237477090088841,
  "gap_eV": 0.19211483199299373
}