{
  "tag": "RMC-Cr_3-Os_3-A2-B7-NNNNOS",
  "energy_eV": -2134.469479267226,
  "multiplicity": 1,
  "charge": 4,
  "sym1": "Cr",
  "ox1": 3,
  "sym2": "Os",
  "ox2": 3,
  "acid": "A2",
  "base": "B7",
  "bridge": [
    "O",
    "S"
  ],
  "S1_ref": 0.5,
  "S2_ref": 0.5,
  "mulliken_q_e": [
    0.6511076013103784,
    0.4310407334109251,
    -0.3331128812321331,
    0.12123713648077135,
    -0.11334089045076623,
    -0.10949396215574869,
    -0.03337962803386052,
    -0.01800694507508438,
    0.034481757381984446,
    0.03299887950441738,
    0.01726901894813726,
    0.015204834855255145,
    0.018797867527112322,
    0.028201976451762034,
    0.14764638722225254,
    0.16408644881526158,
    0.14820065595854925,
    0.04314915088660376,
    0.059983889113726985,
    0.15828202490856425,
    0.1460940354077923,
    0.20786741086523342,
    0.006454236635685229,
    0.011871448509990001,
    0.0064862132049881005,
    0.01081459345879976,
    0.00926631086181029,
    0.14092480416441866,
    0.15997121920806,
    0.1425002462526831,
    0.06330418753957123,
    0.06955164830489236,
    0.1573724768209641,
    0.14470446152133454,
    0.011762221785433624,
    -0.030966746648441568,
    0.13936795019793013,
    0.16116825718151861,
    -0.027209055366415047,
    0.16794312443203674,
    0.1679431244179277,
    0.01822914367220707,
    -0.010664716599941393,
    0.15853206404666387,
    0.17384961814926192,
    -0.03540082330333982,
    0.18195424628565737,
    0.18195424383641168
  ],
  "dipole_vec_eA": [
    0.040280668087990426,
    0.016862711686708682,
    -4.0818108342656516e-07
  ],
  "dipole_mag_D": 0.20974572147266507,
  "HOMO_eV": -22.254918092745374,
  "LUMO_eV": -22.09488408726194,
  "gap_eV": 0.1600340054834355
}