{
  "tag": "RMC-In_1-Zn_2-A2-B10-NNNNSS",
  "energy_eV": -3167.7708852502674,
  "multiplicity": 1,
  "charge": 1,
  "sym1": "In",
  "ox1": 1,
  "sym2": "Zn",
  "ox2": 2,
  "acid": "A2",
  "base": "B10",
  "bridge": [
    "S",
    "S"
  ],
  "S1_ref": 0.0,
  "S2_ref": 0.0,
  "mulliken_q_e": [
    0.3022130950246988,
    0.25428244810392076,
    -0.22574105941791742,
    -0.22573854189172288,
    -0.16166053859396778,
    -0.16166853228645484,
    -0.1358289045397838,
    -0.13582332138480635,
    0.08329936308368557,
    -0.002231621658500327,
    -0.020341932228613357,
    -0.031009538393471647,
    -0.01730677629390276,
    0.003110099842387415,
    0.054560637638266574,
    0.0622550490196776,
    0.05932702976816684,
    0.06941719521801337,
    0.07758499200831537,
    0.06617250337855463,
    0.04172865054199415,
    0.08331424382714436,
    -0.0022342114336486585,
    -0.02034477671537438,
    -0.03101216177368249,
    -0.017304608821526735,
    0.003106260172860198,
    0.054561192897432,
    0.06225474819453236,
    0.05932614347258547,
    0.06941643074499049,
    0.07758351477158465,
    0.06617205855175157,
    0.041722803472826864,
    0.0712869068871107,
    -0.012896094311038997,
    0.010755302691381585,
    -0.02953734852674117,
    -0.02296579459672521,
    -0.044180028939602156,
    0.059185967289785535,
    0.05735641395981572,
    0.051504529943451116,
    -0.029547876914490567,
    0.01075933655616379,
    -0.012917788992862445,
    0.07128708064180622,
    -0.04418423740575772,
    -0.02294496243566302,
    0.05919479167177977,
    0.05150230931575284,
    0.05734948401161655,
    0.07048609567056952,
    -0.0009762690656709427,
    0.0127223009998787,
    -0.028555975285648794,
    -0.02130844086691419,
    -0.04626131221534413,
    0.06136746387823111,
    0.05952408609861515,
    0.05091396030572759,
    -0.02854768045724576,
    0.012718771702045162,
    -0.000974226486293972,
    0.07049488662011671,
    -0.04624895908153026,
    -0.021326264245601134,
    0.06136043973486005,
    0.05091269719369296,
    0.05952850035436108
  ],
  "dipole_vec_eA": [
    0.34826383519449366,
    -4.603185747498139e-05,
    -1.493412382779002e-14
  ],
  "dipole_mag_D": 1.672782354904769,
  "HOMO_eV": -11.804598373584824,
  "LUMO_eV": -10.894023750068511,
  "gap_eV": 0.9105746235163128
}