{
  "tag": "RMC-Fe_3-Hf_2-A2-B7-NNNNNN",
  "energy_eV": -2126.435181947715,
  "multiplicity": 2,
  "charge": 1,
  "sym1": "Fe",
  "ox1": 3,
  "sym2": "Hf",
  "ox2": 2,
  "acid": "A2",
  "base": "B7",
  "bridge": [
    "N",
    "N"
  ],
  "S1_ref": 0.5,
  "S2_ref": 1.0,
  "mulliken_q_e": [
    0.6721949722111421,
    0.8440650532717491,
    -0.3893007700635307,
    -0.3867064075562565,
    -0.18209334910590136,
    -0.16554446623062935,
    -0.21643128280245327,
    -0.19510947312920646,
    0.10139156926469273,
    -0.02977534258320902,
    -0.0327821155611705,
    -0.03532983581368265,
    -0.030082446397011298,
    -0.019764708253967145,
    0.048784340578221785,
    0.05569565270070276,
    0.05359359864332158,
    0.031796329714607774,
    0.035907155838150295,
    0.05538171591727514,
    0.051729082917226554,
    0.10081121637666723,
    -0.03367019032890428,
    -0.03116439911920632,
    -0.03677681310572645,
    -0.028823378895289187,
    -0.02091826681302722,
    0.04874915838841065,
    0.05602399271609093,
    0.05365692376224873,
    0.041015946530639,
    0.034971165897832,
    0.05383679258646179,
    0.04784532093657312,
    0.010896404311545593,
    -0.060015368806972,
    0.055222689306904105,
    0.07315164146193098,
    -0.015055319036870074,
    0.0800758506215381,
    0.08007585062153844,
    0.02464206591810192,
    -0.0696288979157682,
    0.05393028561078095,
    0.06543078326826879,
    0.010739378846869485,
    0.0686789466500729,
    0.06867894665007523
  ],
  "dipole_vec_eA": [
    0.6031657236431446,
    0.21435639192299516,
    -3.392839776912496e-15
  ],
  "dipole_mag_D": 3.07464189387652,
  "HOMO_eV": -10.831072888873733,
  "LUMO_eV": -10.80690961980302,
  "gap_eV": 0.02416326907071209
}