{
  "tag": "RMC-Nb_3-Rh_2-A2-B2-NNNNNO",
  "energy_eV": -3050.6090717823513,
  "multiplicity": 2,
  "charge": 2,
  "sym1": "Nb",
  "ox1": 3,
  "sym2": "Rh",
  "ox2": 2,
  "acid": "A2",
  "base": "B2",
  "bridge": [
    "N",
    "O"
  ],
  "S1_ref": 1.0,
  "S2_ref": 0.5,
  "mulliken_q_e": [
    0.3022888401510542,
    -0.00327499764883743,
    -0.16015204574141428,
    -0.20760777805154684,
    -0.10705709652232454,
    -0.12003798828878276,
    -0.019349805086311234,
    -0.036185181001031186,
    0.18164935863090337,
    -0.005063069114882968,
    -0.01457338897956384,
    -0.019491555089629964,
    -0.013905664298326403,
    -0.009887426130260613,
    0.0827468177663635,
    0.09327645826358633,
    0.08108810380587472,
    0.05056814641468721,
    0.07138922335806464,
    0.08402050204261569,
    0.07804670021054794,
    0.11563449210957844,
    0.007635249320182558,
    -0.00851901678936029,
    -0.01793823690805718,
    -0.008143632678424328,
    0.0027466310838220043,
    0.08374336507013491,
    0.0933050141391647,
    0.08262332807423878,
    0.04446121709029427,
    0.06302724503092128,
    0.09466247251643811,
    0.09824795812032638,
    -0.012839585199479586,
    0.025626952176912576,
    0.011429983648302722,
    0.0703559882822713,
    -0.03243165351360111,
    -0.01869515408405631,
    0.08465300830563594,
    0.06504486710468782,
    0.07961508849051446,
    0.06959318569624218,
    -0.015474975454612627,
    -0.018163729374550686,
    -0.033950908246958234,
    0.08452173786762329,
    0.08117001219303155,
    0.07066979823549302,
    -0.012074326338070485,
    0.026820967885194946,
    0.016475360553407592,
    0.06771401397361787,
    -0.03288298788660282,
    -0.01802381073906978,
    0.08567697441724065,
    0.06915563537422686,
    0.08092399935300121,
    0.06812617122279852,
    -0.013096598243086621,
    -0.017320463069930625,
    -0.033410309297985386,
    0.08574610867997157,
    0.0824144657561019,
    0.07265594176477486
  ],
  "dipole_vec_eA": [
    -0.23210169544761391,
    -0.3504773449595241,
    2.4618504762304876e-15
  ],
  "dipole_mag_D": 2.019092296487221,
  "HOMO_eV": -15.116565968828514,
  "LUMO_eV": -14.45502236439311,
  "gap_eV": 0.661543604435403
}