{
  "tag": "RMC-Cd_2-Fe_2-A2-B1-NNNNNN",
  "energy_eV": -2461.0831163963244,
  "multiplicity": 1,
  "charge": 0,
  "sym1": "Cd",
  "ox1": 2,
  "sym2": "Fe",
  "ox2": 2,
  "acid": "A2",
  "base": "B1",
  "bridge": [
    "N",
    "N"
  ],
  "S1_ref": 0.0,
  "S2_ref": 0.0,
  "mulliken_q_e": [
    0.3736788323893738,
    0.6651176253083697,
    -0.3501152140552177,
    -0.3500655573996785,
    -0.19207880189830573,
    -0.19208051712866925,
    -0.19000245668277382,
    -0.18999998912345384,
    0.09478737065662624,
    -0.025312828663768938,
    -0.03675360432519392,
    -0.04659916749937576,
    -0.03431912139663962,
    -0.027708998157174758,
    0.02817384414109314,
    0.028143599814483333,
    0.0282922975925729,
    0.04078206739671719,
    0.039954611918121774,
    0.033607660945511375,
    0.019290848328396115,
    0.09476061471616593,
    -0.02530560488495115,
    -0.03675058503034534,
    -0.0466002031462911,
    -0.03431197269183617,
    -0.027699205783593417,
    0.028173828773911724,
    0.028147944195641594,
    0.028291467333806497,
    0.04077235088183717,
    0.039963268314657574,
    0.033612429501774455,
    0.01929071828598472,
    -0.047541411889399976,
    0.05474536240853478,
    0.0547438652243295,
    -0.04754705172399909,
    -0.03962296066311599,
    -0.03962084971488933,
    0.028983685225980382,
    0.02898507734055278,
    0.02730708400596915,
    0.02730463171893449,
    -0.04745659444050743,
    0.0508529541816074,
    0.05085159922243032,
    -0.0474555639661034,
    -0.03735244878920829,
    -0.037354719975049244,
    0.04112881444899896,
    0.04112851507019599,
    0.03939050523965859,
    0.03939195511394855
  ],
  "dipole_vec_eA": [
    0.3039836311981433,
    2.409640471921141e-06,
    -1.761553848770633e-14
  ],
  "dipole_mag_D": 1.4600954754269,
  "HOMO_eV": -8.136295402366274,
  "LUMO_eV": -7.936765736605882,
  "gap_eV": 0.19952966576039177
}