{
  "tag": "RMC-Cu_1-Mn_2-A2-B4-NNNNOO",
  "energy_eV": -2124.492759577952,
  "multiplicity": 2,
  "charge": 1,
  "sym1": "Cu",
  "ox1": 1,
  "sym2": "Mn",
  "ox2": 2,
  "acid": "A2",
  "base": "B4",
  "bridge": [
    "O",
    "O"
  ],
  "S1_ref": 0.0,
  "S2_ref": 0.5,
  "mulliken_q_e": [
    0.19403265098534694,
    0.12756897490837849,
    -0.09491436228569183,
    -0.09491644251501241,
    -0.02337367002765056,
    -0.023371256712010124,
    -0.21316459724224934,
    -0.21315090286741434,
    0.14114199466780475,
    -0.0025630764847288656,
    -0.030804891629557574,
    -0.024517096920001924,
    -0.03164560499984903,
    -0.010163635483023459,
    0.06370652323447668,
    0.06693989089546848,
    0.06342793710224315,
    0.058776349373264924,
    0.03157972955775734,
    0.05657153347718025,
    0.08441561962841582,
    0.141138290354911,
    -0.0025683367381763578,
    -0.030807010450705663,
    -0.024520407697180335,
    -0.03164751155598111,
    -0.010160625294749481,
    0.06370556397084859,
    0.0669406879993596,
    0.06342924580158527,
    0.058756311351144896,
    0.03158089482401083,
    0.05657555697923067,
    0.0844152333063608,
    -0.07953457313683798,
    -0.07953371544813992,
    0.07767935127933234,
    0.07767935127933123,
    0.077679274084401,
    0.0776792740844009,
    -0.04562192899298512,
    -0.04562958786825977,
    0.08679704159145163,
    0.0867970415914524,
    0.08679745618233925,
    0.08679745618234347
  ],
  "dipole_vec_eA": [
    -0.31588680696886523,
    -0.00013916761971016084,
    -6.48458338314661e-15
  ],
  "dipole_mag_D": 1.5172690073163482,
  "HOMO_eV": -11.531502044830967,
  "LUMO_eV": -10.778637636362598,
  "gap_eV": 0.7528644084683691
}