{
  "tag": "RMC-In_1-W_2-A2-B7-NNNNSS",
  "energy_eV": -2115.3987763174055,
  "multiplicity": 1,
  "charge": 1,
  "sym1": "In",
  "ox1": 1,
  "sym2": "W",
  "ox2": 2,
  "acid": "A2",
  "base": "B7",
  "bridge": [
    "S",
    "S"
  ],
  "S1_ref": 0.0,
  "S2_ref": 0.0,
  "mulliken_q_e": [
    0.333583884855539,
    -0.13108105807971415,
    -0.09229787435741962,
    -0.09515083409799474,
    -0.14815474566701137,
    -0.14184162367483588,
    -0.07896809700949192,
    -0.06489431136057089,
    0.06886988910700009,
    0.008819262635939129,
    -0.02497900426823607,
    -0.027327131657479464,
    -0.023313384026547812,
    0.0033865231066729784,
    0.059316581490679754,
    0.0647766967969885,
    0.06106700205474214,
    0.029042188031821015,
    0.07502319500356025,
    0.048737006416398776,
    0.05726044298639277,
    0.06576095869682752,
    0.008248499281840127,
    -0.023922825515242385,
    -0.0280304629434891,
    -0.022659960814553237,
    0.0024149626510427957,
    0.05985036134103816,
    0.06545267693801382,
    0.06108420177086271,
    0.025406952725051557,
    0.0797846317559534,
    0.04546910340435428,
    0.056443273174207276,
    0.026172916871620266,
    -0.06672629874011449,
    0.05917718087059176,
    0.07125841999895444,
    -0.007648788241249926,
    0.08503342202498398,
    0.0850336765850348,
    0.0582381326536805,
    -0.03382641495865801,
    0.06352427240045955,
    0.07277097923910658,
    0.03764546657729362,
    0.08608497321777286,
    0.08608508077341581
  ],
  "dipole_vec_eA": [
    0.07078272383297705,
    0.21038557771986743,
    -1.2656551010243157e-06
  ],
  "dipole_mag_D": 1.0661846105393202,
  "HOMO_eV": -11.410918264316145,
  "LUMO_eV": -10.989380872507486,
  "gap_eV": 0.4215373918086591
}