{
  "tag": "RMC-Rh_2-Zr_2-A2-B2-NNNNNO",
  "energy_eV": -3057.204343515378,
  "multiplicity": 2,
  "charge": 1,
  "sym1": "Rh",
  "ox1": 2,
  "sym2": "Zr",
  "ox2": 2,
  "acid": "A2",
  "base": "B2",
  "bridge": [
    "N",
    "O"
  ],
  "S1_ref": 0.5,
  "S2_ref": 1.0,
  "mulliken_q_e": [
    -0.11502463447374212,
    0.9964679509084093,
    -0.2775460605717812,
    -0.3166920851787731,
    -0.028919424411705696,
    -0.04415079697849933,
    -0.22006287128590052,
    -0.2154676760627483,
    0.16336095845268517,
    -0.030529277952373368,
    -0.03969706771522086,
    -0.03340677807995851,
    -0.04197819157349558,
    -0.0128646180661256,
    0.049452710058066285,
    0.057899266189232135,
    0.0502673274155816,
    0.011087316102253775,
    0.04135524524466927,
    0.06570853485823835,
    0.058671329738939626,
    0.10346241473258466,
    -0.027914153080234927,
    -0.029176371447418248,
    -0.03493171262356265,
    -0.027155693194959696,
    -0.0065460451018366506,
    0.047194843003508624,
    0.05581237987893617,
    0.05101231328482991,
    0.022979981753530998,
    0.03497867932490073,
    0.0761826936740998,
    0.0649829085709458,
    -0.02762902415848334,
    0.018496307391683287,
    0.00878376600957198,
    0.06470479664842732,
    -0.04366660537552236,
    -0.027350609449209307,
    0.05870209855694364,
    0.0533840185873915,
    0.054708120217782485,
    0.06468065770806297,
    -0.029320665085891928,
    -0.02674034374606138,
    -0.044693361787007335,
    0.05837548141440585,
    0.05547566351748234,
    0.05532746951181511,
    -0.034452881420482306,
    0.01931527172024139,
    -0.012325236163707398,
    0.06772342305836232,
    -0.04865455907137295,
    -0.027658078606630276,
    0.057159792966629985,
    0.05398400372853107,
    0.05421985086713654,
    0.06742631097765273,
    -0.032902757141717975,
    -0.02796222590516706,
    -0.04811669810346508,
    0.058722154573289664,
    0.05565703738458938,
    0.05581342578167647
  ],
  "dipole_vec_eA": [
    0.5878549275594145,
    -0.11729742074787884,
    3.277985192750698e-16
  ],
  "dipole_mag_D": 2.8792479405227986,
  "HOMO_eV": -10.918785820896586,
  "LUMO_eV": -10.72245989698115,
  "gap_eV": 0.19632592391543646
}