{
  "tag": "RMC-Cr_2-Hg_2-A2-B6-NNNNNS",
  "energy_eV": -2141.5653226472623,
  "multiplicity": 1,
  "charge": 1,
  "sym1": "Cr",
  "ox1": 2,
  "sym2": "Hg",
  "ox2": 2,
  "acid": "A2",
  "base": "B6",
  "bridge": [
    "N",
    "S"
  ],
  "S1_ref": 0.0,
  "S2_ref": 0.0,
  "mulliken_q_e": [
    0.48780680494257533,
    0.025002296692777926,
    -0.26951435730607987,
    -0.11921886734483608,
    -0.14381702357525783,
    -0.18235741537085182,
    -0.17644025890273762,
    -0.15202084791748427,
    0.06217489500232709,
    0.010159527299589355,
    -0.015811614923085582,
    -0.025151492603464165,
    -0.02238650514551832,
    -0.007746160648613776,
    0.06802580303391847,
    0.06787064940796528,
    0.058594981189939443,
    0.0694590212451085,
    0.06741776902159624,
    0.02945731921110617,
    0.0480542368930047,
    0.12283357211880985,
    0.010137242816625092,
    -0.018417798559519305,
    -0.023115137655110196,
    -0.020779698630910115,
    0.00046866026515224313,
    0.06935507478790182,
    0.07101474626160975,
    0.06684145025414456,
    0.07493700217079668,
    0.055214886743864655,
    0.023991680622166833,
    0.0648304849038559,
    -0.0694998573409138,
    0.0005971461047056259,
    0.007953748083573409,
    0.07140125669350816,
    0.07434183901046598,
    0.06136111141347367,
    0.05136740968554099,
    0.07229339728903139,
    0.06342827886838787,
    -0.0639621022835355,
    0.012647821260733494,
    0.012288160998617625,
    0.054383584422028064,
    0.07011394016911088,
    0.031854383771880546,
    0.036951924824734306,
    0.06607599592162428,
    0.06953103480681999
  ],
  "dipole_vec_eA": [
    -1.132589602765049,
    -0.1002781116293719,
    0.22669389373910684
  ],
  "dipole_mag_D": 5.56882813161429,
  "solvation_E_eV": null
}