{
  "tag": "RMC-Cu_1-Re_3-A2-B10-NNNNOO",
  "energy_eV": -3346.085818092363,
  "multiplicity": 1,
  "charge": 2,
  "sym1": "Cu",
  "ox1": 1,
  "sym2": "Re",
  "ox2": 3,
  "acid": "A2",
  "base": "B10",
  "bridge": [
    "O",
    "O"
  ],
  "S1_ref": 0.0,
  "S2_ref": 0.0,
  "mulliken_q_e": [
    0.3699770570080888,
    0.23510645127748098,
    -0.2859265883486486,
    -0.2859270472820634,
    -0.14489159145500996,
    -0.14489983271332862,
    -0.049542447175476845,
    -0.04954445309470179,
    0.19302917694362454,
    -0.013015967985795518,
    -0.015270942047788338,
    -0.020739202274645763,
    -0.01077702295911842,
    -0.015578011237157074,
    0.07733206362739597,
    0.0904598672168424,
    0.07982588215705066,
    0.05347137516196754,
    0.06827844139735983,
    0.09883087285735648,
    0.07346150499868953,
    0.19302932097088754,
    -0.013016953805461862,
    -0.015272387254732456,
    -0.02073915152779371,
    -0.010776719417919356,
    -0.015582614233381031,
    0.07733178006787844,
    0.09045939173862316,
    0.079824922132258,
    0.053470877397822525,
    0.06828459567481016,
    0.09883072428699402,
    0.07345481573889157,
    0.07042699297532873,
    0.00890304700530864,
    0.024295765258181445,
    -0.018427973891079086,
    -0.01146510064253925,
    -0.041036895221333136,
    0.08271321824619216,
    0.08012036162947755,
    0.06228310416551808,
    -0.01842285720682657,
    0.024298384078959234,
    0.008900223156769194,
    0.0704309628307338,
    -0.04103946748652065,
    -0.011467025778064244,
    0.0827070599184132,
    0.062282487204881165,
    0.08012295916120915,
    0.06334330145943867,
    0.01267416840258262,
    0.024173012444698383,
    -0.01745091750753036,
    -0.012430211375904054,
    -0.04601360808357202,
    0.08651315003239557,
    0.08386932396212177,
    0.06603001825144084,
    -0.017456403104616047,
    0.024168210782222976,
    0.01267748155775994,
    0.06334419348733844,
    -0.04601289803973985,
    -0.012428310849679658,
    0.08651875007980958,
    0.06603043477580972,
    0.0838668704852219
  ],
  "dipole_vec_eA": [
    0.02969010580439695,
    -2.3756818593892277e-05,
    -2.1123321322327754e-07
  ],
  "dipole_mag_D": 0.1426076886326712,
  "HOMO_eV": -14.908506956687187,
  "LUMO_eV": -14.681223071079696,
  "gap_eV": 0.22728388560749124
}