{
  "tag": "RMC-Hf_2-Ti_3-A2-B2-NNNNSS",
  "energy_eV": -2941.6351243189997,
  "multiplicity": 2,
  "charge": 3,
  "sym1": "Hf",
  "ox1": 2,
  "sym2": "Ti",
  "ox2": 3,
  "acid": "A2",
  "base": "B2",
  "bridge": [
    "S",
    "S"
  ],
  "S1_ref": 1.0,
  "S2_ref": 0.5,
  "mulliken_q_e": [
    0.41444463653321506,
    0.4994173956482081,
    -0.15486275179592734,
    -0.15486694815503918,
    -0.0875724825925226,
    -0.08755486323783113,
    -0.1359082978342403,
    -0.13588610851233285,
    0.07755554056501057,
    0.012537577973469771,
    -0.004214631462747587,
    -0.009588410038675388,
    -0.00449699862104791,
    0.01662489172819015,
    0.09826393003840539,
    0.11246031234697118,
    0.09884712912242388,
    0.06142816779308502,
    0.056262264776484994,
    0.10259611180117656,
    0.10946813511455822,
    0.07755543767857342,
    0.012542506953512778,
    -0.004213927320634969,
    -0.009587881970077206,
    -0.004495249958634595,
    0.016627573546193597,
    0.09826755369520179,
    0.11245741702281209,
    0.09885195733983332,
    0.061435859881031174,
    0.05625970135522396,
    0.10259716449437362,
    0.10947180597270845,
    -0.006478709304912567,
    0.036434022768033536,
    0.007014888799128816,
    0.06179379086802128,
    -0.021584739693875754,
    -0.011441975506314872,
    0.10908947813239889,
    0.08847026691563475,
    0.10698826739721456,
    0.06177418693327308,
    -0.006477124829279424,
    -0.01144368935916007,
    -0.021577112522778608,
    0.10909073149816517,
    0.1069892462565315,
    0.08847967713990523,
    -0.00675463101782281,
    0.03541579598892852,
    0.008921623718357363,
    0.06553380767094219,
    -0.02354429771525446,
    -0.012020340477648217,
    0.10755168716636798,
    0.08746721459985629,
    0.10468057267705366,
    0.06550556725720491,
    -0.00674907021464799,
    -0.012019849731514709,
    -0.023535586671334707,
    0.10755091129675576,
    0.10467621284274953,
    0.08747465427038037
  ],
  "dipole_vec_eA": [
    0.02641467732990225,
    0.0037944555316394286,
    3.1893430164732816e-14
  ],
  "dipole_mag_D": 0.12817745196576033,
  "HOMO_eV": -17.01966054546398,
  "LUMO_eV": -16.967542750631715,
  "gap_eV": 0.05211779483226664
}