{
  "tag": "RMC-Cu_2-Fe_3-A2-B5-NNNNNN",
  "energy_eV": -2011.557524286757,
  "multiplicity": 1,
  "charge": 1,
  "sym1": "Cu",
  "ox1": 2,
  "sym2": "Fe",
  "ox2": 3,
  "acid": "A2",
  "base": "B5",
  "bridge": [
    "N",
    "N"
  ],
  "S1_ref": 0.5,
  "S2_ref": 0.5,
  "mulliken_q_e": [
    0.3191063273688167,
    0.6009768018374221,
    -0.1766000102324794,
    -0.17659690904197634,
    -0.20207027005114497,
    -0.20207566469051952,
    -0.09269773498716405,
    -0.09270280091671701,
    0.0772552293731601,
    -0.007456363313162573,
    -0.020233392698377095,
    -0.02679904559040125,
    -0.019552442031916195,
    -0.005549307127145076,
    0.06560521273472786,
    0.06707471438551249,
    0.0642484096214736,
    0.013034089413763494,
    0.09150986901508373,
    0.06631616609222657,
    0.10700579582903746,
    0.077256168339366,
    -0.007457080598990196,
    -0.020230164401463968,
    -0.026802524413823692,
    -0.019554393782404755,
    -0.0055493982794581065,
    0.06560394025536986,
    0.06707519225095271,
    0.06424960202854757,
    0.013041324145410593,
    0.09150855079659115,
    0.06631593388363077,
    0.10701075557509787,
    -0.07984191873562518,
    -0.07984008906291917,
    0.08076817226530364,
    0.08076914876764829,
    -0.0708746180663633,
    -0.07079608669705828,
    0.1087758031296161,
    0.10877300761043274
  ],
  "dipole_vec_eA": [
    0.9089327547731266,
    7.465323571418456e-05,
    6.020781477481315e-09
  ],
  "dipole_mag_D": 4.365789703594527,
  "HOMO_eV": -12.736600545541632,
  "LUMO_eV": -12.595566029555977,
  "gap_eV": 0.14103451598565542
}