{
  "tag": "RMC-Rh_3-Ru_2-A2-B4-NNNNNS",
  "energy_eV": -2071.2327042538464,
  "multiplicity": 1,
  "charge": 2,
  "sym1": "Rh",
  "ox1": 3,
  "sym2": "Ru",
  "ox2": 2,
  "acid": "A2",
  "base": "B4",
  "bridge": [
    "N",
    "S"
  ],
  "S1_ref": 0.0,
  "S2_ref": 0.0,
  "mulliken_q_e": [
    -0.018245669558023758,
    -0.027033261188910473,
    -0.08713561941709491,
    0.25620642115130804,
    -0.0016229488067578401,
    -0.0856889891921262,
    -0.07876028178077954,
    -0.11421016892453273,
    0.012220901582747246,
    0.008469684718851456,
    -0.006338622237242353,
    -0.013016176072871533,
    -0.006038559451076342,
    0.014019160167274114,
    0.09238320452829585,
    0.09786920369257024,
    0.09201459837646253,
    0.047469909555349465,
    0.06661396081940629,
    0.09378280870405975,
    0.12276029220401252,
    0.07061273861089012,
    0.025687906683951267,
    -0.009956881610246215,
    -0.013058870808410727,
    -0.008864386487830833,
    -0.001159345561721592,
    0.09046172342089331,
    0.09608349356315549,
    0.08437998259289092,
    0.07464046189075879,
    0.03391454208294831,
    0.12583385954553372,
    0.13725479166614252,
    -0.03819241871629209,
    -0.03872685215152227,
    0.11686025984033199,
    0.1168602591536746,
    0.11764577821343525,
    0.11764577778270446,
    -0.046570401682372475,
    -0.01349739976974007,
    0.12149250683786494,
    0.12149250720935012,
    0.12672006071402508,
    0.12672005810872722
  ],
  "dipole_vec_eA": [
    -0.22912267179285267,
    -0.12117228446026815,
    2.4963376027302183e-07
  ],
  "dipole_mag_D": 1.2449468247278248,
  "solvation_E_eV": null
}