{
  "tag": "RMC-Co_2-Nb_3-A2-B5-NNNNOO",
  "energy_eV": -2001.0555403386645,
  "multiplicity": 4,
  "charge": 3,
  "sym1": "Co",
  "ox1": 2,
  "sym2": "Nb",
  "ox2": 3,
  "acid": "A2",
  "base": "B5",
  "bridge": [
    "O",
    "O"
  ],
  "S1_ref": 0.5,
  "S2_ref": 1.0,
  "mulliken_q_e": [
    0.4434255835287998,
    0.42024970851258503,
    -0.2587688334961902,
    -0.25876350850186114,
    -0.14700810945835352,
    -0.1469801207067687,
    -0.10289102181695009,
    -0.10283375765339442,
    0.20568574869480893,
    0.01745950164764576,
    0.009151313094051705,
    0.0006879106381316724,
    0.0019444950960374463,
    0.01588809005828007,
    0.13424795819624946,
    0.14149935163806926,
    0.12718053547452035,
    0.11587670959343521,
    0.09938134506888052,
    0.17383951281637622,
    0.15555603518371097,
    0.20568372958185122,
    0.017439954361698762,
    0.009140694918057246,
    0.0006851143139190441,
    0.0019502380996458957,
    0.015875759569957903,
    0.13425285228424633,
    0.14150325950445553,
    0.12718432093996745,
    0.11586636127575112,
    0.09936976622383753,
    0.1738609617753285,
    0.15554880842902397,
    0.007870077048686142,
    0.007857451489854839,
    0.21304704622311332,
    0.21304633775491577,
    -0.0061663155719839935,
    -0.0062006281948783215,
    0.163681352232544,
    0.16367441013185657
  ],
  "dipole_vec_eA": [
    -1.2310218049814916,
    -0.0002263993452444253,
    6.460471967725593e-16
  ],
  "dipole_mag_D": 5.9128492901469025,
  "solvation_E_eV": null
}