{
  "tag": "RMC-Ta_3-V_3-A2-B1-NNNNNN",
  "energy_eV": -2441.6115413970497,
  "multiplicity": 1,
  "charge": 2,
  "sym1": "Ta",
  "ox1": 3,
  "sym2": "V",
  "ox2": 3,
  "acid": "A2",
  "base": "B1",
  "bridge": [
    "N",
    "N"
  ],
  "S1_ref": 1.0,
  "S2_ref": 1.0,
  "mulliken_q_e": [
    0.7517785239206687,
    0.32346767089414563,
    -0.33704029189044205,
    -0.3370385666249194,
    -0.19920875682999695,
    -0.19920665836873197,
    -0.08875487521980063,
    -0.0887586137989167,
    0.11290205689180621,
    0.008739081580176444,
    -0.0011537702338557665,
    -0.01846367835755669,
    -0.0037898651238403858,
    -0.007919807429989323,
    0.09493184944477828,
    0.09920036244668295,
    0.08788060255352714,
    0.05984606037830398,
    0.07881511025285048,
    0.09648100467020504,
    0.08565875917843302,
    0.11290007828376347,
    0.008738037805233745,
    -0.0011573640827082787,
    -0.018462827680492344,
    -0.0037908382117457506,
    -0.007920638918058609,
    0.09493265210544943,
    0.09920025830024082,
    0.08788016205560245,
    0.059835812103611774,
    0.0788188882243348,
    0.09648282979396638,
    0.08565664887704927,
    -0.028503765632566402,
    0.06132079030106552,
    0.06132078340972269,
    -0.028504579251952045,
    -0.01055256462670151,
    -0.010553342004267163,
    0.07240352707955722,
    0.07240399270967712,
    0.09319310146749227,
    0.093193052479287,
    -0.026437088478497017,
    0.06564798950342676,
    0.06565072730043253,
    -0.026436772837423073,
    -0.011317696450547032,
    -0.011319348383006078,
    0.08148161133152865,
    0.08148118501178159,
    0.09702418952284808,
    0.09702431055836314
  ],
  "dipole_vec_eA": [
    -0.7144211809005566,
    -1.938385876548659e-05,
    6.73800687738791e-12
  ],
  "dipole_mag_D": 3.4315108679430653,
  "HOMO_eV": -15.107537615599904,
  "LUMO_eV": -14.95898661551227,
  "gap_eV": 0.14855100008763422
}