{
  "tag": "RMC-Ag_2-Hf_2-A2-B7-NNNNNN",
  "energy_eV": -2154.3676055533647,
  "multiplicity": 2,
  "charge": 0,
  "sym1": "Ag",
  "ox1": 2,
  "sym2": "Hf",
  "ox2": 2,
  "acid": "A2",
  "base": "B7",
  "bridge": [
    "N",
    "N"
  ],
  "S1_ref": 0.5,
  "S2_ref": 1.0,
  "mulliken_q_e": [
    0.2421798283642409,
    0.8185314555850665,
    -0.4012588435328577,
    -0.3952787450040791,
    -0.16134061511709463,
    -0.15001965208810253,
    -0.23894628306967003,
    -0.21406712253113436,
    0.12039579153116708,
    -0.03170660758411992,
    -0.04923963655931041,
    -0.044379762974184,
    -0.04757243085677132,
    -0.026535150794994466,
    0.016752762936999566,
    0.020859975023989508,
    0.020126129902474976,
    0.01727822602823248,
    0.05338171277864401,
    0.021427062111082362,
    0.024618721483939066,
    0.11842436291334524,
    -0.03687622961488768,
    -0.04273842517939652,
    -0.04683717408105825,
    -0.04096064368439545,
    -0.029149132171260916,
    0.0191678258931145,
    0.0232182267014871,
    0.022674834038858616,
    0.03281657413934669,
    0.06126382697591293,
    0.020518327374079104,
    0.022237789255039497,
    0.030283453238972857,
    -0.0674568011790111,
    0.03155166018578115,
    0.04727489669326801,
    0.008198273346111895,
    0.060841936273934305,
    0.06084193627393497,
    0.02639706330588254,
    -0.09400755741651023,
    0.028729890611300823,
    0.03412216009152835,
    0.024189156510718846,
    0.04503347419204906,
    0.04503347419204762
  ],
  "dipole_vec_eA": [
    0.6360490079563774,
    0.366570132643477,
    -4.435660660725428e-15
  ],
  "dipole_mag_D": 3.5261277568896237,
  "HOMO_eV": -7.6517061069116625,
  "LUMO_eV": -7.478710918332109,
  "gap_eV": 0.1729951885795531
}