{
  "tag": "RMC-Pt_2-Ru_3-A2-B1-NNNNNS",
  "energy_eV": -2554.7085952145703,
  "multiplicity": 2,
  "charge": 2,
  "sym1": "Pt",
  "ox1": 2,
  "sym2": "Ru",
  "ox2": 3,
  "acid": "A2",
  "base": "B1",
  "bridge": [
    "N",
    "S"
  ],
  "S1_ref": 0.0,
  "S2_ref": 0.5,
  "mulliken_q_e": [
    0.08690911129518442,
    -0.07347799560851154,
    -0.09468296038690283,
    0.1735112833535525,
    -0.02027602258684813,
    -0.06927932278221882,
    -0.024466939328446458,
    -0.08684183201922302,
    0.043540825288222784,
    0.009643878478678092,
    -0.004792914667409498,
    -0.01770832800948252,
    -0.005892438452705262,
    0.005990475935045758,
    0.09081042671797024,
    0.0965144207592461,
    0.08950773358494579,
    0.05730087006596962,
    0.04673988746504332,
    0.08253862435856607,
    0.09068252449296699,
    0.11306705982686616,
    0.016363345116926276,
    -0.007294256887685258,
    -0.015164190559672441,
    -0.00818428309130037,
    0.0071272443225984805,
    0.09278986564384295,
    0.09792262185201617,
    0.0902413110251129,
    0.05492659520693155,
    0.05121293033334795,
    0.0944588010291294,
    0.10305364277296791,
    -0.028611435230911253,
    0.06527178434445813,
    0.06862552258670873,
    -0.029272270717726645,
    -0.010727099558163644,
    -0.008952184045383671,
    0.0799149614498178,
    0.07596685880541032,
    0.09479046923507517,
    0.09624149796893411,
    -0.026638655784408938,
    0.07651708280926672,
    0.07967745675834936,
    -0.027078793641067023,
    -0.010511974541326241,
    -0.0085215844261195,
    0.08041069663801959,
    0.07642096199366277,
    0.09413780863654819,
    0.09554691370270696
  ],
  "dipole_vec_eA": [
    -0.09988392413120671,
    -0.39153139354459493,
    -2.777051012905758e-15
  ],
  "dipole_mag_D": 1.9408370823828842,
  "HOMO_eV": -15.037270185340624,
  "LUMO_eV": -14.5425160259306,
  "gap_eV": 0.4947541594100233
}