{
  "tag": "RMC-Hg_2-Zn_2-A2-B1-NNNNSS",
  "energy_eV": -2385.022830730007,
  "multiplicity": 1,
  "charge": 2,
  "sym1": "Hg",
  "ox1": 2,
  "sym2": "Zn",
  "ox2": 2,
  "acid": "A2",
  "base": "B1",
  "bridge": [
    "S",
    "S"
  ],
  "S1_ref": 0.0,
  "S2_ref": 0.0,
  "mulliken_q_e": [
    0.3684431196701604,
    0.3488694260354086,
    -0.27708851125042655,
    -0.2769410810146973,
    -0.14576439910978478,
    -0.14572640009198823,
    -0.12450681586147616,
    -0.12452702739509935,
    0.11382716781041036,
    0.014499417627678923,
    -0.003326376587266422,
    -0.01971421514367999,
    -0.0012564609716418929,
    0.019140227655964015,
    0.08565484835978299,
    0.09533360378468592,
    0.08751142605076268,
    0.08450100851103759,
    0.09960359708400879,
    0.08799401616866054,
    0.0901782986424684,
    0.11385129767056013,
    0.014506635998368989,
    -0.003348972916563886,
    -0.01971563645373009,
    -0.001229214397433065,
    0.01914828534883717,
    0.08564708996803672,
    0.09533595886843438,
    0.0875269682854165,
    0.08446231013597871,
    0.0996698269750751,
    0.08796612502292922,
    0.09025603705421181,
    -0.015273144083778778,
    0.06084862731746776,
    0.06080328201063989,
    -0.015301053484378047,
    -0.006882745890526287,
    -0.006878270009601062,
    0.08705782996227207,
    0.0869771679330863,
    0.09993988585754499,
    0.0999504560228337,
    -0.021860038783206415,
    0.062349830960228836,
    0.06237759017627997,
    -0.021833516121692265,
    -0.008202790921727487,
    -0.008203484017415885,
    0.08080972804155861,
    0.0808584187331165,
    0.09584436602623081,
    0.0958362787359408
  ],
  "dipole_vec_eA": [
    -0.024893073948655784,
    9.737796311366971e-05,
    -1.9851995170056754e-06
  ],
  "dipole_mag_D": 0.11956743429770784,
  "solvation_E_eV": null
}