{
  "tag": "RMC-Nb_3-Re_2-A2-B7-NNNNOO",
  "energy_eV": -2172.893489107578,
  "multiplicity": 4,
  "charge": 3,
  "sym1": "Nb",
  "ox1": 3,
  "sym2": "Re",
  "ox2": 2,
  "acid": "A2",
  "base": "B7",
  "bridge": [
    "O",
    "O"
  ],
  "S1_ref": 1.0,
  "S2_ref": 0.5,
  "mulliken_q_e": [
    0.339775936209055,
    0.3010027750027443,
    -0.2254546689561625,
    -0.2248027134411703,
    -0.09045053240131673,
    -0.07442267360928811,
    -0.00457018015359445,
    0.008388973242958953,
    0.18096447073145616,
    0.010856957950788226,
    0.002892911048246294,
    -0.002095678293998038,
    0.006597756676066213,
    0.008433953091837365,
    0.12479922828501744,
    0.13540838469494398,
    0.12451681331929132,
    0.04824372205783556,
    0.07985477720948064,
    0.1310322080095908,
    0.1186151423236842,
    0.1823366036454579,
    0.008930805342961534,
    0.002901587632328617,
    -0.002981558264466999,
    0.006134051975979604,
    0.006058269456172161,
    0.12457728914651123,
    0.13571462925815247,
    0.1239870897419112,
    0.04625332255821335,
    0.08472632351786014,
    0.12767630852146672,
    0.11637309557998643,
    0.02635467016420079,
    -0.01987961267923266,
    0.10538311809591028,
    0.13120804035313027,
    -0.007106333374377494,
    0.13393591136384853,
    0.1339359115571035,
    0.008323089567516151,
    -0.01690604623810943,
    0.12599331809015013,
    0.14867512715751685,
    -0.04270485073204622,
    0.15525611780521176,
    0.1552561572767558
  ],
  "dipole_vec_eA": [
    -0.19014393692621887,
    0.32414074477045435,
    9.859799998251776e-08
  ],
  "dipole_mag_D": 1.8050205138435373,
  "HOMO_eV": -18.90796223070317,
  "LUMO_eV": -18.512542756131936,
  "gap_eV": 0.3954194745712343
}