{
  "tag": "RMC-Ru_2-Sn_2-A2-B1-NNNNNN",
  "energy_eV": -2502.56816423127,
  "multiplicity": 1,
  "charge": 0,
  "sym1": "Ru",
  "ox1": 2,
  "sym2": "Sn",
  "ox2": 2,
  "acid": "A2",
  "base": "B1",
  "bridge": [
    "N",
    "N"
  ],
  "S1_ref": 0.0,
  "S2_ref": 0.0,
  "mulliken_q_e": [
    -0.055655393565918865,
    0.41262244664453296,
    -0.2229089903196093,
    -0.2229090687817592,
    -0.08076227710441519,
    -0.08076029647077876,
    -0.18051135241182892,
    -0.18051488622486334,
    0.0970735665596898,
    -0.026330423552547888,
    -0.038402423525024876,
    -0.038633742259608805,
    -0.04182191826190196,
    -0.003504940909828669,
    0.0293949462132701,
    0.03335601727639481,
    0.031018000434061666,
    0.03281493784604361,
    0.041106407842744774,
    0.02692593665266574,
    0.03305079161570135,
    0.09707334468435258,
    -0.026330658691965603,
    -0.038401657228442465,
    -0.03863369924254223,
    -0.04182152784434745,
    -0.003504325363188787,
    0.029394515538620714,
    0.033356032922742695,
    0.031017899129693993,
    0.03281619814970771,
    0.041106887791577895,
    0.026924950442126505,
    0.03305105219859783,
    -0.042606701126084,
    0.07481624230702977,
    0.07481415294873028,
    -0.042605391251583136,
    -0.031542857559075044,
    -0.0315468287268561,
    0.04759893616451505,
    0.04759825355876257,
    0.04660549246158596,
    0.04660810453178876,
    -0.04410742658920497,
    0.049331557446030905,
    0.049335489988955095,
    -0.04411078661786316,
    -0.03726315644325906,
    -0.03725738044272764,
    0.032928724296227396,
    0.0329307933790316,
    0.03389002674076158,
    0.03388640474917637
  ],
  "dipole_vec_eA": [
    -0.4666720761673154,
    5.751663364655362e-06,
    1.6070528487437535e-05
  ],
  "dipole_mag_D": 2.2415213104359353,
  "HOMO_eV": -8.539625005359039,
  "LUMO_eV": -8.100819922776633,
  "gap_eV": 0.43880508258240525
}