{
  "tag": "RMC-Pd_2-Sn_2-A2-B6-NNNNOO",
  "energy_eV": -2289.5305253969454,
  "multiplicity": 1,
  "charge": 2,
  "sym1": "Pd",
  "ox1": 2,
  "sym2": "Sn",
  "ox2": 2,
  "acid": "A2",
  "base": "B6",
  "bridge": [
    "O",
    "O"
  ],
  "S1_ref": 0.0,
  "S2_ref": 0.0,
  "mulliken_q_e": [
    0.18114810133520276,
    0.5593279019170425,
    -0.31418049195102915,
    -0.3141779100949107,
    -0.046245838300625675,
    -0.046243065886629076,
    -0.12029385448853458,
    -0.12029565467840064,
    0.18429954108924473,
    -0.021425191944057786,
    -0.009606681272663176,
    -0.024267524520131145,
    -0.012099785764566828,
    -0.01488965617058513,
    0.08622467400309353,
    0.09398427280646293,
    0.08555178748251568,
    0.07284970552376513,
    0.06577652976382131,
    0.08186206342765567,
    0.0929428731663926,
    0.18430223140343127,
    -0.021426031276543966,
    -0.00960956713191452,
    -0.024260607206660234,
    -0.012098419786112924,
    -0.014890297441374267,
    0.086226913131902,
    0.09398120330740167,
    0.08555055722717986,
    0.07285088217327429,
    0.06577618744781488,
    0.08186142451117129,
    0.09294319670745488,
    -0.0782987078272046,
    -0.022386778291066944,
    -0.0223871373672071,
    0.10204676370799859,
    0.09827161342196189,
    0.09122341914876753,
    0.09122339183173156,
    0.09966645179965872,
    0.09966666609696173,
    -0.08167198824911859,
    -0.01750953169151681,
    -0.017509244244000577,
    0.0941678171359478,
    0.09359938302600868,
    0.08296691329076178,
    0.0829669283867932,
    0.08125737144197798,
    0.08125719987146374
  ],
  "dipole_vec_eA": [
    -0.08144882022229888,
    1.6688887664319958e-05,
    -0.7581385233761802
  ],
  "dipole_mag_D": 3.662448551116123,
  "HOMO_eV": -15.885336123740785,
  "LUMO_eV": -13.881959148873541,
  "gap_eV": 2.003376974867244
}