{
  "tag": "RMC-Cr_2-Cr_3-A2-B7-NNNNSS",
  "energy_eV": -2096.880835541471,
  "multiplicity": 2,
  "charge": 3,
  "sym1": "Cr",
  "ox1": 2,
  "sym2": "Cr",
  "ox2": 3,
  "acid": "A2",
  "base": "B7",
  "bridge": [
    "S",
    "S"
  ],
  "S1_ref": 0.0,
  "S2_ref": 0.5,
  "mulliken_q_e": [
    0.5846022482010393,
    0.584605161094401,
    -0.053627862702550266,
    -0.055493824447786694,
    -0.14571030678364938,
    -0.13025484715798719,
    -0.14570993196074933,
    -0.13025714752344042,
    0.051498704452665134,
    0.01660953844104185,
    0.0024900124097051446,
    -0.002243179159527875,
    0.0024913685155458776,
    0.016609152551892326,
    0.11631599431310624,
    0.1274353568194645,
    0.1163158100000109,
    0.05344553929750018,
    0.05344925564388481,
    0.11524750948004436,
    0.1152471634340807,
    0.04896190992371352,
    0.015746819847488158,
    0.001014732836691845,
    -0.002869959860812843,
    0.0010135032802853772,
    0.015746710036987466,
    0.11518524020537935,
    0.12700997644676104,
    0.11518510365712542,
    0.04843287606251434,
    0.04842752707387543,
    0.11164404533983041,
    0.11164430510071355,
    0.014289952312266596,
    -0.04405234109866174,
    0.11549095133072873,
    0.13476209180869703,
    -0.020873688145768288,
    0.13763944241834736,
    0.13763944236965764,
    0.014291113586443638,
    -0.04404928352489934,
    0.11549002922848073,
    0.1347618213415106,
    -0.020874478023934717,
    0.13763822477780252,
    0.1376382247381197
  ],
  "dipole_vec_eA": [
    4.538815934001851e-06,
    0.18824258266001173,
    -1.0913180033955561e-10
  ],
  "dipole_mag_D": 0.9041675770912224,
  "HOMO_eV": -18.49141451546644,
  "LUMO_eV": -17.900721590274735,
  "gap_eV": 0.590692925191707
}