{
  "tag": "RMC-In_1-Ta_3-A2-B10-NNNNOO",
  "energy_eV": -3238.9505542266666,
  "multiplicity": 3,
  "charge": 2,
  "sym1": "In",
  "ox1": 1,
  "sym2": "Ta",
  "ox2": 3,
  "acid": "A2",
  "base": "B10",
  "bridge": [
    "O",
    "O"
  ],
  "S1_ref": 0.0,
  "S2_ref": 1.0,
  "mulliken_q_e": [
    0.4382167759635679,
    0.7353646941268837,
    -0.4090457992044525,
    -0.4090466819805978,
    -0.15296944337426033,
    -0.15296550016741306,
    -0.16176966788902813,
    -0.16177010163828265,
    0.19431415477221137,
    -0.022764454421120295,
    -0.01577953318990688,
    -0.026896617964086378,
    -0.01467241177587697,
    -0.0157990186144239,
    0.07354133924934025,
    0.08514069433247484,
    0.07574154634898755,
    0.06189007546838887,
    0.07558459074756874,
    0.08947997654538242,
    0.07212632548867426,
    0.19431281326402994,
    -0.022763502724542084,
    -0.015783670641568825,
    -0.026897486528482784,
    -0.014675117665670978,
    -0.015790890635818622,
    0.07354214634594403,
    0.08514268311535667,
    0.07574324282541056,
    0.06188883306006843,
    0.07558098956311143,
    0.08948003903814306,
    0.07213283223288625,
    0.07448891246767464,
    0.0018073830021281267,
    0.023105209831785434,
    -0.020238032812446294,
    -0.011991011576876431,
    -0.03772198364284862,
    0.08250409188223373,
    0.08225089086463244,
    0.06596600627264682,
    -0.02023169581609241,
    0.02311087863000516,
    0.001808773072144776,
    0.07447899584699647,
    -0.037729372463584765,
    -0.01199376720140033,
    0.08249762916110837,
    0.06596872851251456,
    0.0822547815976592,
    0.07010085978295777,
    -0.0033062525382741015,
    0.02281816464262909,
    -0.02103747752132512,
    -0.013558084647159019,
    -0.04215464435019345,
    0.08398228499199112,
    0.08228026733293758,
    0.06579003026459962,
    -0.021037823209601125,
    0.02281840222932252,
    -0.0033065119588508995,
    0.0701001043334295,
    -0.04215507160069265,
    -0.013557484166001332,
    0.08398260696729831,
    0.06579019992818136,
    0.08228015781561315
  ],
  "dipole_vec_eA": [
    0.0102077129483265,
    4.1151526210501245e-05,
    1.7102246458400336e-14
  ],
  "dipole_mag_D": 0.04903012884181325,
  "HOMO_eV": -13.937039589013938,
  "LUMO_eV": -13.691173338429422,
  "gap_eV": 0.24586625058451617
}