{
  "tag": "RMC-Cr_2-Nb_3-A2-B5-NNNNNS",
  "energy_eV": -1922.6636725578435,
  "multiplicity": 3,
  "charge": 2,
  "sym1": "Cr",
  "ox1": 2,
  "sym2": "Nb",
  "ox2": 3,
  "acid": "A2",
  "base": "B5",
  "bridge": [
    "N",
    "S"
  ],
  "S1_ref": 0.0,
  "S2_ref": 1.0,
  "mulliken_q_e": [
    0.5680843833131664,
    0.27664572442979196,
    -0.15065212126937677,
    0.22604372800779243,
    -0.045913064722724606,
    -0.27888980055253376,
    -0.16223603737269698,
    -0.19936997037201176,
    0.009066838242086428,
    0.009625666519504472,
    -0.004746166692785714,
    -0.008996899869243347,
    -0.00359444111383711,
    0.012376343379856491,
    0.0975018510999831,
    0.10428023278939602,
    0.09903362722740772,
    0.06593861511776611,
    0.0870390137361392,
    0.1015798556296883,
    0.11329763604448462,
    0.084323867950864,
    0.01650647747880729,
    -0.008022242742448116,
    -0.008519029785012622,
    -6.090195021291045e-05,
    0.012185858173545672,
    0.09645961819113402,
    0.10406533427961373,
    0.10189212325935637,
    0.09279005938740714,
    0.030188399103181496,
    0.1346371947585524,
    0.10930128856660581,
    -0.061749911356113296,
    -0.07061169846728999,
    0.10308770490177399,
    0.10140613282887156,
    -0.030770934159485952,
    -0.02884946076986772,
    0.1431175974903336,
    0.16250750928828084
  ],
  "dipole_vec_eA": [
    0.8270487649512434,
    -0.6422939847777649,
    2.5317266940199213e-08
  ],
  "dipole_mag_D": 5.029739797266056,
  "solvation_E_eV": null
}