{
  "tag": "RMC-Ti_2-Zr_2-A2-B7-NNNNOO",
  "energy_eV": -2137.505115072302,
  "multiplicity": 1,
  "charge": 2,
  "sym1": "Ti",
  "ox1": 2,
  "sym2": "Zr",
  "ox2": 2,
  "acid": "A2",
  "base": "B7",
  "bridge": [
    "O",
    "O"
  ],
  "S1_ref": 1.0,
  "S2_ref": 1.0,
  "mulliken_q_e": [
    0.5092902946045444,
    0.8907610628964574,
    -0.38365085855870174,
    -0.38276688511562873,
    -0.1395376089054623,
    -0.12013071423441413,
    -0.1852880059993962,
    -0.16756011672182902,
    0.14955553093823948,
    -0.01301415036013509,
    -0.014019671055206517,
    -0.021436394698061134,
    -0.01421098813085142,
    -0.005473972652397574,
    0.08696974173074357,
    0.09529855518861374,
    0.08802416265311253,
    0.031081776488922852,
    0.04947766133631859,
    0.08651050861678822,
    0.08622407859510206,
    0.1506548060083457,
    -0.015542166062735507,
    -0.015147137376965158,
    -0.022065212864645245,
    -0.015250762189971567,
    -0.007706675012371544,
    0.08614545987695399,
    0.09535527547420897,
    0.0872500757917627,
    0.03551305985656139,
    0.05120217172260677,
    0.08471049246242301,
    0.08317883392575809,
    0.021870642687428,
    -0.04257093473689877,
    0.08813701328304835,
    0.10783864512187358,
    -0.009782435409122714,
    0.11271012385916157,
    0.11271012385916146,
    0.02262721111470678,
    -0.053238051496789396,
    0.0906426682887912,
    0.10572798830440244,
    -0.00867692844696144,
    0.11380086749757146,
    0.11380086749757368
  ],
  "dipole_vec_eA": [
    0.3569951977830983,
    0.26877094284556613,
    1.1529780194269736e-15
  ],
  "dipole_mag_D": 2.1463573414250643,
  "HOMO_eV": -14.276680384767394,
  "LUMO_eV": -14.194713922839988,
  "gap_eV": 0.08196646192740609
}