{
  "tag": "RMC-Ni_3-Ru_3-A2-B4-NNNNSS",
  "energy_eV": -2063.3195296825693,
  "multiplicity": 1,
  "charge": 4,
  "sym1": "Ni",
  "ox1": 3,
  "sym2": "Ru",
  "ox2": 3,
  "acid": "A2",
  "base": "B4",
  "bridge": [
    "S",
    "S"
  ],
  "S1_ref": 0.5,
  "S2_ref": 0.5,
  "mulliken_q_e": [
    0.037993499007207165,
    0.13277781958238288,
    0.31903645906411915,
    0.31904527788798037,
    -0.05805330574930134,
    -0.05805473106726988,
    -0.14487790156033808,
    -0.14482619151133158,
    0.02631206076990944,
    0.04002188124551842,
    0.02337427543171211,
    0.014584394684138635,
    0.03632517646146294,
    0.03119036318765489,
    0.1474517919321119,
    0.16150505195560927,
    0.15721708028170123,
    0.10624825250535053,
    0.06157329568395631,
    0.16213576656644246,
    0.16769727301260573,
    0.026285330908552007,
    0.039985820257163684,
    0.02337584695439987,
    0.01458214021763804,
    0.03628938955010885,
    0.031189275498356706,
    0.14745545051298936,
    0.16150830008019101,
    0.15722159197118046,
    0.10624331170257695,
    0.06156870861478425,
    0.16213561026721302,
    0.16769876035870923,
    -0.01919573770909211,
    -0.01920007535391277,
    0.18758206735016203,
    0.1875820673501314,
    0.18758153798822852,
    0.1875815379881991,
    -0.021156160742769714,
    -0.02116362070390454,
    0.16404259989376468,
    0.1640425998929732,
    0.1640430241360633,
    0.1640430241352684
  ],
  "dipole_vec_eA": [
    -0.13151229922858862,
    -0.0004590872247297064,
    8.326205063960247e-11
  ],
  "dipole_mag_D": 0.6316842859984372,
  "HOMO_eV": -22.778777227726863,
  "LUMO_eV": -22.384636118064495,
  "gap_eV": 0.3941411096623675
}