{
  "tag": "RMC-Ga_3-Mn_2-A2-B10-NNNNNS",
  "energy_eV": -3206.0973622265337,
  "multiplicity": 1,
  "charge": 2,
  "sym1": "Ga",
  "ox1": 3,
  "sym2": "Mn",
  "ox2": 2,
  "acid": "A2",
  "base": "B10",
  "bridge": [
    "N",
    "S"
  ],
  "S1_ref": 0.5,
  "S2_ref": 0.5,
  "mulliken_q_e": [
    0.3157442722182968,
    0.27773404712061744,
    -0.21688591930076861,
    -0.10690375098070874,
    -0.11189076334212289,
    -0.12470459628346564,
    -0.08293002895267021,
    -0.1760000580951402,
    0.06737614049525975,
    0.003462848578722255,
    -0.012104282766617569,
    -0.018372606921085444,
    -0.013284217023763922,
    0.005579194524933273,
    0.07441285978324153,
    0.08569590845755282,
    0.0755234773260981,
    0.07088106889975587,
    0.0695612104476504,
    0.058247250141577056,
    0.07885802037217104,
    0.1210205564253155,
    0.011599451726361565,
    -0.009644445638884447,
    -0.013831903846144744,
    -0.0142007794377359,
    0.010648619837169582,
    0.0872404190305075,
    0.09580570277231493,
    0.08273781713237993,
    0.0531987445980302,
    0.06707205697662366,
    0.09618399937430222,
    0.08900033231495619,
    0.06978726340075725,
    0.007884117346921515,
    0.02032401838194997,
    -0.01874286010414017,
    -0.012808321792042054,
    -0.04247246944529093,
    0.08312175364024921,
    0.0820792498275541,
    0.06255995012567794,
    -0.01894329761273217,
    0.02086893286296765,
    0.005690309902848467,
    0.07285643350470461,
    -0.04226800631213656,
    -0.013062894344296527,
    0.08213093311019504,
    0.06311347816910906,
    0.08019704962593166,
    0.07043597228786602,
    0.016092496663415057,
    0.021025363240503747,
    -0.019568846638645,
    -0.012181055915390537,
    -0.04517951048658797,
    0.08215271574753691,
    0.08019509235835054,
    0.06519798166422386,
    -0.019754218376554,
    0.019601264721350375,
    0.011569879149704088,
    0.07749208114234807,
    -0.04474869618405397,
    -0.012687734153821628,
    0.07880654015764854,
    0.057453871429554715,
    0.07495051693967891
  ],
  "dipole_vec_eA": [
    -0.09067197831513917,
    0.029405328624048287,
    2.944999098225662e-14
  ],
  "dipole_mag_D": 0.4578459309262276,
  "HOMO_eV": -14.861639731339812,
  "LUMO_eV": -14.41395050680178,
  "gap_eV": 0.4476892245380313
}