{
  "tag": "RMC-In_1-Pd_2-A2-B7-NNNNSS",
  "energy_eV": -2171.4668678227226,
  "multiplicity": 1,
  "charge": 1,
  "sym1": "In",
  "ox1": 1,
  "sym2": "Pd",
  "ox2": 2,
  "acid": "A2",
  "base": "B7",
  "bridge": [
    "S",
    "S"
  ],
  "S1_ref": 0.0,
  "S2_ref": 0.0,
  "mulliken_q_e": [
    0.301867268252323,
    -0.18223785831380557,
    -0.09435283287491145,
    -0.08502225293173829,
    -0.16238261872790183,
    -0.15861536340333426,
    -0.03681847221136003,
    -0.023772214583239526,
    0.07106747456239071,
    0.0034015655859895855,
    -0.018634936832807147,
    -0.030809611472655707,
    -0.014987656801406013,
    0.002053109593310287,
    0.06064922353012048,
    0.0645172571592002,
    0.06310903278030888,
    0.0605325311422904,
    0.08013654394287806,
    0.06243192540692777,
    0.04608481872149961,
    0.07010469688914345,
    0.0013486424440034561,
    -0.01869920660263369,
    -0.03194194733259459,
    -0.015082448107018642,
    0.0003912766759364139,
    0.05977359522273007,
    0.06441812741024511,
    0.06242090120859911,
    0.06317030399666757,
    0.08213208202136446,
    0.05915245341900521,
    0.045258068512375016,
    0.02974968056863614,
    -0.06612902274075161,
    0.0531171532920196,
    0.061899087607405257,
    -0.005237378309211893,
    0.07886737674423883,
    0.0788673767458885,
    0.035487226226778024,
    -0.0313402339749822,
    0.05814155047119396,
    0.07344665158397112,
    0.008767960628268678,
    0.08684954643736231,
    0.08684954643725606
  ],
  "dipole_vec_eA": [
    0.28473186827595676,
    0.21547608308305463,
    2.242957907377181e-11
  ],
  "dipole_mag_D": 1.7151016329138344,
  "HOMO_eV": -11.286721273401858,
  "LUMO_eV": -11.064462818643365,
  "gap_eV": 0.22225845475849226
}