{
  "tag": "RMC-Cr_3-Rh_3-A2-B2-NNNNNO",
  "energy_eV": -3039.248933616111,
  "multiplicity": 2,
  "charge": 3,
  "sym1": "Cr",
  "ox1": 3,
  "sym2": "Rh",
  "ox2": 3,
  "acid": "A2",
  "base": "B2",
  "bridge": [
    "N",
    "O"
  ],
  "S1_ref": 0.5,
  "S2_ref": 0.0,
  "mulliken_q_e": [
    0.6234062440399025,
    0.025784240318347584,
    -0.18261220491529895,
    -0.19594367215225317,
    -0.12931843906110396,
    -0.1426213165015071,
    -0.029344156173161107,
    -0.03842207652200469,
    0.17181886341811348,
    0.003784348608043553,
    -0.006055663761953989,
    -0.008121042630950814,
    -0.0025989788834868133,
    -0.00671865165175678,
    0.1035862783715864,
    0.11854812667231085,
    0.10415306975513172,
    0.0521913010424051,
    0.05766929765743822,
    0.10100442010064259,
    0.09948186631047506,
    0.1109411693097837,
    0.01888834143237328,
    -0.0007717790394763391,
    -0.0036059078681283108,
    0.00233674735880407,
    0.008380761721089147,
    0.10491229319715367,
    0.11945641852981437,
    0.10577737617505711,
    0.046688454759981735,
    0.055227530334768904,
    0.10718787395050577,
    0.11220321774814912,
    0.0023533276929486036,
    0.032695752570090386,
    0.01065582702479051,
    0.0742952031953481,
    -0.025755199707722776,
    -0.009121204617665857,
    0.10935381676754974,
    0.08341858518098466,
    0.10395949259816617,
    0.07327752386099906,
    0.0014182640588442652,
    -0.009244013725587807,
    -0.026237234528628584,
    0.10958970411380975,
    0.1048241211784845,
    0.08654941968417984,
    0.004636426276316774,
    0.03386307703272151,
    0.020824149323982022,
    0.07840807967750996,
    -0.024647267472619028,
    -0.007035978352529337,
    0.11116397532981659,
    0.08661036355925034,
    0.10630480345227356,
    0.07904231253166283,
    0.004693391119257928,
    -0.006657841990685975,
    -0.024816193331426817,
    0.11171925506588887,
    0.10744437396639916,
    0.0891193368436417
  ],
  "dipole_vec_eA": [
    -0.03725590302815177,
    -0.17788639765665082,
    -6.866104544608065e-16
  ],
  "dipole_mag_D": 0.872962691060231,
  "HOMO_eV": -18.080007270223028,
  "LUMO_eV": -17.903792695688644,
  "gap_eV": 0.17621457453438438
}