{
  "tag": "RMC-Ta_3-V_3-A2-B4-NNNNNN",
  "energy_eV": -1972.2924237009781,
  "multiplicity": 1,
  "charge": 2,
  "sym1": "Ta",
  "ox1": 3,
  "sym2": "V",
  "ox2": 3,
  "acid": "A2",
  "base": "B4",
  "bridge": [
    "N",
    "N"
  ],
  "S1_ref": 1.0,
  "S2_ref": 1.0,
  "mulliken_q_e": [
    0.770901539408263,
    0.2643408794740024,
    -0.10403815117904558,
    -0.10404164689126727,
    -0.31725384406815493,
    -0.31725530060192475,
    -0.044717511963745515,
    -0.044716006767580696,
    0.07952727001945381,
    0.009017701745034357,
    -0.0037913358883794324,
    -0.011660469078530689,
    -0.004785076371079944,
    0.004866040201509048,
    0.09437890757184975,
    0.09637066489868329,
    0.0889293438173504,
    0.01941502163514497,
    0.11258262047355605,
    0.10084719528628228,
    0.09704610698687266,
    0.0795261298118819,
    0.0090210756403859,
    -0.003799357346722765,
    -0.011668876414745233,
    -0.004783329930527991,
    0.004869407118576197,
    0.09438479654446863,
    0.0963779222268456,
    0.08892522191365615,
    0.019418508993404915,
    0.11258104526709833,
    0.10084480685790809,
    0.09704705396897106,
    -0.07401146763666033,
    -0.07401180512694405,
    0.08355173800820714,
    0.08355173800820781,
    0.083551844146176,
    0.08355184414617711,
    -0.054006132066265256,
    -0.05400381102681684,
    0.11328081059002348,
    0.11328081059002537,
    0.11327803850424467,
    0.11327803850424667
  ],
  "dipole_vec_eA": [
    -0.05144674184066826,
    9.755048353175614e-06,
    -5.879453518173473e-14
  ],
  "dipole_mag_D": 0.24710921452892565,
  "solvation_E_eV": null
}