{
  "tag": "RMC-Cr_2-Ti_2-A2-B1-NNNNOO",
  "energy_eV": -2501.4084900827206,
  "multiplicity": 3,
  "charge": 2,
  "sym1": "Cr",
  "ox1": 2,
  "sym2": "Ti",
  "ox2": 2,
  "acid": "A2",
  "base": "B1",
  "bridge": [
    "O",
    "O"
  ],
  "S1_ref": 0.0,
  "S2_ref": 1.0,
  "mulliken_q_e": [
    0.6439576571553607,
    0.664620060940386,
    -0.3510956876425899,
    -0.3510964716643925,
    -0.16199565166068708,
    -0.16200396658313432,
    -0.16027417652905807,
    -0.1602789714653141,
    0.16625006933577446,
    -0.010524369106773346,
    -0.015878782089906007,
    -0.02061818606254784,
    -0.01432018555626935,
    -0.01025442167824453,
    0.08953364435279187,
    0.09763316650926723,
    0.09085640906372938,
    0.06613206003815053,
    0.03997320434492879,
    0.09269969095310027,
    0.08498690640869677,
    0.16625684501472948,
    -0.010528459365709342,
    -0.01587802739451183,
    -0.0206181358880686,
    -0.014319364724716843,
    -0.01025986971017212,
    0.08953341665961023,
    0.09763290291865234,
    0.09085593753402454,
    0.06613778176324714,
    0.039984940840797734,
    0.09269751134670967,
    0.08498379667853107,
    -0.03075333726227214,
    0.052433976649392644,
    0.052438296343894075,
    -0.030753988871005555,
    -0.014817719575680677,
    -0.014818116132853554,
    0.07472788447762169,
    0.07472851299675565,
    0.09057277507610917,
    0.09057232595346498,
    -0.03017820032026841,
    0.060043769211868714,
    0.060046628346908326,
    -0.03017902721976151,
    -0.011919030523631191,
    -0.011919558477218484,
    0.07800007609475568,
    0.07800035449214526,
    0.09449660963512574,
    0.0944964942071791
  ],
  "dipole_vec_eA": [
    0.45729653994697134,
    3.382757007689343e-05,
    -1.180182394185107e-15
  ],
  "dipole_mag_D": 2.196488699339107,
  "HOMO_eV": -14.74308300884776,
  "LUMO_eV": -14.436323951029358,
  "gap_eV": 0.30675905781840207
}