{
  "tag": "RMC-Ag_2-Ir_2-A2-B5-NNNNNO",
  "energy_eV": -2062.111476297895,
  "multiplicity": 1,
  "charge": 1,
  "sym1": "Ag",
  "ox1": 2,
  "sym2": "Ir",
  "ox2": 2,
  "acid": "A2",
  "base": "B5",
  "bridge": [
    "N",
    "O"
  ],
  "S1_ref": 0.5,
  "S2_ref": 0.5,
  "mulliken_q_e": [
    0.28750087507168487,
    0.10035117864223886,
    -0.08058441251935688,
    -0.08990687088969729,
    -0.20684909394210615,
    -0.0693968763138666,
    -0.03186611443513643,
    -0.1519984955235718,
    0.12840558666084512,
    -0.004247142719471686,
    -0.02525055441443569,
    -0.024061448952845454,
    -0.021484799655544506,
    -0.009278505084004518,
    0.07024011437689903,
    0.07386505302062207,
    0.07141645807938468,
    0.05031268084371132,
    0.048359619597443615,
    0.07679379873964232,
    0.09561050412992067,
    0.06510653021748602,
    -0.008019828019211639,
    -0.018889845650316595,
    -0.026043248718220502,
    -0.01644460126412972,
    -0.009555357603818981,
    0.06674148042211336,
    0.06879064645308297,
    0.06665488299293643,
    0.009404286706269582,
    0.08917109822029912,
    0.06599654093032192,
    0.113304995796215,
    -0.08554887251151011,
    -0.07963891425773317,
    0.07793663799746464,
    0.10523745634811621,
    -0.011835002052267063,
    -0.03416982013410008,
    0.14300586245006186,
    0.13086351696452725
  ],
  "dipole_vec_eA": [
    0.8496643548316043,
    -0.06252837317256389,
    5.513293420020368e-14
  ],
  "dipole_mag_D": 4.092147696346772,
  "solvation_E_eV": null
}