{
  "tag": "RMC-Cu_1-Zn_2-A2-B7-NNNNOS",
  "energy_eV": -2160.484103916825,
  "multiplicity": 1,
  "charge": 1,
  "sym1": "Cu",
  "ox1": 1,
  "sym2": "Zn",
  "ox2": 2,
  "acid": "A2",
  "base": "B7",
  "bridge": [
    "O",
    "S"
  ],
  "S1_ref": 0.0,
  "S2_ref": 0.0,
  "mulliken_q_e": [
    0.2255837959222426,
    0.29742244471620705,
    -0.37056191739934397,
    -0.1985394256969,
    -0.12459992796169961,
    -0.10893935915236663,
    -0.12189534374437105,
    -0.12457450003211323,
    0.08035091398090732,
    -0.002439196427423296,
    -0.016767651449170584,
    -0.028951596507255317,
    -0.013900413196943351,
    0.0033465229459124224,
    0.06287795002649565,
    0.06777718761920126,
    0.066888339930259,
    0.06981241077295319,
    0.06761696079783852,
    0.05886900842907039,
    0.0513412385922124,
    0.20778073272771502,
    -0.03095430699125612,
    -0.018060738981894975,
    -0.035815776675456545,
    -0.01525154526691841,
    -0.020213031261957504,
    0.05868121727245379,
    0.06443822293134827,
    0.06227831329446665,
    0.0778545126433634,
    0.07200667193395094,
    0.059421515007228365,
    0.04648277173353499,
    0.0261843091954308,
    -0.04395584503238603,
    0.0491358420415593,
    0.07335307392030077,
    -0.004411638522896721,
    0.07888873022645337,
    0.07888873022645493,
    0.02618402035448364,
    -0.04604907273805936,
    0.05291612948288871,
    0.07520408045994498,
    0.002708017486442671,
    0.08079381118355977,
    0.08079381118356088
  ],
  "dipole_vec_eA": [
    0.33551176885329653,
    0.10509548863319926,
    2.1590798580352248e-15
  ],
  "dipole_mag_D": 1.6887427465926308,
  "HOMO_eV": -11.465332925921825,
  "LUMO_eV": -11.130050626711375,
  "gap_eV": 0.3352822992104496
}