{
  "tag": "RMC-Rh_3-Zn_2-A2-B10-NNNNOS",
  "energy_eV": -3236.827100209432,
  "multiplicity": 1,
  "charge": 3,
  "sym1": "Rh",
  "ox1": 3,
  "sym2": "Zn",
  "ox2": 2,
  "acid": "A2",
  "base": "B10",
  "bridge": [
    "O",
    "S"
  ],
  "S1_ref": 0.0,
  "S2_ref": 0.0,
  "mulliken_q_e": [
    -0.011876506136940579,
    0.29067524909422215,
    -0.2774989136032666,
    0.09756238734287254,
    -0.03605763349097524,
    -0.04483811132392446,
    -0.07621560215399237,
    -0.09818036898351079,
    0.0519612239669216,
    0.01162104305099576,
    -0.002124413280627069,
    -0.00688283374683607,
    -0.003645498444861728,
    0.01723370490893905,
    0.09664891856925195,
    0.11184198575633975,
    0.09554612864421175,
    0.06504155837741377,
    0.05606576551466991,
    0.10288782429472221,
    0.10223186185805,
    0.21384068090180186,
    -0.01038549379499143,
    -0.001441722605447282,
    -0.012887361702068167,
    -0.0031667300065916226,
    -0.003390057336158936,
    0.09351350895174249,
    0.10932891874805306,
    0.0935799826705157,
    0.0708039151237001,
    0.07154759071249117,
    0.10820524913923135,
    0.09997291723528712,
    0.0813731063798786,
    0.0372575929915826,
    0.038557084776465356,
    -0.008236489813574943,
    0.0065004749939441275,
    -0.03474188562777525,
    0.11048734768145074,
    0.10926324651657893,
    0.08344673429487759,
    -0.007847928736741228,
    0.04040202098564749,
    0.03699438209318373,
    0.08220810510596821,
    -0.03448086631166669,
    0.006784748170311605,
    0.11125626482582984,
    0.08370907067143019,
    0.10921770563092892,
    0.07256800012139353,
    0.014678757079295668,
    0.038061567083985226,
    -0.008576514836469595,
    0.0024524827805945115,
    -0.032211060322700824,
    0.10930873279702047,
    0.10811144213921942,
    0.0821313028446693,
    -0.007746406365112035,
    0.03709803830625913,
    0.01695965459398696,
    0.07467635358772728,
    -0.03143567891686949,
    0.0024016687772565604,
    0.10885072372710902,
    0.08132166396070495,
    0.10767938979858449
  ],
  "dipole_vec_eA": [
    0.045448463575336225,
    -0.11421865307060275,
    1.5886498304714518e-15
  ],
  "dipole_mag_D": 0.5904516228873741,
  "HOMO_eV": -17.709898404051245,
  "LUMO_eV": -17.596571687361983,
  "gap_eV": 0.11332671668926153
}