{
  "tag": "RMC-Ag_1-Fe_2-A2-B5-NNNNNN",
  "energy_eV": -2029.371887030821,
  "multiplicity": 1,
  "charge": -1,
  "sym1": "Ag",
  "ox1": 1,
  "sym2": "Fe",
  "ox2": 2,
  "acid": "A2",
  "base": "B5",
  "bridge": [
    "N",
    "N"
  ],
  "S1_ref": 0.0,
  "S2_ref": 0.0,
  "mulliken_q_e": [
    0.16253361901201335,
    0.2649688130573349,
    -0.16907982769540597,
    -0.16906802564968215,
    -0.2693836658674791,
    -0.26928583205866197,
    -0.09322720321232048,
    -0.09322459457974985,
    0.06551231037817695,
    -0.031189530849343283,
    -0.053925655275489204,
    -0.05074069540804027,
    -0.049282742600920804,
    -0.03646804841971463,
    -0.003107098323255064,
    -0.004556167378906739,
    0.0011734924908375355,
    -0.0148887647392133,
    0.07735313197885119,
    0.007754442198077194,
    0.017505417468595352,
    0.0655069428370898,
    -0.03119140734327419,
    -0.05392210512284845,
    -0.05073565374777633,
    -0.049289719257750164,
    -0.03648944612296323,
    -0.0031103549746283043,
    -0.004558447529849907,
    0.0011766300158480014,
    -0.014889230230623829,
    0.07735493805014748,
    0.00775247232421683,
    0.01749067179562458,
    -0.07312183324245392,
    -0.07317117813761964,
    0.07547093571636743,
    0.07547285935129033,
    -0.13186468916754945,
    -0.13185569182518253,
    0.02230105133098692,
    0.02229988107478409
  ],
  "dipole_vec_eA": [
    0.39146763164451653,
    -0.00030373163836342203,
    -1.9056958708017297e-15
  ],
  "dipole_mag_D": 1.8802995658410318,
  "solvation_E_eV": null
}