{
  "tag": "RMC-Fe_3-Sn_2-A2-B5-NNNNSS",
  "energy_eV": -1954.3234738974543,
  "multiplicity": 2,
  "charge": 3,
  "sym1": "Fe",
  "ox1": 3,
  "sym2": "Sn",
  "ox2": 2,
  "acid": "A2",
  "base": "B5",
  "bridge": [
    "S",
    "S"
  ],
  "S1_ref": 0.5,
  "S2_ref": 0.0,
  "mulliken_q_e": [
    0.7873514558852386,
    0.7469081073624884,
    0.22178430897086399,
    0.22177723641656477,
    -0.32424704255430714,
    -0.32422142765863016,
    -0.20810017083038734,
    -0.20811053364019494,
    0.02552654974763091,
    0.01452426852779265,
    0.0020346851647046194,
    -0.005195140605796844,
    0.0014515036884390486,
    0.014035470489312196,
    0.11006446723624719,
    0.11727021633930423,
    0.10856681180117378,
    0.06123438233258205,
    0.09139504280067734,
    0.1087293671177958,
    0.10496352233218453,
    0.025542964001520563,
    0.014503205614261772,
    0.0020386545076500617,
    -0.005187926961981448,
    0.0014484885477763498,
    0.014037200613350231,
    0.11003415832218988,
    0.11727723577345872,
    0.10856660409916896,
    0.061232963747111846,
    0.09140777897206953,
    0.10874943570687723,
    0.10495374797854484,
    -0.055614738576670986,
    -0.05561725600435352,
    0.1459923595668512,
    0.14599209653217549,
    -0.008643134062559232,
    -0.008644445064839301,
    0.20709630091474973,
    0.20709122505758804
  ],
  "dipole_vec_eA": [
    2.5921324856141714,
    3.451503540215415e-05,
    -1.2724830386007259e-07
  ],
  "dipole_mag_D": 12.450541824411442,
  "solvation_E_eV": null
}