{
  "tag": "RMC-Rh_2-Rh_2-A2-B10-NNNNNN",
  "energy_eV": -3329.956459125558,
  "multiplicity": 1,
  "charge": 0,
  "sym1": "Rh",
  "ox1": 2,
  "sym2": "Rh",
  "ox2": 2,
  "acid": "A2",
  "base": "B10",
  "bridge": [
    "N",
    "N"
  ],
  "S1_ref": 0.5,
  "S2_ref": 0.5,
  "mulliken_q_e": [
    -0.05074942024506479,
    -0.05082818110753484,
    -0.05780668487045415,
    -0.05780397575851137,
    -0.12885897590616335,
    -0.1288670315438618,
    -0.1288799368789082,
    -0.12889788322890028,
    0.09521133003784632,
    -0.02107008844226832,
    -0.024406865492258456,
    -0.04940401912099612,
    -0.024396302476712872,
    -0.02110719446497966,
    0.03334152826477432,
    0.032896889318144384,
    0.0333368183910423,
    0.056687020540798105,
    0.05671505331146709,
    0.04244093399177584,
    0.04243090205410638,
    0.09521575033740293,
    -0.021079883042839143,
    -0.02440967731877053,
    -0.049406199885795754,
    -0.024399127116156327,
    -0.021115091819997378,
    0.0333415807233568,
    0.03289594325392731,
    0.033337219550508834,
    0.05669106065556173,
    0.05672082060244321,
    0.04243823852405493,
    0.042428385393904144,
    0.07011775824953248,
    0.002119169379169117,
    0.002834751165307736,
    -0.03833154058473309,
    -0.03207118568058531,
    -0.05310466679087256,
    0.03594204281202962,
    0.03440782465184877,
    0.03492875888607405,
    -0.038329757214007776,
    0.002833793443556276,
    0.0021199740766291164,
    0.07011955306501294,
    -0.053105919689780734,
    -0.03207239546589502,
    0.035941201940829726,
    0.0349290040950464,
    0.034408106425589446,
    0.07010667050541297,
    0.0021151145510589497,
    0.00283584019364036,
    -0.0383103732359924,
    -0.03208236009079912,
    -0.05309414123349443,
    0.03593140110158055,
    0.034410946910624296,
    0.034923280882648955,
    -0.0383439021830807,
    0.002825982205229005,
    0.002128303561446332,
    0.07011308223975288,
    -0.05309678655156591,
    -0.03206898688803905,
    0.03594490591864041,
    0.034924785271812864,
    0.03440682638092396
  ],
  "dipole_vec_eA": [
    -0.0003283531243431166,
    -3.0508914040890777e-05,
    -2.1929148754419466e-15
  ],
  "dipole_mag_D": 0.0015839404022615507,
  "HOMO_eV": -8.692280862391193,
  "LUMO_eV": -8.080592636987877,
  "gap_eV": 0.6116882254033165
}