{
  "tag": "RMC-Mn_2-Ru_2-A2-B6-NNNNOS",
  "energy_eV": -2247.4826791961987,
  "multiplicity": 2,
  "charge": 2,
  "sym1": "Mn",
  "ox1": 2,
  "sym2": "Ru",
  "ox2": 2,
  "acid": "A2",
  "base": "B6",
  "bridge": [
    "O",
    "S"
  ],
  "S1_ref": 0.5,
  "S2_ref": 0.0,
  "mulliken_q_e": [
    0.23220037798111992,
    -0.03618589230947444,
    -0.2619680889769489,
    0.056767153560837835,
    -0.09713361161634304,
    -0.09482240558406163,
    -0.04609463717927298,
    -0.04985466149491802,
    0.04618423750886347,
    0.015983787894072066,
    -0.010968091100113764,
    -0.010239268296364124,
    -0.011304151225656867,
    0.01033724233031097,
    0.0896404246304231,
    0.09826977196121678,
    0.08871964629848761,
    0.05458862945123899,
    0.048867659808818686,
    0.08526604256261605,
    0.08873962077548903,
    0.20047197911868153,
    -0.006517943503795642,
    -0.013306690086305029,
    -0.016960970784708707,
    -0.014560294476109403,
    -0.01104962047060365,
    0.08621106759433816,
    0.0952953508634301,
    0.08469621636568914,
    0.06997601512404739,
    0.06710215843715117,
    0.08149787343915593,
    0.08423464274555093,
    -0.07692313593766009,
    -0.010908629853753293,
    -0.01625452897830537,
    0.108470205707756,
    0.11178088613285497,
    0.09199408192824698,
    0.097131971548306,
    0.10416840751136258,
    0.10733051158934304,
    -0.07215420505728232,
    -0.012453470227077101,
    -0.015150681520368803,
    0.0994283107752264,
    0.10107172360470107,
    0.08463521646632266,
    0.08677843245270211,
    0.10234798546276469,
    0.10462334739249624
  ],
  "dipole_vec_eA": [
    -0.47213072781380994,
    -0.07763619532459033,
    0.09650419598920551
  ],
  "dipole_mag_D": 2.344474769753317,
  "HOMO_eV": -15.320151910702936,
  "LUMO_eV": -15.054371799514133,
  "gap_eV": 0.2657801111888034
}