{
  "tag": "RMC-Ag_2-Ag_2-A2-B10-NNNNOS",
  "energy_eV": -3340.10556136048,
  "multiplicity": 1,
  "charge": 2,
  "sym1": "Ag",
  "ox1": 2,
  "sym2": "Ag",
  "ox2": 2,
  "acid": "A2",
  "base": "B10",
  "bridge": [
    "O",
    "S"
  ],
  "S1_ref": 0.5,
  "S2_ref": 0.5,
  "mulliken_q_e": [
    0.33056082928476616,
    0.3305763196697441,
    -0.3599894851256371,
    -0.1734200678932854,
    -0.13294093113218275,
    -0.11433601194085274,
    -0.1329475304820089,
    -0.11432256445382838,
    0.08347291880915675,
    0.006415588558273733,
    -0.010848471548600136,
    -0.01916268435448787,
    -0.010846074515866944,
    0.006428468189743963,
    0.07785134667736038,
    0.08878388146655403,
    0.0778548941418784,
    0.06860528391173859,
    0.06860400165257818,
    0.08942140313408764,
    0.08942743045382007,
    0.21056335387412162,
    -0.01783533843500562,
    -0.011183287889130922,
    -0.02747793615173033,
    -0.011183811231709528,
    -0.01784009873713721,
    0.0736472378921662,
    0.08415497919292714,
    0.07364629523059951,
    0.07639901675474525,
    0.07640022270033664,
    0.08584221580276563,
    0.08584011808759606,
    0.07378847395925847,
    0.0053645454021984396,
    0.02363196712282245,
    -0.018771453248783043,
    -0.011215191083698839,
    -0.03934651383411114,
    0.08400365410196087,
    0.08257337307057178,
    0.0650355535234608,
    -0.018031426891009783,
    0.024575442131910208,
    0.00971200298653363,
    0.07275939327336256,
    -0.03961547191812609,
    -0.011659432875427811,
    0.08469371199853526,
    0.0646290777841192,
    0.08279920340456437,
    0.07379933784783588,
    0.005362030188813982,
    0.023624856848767584,
    -0.018772930247967112,
    -0.01122149953476237,
    -0.03934492388439148,
    0.08400506321051848,
    0.08257514890959172,
    0.06503714579935715,
    -0.01803182375318868,
    0.024580630071755483,
    0.009718630220240998,
    0.07274122163529473,
    -0.03963471848744282,
    -0.011656058027660787,
    0.08469425320715951,
    0.06463385834784419,
    0.08280135714660886
  ],
  "dipole_vec_eA": [
    -4.885444825145978e-05,
    -0.23301101783303074,
    -1.5135537557598295e-15
  ],
  "dipole_mag_D": 1.1191995404125301,
  "HOMO_eV": -15.049366010355413,
  "LUMO_eV": -14.929673217909308,
  "gap_eV": 0.11969279244610576
}