{
  "tag": "RMC-Ag_2-Ga_3-A2-B5-NNNNNO",
  "energy_eV": -1977.8311929130703,
  "multiplicity": 1,
  "charge": 2,
  "sym1": "Ag",
  "ox1": 2,
  "sym2": "Ga",
  "ox2": 3,
  "acid": "A2",
  "base": "B5",
  "bridge": [
    "N",
    "O"
  ],
  "S1_ref": 0.5,
  "S2_ref": 0.5,
  "mulliken_q_e": [
    0.1791113063769969,
    0.2150411321283061,
    -0.025061377069070856,
    -0.06341232832942856,
    -0.08629731939972318,
    -0.020606744288102385,
    -0.0691942795686511,
    -0.164666286561288,
    0.14432354404679715,
    -0.003927894666655218,
    -0.00582981143920791,
    -0.013362039663192604,
    -0.0027365523257381064,
    0.001989407885860217,
    0.09954310462033378,
    0.10595619844642978,
    0.10150032663534259,
    0.09906255701249456,
    0.05483242992415094,
    0.12270260464785077,
    0.1171888449413021,
    0.06883328568827274,
    -0.001193128529416887,
    -0.00592543994218464,
    -0.01715612201887562,
    -0.0012766592637976082,
    -0.0019410576798490897,
    0.0843165572265111,
    0.09216097540050983,
    0.08763747285069756,
    0.0743954198605985,
    0.029466958322718728,
    0.09423582993709811,
    0.09060182843498399,
    -0.025522677322200815,
    -0.015994470174963693,
    0.1689013402561499,
    0.17135421165016562,
    -0.02078271969025014,
    0.04364258913631702,
    0.15960477755126334,
    0.1384841980465451
  ],
  "dipole_vec_eA": [
    -0.734686760995283,
    -0.4159039883152056,
    -4.5151264672145175e-15
  ],
  "dipole_mag_D": 4.055055997131823,
  "solvation_E_eV": null
}