{
  "tag": "RMC-Ag_2-Sn_2-A2-B4-NNNNNS",
  "energy_eV": -2052.3776806647866,
  "multiplicity": 2,
  "charge": 1,
  "sym1": "Ag",
  "ox1": 2,
  "sym2": "Sn",
  "ox2": 2,
  "acid": "A2",
  "base": "B4",
  "bridge": [
    "N",
    "S"
  ],
  "S1_ref": 0.5,
  "S2_ref": 0.0,
  "mulliken_q_e": [
    0.1821024135824797,
    0.5614912278131543,
    -0.14254490160360422,
    0.06542949951422433,
    -0.09887062889948872,
    -0.26075542717621003,
    -0.28003059371740346,
    -0.2370294322001678,
    0.03643838740058425,
    -0.004618867269591931,
    -0.01736036297895227,
    -0.0257470520757348,
    -0.01724595602496848,
    -0.000861059788075158,
    0.06212795097073609,
    0.06390048930098613,
    0.06130755099595808,
    0.06153320830046893,
    0.09184963296553406,
    0.05887320345808367,
    0.058248983796222564,
    0.06473938796597056,
    -0.010774940166780489,
    -0.019257098459554367,
    -0.029385034398986543,
    -0.018886329639157706,
    -0.012687371228170763,
    0.05790618835842409,
    0.05845110072101045,
    0.05560330869307473,
    0.09403266134868415,
    0.02117976674075539,
    0.08046963315745348,
    0.05293066884068265,
    -0.056731640878915135,
    -0.06234820311585576,
    0.09450462158415729,
    0.09450462158415651,
    0.08308535499455438,
    0.08308535499455472,
    -0.06956695897646314,
    -0.0705608959279993,
    0.06510312321807454,
    0.0651031232180771,
    0.08063064650934681,
    0.08063064650934659
  ],
  "dipole_vec_eA": [
    -0.5158466065070562,
    -0.2814499736660795,
    -7.196932860117416e-16
  ],
  "dipole_mag_D": 2.822518336768204,
  "solvation_E_eV": null
}