{
  "tag": "RMC-Au_3-Sn_2-A2-B7-NNNNNN",
  "energy_eV": -2159.9767745062954,
  "multiplicity": 1,
  "charge": 1,
  "sym1": "Au",
  "ox1": 3,
  "sym2": "Sn",
  "ox2": 2,
  "acid": "A2",
  "base": "B7",
  "bridge": [
    "N",
    "N"
  ],
  "S1_ref": 0.0,
  "S2_ref": 0.0,
  "mulliken_q_e": [
    0.35668371609081806,
    0.4833117057210965,
    -0.33987001000290884,
    -0.3396549988340467,
    -0.1426650507030709,
    -0.12300289887266436,
    -0.17608417183656688,
    -0.15869002518405706,
    0.12684803318729343,
    -0.013598674062909488,
    -0.011038551890302228,
    -0.034543300739586114,
    -0.01474924768534458,
    -0.020372039767523553,
    0.061146064353753915,
    0.06283915806309659,
    0.0570082579724126,
    0.07027408180969075,
    0.06412792350586871,
    0.05179192104668817,
    0.0690841988773051,
    0.12585304609658654,
    -0.016139549241748874,
    -0.01110433275768452,
    -0.03620021237903792,
    -0.01425556420685048,
    -0.022923773826520444,
    0.05966395977518013,
    0.062276512698384745,
    0.05620263126866376,
    0.07430250149520035,
    0.06821360803872345,
    0.049184679787025676,
    0.0664490124103626,
    0.02160488550962092,
    -0.054249497208965325,
    0.06233782779513297,
    0.07436708313502538,
    0.008007719027953941,
    0.07661110443084829,
    0.07661110425544715,
    0.026643728215728357,
    -0.05476574789636346,
    0.0505246932709853,
    0.06761460750917103,
    0.002642623460383353,
    0.07584062955998394,
    0.07584062872384922
  ],
  "dipole_vec_eA": [
    -0.178550806406089,
    0.19863969065655118,
    4.995617316901195e-08
  ],
  "dipole_mag_D": 1.2828972614191765,
  "HOMO_eV": -12.010169235180854,
  "LUMO_eV": -11.093704818119962,
  "gap_eV": 0.916464417060892
}