{
  "tag": "RMC-Mn_2-Mn_3-A2-B4-NNNNNN",
  "energy_eV": -2034.9756113890264,
  "multiplicity": 2,
  "charge": 1,
  "sym1": "Mn",
  "ox1": 2,
  "sym2": "Mn",
  "ox2": 3,
  "acid": "A2",
  "base": "B4",
  "bridge": [
    "N",
    "N"
  ],
  "S1_ref": 0.5,
  "S2_ref": 0.0,
  "mulliken_q_e": [
    0.24039691114920014,
    0.24017757501279335,
    -0.09422013113113836,
    -0.0942288555231574,
    -0.04915747022909556,
    -0.16666856177253186,
    -0.16669663492746212,
    -0.0492063350734353,
    0.06991586009405037,
    -0.0029378437667941792,
    -0.018347195631153834,
    -0.019218720439621695,
    -0.023878891804352653,
    0.007577063148481722,
    0.06762810821180532,
    0.07060714513409216,
    0.06813144336347454,
    0.022989059069373763,
    0.06652740665713197,
    0.07696932112830002,
    0.09602035147173082,
    0.06989956556933552,
    0.007575060542242884,
    -0.02391340740315062,
    -0.019208418795789717,
    -0.018372145366140513,
    -0.0029307839152328263,
    0.06813542902395209,
    0.0706143284811529,
    0.06764055656199397,
    0.06643720130573838,
    0.022991163234956202,
    0.09601161911430145,
    0.07698631746252504,
    -0.07303045204784242,
    -0.0742461935984311,
    0.060826855245505906,
    0.06082685524550535,
    0.05670837192987377,
    0.05670837192987477,
    -0.0742226749878081,
    -0.07302285723125346,
    0.056737722895561116,
    0.05673772289555645,
    0.06086509388295758,
    0.06086509388296024
  ],
  "dipole_vec_eA": [
    8.795709325985127e-05,
    -0.0006396881669848267,
    -2.1737674761170967e-15
  ],
  "dipole_mag_D": 0.003101462141210487,
  "HOMO_eV": -12.702217837235404,
  "LUMO_eV": -12.274080309121572,
  "gap_eV": 0.4281375281138313
}