{
  "tag": "RMC-Pd_2-Rh_2-A2-B6-NNNNOO",
  "energy_eV": -2340.692977687373,
  "multiplicity": 2,
  "charge": 2,
  "sym1": "Pd",
  "ox1": 2,
  "sym2": "Rh",
  "ox2": 2,
  "acid": "A2",
  "base": "B6",
  "bridge": [
    "O",
    "O"
  ],
  "S1_ref": 0.0,
  "S2_ref": 0.5,
  "mulliken_q_e": [
    0.29699276215691073,
    0.07517999646975393,
    -0.22258354690475524,
    -0.2225835389173696,
    -0.061301265973239705,
    -0.06129750633175113,
    -0.032530040963000495,
    -0.03253514381597977,
    0.18382732409600022,
    -0.00939825401764871,
    -0.011052033209348222,
    -0.019897608812561307,
    -0.011313028721734897,
    -0.016854464094693933,
    0.08895313581036624,
    0.09630604213027205,
    0.08717095322567436,
    0.057504934604084124,
    0.062254165902732916,
    0.08446856916490586,
    0.09460153785094205,
    0.18382900303408234,
    -0.009408928703703356,
    -0.011052420709840804,
    -0.019894924790683,
    -0.011309380666100655,
    -0.016856395926807766,
    0.0889538708739731,
    0.09630508648508085,
    0.08717019160628281,
    0.05751188417729347,
    0.06225354089830093,
    0.08446662892509293,
    0.09460207630979911,
    -0.08102149764507316,
    -0.024293097339315173,
    -0.0242929032827075,
    0.10399546702095097,
    0.09790403354052524,
    0.09278158667184555,
    0.09278145728498888,
    0.10306554310170224,
    0.10306553974349841,
    -0.07752672098865165,
    -0.023329720926269726,
    -0.023330204515427333,
    0.0949854879632791,
    0.09028159262812052,
    0.08308285403296856,
    0.08308322268548585,
    0.0981417901433308,
    0.09814234873568883
  ],
  "dipole_vec_eA": [
    -0.40785824584498287,
    -1.7193037660681188e-07,
    0.05499868287505248
  ],
  "dipole_mag_D": 1.9767575579303107,
  "HOMO_eV": -15.522593148442137,
  "LUMO_eV": -13.946918996331581,
  "gap_eV": 1.5756741521105564
}