{
  "tag": "RMC-Cr_3-V_3-A2-B10-NNNNSS",
  "energy_eV": -3177.7138866963096,
  "multiplicity": 2,
  "charge": 4,
  "sym1": "Cr",
  "ox1": 3,
  "sym2": "V",
  "ox2": 3,
  "acid": "A2",
  "base": "B10",
  "bridge": [
    "S",
    "S"
  ],
  "S1_ref": 0.5,
  "S2_ref": 1.0,
  "mulliken_q_e": [
    0.5922281425076596,
    0.25491059407158245,
    -0.03491532581483153,
    -0.034915529348073265,
    -0.14021132468775432,
    -0.14021120560496936,
    -0.08340680921399724,
    -0.08340670530387118,
    0.06343703517700794,
    0.020417235500859388,
    0.00445792802959466,
    0.001302871991599286,
    0.0028935057621848337,
    0.014445936149634964,
    0.11419159118174071,
    0.13336491604171585,
    0.11273709856458913,
    0.06643182654492841,
    0.059045352884917524,
    0.11960495512717984,
    0.11972985941079117,
    0.06343752569123984,
    0.02041723697899145,
    0.0044580385947348145,
    0.0013027737488282565,
    0.0028939116891164574,
    0.014446007530401594,
    0.1141915652730815,
    0.13336487965238664,
    0.11273702923306594,
    0.06643195862028883,
    0.0590462179993263,
    0.11960493770940328,
    0.11972978440826942,
    0.07391974710084259,
    0.014753693566601944,
    0.04854315712672719,
    0.0029422766108480047,
    0.008949330317565174,
    -0.025154434356524424,
    0.13294517377043236,
    0.1303803283641478,
    0.09988150475587376,
    0.002942177769900356,
    0.04854299880375179,
    0.014754113766294985,
    0.07391944419773577,
    -0.0251548105946795,
    0.008949153264269372,
    0.1329453676050203,
    0.09988155772979312,
    0.13038028875568963,
    0.08108519654437885,
    0.027864767308227956,
    0.04959305497768263,
    0.003955782555618903,
    0.010371257778514664,
    -0.022781776364500184,
    0.13334118651176052,
    0.13098765791471578,
    0.10132553979372294,
    0.003955732319193883,
    0.04959297840712007,
    0.02786495746859452,
    0.0810850864688557,
    -0.02278192152885472,
    0.010371152724174992,
    0.13334127039142918,
    0.10132555101837981,
    0.1309876418241347
  ],
  "dipole_vec_eA": [
    -0.07615741649894117,
    8.359207408731195e-06,
    -1.025818105129958e-08
  ],
  "dipole_mag_D": 0.3657996303234165,
  "HOMO_eV": -20.164647516371495,
  "LUMO_eV": -19.841914523046697,
  "gap_eV": 0.32273299332479866
}