{
  "tag": "RMC-Cu_1-Pb_2-A2-B2-NNNNNO",
  "energy_eV": -3078.4328600533354,
  "multiplicity": 1,
  "charge": 0,
  "sym1": "Cu",
  "ox1": 1,
  "sym2": "Pb",
  "ox2": 2,
  "acid": "A2",
  "base": "B2",
  "bridge": [
    "N",
    "O"
  ],
  "S1_ref": 0.0,
  "S2_ref": 0.0,
  "mulliken_q_e": [
    0.24300126748253398,
    0.575802914646268,
    -0.35659407763881346,
    -0.40330141156653143,
    -0.16363354172822886,
    -0.14046450009889266,
    -0.22181006026769734,
    -0.2164652317019593,
    0.19503450937854727,
    -0.04347391423418956,
    -0.037101818947848475,
    -0.04498442107991951,
    -0.03750936267534932,
    -0.030417276569318474,
    0.031217221391758754,
    0.034538440823187355,
    0.03188642205464398,
    0.057067158321323586,
    0.05629433940955364,
    0.02616821706072081,
    0.04182400425346777,
    0.11419236944605449,
    -0.031049148103656332,
    -0.028393686188425082,
    -0.04411132066893164,
    -0.028874612367343122,
    -0.02000525735063552,
    0.028002497418932792,
    0.031122970333133937,
    0.028466983979043015,
    0.05019804647494008,
    0.057295314445874546,
    0.02766991243791095,
    0.038214133387686866,
    -0.042234808682565905,
    0.012396990687117748,
    -0.003502631316976146,
    0.06638045008871685,
    -0.054256808445832805,
    -0.03313943428020272,
    0.03486707238379816,
    0.038125723037859105,
    0.03178229544822464,
    0.06818092043469015,
    -0.04238204412226976,
    -0.033041526051874825,
    -0.05399026756365166,
    0.03514547194303963,
    0.03230783383094249,
    0.03660509480014518,
    -0.0418025160216704,
    0.012550631518502886,
    -0.009889599039855312,
    0.06876654550989048,
    -0.04978887157898959,
    -0.03374855463697091,
    0.03420184767411749,
    0.03407903044592864,
    0.03141705961658936,
    0.06829570219125869,
    -0.042808073862943496,
    -0.033594936569992795,
    -0.05101312178045325,
    0.034011084269223835,
    0.03158179654568827,
    0.03469056196883824
  ],
  "dipole_vec_eA": [
    0.09886198393949583,
    -0.05387091102262167,
    -7.052412453709715e-08
  ],
  "dipole_mag_D": 0.5407769588418251,
  "HOMO_eV": -8.059200354498843,
  "LUMO_eV": -7.965994374437748,
  "gap_eV": 0.0932059800610956
}