{
  "tag": "RMC-Cr_3-Sc_3-A2-B6-NNNNOO",
  "energy_eV": -2155.1050465530852,
  "multiplicity": 2,
  "charge": 4,
  "sym1": "Cr",
  "ox1": 3,
  "sym2": "Sc",
  "ox2": 3,
  "acid": "A2",
  "base": "B6",
  "bridge": [
    "O",
    "O"
  ],
  "S1_ref": 0.5,
  "S2_ref": 0.0,
  "mulliken_q_e": [
    0.7041349113857938,
    0.7964402572630033,
    -0.35209376332560804,
    -0.35209308743387435,
    -0.10292498657530857,
    -0.10292699997547494,
    -0.11420298231049175,
    -0.114203386692868,
    0.19046688846580895,
    -0.0025183506967756397,
    0.017358741284189794,
    0.008387898374372371,
    0.009833149985642331,
    0.014316184241926821,
    0.14468777900394547,
    0.1617713279107491,
    0.1440347930017789,
    0.07987716932025246,
    0.0698139812437466,
    0.14971828825065048,
    0.14591656143482745,
    0.190465917217725,
    -0.002518308609006592,
    0.01735771429926869,
    0.008388944460802072,
    0.00983471014763082,
    0.014313992381622231,
    0.14468834191512225,
    0.1617706516230094,
    0.1440330383912738,
    0.07987711508246198,
    0.06981478902396931,
    0.14971799132873587,
    0.14591547803476856,
    -0.10126057556811863,
    -0.041699990783437,
    -0.04169880680255389,
    0.15518440039095993,
    0.12153464039381434,
    0.1415920566030936,
    0.14159221020585422,
    0.14397334000004436,
    0.1439739814403509,
    -0.0915782511543124,
    -0.038818618438131614,
    -0.038818582772317534,
    0.16225510076272587,
    0.12336020698455774,
    0.14462251888687339,
    0.14462264872419106,
    0.15085439738883133,
    0.1508545737230278
  ],
  "dipole_vec_eA": [
    0.013192198810809649,
    -1.3290088637967805e-05,
    0.1919418582225355
  ],
  "dipole_mag_D": 0.9241109276765191,
  "HOMO_eV": -22.337272021682164,
  "LUMO_eV": -21.98830373144409,
  "gap_eV": 0.34896829023807285
}