{
  "tag": "RMC-Nb_3-Os_2-A2-B7-NNNNOO",
  "energy_eV": -2173.8082755321866,
  "multiplicity": 3,
  "charge": 3,
  "sym1": "Nb",
  "ox1": 3,
  "sym2": "Os",
  "ox2": 2,
  "acid": "A2",
  "base": "B7",
  "bridge": [
    "O",
    "O"
  ],
  "S1_ref": 1.0,
  "S2_ref": 0.0,
  "mulliken_q_e": [
    0.33240250398211724,
    0.42860654473918647,
    -0.24273918531138738,
    -0.24099391201396037,
    -0.08259119274188587,
    -0.06718797036512592,
    -0.052508418576369564,
    -0.03752288534490944,
    0.1812202048089302,
    0.007774808540194744,
    0.0027941898905712304,
    -0.0020544871498116013,
    0.006106504482386921,
    0.009060732437173646,
    0.12377163249552514,
    0.1351262342890145,
    0.12476923748952262,
    0.05302318555076768,
    0.07840623595831464,
    0.12619984080320035,
    0.12123982870338745,
    0.18262535825137705,
    0.00522001431213992,
    0.0031085946942412956,
    -0.0030796845104859027,
    0.005668903807692027,
    0.006502667842378296,
    0.12343852945896483,
    0.13534384185946058,
    0.12414060898915003,
    0.05295255758838269,
    0.08341256356206794,
    0.1225165213400583,
    0.11901235767172469,
    0.02507540192161728,
    -0.01932614908515129,
    0.10842215617668993,
    0.13376362536986353,
    -0.010852604997331206,
    0.13688891872360942,
    0.1368889187789305,
    0.01317975400383542,
    -0.019079983988892435,
    0.12080371618428787,
    0.1440168581278719,
    -0.03483911919566873,
    0.14964601735748517,
    0.14964602306388375
  ],
  "dipole_vec_eA": [
    -0.05768529514694008,
    0.3303051415930363,
    1.638826725526758e-07
  ],
  "dipole_mag_D": 1.6105358064521964,
  "HOMO_eV": -19.12270083637953,
  "LUMO_eV": -18.52860476803475,
  "gap_eV": 0.5940960683447791
}