{
  "tag": "RMC-Cd_2-Cu_1-A2-B1-NNNNOS",
  "energy_eV": -2509.7726023176383,
  "multiplicity": 1,
  "charge": 1,
  "sym1": "Cd",
  "ox1": 2,
  "sym2": "Cu",
  "ox2": 1,
  "acid": "A2",
  "base": "B1",
  "bridge": [
    "O",
    "S"
  ],
  "S1_ref": 0.0,
  "S2_ref": 0.0,
  "mulliken_q_e": [
    0.45853617657111223,
    0.3966564445384083,
    -0.37063806908623964,
    -0.2958688662588306,
    -0.15784156929819249,
    -0.17825910980716442,
    -0.19428655492379732,
    -0.13374090727903432,
    0.09234337476392351,
    -8.264151506920392e-05,
    -0.018089507897619317,
    -0.03179477812958864,
    -0.01990640115867026,
    -0.003544765554142515,
    0.062126679265306906,
    0.06454999381696624,
    0.05920962099182259,
    0.07236723175447524,
    0.07019183930262773,
    0.054137128844615634,
    0.05246737863595585,
    0.20115150810538185,
    -0.021138957946994275,
    -0.01990407458264909,
    -0.03593874277177744,
    -0.02176491790083457,
    -0.023184757301498493,
    0.06035511319932907,
    0.06428013339832428,
    0.05966532420484505,
    0.07630939958772998,
    0.07431725914206266,
    0.04618006281265197,
    0.05638617790135503,
    -0.03234184498124537,
    0.05634462488132774,
    0.05825826469433126,
    -0.03312200958025158,
    -0.021980867081499378,
    -0.022331963200103333,
    0.0602780515292487,
    0.05932575703632326,
    0.06676345486255941,
    0.06699927368685021,
    -0.035203449939090525,
    0.052191333135603424,
    0.05881778392395032,
    -0.03236208409050967,
    -0.021708376853853517,
    -0.021831179253732236,
    0.05384168703579184,
    0.060682931031687315,
    0.06644193746108218,
    0.0656904502767135
  ],
  "dipole_vec_eA": [
    -0.3459620911583348,
    0.03174840377969073,
    -8.261198873239504e-13
  ],
  "dipole_mag_D": 1.6687089957617232,
  "HOMO_eV": -11.34883955272097,
  "LUMO_eV": -11.252430492704333,
  "gap_eV": 0.09640906001663652
}