{
  "tag": "RMC-Zr_2-Zr_2-A2-B2-NNNNNS",
  "energy_eV": -2963.509061885978,
  "multiplicity": 1,
  "charge": 1,
  "sym1": "Zr",
  "ox1": 2,
  "sym2": "Zr",
  "ox2": 2,
  "acid": "A2",
  "base": "B2",
  "bridge": [
    "N",
    "S"
  ],
  "S1_ref": 1.0,
  "S2_ref": 1.0,
  "mulliken_q_e": [
    0.7547645489288879,
    0.7548292635182229,
    -0.41926701204019845,
    -0.2580841907804226,
    -0.19588087299525125,
    -0.1957323396127728,
    -0.19586121276602464,
    -0.19571735789146527,
    0.04721462784881658,
    -0.003792431068052382,
    -0.04417156327836058,
    -0.030611680843289246,
    -0.0441728263717871,
    -0.003793913062428267,
    0.041509361178256765,
    0.050345551571405744,
    0.04150941026746913,
    0.0015176189343635293,
    0.0014618701274624613,
    0.061317711785774054,
    0.06131883368783786,
    0.11349977090721697,
    -0.022009619975308592,
    -0.04679234164352586,
    -0.036045357063664074,
    -0.04679467934801118,
    -0.022004135947684356,
    0.03709215248196884,
    0.047077023955882646,
    0.037090740993977356,
    0.013221448808928837,
    0.013146973684174945,
    0.06815314675652051,
    0.06815889309307421,
    -0.036938992973715834,
    0.022789842167778795,
    -0.012907249561882717,
    0.06495567135896407,
    -0.04672676567410816,
    -0.028119492843088345,
    0.058281066345582944,
    0.06161257153062605,
    0.056245430717861145,
    0.06736912026241804,
    -0.036476534521439286,
    -0.027801985672473162,
    -0.04574729769117325,
    0.05948840238136399,
    0.05793136559542045,
    0.05977624508566404,
    -0.036929715978153865,
    0.022790380775234098,
    -0.01290201371658406,
    0.06495501604283094,
    -0.04671594904440135,
    -0.02812349597458863,
    0.05828120014664939,
    0.06161217929535456,
    0.056246703201728754,
    0.06736817700552078,
    -0.03646788621283159,
    -0.02780434374554641,
    -0.04573344486736963,
    0.05948831094880058,
    0.05793130552788617,
    0.05977476625883549
  ],
  "dipole_vec_eA": [
    0.0007707226533078589,
    0.05951471554732775,
    1.3286262760523291e-14
  ],
  "dipole_mag_D": 0.2858853051110166,
  "HOMO_eV": -10.722304372276282,
  "LUMO_eV": -10.580336661600638,
  "gap_eV": 0.14196771067564384
}