{
  "tag": "RMC-Hg_2-Zn_2-A2-B7-NNNNSS",
  "energy_eV": -2037.4944528629023,
  "multiplicity": 1,
  "charge": 2,
  "sym1": "Hg",
  "ox1": 2,
  "sym2": "Zn",
  "ox2": 2,
  "acid": "A2",
  "base": "B7",
  "bridge": [
    "S",
    "S"
  ],
  "S1_ref": 0.0,
  "S2_ref": 0.0,
  "mulliken_q_e": [
    0.3266010910835154,
    0.3278521310769853,
    -0.2672722192930378,
    -0.2693337958255303,
    -0.1115709984334956,
    -0.09998812296188242,
    -0.10034977092769015,
    -0.08576651006479108,
    0.11069089977324742,
    0.012916935661184015,
    -0.0026678430547164567,
    -0.016233794803719226,
    -0.001577110321460573,
    0.01600507899612902,
    0.09036815940759413,
    0.09764849234600614,
    0.09169884000675754,
    0.07925673871676153,
    0.08995508271730257,
    0.09167838659077365,
    0.09114436466222542,
    0.11024869442283847,
    0.010940328711718905,
    -0.002693511797443149,
    -0.01676751912472718,
    -0.001467011004087082,
    0.014180431017003503,
    0.09003763356746797,
    0.09820285648247384,
    0.09144122448023073,
    0.08343326086059633,
    0.0931322108772048,
    0.08936762766828688,
    0.08893057074740451,
    0.02680913089841197,
    -0.04299136667746417,
    0.08972829562071416,
    0.1095387159734581,
    -0.010045034983963141,
    0.11289669480199316,
    0.11289669480199227,
    0.022468221677812483,
    -0.040787400311695254,
    0.08457813589423446,
    0.1057813169696229,
    -0.009340050027710989,
    0.1092119065507332,
    0.10921190655073265
  ],
  "dipole_vec_eA": [
    0.044106493164302825,
    0.2947175184338993,
    4.971758720713766e-15
  ],
  "dipole_mag_D": 1.4313532478404194,
  "HOMO_eV": -15.925450941107831,
  "LUMO_eV": -14.361384567631427,
  "gap_eV": 1.564066373476404
}