{
  "tag": "RMC-Ru_3-W_2-A2-B1-NNNNSS",
  "energy_eV": -2489.5152074916764,
  "multiplicity": 2,
  "charge": 3,
  "sym1": "Ru",
  "ox1": 3,
  "sym2": "W",
  "ox2": 2,
  "acid": "A2",
  "base": "B1",
  "bridge": [
    "S",
    "S"
  ],
  "S1_ref": 0.5,
  "S2_ref": 0.0,
  "mulliken_q_e": [
    -0.08725297654201614,
    -0.09962017620819441,
    0.11745559022708582,
    0.11745572803565646,
    -0.0019565995337700315,
    -0.0019563041653973823,
    -0.016840227127876473,
    -0.016840393586891267,
    0.06459273307152014,
    0.0285106738598222,
    -0.002567420689846056,
    -0.0016514444626498648,
    5.718489657624559e-05,
    0.023797123317851554,
    0.11298909236714982,
    0.12531978890552964,
    0.11213553791681685,
    0.060464259560915945,
    0.05760365580073312,
    0.1155340099608353,
    0.12420049260848443,
    0.06459239119821247,
    0.028510550883628527,
    -0.0025674649040439146,
    -0.0016514003976262348,
    5.7081634230682354e-05,
    0.02379726334991461,
    0.11298904791193076,
    0.12531980711984692,
    0.11213558537522972,
    0.06046398415565113,
    0.05760319337016129,
    0.11553400590821894,
    0.12420050844447716,
    -0.01217101511087293,
    0.1004624148886557,
    0.1004621667413721,
    -0.012170826359985343,
    0.002801191999211028,
    0.002801130069759905,
    0.11094494721699544,
    0.11094489418117381,
    0.1304038975601114,
    0.130403973224672,
    -0.014706229900813828,
    0.1116186293359791,
    0.1116188560140714,
    -0.014706179623820814,
    0.0028798888023127134,
    0.0028798188421221838,
    0.11257559083932933,
    0.1125755970116108,
    0.128983189143277,
    0.12898317446823837
  ],
  "dipole_vec_eA": [
    -0.0680161213946696,
    -3.823229457207485e-06,
    4.9850701889969366e-08
  ],
  "dipole_mag_D": 0.3266953252279223,
  "HOMO_eV": -18.123603862226055,
  "LUMO_eV": -17.662361537659095,
  "gap_eV": 0.46124232456696035
}