{
  "tag": "RMC-Ag_1-Y_3-A2-B2-NNNNNO",
  "energy_eV": -3041.556345236605,
  "multiplicity": 1,
  "charge": 1,
  "sym1": "Ag",
  "ox1": 1,
  "sym2": "Y",
  "ox2": 3,
  "acid": "A2",
  "base": "B2",
  "bridge": [
    "N",
    "O"
  ],
  "S1_ref": 0.0,
  "S2_ref": 0.0,
  "mulliken_q_e": [
    0.3116550533616599,
    0.48508472922401513,
    -0.3331867977297025,
    -0.3817290893766372,
    -0.14371174681547405,
    -0.14291459975195786,
    -0.1601308896695841,
    -0.15249400988471562,
    0.19967147003605779,
    -0.02913547069401856,
    -0.025450675215759055,
    -0.035690083987673704,
    -0.02473904554973272,
    -0.026690772156385822,
    0.05328223790430375,
    0.061108852202350405,
    0.0550802942648152,
    0.06077066890615468,
    0.0661243823504869,
    0.05868463463993967,
    0.05592839341993494,
    0.12310401293440143,
    -0.02219293396236388,
    -0.017112618434276916,
    -0.03798797882364746,
    -0.014960304407130254,
    -0.017108934807957166,
    0.050654337165282226,
    0.05747838964219154,
    0.05331534143787864,
    0.05472936042646004,
    0.06049111600940815,
    0.06670808684045582,
    0.06207029199133296,
    -0.026667547531713964,
    0.020784892629212903,
    0.005193574134496393,
    0.07280730465570961,
    -0.03890446203132192,
    -0.02639636411703128,
    0.06158573132797596,
    0.054407997955663534,
    0.05793964680837904,
    0.07485771584783385,
    -0.028890034296458866,
    -0.02534525164900403,
    -0.039693141011013955,
    0.06098755854491178,
    0.05893894421502921,
    0.055372665596150616,
    -0.028735345537401757,
    0.019586451864007204,
    -0.001949191415457685,
    0.06600247402514459,
    -0.042500361271323284,
    -0.02642897311222203,
    0.05965904278567258,
    0.05257760905072484,
    0.05625888419803071,
    0.06843083966683827,
    -0.030920463391038044,
    -0.02577452195665897,
    -0.043859756602725675,
    0.05902583921654414,
    0.056836751667009855,
    0.05410578824389334
  ],
  "dipole_vec_eA": [
    0.40721730293828673,
    -0.2146846934252142,
    5.31395776331587e-15
  ],
  "dipole_mag_D": 2.211120272510667,
  "HOMO_eV": -11.026039336848617,
  "LUMO_eV": -10.929635411742579,
  "gap_eV": 0.09640392510603846
}