{
  "tag": "RMC-Sn_2-Ti_3-A2-B2-NNNNOO",
  "energy_eV": -3007.2377798577054,
  "multiplicity": 2,
  "charge": 3,
  "sym1": "Sn",
  "ox1": 2,
  "sym2": "Ti",
  "ox2": 3,
  "acid": "A2",
  "base": "B2",
  "bridge": [
    "O",
    "O"
  ],
  "S1_ref": 0.0,
  "S2_ref": 0.5,
  "mulliken_q_e": [
    0.6169325276804317,
    0.7911028035005683,
    -0.3946354942324761,
    -0.39462241404618803,
    -0.12936357320290948,
    -0.1293615297943569,
    -0.1464168835172881,
    -0.14643784191909925,
    0.17968282047062756,
    -0.004177820881853922,
    -0.006774357288803046,
    -0.013816477341833444,
    -0.007341194926502537,
    -0.01134718238920196,
    0.1012883835029651,
    0.11557908499751657,
    0.10030309900458656,
    0.06532881610637653,
    0.058821137644913035,
    0.10978823158292705,
    0.10362950312904629,
    0.1796788119267465,
    -0.004178643923092196,
    -0.006779368252131546,
    -0.013816054960442248,
    -0.007342238195407802,
    -0.011346110393954056,
    0.10128934190990291,
    0.11557853987991296,
    0.1003016107141268,
    0.06532661253597016,
    0.05882097209275061,
    0.10979185878734143,
    0.10362755707219351,
    -0.002999067231330921,
    0.034290537737083904,
    0.007687997397703761,
    0.06545495584998928,
    -0.018590183381236747,
    -0.011310040637527496,
    0.1057691368701712,
    0.0799529702104751,
    0.10289335828910195,
    0.06545802520401156,
    -0.0029979969358058245,
    -0.011309118284747344,
    -0.018579116446778787,
    0.10577240770064411,
    0.10289337438008705,
    0.07995276644569138,
    -0.005303562571213227,
    0.034071776616903415,
    0.007949114218845255,
    0.06164627817777579,
    -0.026348670782347483,
    -0.012202527816550512,
    0.10748166753334332,
    0.08388341488135187,
    0.1031024765090075,
    0.061653851474912535,
    -0.005304904603886218,
    -0.012200313415878572,
    -0.026351275781089756,
    0.10748263855802775,
    0.10310422592809487,
    0.08388127623119868
  ],
  "dipole_vec_eA": [
    0.2111222287380545,
    0.0037585312908703567,
    2.7117575351682712e-11
  ],
  "dipole_mag_D": 1.0142238732340783,
  "HOMO_eV": -17.336090499516754,
  "LUMO_eV": -17.042176910459833,
  "gap_eV": 0.29391358905692044
}