{
  "tag": "RMC-Os_2-W_2-A2-B4-NNNNNS",
  "energy_eV": -2045.1243768398847,
  "multiplicity": 1,
  "charge": 1,
  "sym1": "Os",
  "ox1": 2,
  "sym2": "W",
  "ox2": 2,
  "acid": "A2",
  "base": "B4",
  "bridge": [
    "N",
    "S"
  ],
  "S1_ref": 0.0,
  "S2_ref": 0.0,
  "mulliken_q_e": [
    0.2876989733264813,
    0.03391188466352635,
    -0.15141030520090926,
    0.2558223078096069,
    -0.09490341712204264,
    -0.24731124699766172,
    -0.13725650282492174,
    -0.22388261674434884,
    0.01216387820181164,
    -0.0025220312444644843,
    -0.017439648091199356,
    -0.02054419626535786,
    -0.016839461309110737,
    -0.003233205093552405,
    0.0670733762229535,
    0.07024692481971662,
    0.06736083830677198,
    0.07342974098161092,
    0.06353950117935248,
    0.06464452208450111,
    0.06489972370288466,
    0.09907679835624417,
    0.015231733744949905,
    -0.02025328607103094,
    -0.02044775858491099,
    -0.019085000682728115,
    0.01351124401881898,
    0.07846607452620347,
    0.0828048633897559,
    0.07953969713293252,
    0.07946016606541861,
    0.04641075756259205,
    0.09260919919863497,
    0.11351805514856739,
    -0.07403845835661738,
    -0.0750654938475801,
    0.04998917772069145,
    0.049989173970865,
    0.0601520151635071,
    0.06015201163284367,
    -0.06058738337124003,
    -0.05769368380965112,
    0.06014852055193276,
    0.06014851317154313,
    0.07025701114187632,
    0.07025701186630895
  ],
  "dipole_vec_eA": [
    0.0769635924699209,
    -0.5628115883796139,
    -1.2225299748029248e-07
  ],
  "dipole_mag_D": 2.728457970544469,
  "HOMO_eV": -12.416410532825559,
  "LUMO_eV": -12.341293019172042,
  "gap_eV": 0.07511751365351671
}