{
  "tag": "RMC-Co_2-Zn_2-A2-B5-NNNNSS",
  "energy_eV": -1940.0333848328894,
  "multiplicity": 2,
  "charge": 2,
  "sym1": "Co",
  "ox1": 2,
  "sym2": "Zn",
  "ox2": 2,
  "acid": "A2",
  "base": "B5",
  "bridge": [
    "S",
    "S"
  ],
  "S1_ref": 0.5,
  "S2_ref": 0.0,
  "mulliken_q_e": [
    0.14270950857927656,
    0.29060518269708213,
    0.15170666406730268,
    0.1517738868709876,
    -0.1828681769282383,
    -0.18283962218785565,
    -0.1580217009002005,
    -0.15801555863384786,
    0.03542759985426991,
    0.007732227501383582,
    -0.007626545541275842,
    -0.013233741544701694,
    -0.0033649575901155693,
    0.011374811605320945,
    0.08928822264941128,
    0.09618334898030945,
    0.09249040525656049,
    0.06528004092072304,
    0.07395421201049968,
    0.09037171861727877,
    0.090366755973175,
    0.0354305179951262,
    0.007728358144724279,
    -0.007614755336255996,
    -0.013235273669019776,
    -0.0033610556535363934,
    0.011361354592747563,
    0.08928652036266649,
    0.09618174758848108,
    0.09248935893245902,
    0.06530277773590432,
    0.07395304368368905,
    0.09036161079946226,
    0.09036111640988564,
    -0.005082149025706251,
    -0.00516557499562742,
    0.16467289091514303,
    0.1646742006174038,
    -0.0019515933995541968,
    -0.001909684075040552,
    0.18661093651033078,
    0.18661136960584512
  ],
  "dipole_vec_eA": [
    1.2457160206954265,
    -0.0001373984057720827,
    1.1842917127582167e-15
  ],
  "dipole_mag_D": 5.98342854620699,
  "HOMO_eV": -15.146635157017291,
  "LUMO_eV": -14.135141108442397,
  "gap_eV": 1.0114940485748942
}