{
  "tag": "RMC-Co_2-Hg_2-A2-B2-NNNNNN",
  "energy_eV": -3000.0299692282583,
  "multiplicity": 2,
  "charge": 0,
  "sym1": "Co",
  "ox1": 2,
  "sym2": "Hg",
  "ox2": 2,
  "acid": "A2",
  "base": "B2",
  "bridge": [
    "N",
    "N"
  ],
  "S1_ref": 0.5,
  "S2_ref": 0.0,
  "mulliken_q_e": [
    0.05515793608653097,
    0.23441452541655794,
    -0.26606909366475806,
    -0.26607322077424045,
    -0.09023555390480897,
    -0.09025154500469768,
    -0.1715799583410169,
    -0.17158779155593096,
    0.1105182966899454,
    -0.0251636564297415,
    -0.02369722476656455,
    -0.04417681077382074,
    -0.02475681009685693,
    -0.01966307579516191,
    0.029766441766066687,
    0.03248807219591632,
    0.030502942853916526,
    0.06100125617420882,
    0.048282768653972186,
    0.03430226396848657,
    0.044978840538021925,
    0.11053378245763024,
    -0.025182586144333774,
    -0.023695462986072613,
    -0.0441769420420135,
    -0.024756722645313145,
    -0.019685815194948608,
    0.02976642817122288,
    0.032483754754373484,
    0.030500278123678393,
    0.061004495841375794,
    0.04828705145876877,
    0.03430032779201064,
    0.044975166754134044,
    -0.03967634084058602,
    0.01253451026006025,
    0.00041163344047490114,
    0.07009259862602435,
    -0.05319280369461543,
    -0.03189173713231663,
    0.03718020943806111,
    0.039823521178490306,
    0.03407016904922078,
    0.07009468441639144,
    -0.03967570000545284,
    -0.03189313300016794,
    -0.053190313797453204,
    0.03718185456459833,
    0.034072174398281696,
    0.039821731648730485,
    -0.04071631975328849,
    0.012872128730221366,
    0.0002995788113093756,
    0.07898324587981609,
    -0.051583403218831814,
    -0.031308500471379785,
    0.035680245482287876,
    0.035438255832597965,
    0.0327779993439542,
    0.07898892665678026,
    -0.040714628011094156,
    -0.031302305279299336,
    -0.05158422816794772,
    0.035679101727031926,
    0.032775708855048324,
    0.035438775456736016
  ],
  "dipole_vec_eA": [
    -0.06171252740119963,
    -5.680235499794814e-05,
    2.2629015866010223e-15
  ],
  "dipole_mag_D": 0.2964180006885397,
  "HOMO_eV": -8.597743195959822,
  "LUMO_eV": -8.135641900249574,
  "gap_eV": 0.46210129571024794
}