{
  "tag": "RMC-Cr_3-Pb_2-A2-B7-NNNNOS",
  "energy_eV": -2125.4552968576477,
  "multiplicity": 2,
  "charge": 3,
  "sym1": "Cr",
  "ox1": 3,
  "sym2": "Pb",
  "ox2": 2,
  "acid": "A2",
  "base": "B7",
  "bridge": [
    "O",
    "S"
  ],
  "S1_ref": 0.5,
  "S2_ref": 0.0,
  "mulliken_q_e": [
    0.6186018594357411,
    0.7211600300583232,
    -0.3859495098541377,
    -0.08822590603932497,
    -0.1296884614397873,
    -0.11834810781237404,
    -0.16492028224003663,
    -0.145855892407603,
    0.06673128531879535,
    0.020457413268420765,
    0.006931037992165656,
    -0.0001238162823671285,
    0.001921133310730072,
    0.02174382289582577,
    0.1212536524047837,
    0.13097550102331446,
    0.11848496725731694,
    0.07178957685500231,
    0.06036097567403931,
    0.10657021240392994,
    0.12111572545970162,
    0.19823538303087784,
    -0.011754854198536169,
    0.004580043162750069,
    -0.005520753686710789,
    -0.0038435736430706413,
    0.006590559217694025,
    0.11627885620355072,
    0.12843867891192895,
    0.11360255420040377,
    0.07784591445665412,
    0.06747618247539067,
    0.10388578197917664,
    0.11578138174706076,
    0.015141033761787881,
    -0.04078167979856673,
    0.11588959511644514,
    0.13549576532704732,
    -0.018151409715036593,
    0.14009816135326958,
    0.14009781351010286,
    0.015283691376487774,
    -0.048289015075794195,
    0.10252448616503207,
    0.12940482718220803,
    -0.019870817057408674,
    0.13328873366479044,
    0.13328744314887198
  ],
  "dipole_vec_eA": [
    -0.32712249428608764,
    0.14116190706138762,
    0.00015383773176771065
  ],
  "dipole_mag_D": 1.7112882835530085,
  "HOMO_eV": -18.77255219766236,
  "LUMO_eV": -18.375147370326477,
  "gap_eV": 0.3974048273358832
}