{
  "tag": "RMC-Os_2-Rh_2-A2-B4-NNNNSS",
  "energy_eV": -2084.515385453471,
  "multiplicity": 2,
  "charge": 2,
  "sym1": "Os",
  "ox1": 2,
  "sym2": "Rh",
  "ox2": 2,
  "acid": "A2",
  "base": "B4",
  "bridge": [
    "S",
    "S"
  ],
  "S1_ref": 0.0,
  "S2_ref": 0.5,
  "mulliken_q_e": [
    0.2944553288617272,
    -0.12406191650220677,
    0.2199985373551426,
    0.22000976428919305,
    -0.22543270792570635,
    -0.22543423185396727,
    -0.060590973122032876,
    -0.060598068024077634,
    0.01629417497063046,
    0.008991369510558789,
    -0.006388638384482004,
    -0.013347892451609278,
    -0.011551467083114053,
    0.008640511151777552,
    0.09330364077496178,
    0.09448098894688317,
    0.08510816932360521,
    0.03829356103543735,
    0.07514397519078941,
    0.11050005076537794,
    0.095170398800829,
    0.01629623365386723,
    0.00898510634558547,
    -0.006388150430738371,
    -0.01334503870132231,
    -0.011553453842761296,
    0.008640522969308728,
    0.09330181445897423,
    0.09447923712639272,
    0.08511053461334261,
    0.0382982082661949,
    0.07514380004402654,
    0.11049781498329636,
    0.0951700994176704,
    -0.04272799885294587,
    -0.042728501052317513,
    0.13264534380175586,
    0.13264524540912626,
    0.13264512722304422,
    0.13264503750635814,
    -0.05008440249331558,
    -0.05008677817858587,
    0.10685675013853202,
    0.10685674764944308,
    0.10685606487963228,
    0.10685606237846201
  ],
  "dipole_vec_eA": [
    -1.0648535951413338,
    2.5798105466356205e-06,
    1.8167798190227551e-07
  ],
  "dipole_mag_D": 5.114709335122791,
  "HOMO_eV": -15.513045437664031,
  "LUMO_eV": -14.576961866991482,
  "gap_eV": 0.9360835706725492
}