{
  "tag": "RMC-Cu_1-Hg_2-A2-B6-NNNNNN",
  "energy_eV": -2197.542494437,
  "multiplicity": 1,
  "charge": -1,
  "sym1": "Cu",
  "ox1": 1,
  "sym2": "Hg",
  "ox2": 2,
  "acid": "A2",
  "base": "B6",
  "bridge": [
    "N",
    "N"
  ],
  "S1_ref": 0.0,
  "S2_ref": 0.0,
  "mulliken_q_e": [
    0.1611973101859786,
    0.15452565373145166,
    -0.3320558348246492,
    -0.33207269683836516,
    -0.18002115358656634,
    -0.18002748295216509,
    -0.21606964422652442,
    -0.21608053489280477,
    0.1152028922100865,
    -0.0417582641106089,
    -0.04513675105703707,
    -0.06116939567313273,
    -0.045990730841938054,
    -0.03876705732012731,
    -0.009124723968342519,
    -0.011496190260780859,
    -0.008113476190930946,
    0.06359315555652034,
    0.05589909644292401,
    -0.019572196937060138,
    -0.013055861473246777,
    0.11519953190125332,
    -0.04174976271589137,
    -0.04512927715156745,
    -0.061169548415275665,
    -0.04599222159132288,
    -0.038765454575822256,
    -0.009123573037773447,
    -0.011497692499706336,
    -0.008114758120955745,
    0.06361125689009772,
    0.05588857896192989,
    -0.019573071744405368,
    -0.013054741706671091,
    -0.059500960915481516,
    0.024622218788935113,
    0.024623132504415945,
    0.022383797602748556,
    0.04924746906044464,
    0.006624241783243501,
    0.00662348151962644,
    0.0246350032069379,
    0.024634727697701808,
    -0.05373436767707074,
    0.036223962550049116,
    0.036220173066385586,
    0.0192785468264568,
    0.04855865820774563,
    0.004049841550117339,
    0.004051820723700583,
    0.02050992560035869,
    0.020512948737066106
  ],
  "dipole_vec_eA": [
    0.06523834300997608,
    0.0001032609676596499,
    -0.007959710870075192
  ],
  "dipole_mag_D": 0.31567720596783766,
  "HOMO_eV": -4.246977239288967,
  "LUMO_eV": -4.181444894757746,
  "gap_eV": 0.06553234453122059
}