{
  "tag": "RMC-Ag_1-Hf_2-A2-B2-NNNNOS",
  "energy_eV": -3056.258343532067,
  "multiplicity": 3,
  "charge": 1,
  "sym1": "Ag",
  "ox1": 1,
  "sym2": "Hf",
  "ox2": 2,
  "acid": "A2",
  "base": "B2",
  "bridge": [
    "O",
    "S"
  ],
  "S1_ref": 0.0,
  "S2_ref": 1.0,
  "mulliken_q_e": [
    0.2982297025971699,
    0.6300354524516134,
    -0.39919146357552315,
    -0.27740072008508204,
    -0.1345185440208827,
    -0.14053191693386435,
    -0.17453393329955325,
    -0.20538643894530417,
    0.07519899374015981,
    -0.006683214494952905,
    -0.03248484484679626,
    -0.02907459016499403,
    -0.029699742904900406,
    0.0007179564626742518,
    0.046478767124204734,
    0.057704924056847906,
    0.05327219154035179,
    0.026478483720784318,
    0.06873965561582684,
    0.05606133176007688,
    0.049937631325315146,
    0.18429114955914905,
    -0.022792518463630396,
    -0.03300583548885827,
    -0.03335171374992374,
    -0.03431531293784307,
    -0.017865082778238284,
    0.051076580141462324,
    0.060586016416836475,
    0.05416424612945592,
    0.02847136094368863,
    0.06541797911822589,
    0.05723736596107021,
    0.06625256979704996,
    -0.026813941864665347,
    0.023412546887277452,
    0.0057278967929226265,
    0.07481084021772122,
    -0.03463756031526022,
    -0.025526285007997584,
    0.06441801315729634,
    0.061948753379857724,
    0.062005303209592855,
    0.06946111399941901,
    -0.026198410866693278,
    -0.025784826670758765,
    -0.0356516682769219,
    0.06689602276053996,
    0.06451716151152642,
    0.06174267511067133,
    -0.032705604570876234,
    0.019708835421229587,
    -0.014369134231426273,
    0.06396596905821283,
    -0.04591540593713672,
    -0.02709503756482956,
    0.05834121264638259,
    0.05384185004963993,
    0.05555386621879188,
    0.06503553959155495,
    -0.03278086633816901,
    -0.026573373692243774,
    -0.04475984731475524,
    0.05823234281648981,
    0.056267957214651276,
    0.05340757684043185
  ],
  "dipole_vec_eA": [
    0.5391606061689774,
    0.06730427245365278,
    4.2141326675746785e-13
  ],
  "dipole_mag_D": 2.609798064160672,
  "HOMO_eV": -10.953105144729049,
  "LUMO_eV": -10.923815964018935,
  "gap_eV": 0.029289180710113882
}