{
  "tag": "RMC-Co_2-Ti_2-A2-B5-NNNNNO",
  "energy_eV": -1995.393405612698,
  "multiplicity": 4,
  "charge": 1,
  "sym1": "Co",
  "ox1": 2,
  "sym2": "Ti",
  "ox2": 2,
  "acid": "A2",
  "base": "B5",
  "bridge": [
    "N",
    "O"
  ],
  "S1_ref": 0.5,
  "S2_ref": 1.0,
  "mulliken_q_e": [
    0.19149547583790338,
    0.7947589228427666,
    -0.164926740050928,
    -0.3576154517915002,
    -0.05065541237198845,
    -0.18992987109118542,
    -0.2821798919162024,
    -0.2728574340087315,
    0.17892067386768762,
    -0.02194959009214492,
    -0.020510819046122952,
    -0.029345496421990136,
    -0.021667732085549174,
    -0.011193430616958766,
    0.07177073745240548,
    0.07439118182950799,
    0.07134914732160147,
    0.10336950720239835,
    0.0788648639001992,
    0.08870457565911716,
    0.0875570069319358,
    0.06871920475779225,
    -0.009647786021922844,
    -0.01694743255360809,
    -0.02643504947364117,
    -0.018434918395765276,
    -0.00874398524182074,
    0.06797283722517167,
    0.0682027077809646,
    0.06458946164649049,
    0.09949435518958283,
    0.01628719015571911,
    0.0888275350306379,
    0.06720251736930394,
    -0.02839436623488334,
    -0.04418772305855723,
    0.1393228948807067,
    0.11905829532878309,
    -0.07094079781940277,
    -0.0706349145041103,
    0.08777511373931046,
    0.08856463684594129
  ],
  "dipole_vec_eA": [
    -0.6539111624435429,
    -0.004016054721086461,
    -3.080860362979429e-15
  ],
  "dipole_mag_D": 3.1409281225220123,
  "HOMO_eV": -11.783968319604613,
  "LUMO_eV": -11.422061968301792,
  "gap_eV": 0.3619063513028209
}