{
  "tag": "RMC-Re_2-W_2-A2-B10-NNNNSS",
  "energy_eV": -3262.2029462385917,
  "multiplicity": 2,
  "charge": 2,
  "sym1": "Re",
  "ox1": 2,
  "sym2": "W",
  "ox2": 2,
  "acid": "A2",
  "base": "B10",
  "bridge": [
    "S",
    "S"
  ],
  "S1_ref": 0.5,
  "S2_ref": 0.0,
  "mulliken_q_e": [
    0.009018142002342633,
    -0.19397627304133347,
    0.08512705358054656,
    0.08512699147629968,
    -0.007898951226427142,
    -0.007898469647789508,
    -0.05779096183239396,
    -0.05779112539681841,
    0.045562108312409366,
    0.008081666536338572,
    -0.01564024518169571,
    -0.014707337520430297,
    -0.01570764562801119,
    0.009738709484546249,
    0.07590291368704938,
    0.08909884859048944,
    0.07894037677778976,
    0.04980491726358882,
    0.03045803186947471,
    0.0815797733957232,
    0.10199605533409706,
    0.04556268262135421,
    0.008081645892513922,
    -0.01563973193592716,
    -0.014707493114274106,
    -0.015707147424802503,
    0.009738753380743148,
    0.07590287869334389,
    0.08909886672191514,
    0.07894031334325502,
    0.0498059738696095,
    0.03045916990233133,
    0.08157964542491303,
    0.10199590353288335,
    0.06453401291332583,
    0.017008949898532633,
    0.02497743393489693,
    -0.01776677190163345,
    -0.013426890803403646,
    -0.04517108979418594,
    0.08731828134628983,
    0.08416711650560249,
    0.06808900959871367,
    -0.017762830870597934,
    0.024980429975620444,
    0.017006299451878704,
    0.06453398826353385,
    -0.04517241786805526,
    -0.013428176101211609,
    0.08731456860306142,
    0.06808878195003776,
    0.08416859816262234,
    0.08225472672066547,
    0.025044821893414726,
    0.018380806965570873,
    -0.018710979193582444,
    -0.012573367230244381,
    -0.04652678958090073,
    0.08379954152002322,
    0.08143784894747153,
    0.06509575927303013,
    -0.01871129782532277,
    0.018380680001998106,
    0.02504519458686083,
    0.08225447349096493,
    -0.046526808808486475,
    -0.01257324760852474,
    0.08379982628140492,
    0.06509575105792798,
    0.08143772650105241
  ],
  "dipole_vec_eA": [
    0.5726369452032256,
    9.648401309702547e-06,
    -4.28981041487534e-08
  ],
  "dipole_mag_D": 2.750492220750317,
  "HOMO_eV": -14.758968834292839,
  "LUMO_eV": -14.270806108238627,
  "gap_eV": 0.4881627260542114
}