{
  "tag": "RMC-Fe_3-Zr_2-A2-B6-NNNNSS",
  "energy_eV": -2174.0290965606027,
  "multiplicity": 2,
  "charge": 3,
  "sym1": "Fe",
  "ox1": 3,
  "sym2": "Zr",
  "ox2": 2,
  "acid": "A2",
  "base": "B6",
  "bridge": [
    "S",
    "S"
  ],
  "S1_ref": 0.5,
  "S2_ref": 1.0,
  "mulliken_q_e": [
    0.6835946605414899,
    0.8206619172569056,
    -0.18468741606775205,
    -0.18468530898873914,
    -0.14412623641754907,
    -0.14412101598115834,
    -0.19903001984516266,
    -0.19904839874188607,
    0.06242450874747929,
    0.0031018681213601518,
    -0.007287601003013844,
    -0.01073301614484512,
    -0.0012082239510842196,
    0.008339683032524858,
    0.10089689727496964,
    0.11449471482661466,
    0.10695249989648947,
    0.06792097357493287,
    0.05529390996296901,
    0.10393162014430957,
    0.10452680568953687,
    0.06245054311263676,
    0.003103291790439666,
    -0.007261424213808265,
    -0.010739605860342394,
    -0.0012013536218182796,
    0.008333360222290143,
    0.10089168987212283,
    0.11449178618101497,
    0.10695435116407703,
    0.0679954618976617,
    0.0552978539583584,
    0.10392343508545354,
    0.10452671866842866,
    -0.10688898124343704,
    -0.04216452672193416,
    -0.042163689705511764,
    0.12493271439307241,
    0.09594902324288401,
    0.10831212588654027,
    0.10831202547500207,
    0.11562377368663457,
    0.11562422570250563,
    -0.09361801801360614,
    -0.023036165640538453,
    -0.023035341485226013,
    0.1531750831043014,
    0.12717601528252886,
    0.12633062304685705,
    0.12633031116845528,
    0.1315807116088934,
    0.13158116002762443
  ],
  "dipole_vec_eA": [
    1.6198585825900509,
    0.0003782040291863053,
    0.724064395207475
  ],
  "dipole_mag_D": 8.522421070945128,
  "HOMO_eV": -17.297503179541796,
  "LUMO_eV": -17.266517338440696,
  "gap_eV": 0.030985841101099254
}