{
  "tag": "RMC-Hf_2-Re_3-A2-B7-NNNNNN",
  "energy_eV": -2129.9710722356613,
  "multiplicity": 3,
  "charge": 1,
  "sym1": "Hf",
  "ox1": 2,
  "sym2": "Re",
  "ox2": 3,
  "acid": "A2",
  "base": "B7",
  "bridge": [
    "N",
    "N"
  ],
  "S1_ref": 1.0,
  "S2_ref": 0.0,
  "mulliken_q_e": [
    0.8556055473887247,
    0.021138706484525538,
    -0.2916476838997506,
    -0.2903214267074503,
    -0.21221707785256738,
    -0.193580352534098,
    -0.03313355257781314,
    -0.019104000318424186,
    0.10606548264577254,
    -0.005486215432664032,
    -0.029319149415431678,
    -0.031101238647052387,
    -0.032074754780676784,
    -0.024252395462798226,
    0.055662999403597646,
    0.05767963351159067,
    0.04949959655257874,
    0.01852481229025793,
    0.04238163620390001,
    0.05892534842617103,
    0.05702396781204189,
    0.1049416354074506,
    -0.006228736665806922,
    -0.02782094253510725,
    -0.03239480451176724,
    -0.030723222527548222,
    -0.027655469470753147,
    0.05615009971393348,
    0.05822461893577513,
    0.04952376585073648,
    0.014452586740095752,
    0.052932280723300806,
    0.054495981753443834,
    0.05619566685108568,
    0.02437679626829281,
    -0.07026958326533594,
    0.05722414511836982,
    0.06908820668475202,
    0.010800842550415357,
    0.07103113693123475,
    0.07103111679977336,
    0.014480623025246109,
    -0.0436334346698799,
    0.06644024183793917,
    0.07964324664899702,
    -0.01825737993429888,
    0.09284035102359611,
    0.09284035034932858
  ],
  "dipole_vec_eA": [
    -0.9991154111746885,
    0.21288159934026696,
    1.4234759886729551e-06
  ],
  "dipole_mag_D": 4.906679886107453,
  "HOMO_eV": -11.179529922479908,
  "LUMO_eV": -11.029835929387582,
  "gap_eV": 0.14969399309232578
}