{
  "tag": "RMC-Mn_2-Sc_3-A2-B6-NNNNNO",
  "energy_eV": -2181.546993003518,
  "multiplicity": 2,
  "charge": 2,
  "sym1": "Mn",
  "ox1": 2,
  "sym2": "Sc",
  "ox2": 3,
  "acid": "A2",
  "base": "B6",
  "bridge": [
    "N",
    "O"
  ],
  "S1_ref": 0.5,
  "S2_ref": 0.0,
  "mulliken_q_e": [
    0.21849248728209825,
    0.6028277779358531,
    -0.24124169935297068,
    -0.3301577439696406,
    -0.04441676306089204,
    -0.10077692722447829,
    -0.17078949420971523,
    -0.14671466892811025,
    0.1851166331324967,
    -0.024205340248957707,
    -0.011811257152101406,
    -0.02186611462557564,
    -0.010459213059654582,
    -0.012032660546550389,
    0.0834385441963248,
    0.09274752014132293,
    0.08583064622434111,
    0.07958864347391237,
    0.06782695819052798,
    0.08484579019407634,
    0.06708706701357103,
    0.11097875754932773,
    -0.011430111322702219,
    -0.010696474470478723,
    -0.01909950086170742,
    -0.007155951780914993,
    0.007415392024168632,
    0.08382988247596779,
    0.09469953594145608,
    0.09258079202258018,
    0.06930347124866487,
    0.04781237048963094,
    0.08840696250849378,
    0.09692984585969466,
    -0.07901080428278151,
    -0.02950478672331469,
    -0.012748770208685922,
    0.09678475408644172,
    0.09199319499079806,
    0.09234447060408113,
    0.07300945790601421,
    0.10235217611343939,
    0.09083069984517489,
    -0.07752598112802689,
    -0.012653541732904783,
    -0.012885020629977761,
    0.10639872213618107,
    0.09374056238913575,
    0.09022314976061085,
    0.08942356626598003,
    0.09869967351010778,
    0.1016233181385412
  ],
  "dipole_vec_eA": [
    0.7911470838143156,
    -0.3713231929352113,
    0.10006501158757576
  ],
  "dipole_mag_D": 4.225202810892434,
  "HOMO_eV": -14.672784210008704,
  "LUMO_eV": -14.610579949046732,
  "gap_eV": 0.062204260961971514
}