{
  "tag": "RMC-Cu_2-Ir_2-A2-B2-NNNNOS",
  "energy_eV": -3108.865321870208,
  "multiplicity": 1,
  "charge": 2,
  "sym1": "Cu",
  "ox1": 2,
  "sym2": "Ir",
  "ox2": 2,
  "acid": "A2",
  "base": "B2",
  "bridge": [
    "O",
    "S"
  ],
  "S1_ref": 0.5,
  "S2_ref": 0.5,
  "mulliken_q_e": [
    0.31637550219669175,
    0.20096732997595113,
    -0.31418972544680224,
    -0.06290457259351939,
    -0.14458014166587718,
    -0.12604561394063518,
    -0.05648722959182484,
    -0.04835672101443245,
    0.05313418539727954,
    0.009628887512356465,
    -0.014365154360582055,
    -0.015325587383412165,
    -0.01069280347713053,
    0.005574788858060398,
    0.07787828581008405,
    0.08971872246652524,
    0.07934354148240896,
    0.032476340767077616,
    0.05893763244577488,
    0.09250846381559419,
    0.07647733130756729,
    0.20010430104895738,
    -0.012712753531906928,
    -0.015364711051411462,
    -0.021226880543110838,
    -0.011846201736221085,
    -0.014847313931500405,
    0.07638298584441927,
    0.087894768674454,
    0.07689772666607275,
    0.0515324413521252,
    0.06809307837841105,
    0.0844488448977122,
    0.07396972532498058,
    -0.012080656541863188,
    0.026445913789385767,
    0.0025853040669934213,
    0.06789858371483337,
    -0.027934657310837663,
    -0.017843464645834306,
    0.08416742693417889,
    0.0689664219058671,
    0.08145778161115835,
    0.06469551587367639,
    -0.013638811220657576,
    -0.01827980772057236,
    -0.029808559168973403,
    0.08382443038238774,
    0.08074801930970077,
    0.06810350127462494,
    -0.011399637265570473,
    0.02847296761489493,
    0.01015109386604851,
    0.06607231671072378,
    -0.029840129772083834,
    -0.01725415345493264,
    0.08838622270054575,
    0.07439092379566048,
    0.08472234582837868,
    0.06714749037131207,
    -0.011981053251260088,
    -0.017058106059853362,
    -0.02949567655284624,
    0.08772409917982871,
    0.08451389558228883,
    0.0727409845443624
  ],
  "dipole_vec_eA": [
    0.07890871945476886,
    -0.07527724993677047,
    1.5064518259602334e-14
  ],
  "dipole_mag_D": 0.5238191087377155,
  "HOMO_eV": -14.868605152919377,
  "LUMO_eV": -14.793630357452903,
  "gap_eV": 0.07497479546647412
}