{
  "tag": "RMC-Cd_2-Re_2-A2-B2-NNNNNS",
  "energy_eV": -2983.2775343079675,
  "multiplicity": 2,
  "charge": 1,
  "sym1": "Cd",
  "ox1": 2,
  "sym2": "Re",
  "ox2": 2,
  "acid": "A2",
  "base": "B2",
  "bridge": [
    "N",
    "S"
  ],
  "S1_ref": 0.0,
  "S2_ref": 0.5,
  "mulliken_q_e": [
    0.417943203306699,
    -0.015311931106388843,
    -0.29867453959118895,
    -0.0729600868357882,
    -0.16080017376454903,
    -0.17485202107011877,
    -0.013898738691575208,
    -0.0671962809594564,
    0.047743178699354294,
    0.0010345506378290903,
    -0.021720660294666683,
    -0.029424311079094156,
    -0.02296904081390272,
    -0.00509969529102805,
    0.05455056511565848,
    0.06007190494385417,
    0.05216724143454465,
    0.021881703405867592,
    0.06407708952450153,
    0.05685147820139602,
    0.05266541630073096,
    0.11252236462438847,
    -0.002938588479470594,
    -0.020155188214418196,
    -0.03140382520849139,
    -0.020431553937487967,
    -0.01823829315887915,
    0.05316426936680252,
    0.05830152807607125,
    0.04901896284089813,
    0.023644145721842147,
    0.06218063588181888,
    0.06755661948449132,
    0.05836208125665732,
    -0.02555603334374479,
    0.020294429688895166,
    4.326838251800247e-05,
    0.0697197693067968,
    -0.03842245206919781,
    -0.026088113796725487,
    0.061798551090096465,
    0.05539928142073414,
    0.058278911234747044,
    0.07038061016710517,
    -0.02820916146407848,
    -0.025023532619924183,
    -0.03956608851187782,
    0.061470862701136886,
    0.05975140868200102,
    0.056036503090197476,
    -0.027520784716451807,
    0.0204173077826324,
    0.007948982273246807,
    0.06971824448187491,
    -0.041831536490117616,
    -0.026519784767492283,
    0.060999542129065776,
    0.05611580327940646,
    0.057046092771866785,
    0.06647123200970295,
    -0.027427498754764246,
    -0.025957132328212396,
    -0.04057194427694988,
    0.062071333563147646,
    0.05972616475325221,
    0.061343754115638194
  ],
  "dipole_vec_eA": [
    -0.6283489777448816,
    -0.24064842388741423,
    -8.987249946815172e-07
  ],
  "dipole_mag_D": 3.231860904008237,
  "HOMO_eV": -11.314207990823931,
  "LUMO_eV": -11.18428967220489,
  "gap_eV": 0.12991831861904046
}