{
  "tag": "RMC-Os_3-Pd_2-A2-B5-NNNNNO",
  "energy_eV": -2052.373283521115,
  "multiplicity": 2,
  "charge": 2,
  "sym1": "Os",
  "ox1": 3,
  "sym2": "Pd",
  "ox2": 2,
  "acid": "A2",
  "base": "B5",
  "bridge": [
    "N",
    "O"
  ],
  "S1_ref": 0.5,
  "S2_ref": 0.0,
  "mulliken_q_e": [
    0.45496752554690467,
    0.011267243279661221,
    -0.07909116564084862,
    -0.0600205612047211,
    -0.13908664440495833,
    -0.17660425634568688,
    0.01813281471350936,
    0.011893222281566196,
    0.13483798199094665,
    0.002793036103048152,
    -0.006721901424343368,
    -0.011036104373319588,
    -0.005861226719127366,
    0.005725187244016272,
    0.10365916085270954,
    0.10918763229627881,
    0.10555105809068199,
    0.051157654791762486,
    0.07637913094580595,
    0.11981109427559433,
    0.12736939102638,
    0.060561920935350066,
    0.003032321711749386,
    -0.005886294852978979,
    -0.01131627237575783,
    -0.007076989577238457,
    0.012311217898745008,
    0.09405192583173427,
    0.10027699974890047,
    0.09769857409802873,
    0.018073154870553054,
    0.06828246615163946,
    0.09714588856863582,
    0.12752312580911496,
    -0.06295240005669611,
    -0.07090161439349352,
    0.1143239277174779,
    0.11392481846106839,
    0.012702837070633688,
    0.008806512701273528,
    0.18710244669587783,
    0.18800516944824297
  ],
  "dipole_vec_eA": [
    1.8436944584880564,
    -0.5311974191655497,
    9.299640742979108e-05
  ],
  "dipole_mag_D": 9.215870824070016,
  "solvation_E_eV": null
}