{
  "tag": "RMC-Sn_2-Zn_2-A2-B10-NNNNOO",
  "energy_eV": -3224.709096752511,
  "multiplicity": 1,
  "charge": 2,
  "sym1": "Sn",
  "ox1": 2,
  "sym2": "Zn",
  "ox2": 2,
  "acid": "A2",
  "base": "B10",
  "bridge": [
    "O",
    "O"
  ],
  "S1_ref": 0.0,
  "S2_ref": 0.0,
  "mulliken_q_e": [
    0.6543338322757122,
    0.29860947606649013,
    -0.3663340295658273,
    -0.366334689511465,
    -0.16249237735600297,
    -0.16248760792886596,
    -0.0777245091484442,
    -0.07773457235436387,
    0.19589351486528095,
    -0.015247056619878796,
    -0.014082888365534174,
    -0.025556148508905085,
    -0.010472851586537768,
    -0.019869995044448974,
    0.0748992043963208,
    0.0874445105794932,
    0.07862221275419268,
    0.06866342693046379,
    0.07225526230116475,
    0.10078288993776818,
    0.07637859673374747,
    0.19589814225843716,
    -0.01526246237194906,
    -0.014081644706630314,
    -0.02555789183826196,
    -0.010468460890199927,
    -0.01987032811612255,
    0.07489594945994915,
    0.0874426038946956,
    0.07862200708368117,
    0.06866520610163596,
    0.07225714418997331,
    0.10077945039821956,
    0.0763796120260063,
    0.06691859957045954,
    -0.003463633548104861,
    0.018999925972033704,
    -0.020621695990435063,
    -0.015458055371881052,
    -0.042427393763404764,
    0.07840578881914595,
    0.0760559245744562,
    0.05819032266137969,
    -0.02062990147384225,
    0.018995414015961165,
    -0.0034550477490333797,
    0.06691451914776492,
    -0.04242475466667739,
    -0.015453109094958561,
    0.0784127257702435,
    0.05818974900887974,
    0.07605257410426725,
    0.06370631578309083,
    0.0031157258767686713,
    0.022283995924716082,
    -0.018770835347130088,
    -0.01347022797046682,
    -0.043228775438339584,
    0.0837472509727849,
    0.08259561008055771,
    0.06379274274754687,
    -0.018769716352872168,
    0.022277245968320925,
    0.0031094483422642316,
    0.0637282959266674,
    -0.04322307440084994,
    -0.01347475411603849,
    0.08374639402110173,
    0.06379129194570099,
    0.08259558553403634
  ],
  "dipole_vec_eA": [
    0.3351927731397602,
    -6.740840305365045e-05,
    1.098995110336941e-15
  ],
  "dipole_mag_D": 1.609999391774296,
  "HOMO_eV": -14.812244739330094,
  "LUMO_eV": -13.670785798857818,
  "gap_eV": 1.1414589404722761
}