{
  "tag": "RMC-Mn_2-Rh_2-A2-B2-NNNNOO",
  "energy_eV": -3108.8150419762,
  "multiplicity": 1,
  "charge": 2,
  "sym1": "Mn",
  "ox1": 2,
  "sym2": "Rh",
  "ox2": 2,
  "acid": "A2",
  "base": "B2",
  "bridge": [
    "O",
    "O"
  ],
  "S1_ref": 0.5,
  "S2_ref": 0.5,
  "mulliken_q_e": [
    0.3765566447402192,
    -0.029806101083014402,
    -0.1967990119754226,
    -0.1968042218557835,
    -0.10143277812481521,
    -0.10142979381650807,
    -0.03168568895484625,
    -0.031687137879309546,
    0.17181822467684005,
    -0.0036176397252172254,
    -0.018286764983794113,
    -0.017765725596012638,
    -0.0157728832848405,
    -0.010170775711982882,
    0.08101941752485253,
    0.09300766325154919,
    0.08321334074021247,
    0.045599064714421544,
    0.046543088685660816,
    0.08573486865588942,
    0.09087753236309648,
    0.17182650601212623,
    -0.0036199021741958326,
    -0.018275301507733488,
    -0.017772632092803775,
    -0.015767310400204515,
    -0.01016792378037401,
    0.08101553641920844,
    0.09300683555860934,
    0.08321035613962624,
    0.045624371404471065,
    0.04655945727415811,
    0.0857303794769736,
    0.0908787979889415,
    -0.01271216848190826,
    0.02769508724571801,
    0.010501121105225053,
    0.06895991623018483,
    -0.03263862866704459,
    -0.01843959953006702,
    0.0869586096733107,
    0.07269828814010482,
    0.08243601034687509,
    0.0689667844140871,
    -0.012719270350209477,
    -0.01844139979708137,
    -0.03263557200511147,
    0.08696454516260321,
    0.08243893962967885,
    0.07269434836223065,
    -0.01266592700473912,
    0.026738275228113118,
    0.014289535750020566,
    0.06501681460269482,
    -0.032721911955884586,
    -0.018062930576575154,
    0.08534302684758355,
    0.0694217883233913,
    0.08110789347201208,
    0.06502474400834757,
    -0.012672130572987106,
    -0.018060989861471644,
    -0.032720407458592726,
    0.08534623551992349,
    0.08110853702441945,
    0.06941994252477912
  ],
  "dipole_vec_eA": [
    0.01270800315429028,
    0.0026645089306812715,
    1.5624545219482314e-15
  ],
  "dipole_mag_D": 0.06236641268973839,
  "HOMO_eV": -14.754258833427265,
  "LUMO_eV": -14.527275204079121,
  "gap_eV": 0.22698362934814398
}