{
  "tag": "RMC-Fe_3-Os_2-A2-B10-NNNNOS",
  "energy_eV": -3287.97292032814,
  "multiplicity": 2,
  "charge": 3,
  "sym1": "Fe",
  "ox1": 3,
  "sym2": "Os",
  "ox2": 2,
  "acid": "A2",
  "base": "B10",
  "bridge": [
    "O",
    "S"
  ],
  "S1_ref": 0.5,
  "S2_ref": 0.0,
  "mulliken_q_e": [
    0.7203563815934759,
    0.32985421406569737,
    -0.3616726169960356,
    -0.010883293943013878,
    -0.16882057934689332,
    -0.1936212191067994,
    -0.0922460557897069,
    -0.08416525955475818,
    0.03501852168837316,
    0.011097964101532076,
    -0.009702703288306802,
    -0.00765095603742405,
    -0.005417052498232211,
    0.005515644431707045,
    0.09308023195153892,
    0.11032803401244928,
    0.09597503752206915,
    0.04339647189999596,
    0.06026950683773258,
    0.10870802471604812,
    0.08591641684267548,
    0.1933359418169216,
    -0.01293779225383318,
    -0.008407217279237544,
    -0.015414645415225525,
    -0.009733474055193314,
    -0.020690323168339075,
    0.09299488564962122,
    0.10825192012806217,
    0.09088350494835895,
    0.063331193935241,
    0.053255035925294125,
    0.09884433999520026,
    0.10824771164588076,
    0.06865582620269906,
    0.010222782711433176,
    0.03663749452546927,
    -0.010052860871479163,
    -0.0018150057575714307,
    -0.03571776840722851,
    0.10760216214150731,
    0.10564727982897049,
    0.08040298385814626,
    -0.009076596777542356,
    0.035165405976631536,
    0.010654767456535597,
    0.07730096708449397,
    -0.033313611200946225,
    -0.0009053980466293687,
    0.10605804935501006,
    0.07998415151539628,
    0.10432557320353042,
    0.0728223210395873,
    0.01966003676979966,
    0.03647404620124628,
    -0.008316441701374133,
    -0.0001723567989644348,
    -0.035040632660170656,
    0.10797038943405024,
    0.10561450048480636,
    0.08073629025853435,
    -0.008278094431579897,
    0.03758950457957866,
    0.02166058565431661,
    0.07108864029434336,
    -0.03685660591501283,
    -0.0006994547415346553,
    0.10904275190005219,
    0.0818975574529166,
    0.10573296450448755
  ],
  "dipole_vec_eA": [
    -0.17303574191344884,
    0.009244560517075824,
    1.544841097818667e-08
  ],
  "dipole_mag_D": 0.8323113142175838,
  "HOMO_eV": -17.483013462345518,
  "LUMO_eV": -17.2731381754774,
  "gap_eV": 0.20987528686811885
}