{
  "tag": "RMC-Cu_2-Os_3-A2-B5-NNNNSS",
  "energy_eV": -2005.7445908423522,
  "multiplicity": 1,
  "charge": 3,
  "sym1": "Cu",
  "ox1": 2,
  "sym2": "Os",
  "ox2": 3,
  "acid": "A2",
  "base": "B5",
  "bridge": [
    "S",
    "S"
  ],
  "S1_ref": 0.5,
  "S2_ref": 0.5,
  "mulliken_q_e": [
    0.3365915160699392,
    0.39421658429045436,
    0.24257996781419075,
    0.24257998639451012,
    -0.16849067254522554,
    -0.16849182760337,
    -0.1905308210222425,
    -0.19053336411274246,
    0.024851441998420265,
    0.025779361897265485,
    0.006922080233245698,
    0.000381869638349297,
    0.02086101095783266,
    0.01749914877439518,
    0.11639782729725845,
    0.12885324728624803,
    0.1257887449995424,
    0.09401649378318,
    0.06563178907752265,
    0.13294642748318553,
    0.11969058575834912,
    0.024851751330885685,
    0.02578095978229178,
    0.006921826642421802,
    0.00038179879097288705,
    0.020862253885195914,
    0.017498258134658107,
    0.11639840722994799,
    0.1288534279980641,
    0.12578838733023567,
    0.09401609048486659,
    0.06563321212173268,
    0.1329469791186676,
    0.11969033709031707,
    -0.030346704119152967,
    -0.030346398230598925,
    0.16889105100261326,
    0.1688910369567007,
    0.02105545434860301,
    0.02105630870015962,
    0.21181697067932537,
    0.21181719225180085
  ],
  "dipole_vec_eA": [
    0.7262004544856041,
    1.6041176645033878e-05,
    -9.732539722044343e-07
  ],
  "dipole_mag_D": 3.488089124715303,
  "HOMO_eV": -19.0853966956276,
  "LUMO_eV": -18.964825813474782,
  "gap_eV": 0.12057088215281908
}