{
  "tag": "RMC-Hg_2-Ti_3-A2-B6-NNNNNN",
  "energy_eV": -2120.314519628046,
  "multiplicity": 2,
  "charge": 1,
  "sym1": "Hg",
  "ox1": 2,
  "sym2": "Ti",
  "ox2": 3,
  "acid": "A2",
  "base": "B6",
  "bridge": [
    "N",
    "N"
  ],
  "S1_ref": 0.0,
  "S2_ref": 0.5,
  "mulliken_q_e": [
    0.28661517312560214,
    0.5786392803543287,
    -0.3726346941978229,
    -0.372628752245147,
    -0.15764487678037997,
    -0.15764430849828237,
    -0.17166861773355557,
    -0.1716685931099562,
    0.124483902483697,
    -0.0253150096165371,
    -0.015547771262131693,
    -0.03766018981165131,
    -0.01359900595854402,
    -0.022384997756963232,
    0.053654226759143886,
    0.05815324754320439,
    0.054346736561436404,
    0.06873344854322072,
    0.07655111484602162,
    0.05168271719473805,
    0.04551541152537597,
    0.12448244455668389,
    -0.025316322893036203,
    -0.015545497749669623,
    -0.03765589655836532,
    -0.013595941604599204,
    -0.02238649476648824,
    0.053653672196887436,
    0.05815174717660776,
    0.05434718463819188,
    0.06873421876004593,
    0.07655305559171754,
    0.051682735910174804,
    0.045515218182788475,
    -0.06944659253734731,
    0.004055473436779922,
    0.004055862278008471,
    0.07242274566256746,
    0.07288050484727138,
    0.05627973221551785,
    0.05627954908660748,
    0.0698758211859416,
    0.06987550162916822,
    -0.06885781669662583,
    -0.0008353726557444041,
    -0.0008351544769575892,
    0.07900514352061638,
    0.08306091179231712,
    0.062199204469675196,
    0.062199060907264125,
    0.07459350717190527,
    0.07459335265180522
  ],
  "dipole_vec_eA": [
    0.4408748586682316,
    2.299638268962311e-05,
    0.08740118118579221
  ],
  "dipole_mag_D": 2.1588231651817145,
  "HOMO_eV": -11.056183942870062,
  "LUMO_eV": -10.8669903652729,
  "gap_eV": 0.1891935775971625
}