{
  "tag": "RMC-Nb_3-W_2-A2-B5-NNNNOS",
  "energy_eV": -1952.116324595664,
  "multiplicity": 3,
  "charge": 3,
  "sym1": "Nb",
  "ox1": 3,
  "sym2": "W",
  "ox2": 2,
  "acid": "A2",
  "base": "B5",
  "bridge": [
    "O",
    "S"
  ],
  "S1_ref": 1.0,
  "S2_ref": 0.0,
  "mulliken_q_e": [
    0.3019372347124504,
    0.09810357970958128,
    -0.1411699005196143,
    0.36288691921264404,
    -0.09756240291672169,
    -0.18636340705194487,
    0.008678815894328729,
    -0.052254989175043454,
    0.009740054761918415,
    0.01948363545495413,
    0.01140444348591374,
    0.0026321942991367475,
    0.016825499597260984,
    0.020163441777664826,
    0.12451991368244597,
    0.13422202800669192,
    0.12960115583494525,
    0.06459525341257288,
    0.08123071195088594,
    0.12518650497184247,
    0.13430358414179844,
    0.1862959779261335,
    0.02426385070437731,
    0.01051163148298695,
    0.005464861698617929,
    0.008363734075936824,
    0.028463593539036713,
    0.13820254219294603,
    0.14553786582280004,
    0.1376538058808603,
    0.07163238820964368,
    0.09708643937550288,
    0.14304727868285416,
    0.17348338786854722,
    -0.007085774784298726,
    -0.01844199878982944,
    0.16310398410734328,
    0.1818418210839019,
    0.03868293466340589,
    0.030440222441723064,
    0.1319707958361983,
    0.14131638673720637
  ],
  "dipole_vec_eA": [
    -0.4464983688364619,
    -0.5600431741368588,
    -1.81311569199221e-09
  ],
  "dipole_mag_D": 3.4402785875349866,
  "solvation_E_eV": null
}