{
  "tag": "RMC-Hg_2-Mn_3-A2-B2-NNNNOO",
  "energy_eV": -3002.2351599038975,
  "multiplicity": 1,
  "charge": 3,
  "sym1": "Hg",
  "ox1": 2,
  "sym2": "Mn",
  "ox2": 3,
  "acid": "A2",
  "base": "B2",
  "bridge": [
    "O",
    "O"
  ],
  "S1_ref": 0.0,
  "S2_ref": 0.0,
  "mulliken_q_e": [
    0.40152719086824107,
    0.38166951865346077,
    -0.2847001414243886,
    -0.2845323821635002,
    -0.11096710419241496,
    -0.11092693168919454,
    -0.07574470504139774,
    -0.07568668266921263,
    0.1820727176461736,
    0.0037377682933754652,
    -0.002916702511234437,
    -0.007971344538651337,
    -0.0038733539191964095,
    -0.00667525783586842,
    0.10528873446336962,
    0.11865341366266235,
    0.10124681695497528,
    0.05253558858094953,
    0.06478084550298746,
    0.10817549655676206,
    0.10625597692056121,
    0.18213497260182354,
    0.003704504661876218,
    -0.0029221509781469646,
    -0.00798514468913658,
    -0.0038541353887218133,
    -0.006701399200755187,
    0.10526243652502831,
    0.11863429592925145,
    0.10124690017689275,
    0.05257044735433358,
    0.06481643558380523,
    0.10817668670675529,
    0.10624020187888228,
    0.0006521324081836255,
    0.03635405669352054,
    0.012798614672461461,
    0.07193136246623966,
    -0.018577337173058872,
    -0.00752165100749691,
    0.11080074660205319,
    0.08353477587865132,
    0.10745574476254349,
    0.07192116658785874,
    0.0006424441245485024,
    -0.0075199810285149216,
    -0.01856500682104878,
    0.11079446901788192,
    0.10745953351725934,
    0.0835374389237673,
    0.0032996905459925507,
    0.03578695637696461,
    0.016566936912371544,
    0.07647878823621967,
    -0.021787133845980966,
    -0.008275554041215605,
    0.1125051300716512,
    0.08941441504092651,
    0.10772562889866122,
    0.07646240990884734,
    0.0032917615352177076,
    -0.008283647005400407,
    -0.021791401644218,
    0.11250210016398854,
    0.10772045979058076,
    0.0894114361563294
  ],
  "dipole_vec_eA": [
    -0.23616767153951385,
    0.0037044782820317584,
    2.042825237643968e-06
  ],
  "dipole_mag_D": 1.1345011114016519,
  "HOMO_eV": -17.875721885981815,
  "LUMO_eV": -17.56467470184253,
  "gap_eV": 0.3110471841392837
}