{
  "tag": "RMC-Fe_3-Ga_3-A2-B7-NNNNOS",
  "energy_eV": -2108.1843245602745,
  "multiplicity": 1,
  "charge": 4,
  "sym1": "Fe",
  "ox1": 3,
  "sym2": "Ga",
  "ox2": 3,
  "acid": "A2",
  "base": "B7",
  "bridge": [
    "O",
    "S"
  ],
  "S1_ref": 0.5,
  "S2_ref": 0.5,
  "mulliken_q_e": [
    0.8261525726642281,
    0.3430691208821435,
    -0.3444086951795722,
    0.0803408818020376,
    -0.12322717453085841,
    -0.11359228507988206,
    -0.022182812486059245,
    -0.028869506387094068,
    0.04854191884491699,
    0.028324260745968832,
    0.01675642654821341,
    0.012688353509784367,
    0.014071555336367503,
    0.023972330232309824,
    0.1451378975612284,
    0.15979217732195983,
    0.14518780353122307,
    0.06382923715762723,
    0.05503441652566177,
    0.15255102994715808,
    0.16167359569395268,
    0.19887817604809666,
    0.006001242191613798,
    0.017683202355452954,
    0.00522803427273022,
    0.011517516769232738,
    0.00655812026668845,
    0.14321269573059658,
    0.15816389028738642,
    0.1404921527295676,
    0.08120981766429214,
    0.06440655432824549,
    0.15296621499849228,
    0.15789210225271322,
    0.0061487645940243585,
    -0.032352689167421955,
    0.1568599842507693,
    0.16966678063197693,
    -0.04512205268189318,
    0.17542864154985272,
    0.17542864154985438,
    0.018325502978899122,
    -0.012229880454055042,
    0.13637370065367538,
    0.16388384147615498,
    -0.03079209177750797,
    0.16466401593029412,
    0.1646640159302949
  ],
  "dipole_vec_eA": [
    -0.40748212371511433,
    0.1720259065307991,
    1.6376694161287587e-15
  ],
  "dipole_mag_D": 2.12448604628583,
  "HOMO_eV": -22.188445546889213,
  "LUMO_eV": -21.534250005197855,
  "gap_eV": 0.6541955416913581
}