{
  "tag": "RMC-Mn_3-Ti_2-A2-B5-NNNNOO",
  "energy_eV": -1979.2145117279997,
  "multiplicity": 3,
  "charge": 3,
  "sym1": "Mn",
  "ox1": 3,
  "sym2": "Ti",
  "ox2": 2,
  "acid": "A2",
  "base": "B5",
  "bridge": [
    "O",
    "O"
  ],
  "S1_ref": 0.0,
  "S2_ref": 1.0,
  "mulliken_q_e": [
    0.4618946623147959,
    1.0031331567618684,
    -0.3463809870255852,
    -0.3463763050236708,
    -0.1955536320878657,
    -0.1955514792184081,
    -0.12294777368329268,
    -0.12295370245034398,
    0.19474175242139968,
    -0.0022079997779924643,
    0.008392622280966933,
    -0.002934369650588131,
    0.005691129667821704,
    0.01484849771163943,
    0.1284114782503043,
    0.1372404063287992,
    0.1253438796312062,
    0.07969446069297326,
    0.10454192699857812,
    0.1376946999426375,
    0.13868407152096007,
    0.19473689097029734,
    -0.0022120888488694757,
    0.008391619698899788,
    -0.002932316271818225,
    0.005693545739041683,
    0.014848119731584841,
    0.12841008915556462,
    0.13723979146627374,
    0.12534453974251425,
    0.07968160834933746,
    0.10454030353758892,
    0.13769363589931338,
    0.13868510932505618,
    -0.004895053811265981,
    -0.004869157863148343,
    0.19931389594812432,
    0.1993123370849692,
    0.024804909770339778,
    0.024780901340231587,
    0.14301139110051475,
    0.14301343232617203
  ],
  "dipole_vec_eA": [
    -0.4298155856068749,
    -4.75108583900402e-05,
    1.9191927141618366e-11
  ],
  "dipole_mag_D": 2.064492068712093,
  "HOMO_eV": -19.05648290785891,
  "LUMO_eV": -18.985312015433774,
  "gap_eV": 0.07117089242513686
}