{
  "tag": "RMC-Mn_2-Zn_2-A2-B6-NNNNSS",
  "energy_eV": -2152.190238735292,
  "multiplicity": 2,
  "charge": 2,
  "sym1": "Mn",
  "ox1": 2,
  "sym2": "Zn",
  "ox2": 2,
  "acid": "A2",
  "base": "B6",
  "bridge": [
    "S",
    "S"
  ],
  "S1_ref": 0.5,
  "S2_ref": 0.0,
  "mulliken_q_e": [
    0.07475815887827086,
    0.3053487235309269,
    -0.1008201786492917,
    -0.10082226195602687,
    -0.08016181498233688,
    -0.08016765593502817,
    -0.11492578938908316,
    -0.11493661425302837,
    0.06960204293969041,
    0.00516391940058103,
    -0.0072704150178830584,
    -0.016551435449877472,
    -0.007513037164877057,
    0.010253123729469404,
    0.0857068163242406,
    0.09374062007452888,
    0.08635182610850223,
    0.07824802395547459,
    0.05498527347242321,
    0.08632764642215773,
    0.08181808681486147,
    0.06956271313218321,
    0.0051821367317756994,
    -0.007266932780348734,
    -0.016533158007516313,
    -0.0075475213244629025,
    0.010245957935968608,
    0.08570794976971075,
    0.09374105267219979,
    0.08635630217185297,
    0.07824918371719303,
    0.05490827501781648,
    0.08632871615875248,
    0.08182848913754304,
    -0.069556300568967,
    -0.007498127274524702,
    -0.007499447483884314,
    0.10648952534232303,
    0.12168482818814697,
    0.09178090311252785,
    0.09178076918465561,
    0.10747039995134156,
    0.10746855562112789,
    -0.0815678531045958,
    -0.015370880566481615,
    -0.015373023061483027,
    0.10178290899872267,
    0.0845629278766411,
    0.08409381587392362,
    0.08409432493453683,
    0.09287930531454358,
    0.09287914143391895
  ],
  "dipole_vec_eA": [
    0.013730721405481398,
    -0.0002493022475157385,
    0.1346191520277547
  ],
  "dipole_mag_D": 0.649959105008747,
  "HOMO_eV": -14.898679348512648,
  "LUMO_eV": -14.142081998054481,
  "gap_eV": 0.7565973504581667
}