{
  "tag": "RMC-In_3-In_3-A2-B2-NNNNNN",
  "energy_eV": -2923.2111476005457,
  "multiplicity": 1,
  "charge": 2,
  "sym1": "In",
  "ox1": 3,
  "sym2": "In",
  "ox2": 3,
  "acid": "A2",
  "base": "B2",
  "bridge": [
    "N",
    "N"
  ],
  "S1_ref": 0.5,
  "S2_ref": 0.5,
  "mulliken_q_e": [
    0.3661325511532923,
    0.3661333187519597,
    -0.2675265007755627,
    -0.2675320542803936,
    -0.09485770436521102,
    -0.09485571250904168,
    -0.09485507050553244,
    -0.09485319593881525,
    0.1309928691030089,
    -0.007964168899575963,
    -0.007474241749202637,
    -0.026095566263942382,
    -0.007473542025890678,
    -0.007964142179143208,
    0.07675965776541116,
    0.08604131336385856,
    0.07675940647360047,
    0.05965984673517699,
    0.05966089594649482,
    0.09133570505963318,
    0.09133563458417149,
    0.1309971398736356,
    -0.00796471424415035,
    -0.007476865799544985,
    -0.0260944002847443,
    -0.007476160034204593,
    -0.00796472775547108,
    0.07675934222954683,
    0.08603983896949308,
    0.07675913363022635,
    0.05965929410198756,
    0.059660442119181756,
    0.09133414108108362,
    0.09133398454552344,
    -0.017792299615584595,
    0.026426166335785872,
    0.00545514992689089,
    0.06265377424296092,
    -0.0343579103471956,
    -0.01870718525715942,
    0.08295476851027317,
    0.06703589062914461,
    0.08003789319067511,
    0.06265595832916482,
    -0.017791643706581928,
    -0.01870671724321271,
    -0.03435393806207454,
    0.08295381482665465,
    0.08003930692133476,
    0.06703603215148157,
    -0.017785663133805807,
    0.026417207905985007,
    0.005458409176926748,
    0.0626518420460247,
    -0.03436290690385868,
    -0.01869772338298259,
    0.0829502189984972,
    0.06703742796557843,
    0.08003269217516606,
    0.06265402239625173,
    -0.01778508693560399,
    -0.018697393638590132,
    -0.034358902336404595,
    0.08294932222784623,
    0.08003417218486741,
    0.06703755252752308
  ],
  "dipole_vec_eA": [
    -2.678613727672085e-05,
    0.002518602445876913,
    1.7327359166721607e-15
  ],
  "dipole_mag_D": 0.012098046169332187,
  "HOMO_eV": -15.033637273380089,
  "LUMO_eV": -13.798660863462686,
  "gap_eV": 1.2349764099174028
}