{
  "tag": "RMC-Cr_3-Re_3-A2-B10-NNNNNN",
  "energy_eV": -3231.808148543114,
  "multiplicity": 2,
  "charge": 2,
  "sym1": "Cr",
  "ox1": 3,
  "sym2": "Re",
  "ox2": 3,
  "acid": "A2",
  "base": "B10",
  "bridge": [
    "N",
    "N"
  ],
  "S1_ref": 0.5,
  "S2_ref": 0.0,
  "mulliken_q_e": [
    0.5983963032926376,
    0.16395657903197214,
    -0.20570620316065868,
    -0.20570612633014096,
    -0.15617825925589202,
    -0.1561800002329934,
    -0.09290670618563546,
    -0.09290731943882258,
    0.10738039072199568,
    0.003327573405437434,
    -0.012990382112036958,
    -0.01630958663041837,
    -0.012005872935202166,
    -0.0028123117952087995,
    0.08053428761780423,
    0.09229843143959349,
    0.08076505663192102,
    0.05840985033634771,
    0.05732393932346258,
    0.08626785317068508,
    0.08707318153412513,
    0.10738045142286845,
    0.0033273068142567475,
    -0.01299046421614336,
    -0.016309352421760792,
    -0.012005909916726676,
    -0.002813039067210976,
    0.08053428413507424,
    0.09229822348169048,
    0.08076487866417836,
    0.05840981638807263,
    0.05732473764082968,
    0.08626773769999307,
    0.08707253539230031,
    0.06836782985640255,
    0.008070040048405058,
    0.020359019059472683,
    -0.01942192246462504,
    -0.01463682234734942,
    -0.04744278466455043,
    0.08103405844602574,
    0.07778065791616007,
    0.05974388782789175,
    -0.01942217507188926,
    0.02035865264386394,
    0.008070147290263563,
    0.06836851561208701,
    -0.04744290994335554,
    -0.014636750903910922,
    0.08103426916066603,
    0.05974391281199565,
    0.07778051068034397,
    0.06540879629878948,
    0.012021517335051302,
    0.019402107489870035,
    -0.019367063783531258,
    -0.01430846638880734,
    -0.04865901918122173,
    0.08008969749079953,
    0.07692928579936553,
    0.058982937218140186,
    -0.01936843975486613,
    0.01940126466548242,
    0.012022110995452362,
    0.06540901910713792,
    -0.04865862479537064,
    -0.01430803726544072,
    0.0800910451779373,
    0.05898306029589595,
    0.07692878776089485
  ],
  "dipole_vec_eA": [
    0.014577302669195904,
    -2.7990537061599465e-06,
    2.661029276958813e-07
  ],
  "dipole_mag_D": 0.07001776372819273,
  "HOMO_eV": -14.78441495970151,
  "LUMO_eV": -14.702845000763837,
  "gap_eV": 0.08156995893767238
}