{
  "tag": "RMC-Fe_2-Pt_2-A2-B2-NNNNOS",
  "energy_eV": -3108.1992654656306,
  "multiplicity": 1,
  "charge": 2,
  "sym1": "Fe",
  "ox1": 2,
  "sym2": "Pt",
  "ox2": 2,
  "acid": "A2",
  "base": "B2",
  "bridge": [
    "O",
    "S"
  ],
  "S1_ref": 0.0,
  "S2_ref": 0.0,
  "mulliken_q_e": [
    0.6939599994864214,
    0.09583626448701366,
    -0.36358863884499115,
    -0.057328063682005714,
    -0.16430460935263946,
    -0.17420295965686172,
    -0.032477290417781246,
    -0.02298298350139749,
    0.03961074739226711,
    0.0032602737776699087,
    -0.01466694298688842,
    -0.022751447331879282,
    -0.013141870220329643,
    -0.007254720243811796,
    0.07613717360438976,
    0.08624075858437075,
    0.07577311934167175,
    0.03521688797452249,
    0.036080441704347876,
    0.09886304901043019,
    0.09228957832988949,
    0.1881573530081957,
    -0.018040148451822002,
    -0.0177317286752805,
    -0.028379108682667686,
    -0.016773610308525422,
    -0.02597399665418032,
    0.07382547441978704,
    0.08457595912439764,
    0.07293254949059724,
    0.052459690011917415,
    0.04205455370318312,
    0.08937217308393663,
    0.09142455480901002,
    -0.017969182813787343,
    0.02730382807083087,
    -0.005717640983235128,
    0.052857025248702616,
    -0.032885016959985025,
    -0.020659572381189983,
    0.08487006471770542,
    0.07084097956098878,
    0.0823934886537202,
    0.052812268703360976,
    -0.01828949846364969,
    -0.02010467044746056,
    -0.032531227877727664,
    0.08489671784932973,
    0.08274721810275398,
    0.07001616156643586,
    -0.01660061041294081,
    0.027151192664216728,
    0.012612370619744517,
    0.06107207138526638,
    -0.035963542186541186,
    -0.0191505278338866,
    0.08471386561026661,
    0.07027926877043267,
    0.08135801737706239,
    0.06201058216752742,
    -0.017339335773866482,
    -0.018588818405631757,
    -0.034940789809396966,
    0.0840817752630606,
    0.08133098488792312,
    0.06892007446976278
  ],
  "dipole_vec_eA": [
    -0.4434620252065859,
    -0.08428486171068095,
    3.2854184830513256e-16
  ],
  "dipole_mag_D": 2.1681693108604243,
  "HOMO_eV": -14.68466727348743,
  "LUMO_eV": -14.189531804301614,
  "gap_eV": 0.49513546918581497
}