{
  "tag": "RMC-Rh_3-Ti_3-A2-B7-NNNNNN",
  "energy_eV": -2140.715156051053,
  "multiplicity": 2,
  "charge": 2,
  "sym1": "Rh",
  "ox1": 3,
  "sym2": "Ti",
  "ox2": 3,
  "acid": "A2",
  "base": "B7",
  "bridge": [
    "N",
    "N"
  ],
  "S1_ref": 0.0,
  "S2_ref": 0.5,
  "mulliken_q_e": [
    -0.005921929914550983,
    0.8280373911632515,
    -0.24537608401547462,
    -0.24139161002961584,
    -0.03566617512121306,
    -0.019553360696928923,
    -0.16747775816178234,
    -0.14812462570308882,
    0.11597161504901665,
    -0.00677743021150623,
    -0.005451283698984177,
    -0.014894199247924789,
    -0.006040602037045373,
    0.0076458419113374365,
    0.08881613199084004,
    0.09702549060793142,
    0.0910012108918854,
    0.06248034621708709,
    0.05235143090994021,
    0.08888533211644156,
    0.08336737406181605,
    0.11535966268869613,
    -0.009758562188868058,
    -0.00548461299558034,
    -0.01712463777829898,
    -0.005896086899816133,
    0.00426585105376609,
    0.08765287604426253,
    0.096212588610606,
    0.08958694879990448,
    0.06580083447674379,
    0.05333450275477536,
    0.0853396396163627,
    0.07877713020091726,
    0.02270718466705368,
    -0.023935176247954715,
    0.07708685104969815,
    0.09934420833876689,
    -0.014062289593800292,
    0.1116769220625845,
    0.11167692206258328,
    0.020508908539622395,
    -0.04312163817258674,
    0.07852634722198604,
    0.10126445879485568,
    -0.005332436193874912,
    0.10334324901208947,
    0.10334324901209313
  ],
  "dipole_vec_eA": [
    0.5519028533386334,
    0.21089383644178797,
    -3.883993725570305e-13
  ],
  "dipole_mag_D": 2.837848240910906,
  "solvation_E_eV": null
}