{
  "tag": "RMC-Re_3-Re_3-A2-B5-NNNNNO",
  "energy_eV": -2001.0216549307927,
  "multiplicity": 1,
  "charge": 3,
  "sym1": "Re",
  "ox1": 3,
  "sym2": "Re",
  "ox2": 3,
  "acid": "A2",
  "base": "B5",
  "bridge": [
    "N",
    "O"
  ],
  "S1_ref": 0.0,
  "S2_ref": 0.0,
  "mulliken_q_e": [
    0.3425821164090225,
    0.3427782913725572,
    -0.1578523474891591,
    -0.27698827701921735,
    -0.06438392857311959,
    -0.07353304582313758,
    -0.06394367735576956,
    -0.07319658576410681,
    0.18713546362944933,
    -0.006186852663719211,
    0.002606136561698724,
    -0.007169454630933325,
    0.002639756331909826,
    -0.0063711159067314505,
    0.10936329590206317,
    0.12289323068684066,
    0.10933035002500313,
    0.07352147490781769,
    0.07373483419706273,
    0.09271167681872272,
    0.0925783075486144,
    0.10554485331905372,
    0.03829930364539824,
    0.01068050888008587,
    0.007980722739421298,
    0.010689300810077018,
    0.03831616117989234,
    0.13449968406120227,
    0.14457902788667876,
    0.13451673652652396,
    0.07260474512985704,
    0.07256487604283168,
    0.1691270735842102,
    0.16900661727352884,
    0.0191528218753394,
    0.06436389131500198,
    0.2164361411804686,
    0.2351419089149296,
    0.01863544475271417,
    0.06472690520522684,
    0.2161469591713756,
    0.23473666734419374
  ],
  "dipole_vec_eA": [
    -0.0026333559600650773,
    -0.5105829791343341,
    -3.0396364717883995e-05
  ],
  "dipole_mag_D": 2.4524669674361057,
  "solvation_E_eV": null
}