{
  "tag": "RMC-Cu_2-Ta_3-A2-B7-NNNNOO",
  "energy_eV": -2191.4318949627827,
  "multiplicity": 2,
  "charge": 3,
  "sym1": "Cu",
  "ox1": 2,
  "sym2": "Ta",
  "ox2": 3,
  "acid": "A2",
  "base": "B7",
  "bridge": [
    "O",
    "O"
  ],
  "S1_ref": 0.5,
  "S2_ref": 1.0,
  "mulliken_q_e": [
    0.49087635965942544,
    0.9218200902741297,
    -0.40751596609215723,
    -0.4009996860229703,
    -0.11536297053668654,
    -0.10198798952294474,
    -0.16057385028432636,
    -0.13867537346122116,
    0.18804258622664594,
    -0.001225505850172226,
    0.003187339585225324,
    -0.0040329410989679015,
    0.0034260985204663807,
    0.0036051903552416498,
    0.1224955443875233,
    0.13472959402743334,
    0.12278581542259837,
    0.07675050196904487,
    0.06978269620215061,
    0.1281908964348204,
    0.12017170153666545,
    0.1906597781117727,
    -0.005657099911033692,
    0.0027871047537200155,
    -0.005238331523145678,
    0.004696128706156433,
    1.9925696080669297e-05,
    0.12060950399075077,
    0.13485472129252085,
    0.12270633750683169,
    0.08189338549583192,
    0.07527736460743495,
    0.12453376478508982,
    0.11718886285193009,
    0.012414738586590701,
    -0.02960247452627862,
    0.11285187838855604,
    0.13494824358514068,
    -0.0239406341072792,
    0.13722720735612703,
    0.13722720735612493,
    0.0177810656017503,
    -0.03304881903485368,
    0.11652037882501443,
    0.14004417986229645,
    -0.01741956897760888,
    0.13758751383825774,
    0.1375875138382603
  ],
  "dipole_vec_eA": [
    0.3624441853428081,
    0.37981370011564514,
    6.90318049847997e-16
  ],
  "dipole_mag_D": 2.5216787389964392,
  "HOMO_eV": -19.179447744898244,
  "LUMO_eV": -18.340545902115952,
  "gap_eV": 0.8389018427822919
}