{
  "tag": "RMC-Ni_3-Sn_2-A2-B4-NNNNOO",
  "energy_eV": -2097.9840844728333,
  "multiplicity": 2,
  "charge": 3,
  "sym1": "Ni",
  "ox1": 3,
  "sym2": "Sn",
  "ox2": 2,
  "acid": "A2",
  "base": "B4",
  "bridge": [
    "O",
    "O"
  ],
  "S1_ref": 0.5,
  "S2_ref": 0.0,
  "mulliken_q_e": [
    -0.13208004276243057,
    0.6725496131674094,
    -0.10610218166669338,
    -0.10610776242721198,
    0.06305860222438908,
    0.06306440420027037,
    -0.16336991879809637,
    -0.16337181835304815,
    0.147033558862119,
    0.01096667247391081,
    0.0018869896056135094,
    -0.005224887582890192,
    0.004843159154935162,
    0.009101638160970316,
    0.11740545506176392,
    0.1277436135124559,
    0.12294943710197626,
    0.10684541109755963,
    0.050686970529221664,
    0.18047694175255335,
    0.14615511319535324,
    0.1470340714357019,
    0.010961143909856697,
    0.0018854217183461586,
    -0.005227352745967195,
    0.004840445029609786,
    0.009099063532627127,
    0.11739612754942197,
    0.1277482355312941,
    0.12294129773715867,
    0.10685015563335787,
    0.05068739963494373,
    0.18046989521248336,
    0.14615792406396455,
    -0.033263606335353524,
    -0.03326504091976035,
    0.13047091339024874,
    0.13047091339024797,
    0.13046984615031754,
    0.1304698461503171,
    -0.060001952476457676,
    -0.06000493483071678,
    0.12382432690779943,
    0.12382432690779954,
    0.12382528434288664,
    0.1238252843428872
  ],
  "dipole_vec_eA": [
    0.5922736676594608,
    -0.00014376096226619746,
    -1.909390350643396e-16
  ],
  "dipole_mag_D": 2.844811493313677,
  "HOMO_eV": -19.205561625573633,
  "LUMO_eV": -19.085464811254123,
  "gap_eV": 0.1200968143195098
}