{
  "tag": "RMC-Ru_3-Sn_2-A2-B6-NNNNOO",
  "energy_eV": -2234.3536737084546,
  "multiplicity": 2,
  "charge": 3,
  "sym1": "Ru",
  "ox1": 3,
  "sym2": "Sn",
  "ox2": 2,
  "acid": "A2",
  "base": "B6",
  "bridge": [
    "O",
    "O"
  ],
  "S1_ref": 0.5,
  "S2_ref": 0.0,
  "mulliken_q_e": [
    0.13922151262721227,
    0.6038770975672517,
    -0.26917140613177026,
    -0.2691719604440539,
    -0.03086687189902171,
    -0.030856957624040948,
    -0.09135738040785824,
    -0.09135853238086988,
    0.19637462741585554,
    -0.005016213987129259,
    0.006788699758564887,
    0.0030820101276369805,
    -0.0015377799230749112,
    0.013694948915363048,
    0.12083208397022271,
    0.13428955560507017,
    0.12030880717688841,
    0.07284305529866275,
    0.07258164139368772,
    0.1128104037806783,
    0.11782504664549165,
    0.19637415187994756,
    -0.005007848678727944,
    0.0067880404057754085,
    0.0030815011337959053,
    -0.0015430697687626171,
    0.013706993351507935,
    0.12083026807148811,
    0.13429205779984332,
    0.12031220461626346,
    0.07284219517290946,
    0.07257512234443819,
    0.11281058169438496,
    0.11782939059588138,
    -0.07968457854607647,
    -0.02472648657443255,
    -0.02472791935213925,
    0.1264349750511642,
    0.10968494773334458,
    0.113938244710309,
    0.11393798648152453,
    0.1262120841291393,
    0.126210768114005,
    -0.08644878118985577,
    -0.02899551933296296,
    -0.028995886327570775,
    0.12139944276286474,
    0.10836242295629184,
    0.11051632571579395,
    0.11051629233912608,
    0.10814095706564542,
    0.10814074816026498
  ],
  "dipole_vec_eA": [
    0.09435650691654426,
    4.489039645440534e-05,
    -0.9040484815660473
  ],
  "dipole_mag_D": 4.365916663586007,
  "HOMO_eV": -19.38496735810044,
  "LUMO_eV": -19.13212865130857,
  "gap_eV": 0.25283870679187004
}