{
  "tag": "RMC-Ir_2-Ru_2-A2-B1-NNNNNO",
  "energy_eV": -2574.972296337307,
  "multiplicity": 2,
  "charge": 1,
  "sym1": "Ir",
  "ox1": 2,
  "sym2": "Ru",
  "ox2": 2,
  "acid": "A2",
  "base": "B1",
  "bridge": [
    "N",
    "O"
  ],
  "S1_ref": 0.5,
  "S2_ref": 0.0,
  "mulliken_q_e": [
    0.1959008638712656,
    -0.007845377683680543,
    -0.12725036455297145,
    -0.13335519351974257,
    -0.0644626661812886,
    -0.09894935932897986,
    -0.06203602351908155,
    -0.08704019356309844,
    0.1599216476533114,
    -0.014171156827945008,
    -0.028415472809671494,
    -0.03210684481801862,
    -0.02787315885673003,
    -0.020389779159531107,
    0.06016247716508727,
    0.06469241790831826,
    0.06027992519761183,
    0.05072939599821047,
    0.04463552367708745,
    0.054676701135156436,
    0.056546213812246116,
    0.09820725398143848,
    0.0019482710407827675,
    -0.022171598760657663,
    -0.028078402166209715,
    -0.021637058451988267,
    -0.004207856075620242,
    0.06445756433492988,
    0.06750248273805948,
    0.06443685486044237,
    0.046419435153004285,
    0.03525345884044295,
    0.07103653968806745,
    0.07441299802101353,
    -0.0383061838664962,
    0.056342114813165756,
    0.05771569298129209,
    -0.037939067309346264,
    -0.024419169964432275,
    -0.022910847310555926,
    0.05989768709590837,
    0.05583338239075519,
    0.06561318828078766,
    0.06685968339843285,
    -0.03736332727088443,
    0.06797041462182474,
    0.0685628507868874,
    -0.037277308876185966,
    -0.02331086501694224,
    -0.022180086744310712,
    0.06106461638596705,
    0.057332706926736976,
    0.06711114448856459,
    0.06817385538796872
  ],
  "dipole_vec_eA": [
    0.023516114820087284,
    -0.28040691631032555,
    -3.322740559855773e-08
  ],
  "dipole_mag_D": 1.3515797456675238,
  "HOMO_eV": -11.627876288707755,
  "LUMO_eV": -11.251894072696805,
  "gap_eV": 0.37598221601095005
}