{
  "tag": "RMC-Co_3-Mg_2-A2-B7-NNNNNO",
  "energy_eV": -2133.26378317746,
  "multiplicity": 1,
  "charge": 2,
  "sym1": "Co",
  "ox1": 3,
  "sym2": "Mg",
  "ox2": 2,
  "acid": "A2",
  "base": "B7",
  "bridge": [
    "N",
    "O"
  ],
  "S1_ref": 0.0,
  "S2_ref": 0.0,
  "mulliken_q_e": [
    0.29829669150501037,
    0.44472479415040655,
    -0.24176345434222113,
    -0.2844081250828632,
    -0.0644059549693281,
    -0.0799747010652887,
    -0.10609623520050748,
    -0.09380388338590095,
    0.18759747198081134,
    -0.013324888795899215,
    -0.0065662862277682255,
    -0.017993709189841223,
    -0.011018967753239517,
    -0.010025313079603748,
    0.09119080128651524,
    0.09783215431793568,
    0.08893128274956319,
    0.06531801399080717,
    0.0685207926750353,
    0.08329845599080754,
    0.08370130855104874,
    0.10992050385622609,
    0.0025947032513919943,
    -0.006395880005004129,
    -0.008318388943832966,
    -0.0077244596111685215,
    0.006593015976959604,
    0.0895151451917956,
    0.10027211399736058,
    0.0910348094972182,
    0.06444217790751239,
    0.05057173977396223,
    0.08195814298001314,
    0.09109723273795134,
    0.020292606866360696,
    -0.0317688754947818,
    0.07716695064687373,
    0.10386853791935269,
    -0.018110127940616172,
    0.11659735492776957,
    0.11659735492777024,
    0.018454149361767813,
    -0.03272424682326358,
    0.07731575581181527,
    0.10144702267633154,
    -0.016372272491591122,
    0.11082234244820066,
    0.110822342448196
  ],
  "dipole_vec_eA": [
    0.026082200578531778,
    0.3192146728676847,
    -4.898320630304404e-15
  ],
  "dipole_mag_D": 1.5383628413241806,
  "HOMO_eV": -15.65337922524166,
  "LUMO_eV": -15.516204650211087,
  "gap_eV": 0.1371745750305724
}