{
  "tag": "RMC-Mg_2-Sc_3-A2-B4-NNNNOS",
  "energy_eV": -1933.7987202133013,
  "multiplicity": 1,
  "charge": 3,
  "sym1": "Mg",
  "ox1": 2,
  "sym2": "Sc",
  "ox2": 3,
  "acid": "A2",
  "base": "B4",
  "bridge": [
    "O",
    "S"
  ],
  "S1_ref": 0.0,
  "S2_ref": 0.0,
  "mulliken_q_e": [
    0.47307397589419964,
    0.6849489317668095,
    -0.08783882355968808,
    0.13116044651078174,
    -0.012206018070912261,
    -0.18303982547131215,
    -0.29192828951601046,
    -0.28252376338322227,
    0.038848245359448086,
    0.008889210913809453,
    0.0060404062223651245,
    -0.008776936244216715,
    0.0037311321584372337,
    0.011717466998471204,
    0.10525329704122532,
    0.11327620373215597,
    0.10644268905033494,
    0.10151836234957345,
    0.0662680543965235,
    0.09687525532343444,
    0.11042646302222525,
    0.149210897316586,
    0.0029498487684638253,
    0.0008456725123673348,
    -0.0072073518682727045,
    -0.0027565460670835318,
    0.008301930196799479,
    0.11386643423389764,
    0.12059187717521447,
    0.1129686395154399,
    0.11497005058247534,
    0.04206615310627382,
    0.10627982855498286,
    0.13165068591482165,
    -0.056557589349368165,
    -0.06675866173921507,
    0.13567751872463085,
    0.13567751872462885,
    0.12822434490259615,
    0.12822434490259826,
    -0.06418233399480622,
    -0.051031762308131334,
    0.15461277470887624,
    0.15461277470887347,
    0.15780323314076228,
    0.15780323314076372
  ],
  "dipole_vec_eA": [
    0.22294053081217846,
    0.17777621048536577,
    6.829742408070609e-15
  ],
  "dipole_mag_D": 1.3696028616771865,
  "solvation_E_eV": null
}