{
  "tag": "RMC-Fe_3-Zr_2-A2-B2-NNNNSS",
  "energy_eV": -2988.1214078677876,
  "multiplicity": 2,
  "charge": 3,
  "sym1": "Fe",
  "ox1": 3,
  "sym2": "Zr",
  "ox2": 2,
  "acid": "A2",
  "base": "B2",
  "bridge": [
    "S",
    "S"
  ],
  "S1_ref": 0.5,
  "S2_ref": 1.0,
  "mulliken_q_e": [
    0.6814734636182724,
    0.8498891305772209,
    -0.1866974554279231,
    -0.18669713178945962,
    -0.1510056284903858,
    -0.15100178107225748,
    -0.18301985631366957,
    -0.18301145711224365,
    0.059944825871423246,
    0.004286213981263831,
    -0.013548058929899298,
    -0.012676233892381372,
    -0.008272049635822842,
    0.007666871143596543,
    0.09142743726373359,
    0.1071173469277843,
    0.09548567214250192,
    0.0514713224294685,
    0.030813790201149605,
    0.10371850300600893,
    0.1031702362747895,
    0.05994748200401423,
    0.00428973531319965,
    -0.013540908792514239,
    -0.012679193296865066,
    -0.008266417548983052,
    0.007666458563437617,
    0.09143195273323657,
    0.10711687296211758,
    0.09548645646903031,
    0.05149496055519154,
    0.03082020623075965,
    0.10371719118806633,
    0.10316902465755362,
    -0.00744171407980776,
    0.032273821638540756,
    0.004514447633139573,
    0.056878834673030454,
    -0.027437351114526054,
    -0.01558223638370504,
    0.10203213694094448,
    0.08148277357572165,
    0.09841157330499617,
    0.05687930769920313,
    -0.0074417078066641995,
    -0.01558281351066837,
    -0.02743662020476867,
    0.1020321388220502,
    0.09841086348101047,
    0.08148546977760662,
    -0.010291959385962057,
    0.03731607717824992,
    -0.00408268400291556,
    0.05693093979239516,
    -0.022848936288889288,
    -0.01320243196283477,
    0.10606228991423439,
    0.08992058661242353,
    0.10447542071855886,
    0.05692789869943393,
    -0.010297122198440478,
    -0.013211617931773834,
    -0.02284155210161698,
    0.10606952299921413,
    0.10448350809651585,
    0.08992214403483678
  ],
  "dipole_vec_eA": [
    1.3729318090737048,
    0.003949545569370485,
    -2.5088651302451354e-14
  ],
  "dipole_mag_D": 6.594499214112138,
  "HOMO_eV": -16.854947867254133,
  "LUMO_eV": -16.845074082369926,
  "gap_eV": 0.009873784884206316
}