{
  "tag": "RMC-Nb_3-Zr_2-A2-B4-NNNNOO",
  "energy_eV": -2010.8506618336933,
  "multiplicity": 1,
  "charge": 3,
  "sym1": "Nb",
  "ox1": 3,
  "sym2": "Zr",
  "ox2": 2,
  "acid": "A2",
  "base": "B4",
  "bridge": [
    "O",
    "O"
  ],
  "S1_ref": 1.0,
  "S2_ref": 1.0,
  "mulliken_q_e": [
    0.3246783175487983,
    1.1589172518622042,
    -0.37893206725612916,
    -0.378940946510818,
    -0.18693427891692838,
    -0.1868914686624097,
    -0.13245717273964308,
    -0.13243948869496092,
    0.1982905338507599,
    -0.01076627929426488,
    0.003085523758233233,
    -0.00865111491825643,
    0.008224077718367973,
    0.007010031737511024,
    0.1194791288727246,
    0.12984102909952389,
    0.12370684645262786,
    0.0770085559299365,
    0.11747760055991563,
    0.133216390214281,
    0.1325883607530477,
    0.19829025071960316,
    -0.010769172439573538,
    0.0030879409815041114,
    -0.008649293590093698,
    0.008234813071931857,
    0.00701431545401876,
    0.1194738907816627,
    0.1298412808944588,
    0.12371846586456248,
    0.07700303544046005,
    0.11747855063660095,
    0.13321080623105208,
    0.13259475420755995,
    -0.044367279385225,
    -0.04437443590720602,
    0.11567224161124157,
    0.1156722416042617,
    0.11567282314468896,
    0.1156728231377111,
    -0.041464586879301546,
    -0.04146056372053053,
    0.14023757411739057,
    0.14023757411538396,
    0.14023055927263917,
    0.14023055927063122
  ],
  "dipole_vec_eA": [
    1.0128493880450755,
    9.971114261346652e-05,
    -6.07982501500808e-10
  ],
  "dipole_mag_D": 4.864922529099553,
  "solvation_E_eV": null
}