{
  "tag": "RMC-Rh_3-Y_3-A2-B7-NNNNNS",
  "energy_eV": -2120.4982918134283,
  "multiplicity": 1,
  "charge": 3,
  "sym1": "Rh",
  "ox1": 3,
  "sym2": "Y",
  "ox2": 3,
  "acid": "A2",
  "base": "B7",
  "bridge": [
    "N",
    "S"
  ],
  "S1_ref": 0.0,
  "S2_ref": 0.0,
  "mulliken_q_e": [
    0.01311157282849007,
    0.5487688480823898,
    -0.2080481096288982,
    0.05098928884158904,
    0.01162715471054665,
    -0.007560747813825763,
    -0.10416688162449872,
    -0.11904131865888323,
    0.06090175533482811,
    0.015842126569326265,
    0.006619585663885985,
    0.0017921845009807313,
    0.004270748745087483,
    0.028760293024580275,
    0.11462938280099244,
    0.12694459753591492,
    0.11777527173177549,
    0.07713989093216611,
    0.05505423008846244,
    0.11066415291767284,
    0.10962209569254366,
    0.13045844553476127,
    0.004880897651509564,
    0.0118387040524639,
    0.002585246755990145,
    0.003431061824053394,
    0.0309523296080223,
    0.11501443648614096,
    0.1284611810105014,
    0.11667860574854949,
    0.07664125768271624,
    0.05224365399789055,
    0.12616602140948796,
    0.11031010232114113,
    0.03508144669968316,
    -0.008212444316077816,
    0.10623658721155194,
    0.1313593382974687,
    -0.024602093191741226,
    0.15335782876814552,
    0.15335782876814674,
    0.029940916769346515,
    -0.033114076887845956,
    0.11417309429167855,
    0.13791316571647727,
    -0.017770091627405726,
    0.14846021657101371,
    0.1484602165710116
  ],
  "dipole_vec_eA": [
    0.7442347446335502,
    0.27650786648213616,
    -5.51520058974304e-15
  ],
  "dipole_mag_D": 3.8134597240514814,
  "HOMO_eV": -18.996344343026152,
  "LUMO_eV": -18.63930560389019,
  "gap_eV": 0.3570387391359624
}