{
  "tag": "RMC-Cu_2-Mg_2-A2-B10-NNNNNO",
  "energy_eV": -3253.209137654319,
  "multiplicity": 2,
  "charge": 1,
  "sym1": "Cu",
  "ox1": 2,
  "sym2": "Mg",
  "ox2": 2,
  "acid": "A2",
  "base": "B10",
  "bridge": [
    "N",
    "O"
  ],
  "S1_ref": 0.5,
  "S2_ref": 0.0,
  "mulliken_q_e": [
    0.34476157695909604,
    0.43113482546840387,
    -0.2640858318194663,
    -0.36275997214064826,
    -0.1712407058157348,
    -0.13655015296183937,
    -0.1553226648189201,
    -0.14585407241895076,
    0.19477730467707044,
    -0.031378425448712166,
    -0.019054528290957995,
    -0.03713566767169407,
    -0.020993270337483994,
    -0.029976515936625647,
    0.05675922735531436,
    0.06224272568015987,
    0.05508786395409282,
    0.06687291677279661,
    0.06417291962521321,
    0.058084236175474646,
    0.07089215841143948,
    0.11869113946844134,
    -0.022864742349490097,
    -0.01737626290559291,
    -0.04074732259754121,
    -0.015656789072611366,
    -0.021887786403715692,
    0.05026168976288359,
    0.05601871817712667,
    0.051414287779653955,
    0.05364830525957265,
    0.06107018645541662,
    0.06702006100834002,
    0.06966004134071635,
    0.07062843086913784,
    -0.0035792954636735264,
    0.011930656605307455,
    -0.029063710677785792,
    -0.02363117724267827,
    -0.04783919831609573,
    0.05827483903017405,
    0.0573017861409435,
    0.04711544998730943,
    -0.02856321607919554,
    0.012976323191935979,
    0.0018220214982354044,
    0.06388921818484916,
    -0.04869698779192033,
    -0.02417515606660725,
    0.058836323511728295,
    0.0468059266150429,
    0.0562904407536412,
    0.06875666701789318,
    -0.0007839440985926149,
    0.01205763440495633,
    -0.030002905240383626,
    -0.024067097481399458,
    -0.0488379661195566,
    0.05789085093614155,
    0.056360946713579496,
    0.04727800308130503,
    -0.028837688139935924,
    0.01113146741836979,
    0.00327601217062079,
    0.06771137943691952,
    -0.04754483506487839,
    -0.02445497561711396,
    0.05785403196743666,
    0.0460859620767784,
    0.056118308446270526
  ],
  "dipole_vec_eA": [
    0.05657407282577042,
    -0.1571924189682746,
    2.621683876432957e-16
  ],
  "dipole_mag_D": 0.8024382371921667,
  "HOMO_eV": -11.889664427421694,
  "LUMO_eV": -10.800938251348796,
  "gap_eV": 1.088726176072898
}