{
  "tag": "RMC-Hg_2-Os_2-A2-B4-NNNNNS",
  "energy_eV": -1997.5589367878517,
  "multiplicity": 1,
  "charge": 1,
  "sym1": "Hg",
  "ox1": 2,
  "sym2": "Os",
  "ox2": 2,
  "acid": "A2",
  "base": "B4",
  "bridge": [
    "N",
    "S"
  ],
  "S1_ref": 0.0,
  "S2_ref": 0.0,
  "mulliken_q_e": [
    0.15750808901738356,
    0.31381569629740425,
    -0.250687481684986,
    0.17517643168364538,
    -0.22082706057021606,
    -0.20905538602893348,
    -0.11924679506746383,
    -0.2607822991641706,
    0.0206286488227847,
    0.0004391222593831401,
    -0.011515070676619832,
    -0.02044006687167821,
    -0.00983080298873551,
    -0.0011196045557548828,
    0.0716486935291214,
    0.07374974093205766,
    0.0722115532003409,
    0.09507938673415972,
    0.06586829737936495,
    0.06901607041495439,
    0.07473190938995011,
    0.11316275379922613,
    0.015165279234425899,
    -0.01741847545663555,
    -0.014935059170914755,
    -0.020509774310439655,
    0.0024348270531193705,
    0.07568569701765115,
    0.07814345517221499,
    0.06893832951268619,
    0.05600332884054837,
    0.1004005365082139,
    0.09623612117720004,
    0.10105852455584297,
    -0.05612974929881287,
    -0.04669520771823055,
    0.0790976183608918,
    0.07909763946354353,
    0.09027430787012825,
    0.09027432336703378,
    -0.07528107135885964,
    -0.07563585654142768,
    0.03919811592289402,
    0.0391981790127387,
    0.04793351331038653,
    0.04793357162731837
  ],
  "dipole_vec_eA": [
    -0.6291631281463418,
    -0.7925487434880238,
    4.9943100881507235e-06
  ],
  "dipole_mag_D": 4.860452926173689,
  "solvation_E_eV": null
}