{
  "tag": "RMC-Cr_2-Ta_3-A2-B6-NNNNSS",
  "energy_eV": -2150.840451781411,
  "multiplicity": 3,
  "charge": 3,
  "sym1": "Cr",
  "ox1": 2,
  "sym2": "Ta",
  "ox2": 3,
  "acid": "A2",
  "base": "B6",
  "bridge": [
    "S",
    "S"
  ],
  "S1_ref": 0.0,
  "S2_ref": 1.0,
  "mulliken_q_e": [
    0.5882773088575759,
    0.5189314595526789,
    -0.10497076994477823,
    -0.10497261273099276,
    -0.1531111807083212,
    -0.153106584764666,
    -0.14665967668587454,
    -0.1466605220206585,
    0.06289212586290804,
    0.01322231902841664,
    -0.0017674724280660747,
    -0.004417309585678542,
    -0.0011034083023262475,
    0.015558837807432058,
    0.11102841299856736,
    0.12400838638170586,
    0.11226582578005495,
    0.07595051100791084,
    0.05205195554613384,
    0.11488309356289361,
    0.10608911282752664,
    0.06288983683721061,
    0.013221627139736514,
    -0.0017648026994749877,
    -0.00441669767881292,
    -0.0011081191489037412,
    0.01556068450993986,
    0.11102617322608399,
    0.12400840316078332,
    0.11226885610465875,
    0.07595268090204899,
    0.05204278144952745,
    0.11488220063725418,
    0.10609130143130951,
    -0.10229696058380666,
    -0.02830526624533758,
    -0.028306747275518518,
    0.1337343832417005,
    0.11928020944589623,
    0.11495344632013726,
    0.11495362016539101,
    0.12126719121099372,
    0.12126738770792589,
    -0.09552482675566187,
    -0.01906100551088863,
    -0.019060724087287984,
    0.12806779101434196,
    0.1127740549211933,
    0.11536565619004746,
    0.11536550533634049,
    0.11824071968141114,
    0.11824082730707375
  ],
  "dipole_vec_eA": [
    0.09519199763470083,
    -2.862346866395277e-05,
    0.18619317283449013
  ],
  "dipole_mag_D": 1.0044258694157844,
  "HOMO_eV": -18.024105326694247,
  "LUMO_eV": -17.913659995236895,
  "gap_eV": 0.11044533145735258
}