{
  "tag": "RMC-Ru_3-Ti_3-A2-B6-NNNNNO",
  "energy_eV": -2189.6376628701964,
  "multiplicity": 1,
  "charge": 3,
  "sym1": "Ru",
  "ox1": 3,
  "sym2": "Ti",
  "ox2": 3,
  "acid": "A2",
  "base": "B6",
  "bridge": [
    "N",
    "O"
  ],
  "S1_ref": 0.5,
  "S2_ref": 0.5,
  "mulliken_q_e": [
    0.04833808149727403,
    0.894653628649003,
    -0.24933871497287163,
    -0.2993834555548027,
    -0.009018194217263797,
    -0.050853750505234885,
    -0.1495597892834688,
    -0.1458731642928035,
    0.18622982820202738,
    -0.006860942475981346,
    0.00420677823573401,
    -0.005055634358054117,
    0.001630158752251143,
    0.00512295640253746,
    0.11893673708734587,
    0.1298893082593694,
    0.11778372770455248,
    0.08101235091958991,
    0.07938584919637326,
    0.1149312148933197,
    0.10449017879179667,
    0.1218611728704384,
    0.004319541471832444,
    0.0056255378681071555,
    0.00538624742340188,
    0.004421731577985755,
    0.02614933603108449,
    0.11929333082193894,
    0.1334680600986493,
    0.12290798981555073,
    0.07523918726097767,
    0.05892687027047505,
    0.12413831414267995,
    0.1207437591333369,
    -0.07653638373762184,
    -0.02999253161550608,
    -0.019371228092804005,
    0.11969498573091975,
    0.1030637470778537,
    0.11181567726979491,
    0.09737575375876495,
    0.12386127216792986,
    0.11544443649298863,
    -0.080824721737901,
    -0.02944080155427664,
    -0.026327168877459783,
    0.1343796096817299,
    0.1026115792173301,
    0.11407852543403008,
    0.10925804674117945,
    0.12058433874147234,
    0.11717663162360514
  ],
  "dipole_vec_eA": [
    0.7266716343658914,
    -0.13560555894011395,
    0.14298489422282282
  ],
  "dipole_mag_D": 3.6164179862621157,
  "HOMO_eV": -18.96540304597172,
  "LUMO_eV": -18.895611752844594,
  "gap_eV": 0.06979129312712473
}