{
  "tag": "RMC-Mn_2-Rh_3-A2-B4-NNNNOS",
  "energy_eV": -2075.482832163691,
  "multiplicity": 2,
  "charge": 3,
  "sym1": "Mn",
  "ox1": 2,
  "sym2": "Rh",
  "ox2": 3,
  "acid": "A2",
  "base": "B4",
  "bridge": [
    "O",
    "S"
  ],
  "S1_ref": 0.5,
  "S2_ref": 0.0,
  "mulliken_q_e": [
    0.46822534340388167,
    0.13293813112161068,
    -0.2900170843119605,
    0.31561254655262355,
    -0.13531103712142545,
    -0.20090469517882625,
    -0.09716527744410763,
    -0.11608766016166894,
    0.011698417753863488,
    0.026231085111640517,
    0.006678158712196014,
    0.0004748615996841288,
    0.006337428688374169,
    0.012761790069158785,
    0.11778647118176755,
    0.12528304343182473,
    0.1142076890871292,
    0.08056141346866785,
    0.06058394900439579,
    0.1392071189767754,
    0.10940748295239267,
    0.22403518227558084,
    0.013798833665621624,
    0.00808933889867447,
    0.00797585878082363,
    0.003604569380124989,
    0.02408411583525716,
    0.12390991367778481,
    0.14037681310657946,
    0.13112802147322444,
    0.08086317028747514,
    0.09976845040206417,
    0.13948166371573267,
    0.17126896986770557,
    -0.08437334837997179,
    -0.033271194004606874,
    0.12483000062039684,
    0.12483000062039962,
    0.1393447614920147,
    0.13934476149201358,
    -0.019224003907305054,
    -0.0349974096801855,
    0.14789820768788364,
    0.1478982076878822,
    0.14541297160803546,
    0.14541297160803524
  ],
  "dipole_vec_eA": [
    0.20022875398252693,
    -0.05090234032428788,
    -4.531130178257597e-15
  ],
  "dipole_mag_D": 0.9923308679373184,
  "solvation_E_eV": null
}