{
  "tag": "RMC-Fe_3-Ta_3-A2-B7-NNNNOO",
  "energy_eV": -2152.150360123573,
  "multiplicity": 2,
  "charge": 4,
  "sym1": "Fe",
  "ox1": 3,
  "sym2": "Ta",
  "ox2": 3,
  "acid": "A2",
  "base": "B7",
  "bridge": [
    "O",
    "O"
  ],
  "S1_ref": 0.5,
  "S2_ref": 1.0,
  "mulliken_q_e": [
    1.0039698501053276,
    0.993921649142504,
    -0.4314107612663647,
    -0.42800301044332323,
    -0.15866092341679594,
    -0.13428660291667183,
    -0.14678824257831802,
    -0.13787430168084058,
    0.175764246419974,
    0.004392377460788133,
    0.01679219218548056,
    0.0066706633961608475,
    0.011247326936429936,
    0.006819298189966405,
    0.14916973277702616,
    0.1632639208703982,
    0.14608997081050146,
    0.07299301810431835,
    0.057857364517569065,
    0.14984545689129902,
    0.16018468464284308,
    0.1775844448614916,
    1.4608010076244682e-05,
    0.013369694940334798,
    0.005215751140910108,
    0.010573623644012153,
    0.002706282314962616,
    0.14597956127943457,
    0.16251705825796947,
    0.14482101110688306,
    0.07872917646146105,
    0.05932913752533908,
    0.14931980494101993,
    0.15445576734092525,
    0.006956371768502834,
    -0.026144744260243602,
    0.1574150557771371,
    0.17400969095498509,
    -0.04936415145712436,
    0.17675780250942685,
    0.17675780250942708,
    0.01581412828212536,
    -0.02337139303155733,
    0.1370256484139859,
    0.16655364491154578,
    -0.02676631607541058,
    0.1638913139054643,
    0.16389131390545741
  ],
  "dipole_vec_eA": [
    -0.21458546355184996,
    0.3121980792911113,
    5.4204654531149634e-14
  ],
  "dipole_mag_D": 1.81961304390184,
  "solvation_E_eV": null
}