{
  "tag": "RMC-Re_2-Ti_3-A2-B6-NNNNNO",
  "energy_eV": -2209.537376439795,
  "multiplicity": 3,
  "charge": 2,
  "sym1": "Re",
  "ox1": 2,
  "sym2": "Ti",
  "ox2": 3,
  "acid": "A2",
  "base": "B6",
  "bridge": [
    "N",
    "O"
  ],
  "S1_ref": 0.5,
  "S2_ref": 0.5,
  "mulliken_q_e": [
    0.1383464480923331,
    0.7690450708345093,
    -0.28555926692937206,
    -0.31991192887609365,
    -0.004892935867166548,
    -0.0597023623161963,
    -0.17920964798416383,
    -0.17343293273523264,
    0.17533731735898006,
    -0.020105629535525082,
    -0.013435106543296493,
    -0.020618835211577702,
    -0.014055724529041136,
    -0.009171975269681498,
    0.08506405919159754,
    0.09418850605772211,
    0.08692594199774228,
    0.08034073136578734,
    0.04490761078733585,
    0.07654127689053947,
    0.07330035251030198,
    0.10994346948171407,
    -0.012698887547259563,
    -0.010763686199509959,
    -0.019132882153220176,
    -0.010077815994843142,
    0.004091280995756952,
    0.08429099956309016,
    0.09378240125593085,
    0.08894046854246662,
    0.06544056776319973,
    0.027854602147522334,
    0.08902189451863685,
    0.09627711527795058,
    -0.08394742434523872,
    -0.03835632946194556,
    -0.02344335018924193,
    0.10087116035651378,
    0.09552763882374005,
    0.09667986681623819,
    0.08038536495894832,
    0.10570894868713265,
    0.0967463386080899,
    -0.07529269086959123,
    -0.014044237234382084,
    -0.009114604986967922,
    0.10255404340084551,
    0.08824175846126825,
    0.086643874212746,
    0.07837359646661546,
    0.09152622515021624,
    0.09006932411661506
  ],
  "dipole_vec_eA": [
    0.7740172851356276,
    -0.45091070064080685,
    0.07386273055969979
  ],
  "dipole_mag_D": 4.317220145251812,
  "HOMO_eV": -14.751230925751662,
  "LUMO_eV": -14.652232568057288,
  "gap_eV": 0.0989983576943736
}