{
  "tag": "RMC-Ir_2-Re_3-A2-B7-NNNNSS",
  "energy_eV": -2180.1861390599743,
  "multiplicity": 2,
  "charge": 3,
  "sym1": "Ir",
  "ox1": 2,
  "sym2": "Re",
  "ox2": 3,
  "acid": "A2",
  "base": "B7",
  "bridge": [
    "S",
    "S"
  ],
  "S1_ref": 0.5,
  "S2_ref": 0.0,
  "mulliken_q_e": [
    0.15658909500153428,
    0.1312161264458218,
    0.1471413959249122,
    0.1467138050616341,
    -0.009850862970277152,
    0.0014720427015995075,
    -0.06275007625716,
    -0.052634775465040695,
    0.03740952185183,
    0.019210458834268307,
    -0.001570051672345807,
    0.0004201148765210494,
    0.0016671584964542685,
    0.019717051525596885,
    0.11276146140195586,
    0.12664581508606776,
    0.11775435869782447,
    0.05013368221015835,
    0.034467304549054,
    0.11235982146102186,
    0.12547002486763248,
    0.03662120881109665,
    0.018868417559627648,
    -0.002023671554066242,
    -0.0004936172838947428,
    0.0012378483188020262,
    0.01732963215315042,
    0.11269484782264294,
    0.12677918480823203,
    0.11695415492749783,
    0.0445903236949754,
    0.036107319048984454,
    0.11056717649180114,
    0.12326099503229804,
    0.014647217846634364,
    -0.01628248885194772,
    0.12473961591749971,
    0.14422280727481762,
    -0.041061606265315964,
    0.1550370957630064,
    0.1550370998944195,
    0.03456761969366351,
    -0.024064643322230905,
    0.1069309022920456,
    0.12307604289252394,
    0.004630158393844175,
    0.13084144629673156,
    0.13084144415493004
  ],
  "dipole_vec_eA": [
    0.8576499167910804,
    0.24124377875341638,
    -5.982642856361731e-07
  ],
  "dipole_mag_D": 4.279334079622569,
  "HOMO_eV": -18.837522864279023,
  "LUMO_eV": -18.207526108990557,
  "gap_eV": 0.6299967552884667
}