{
  "tag": "RMC-Mn_3-Sc_3-A2-B6-NNNNNN",
  "energy_eV": -2149.7239003476993,
  "multiplicity": 1,
  "charge": 2,
  "sym1": "Mn",
  "ox1": 3,
  "sym2": "Sc",
  "ox2": 3,
  "acid": "A2",
  "base": "B6",
  "bridge": [
    "N",
    "N"
  ],
  "S1_ref": 0.0,
  "S2_ref": 0.0,
  "mulliken_q_e": [
    0.2028297708399347,
    0.6137738532334222,
    -0.260547176068884,
    -0.26046295820229926,
    -0.06738381511357994,
    -0.06737677051824065,
    -0.15977118699169024,
    -0.15977313929375203,
    0.11286312633751883,
    -0.014167515684430532,
    -0.008461474566003213,
    -0.018297054605325602,
    -0.005347663572949246,
    0.004396259146122183,
    0.08273316442229195,
    0.09360300471204308,
    0.09006787319204301,
    0.07351571988873262,
    0.05511897629929652,
    0.08703877573208108,
    0.08049200891664543,
    0.11284141603680431,
    -0.01416998124747515,
    -0.008458114591702426,
    -0.018296782410484713,
    -0.005346640722300844,
    0.004392119227125901,
    0.0827332876888981,
    0.09360625553712076,
    0.09007077695345456,
    0.07351422846185707,
    0.055097298471546985,
    0.08704019912464822,
    0.08050040119949287,
    -0.07660346472185453,
    -0.019448533837405968,
    -0.019449938859756877,
    0.09285095352407524,
    0.08817568348277649,
    0.07895576753713995,
    0.07895501560602936,
    0.09319501802041641,
    0.09319356248277366,
    -0.07566068946760196,
    -0.010321562580320576,
    -0.010322220163849316,
    0.1055111498333372,
    0.09404377611549175,
    0.08912680697660447,
    0.08912690872234119,
    0.10015200902943455,
    0.10015151850872628
  ],
  "dipole_vec_eA": [
    0.9837888862751926,
    -0.00016285971979800346,
    0.10556418087747331
  ],
  "dipole_mag_D": 4.752465155745724,
  "HOMO_eV": -14.945178129967474,
  "LUMO_eV": -14.75770060954706,
  "gap_eV": 0.18747752042041377
}