{
  "tag": "RMC-Au_3-W_2-A2-B7-NNNNSS",
  "energy_eV": -2157.260242266905,
  "multiplicity": 1,
  "charge": 3,
  "sym1": "Au",
  "ox1": 3,
  "sym2": "W",
  "ox2": 2,
  "acid": "A2",
  "base": "B7",
  "bridge": [
    "S",
    "S"
  ],
  "S1_ref": 0.0,
  "S2_ref": 0.0,
  "mulliken_q_e": [
    0.43473758471652013,
    0.014746425204842262,
    -0.034042996030398426,
    -0.03406967277996498,
    -0.10052546906960313,
    -0.08504511872180176,
    -0.04758647751546419,
    -0.03622436031055343,
    0.08313905661842913,
    0.029127787350395895,
    0.004759769147396398,
    -0.00025263330045821597,
    0.010108584696036926,
    0.019757813768249477,
    0.1199775375052845,
    0.13079239298026402,
    0.12016550093756506,
    0.07155536160339482,
    0.06882562780114809,
    0.11601004309151874,
    0.12712897057319383,
    0.08090263762963956,
    0.028881966296922856,
    0.004422214090257004,
    -0.0008269357712042957,
    0.009393622650054168,
    0.01767688901614961,
    0.11965774821902975,
    0.13082654950960138,
    0.11921320736833951,
    0.06369515961869698,
    0.07477833556297386,
    0.11274164186494517,
    0.12449401649392156,
    0.016452657635890988,
    -0.03329785781868888,
    0.11908101967114637,
    0.13508515655099562,
    -0.0239718867668004,
    0.14065662151339875,
    0.1406566209500385,
    0.058641477672135345,
    -0.008859150833560037,
    0.11880286523034034,
    0.13631880455015033,
    0.020439043016884373,
    0.14052592452290225,
    0.1405259234088907
  ],
  "dipole_vec_eA": [
    0.4178189243792259,
    0.2147770475358016,
    -1.3377692493782132e-08
  ],
  "dipole_mag_D": 2.2564931912632122,
  "HOMO_eV": -18.577841569244864,
  "LUMO_eV": -18.21682622966995,
  "gap_eV": 0.3610153395749123
}