{
  "tag": "RMC-Ir_2-Y_3-A2-B4-NNNNNN",
  "energy_eV": -2019.164157625006,
  "multiplicity": 2,
  "charge": 1,
  "sym1": "Ir",
  "ox1": 2,
  "sym2": "Y",
  "ox2": 3,
  "acid": "A2",
  "base": "B4",
  "bridge": [
    "N",
    "N"
  ],
  "S1_ref": 0.5,
  "S2_ref": 0.0,
  "mulliken_q_e": [
    0.10315546000587594,
    0.5342304540277253,
    -0.13343442643961945,
    -0.1334349012428837,
    -0.02429858967945764,
    -0.024287147379540963,
    -0.2599063970272517,
    -0.2599229109781289,
    0.0653596932448588,
    -0.012471579338829697,
    -0.020728248287628537,
    -0.028685400981566467,
    -0.020749139249851778,
    -0.008085221530168774,
    0.05957253918531291,
    0.0619356174750062,
    0.06146975739544813,
    0.0921415759073585,
    0.0031375005494007624,
    0.0794330271742184,
    0.06937468239613442,
    0.06535570186594075,
    -0.01247681574583659,
    -0.02072547128233837,
    -0.028682466384111427,
    -0.020747502137635543,
    -0.008090286601833752,
    0.05956874016275426,
    0.061937731449915656,
    0.06146616064069699,
    0.09214804260571308,
    0.00314105002280729,
    0.07942890400240277,
    0.06937228049636801,
    -0.07992200515653503,
    -0.07991693313352632,
    0.0993430896975731,
    0.09934308964781668,
    0.09934704276101824,
    0.09934704271962069,
    -0.05528672309168248,
    -0.05528841395979933,
    0.06688366367592813,
    0.0668836636626845,
    0.0668820361819834,
    0.06688203616905442
  ],
  "dipole_vec_eA": [
    -0.2585117702164752,
    -4.4463789559177524e-05,
    -2.132803327408685e-09
  ],
  "dipole_mag_D": 1.2416848569158405,
  "solvation_E_eV": null
}