{
  "tag": "RMC-Mo_2-Ta_3-A2-B7-NNNNSS",
  "energy_eV": -2095.008700778736,
  "multiplicity": 3,
  "charge": 3,
  "sym1": "Mo",
  "ox1": 2,
  "sym2": "Ta",
  "ox2": 3,
  "acid": "A2",
  "base": "B7",
  "bridge": [
    "S",
    "S"
  ],
  "S1_ref": 0.0,
  "S2_ref": 1.0,
  "mulliken_q_e": [
    0.2716710883076566,
    0.5335655128605001,
    -0.06662365141106086,
    -0.07338268627562566,
    -0.10717551676824266,
    -0.09230863005632117,
    -0.13382889948524634,
    -0.11942390433931505,
    0.07287528633909157,
    0.019515619165252573,
    0.006249810349264084,
    -0.001550788313920748,
    0.004677741538107405,
    0.0252860635678136,
    0.11881841083317468,
    0.13018577302849377,
    0.11854089927483114,
    0.07167604365654401,
    0.06240269511291374,
    0.1228585905631695,
    0.11265658508179188,
    0.06961607674167936,
    0.018382462883437478,
    0.003857756863173023,
    -0.0022597852456582856,
    0.002616148338506541,
    0.024842411489789384,
    0.11742519732957768,
    0.12951511560570383,
    0.11729992244635923,
    0.06864551300758759,
    0.05444254009221661,
    0.12153276497905763,
    0.10886496345866203,
    0.043304252617467176,
    -0.028924655103312213,
    0.12367622243292864,
    0.1402775211003633,
    0.006394619280211344,
    0.14173258180116544,
    0.14173258132933086,
    0.02232965876992976,
    -0.041432865725020696,
    0.12601285766010828,
    0.14265079536829517,
    -0.018166340772452605,
    0.1444728179514948,
    0.14447282250610238
  ],
  "dipole_vec_eA": [
    -0.08013886192088701,
    0.13542758727762075,
    -2.1777852458431663e-07
  ],
  "dipole_mag_D": 0.7558428916578014,
  "HOMO_eV": -18.284989005222645,
  "LUMO_eV": -18.25556655511644,
  "gap_eV": 0.029422450106203257
}