{
  "tag": "RMC-Au_3-Ti_2-A2-B10-NNNNOS",
  "energy_eV": -3261.041792639743,
  "multiplicity": 3,
  "charge": 3,
  "sym1": "Au",
  "ox1": 3,
  "sym2": "Ti",
  "ox2": 2,
  "acid": "A2",
  "base": "B10",
  "bridge": [
    "O",
    "S"
  ],
  "S1_ref": 0.0,
  "S2_ref": 1.0,
  "mulliken_q_e": [
    0.3041146454014454,
    0.7526453012693113,
    -0.3921366957005803,
    -0.19087255696888716,
    -0.1225200738150467,
    -0.13384406397367576,
    -0.13695875487911913,
    -0.16187490429296214,
    0.08409141740971582,
    0.005383544977563659,
    -0.005817550056038456,
    -0.01154140237727086,
    -0.0011391500067994276,
    0.01323542446172743,
    0.09134889092832066,
    0.1096193284064425,
    0.09703511090362105,
    0.06664325909941637,
    0.07689302061085646,
    0.10497685197281204,
    0.0877429176208736,
    0.2001158383729187,
    -0.012834360361756225,
    -0.003689433776793205,
    -0.01497376930370553,
    -0.005048247584647836,
    -0.005494036040004646,
    0.09719705496879005,
    0.11202623567938153,
    0.09534065208242104,
    0.07333226166025009,
    0.0728275645125358,
    0.10933158382149033,
    0.09097867320317343,
    0.07634325861446123,
    0.017482729499233685,
    0.04236619955537213,
    -0.006869708708915123,
    0.003596989119325933,
    -0.02476574380884955,
    0.11027563563148313,
    0.10802896740737467,
    0.08244115683379649,
    -0.006611721539727,
    0.04157713025250609,
    0.01870780903302327,
    0.08365836673523597,
    -0.022537672825858834,
    0.004438044680714404,
    0.10942044814513707,
    0.08412579599130166,
    0.10912590126964594,
    0.06985428013718953,
    0.008117037572876296,
    0.03478848622266373,
    -0.008215795675525106,
    -0.0020447831772369973,
    -0.03471683160522088,
    0.10837584897265129,
    0.10633203140439917,
    0.08171076052401915,
    -0.0086836812176736,
    0.03542532000484577,
    0.007281380765679302,
    0.07020999956676266,
    -0.036253017766531226,
    -0.002366995900508373,
    0.10796398087683257,
    0.08093513528246532,
    0.10434868012007592
  ],
  "dipole_vec_eA": [
    0.14184918766885557,
    0.1212116540660699,
    5.440417267472051e-16
  ],
  "dipole_mag_D": 0.8961993673558469,
  "HOMO_eV": -17.009581628360078,
  "LUMO_eV": -16.745285914982496,
  "gap_eV": 0.2642957133775816
}