{
  "tag": "RMC-Fe_2-V_3-A2-B10-NNNNNN",
  "energy_eV": -3238.174547072296,
  "multiplicity": 3,
  "charge": 1,
  "sym1": "Fe",
  "ox1": 2,
  "sym2": "V",
  "ox2": 3,
  "acid": "A2",
  "base": "B10",
  "bridge": [
    "N",
    "N"
  ],
  "S1_ref": 0.0,
  "S2_ref": 1.0,
  "mulliken_q_e": [
    0.6211241074399062,
    0.26859359085074375,
    -0.27015275020747076,
    -0.270146486770259,
    -0.1878814983802095,
    -0.18788375553360193,
    -0.16945708244135504,
    -0.16945361039718798,
    0.10716179790423586,
    -0.007207815980074139,
    -0.02171435442409453,
    -0.03230328099173696,
    -0.02177949519621536,
    -0.01674915953069256,
    0.05592296732826507,
    0.062400770039335085,
    0.05600296736969368,
    0.06790374983857594,
    0.04967634701592516,
    0.051206460758393746,
    0.06506323042313944,
    0.10715994566455223,
    -0.0072073040681892575,
    -0.02171451004035796,
    -0.03230266756458988,
    -0.021778231367888257,
    -0.016751512586391515,
    0.05592381510667721,
    0.062400838253738655,
    0.05600257859678481,
    0.06789925350434856,
    0.04967724771565285,
    0.051209748042629566,
    0.06506169514550875,
    0.0668028324737604,
    -0.0009774611141608602,
    0.011838728791446318,
    -0.029687184276472323,
    -0.024893002376747297,
    -0.050431532075955854,
    0.058677775319642245,
    0.05630247401111976,
    0.04730898123962379,
    -0.029671385610644974,
    0.011845193883199379,
    -0.0009866959504547523,
    0.06680381952420222,
    -0.05043306616048038,
    -0.024898572659095564,
    0.05866385298296595,
    0.047308119255026426,
    0.056307528863473344,
    0.07093488044353569,
    0.00560120874277481,
    0.008977625413632895,
    -0.029619187153136828,
    -0.024510596427381737,
    -0.05002444205780976,
    0.05503605830795266,
    0.05265548847939605,
    0.043054564742470935,
    -0.02962505848794117,
    0.00897582046829748,
    0.005602752540805334,
    0.07093442024977503,
    -0.050022661695284576,
    -0.024508518981493976,
    0.055041144238608064,
    0.043054824139621806,
    0.05265367539798005
  ],
  "dipole_vec_eA": [
    0.014999674437462395,
    -2.064684668382451e-05,
    3.979953599505764e-15
  ],
  "dipole_mag_D": 0.07204656856037461,
  "HOMO_eV": -11.36475125025298,
  "LUMO_eV": -11.17383805301999,
  "gap_eV": 0.19091319723298916
}