{
  "tag": "RMC-Mn_3-Re_3-A2-B4-NNNNOS",
  "energy_eV": -2035.0409257235262,
  "multiplicity": 1,
  "charge": 4,
  "sym1": "Mn",
  "ox1": 3,
  "sym2": "Re",
  "ox2": 3,
  "acid": "A2",
  "base": "B4",
  "bridge": [
    "O",
    "S"
  ],
  "S1_ref": 0.0,
  "S2_ref": 0.0,
  "mulliken_q_e": [
    0.5354395865522419,
    0.3511845202800864,
    -0.2855846135382678,
    0.3976752446744879,
    -0.11460796025049103,
    -0.1939220344974133,
    -0.11296424718771014,
    -0.11885103357141236,
    0.008951044954997878,
    0.04239663554436279,
    0.022932361777969312,
    0.014578389323268937,
    0.037203251805489224,
    0.024131678998607686,
    0.1461364034747551,
    0.1590832684457295,
    0.1505495617158007,
    0.09369956109596433,
    0.06588946828770115,
    0.17275417166384743,
    0.13494295466600925,
    0.23576306338649755,
    0.023051620623489644,
    0.024053195950220152,
    0.01915482171189531,
    0.029019833314990473,
    0.03365153535080778,
    0.14760890104241697,
    0.17101823824228912,
    0.16282025894614527,
    0.09939716095642637,
    0.10959153768124574,
    0.16796708016639206,
    0.20234896319898954,
    -0.0953000791441807,
    -0.02487597723594992,
    0.14561004002796396,
    0.14563242861161574,
    0.16084444063281544,
    0.16084757324719978,
    -0.022268205745321623,
    -0.03334526076607269,
    0.1531484575598837,
    0.1529174683511454,
    0.1499840739568702,
    0.1497406412914164
  ],
  "dipole_vec_eA": [
    0.8934802970796724,
    -0.04174412520459799,
    -0.011727867722361184
  ],
  "dipole_mag_D": 4.296619001490879,
  "solvation_E_eV": null
}