{
  "tag": "RMC-Mg_2-Pt_2-A2-B7-NNNNSS",
  "energy_eV": -2142.680836660681,
  "multiplicity": 1,
  "charge": 2,
  "sym1": "Mg",
  "ox1": 2,
  "sym2": "Pt",
  "ox2": 2,
  "acid": "A2",
  "base": "B7",
  "bridge": [
    "S",
    "S"
  ],
  "S1_ref": 0.0,
  "S2_ref": 0.0,
  "mulliken_q_e": [
    0.48124000896719554,
    -0.03537331733040394,
    -0.0608155256064202,
    -0.055398369689813376,
    -0.13162894002200032,
    -0.12007637355261003,
    -0.01774209228830359,
    -0.005170944126590138,
    0.06473395486350353,
    0.00912302940642995,
    -0.007060087012913163,
    -0.019844633426052694,
    -0.0065870610447569256,
    0.0039287203407252225,
    0.08660298174443104,
    0.09249397546452032,
    0.08617733650691695,
    0.05308446993707072,
    0.06768913437099888,
    0.09135565163191817,
    0.08582303233550825,
    0.06454905438389247,
    0.007409257262622093,
    -0.00741352890711422,
    -0.02067502318157688,
    -0.00661832343248725,
    0.0015528076837605376,
    0.0859619190410783,
    0.0927103480181033,
    0.08567625467968765,
    0.05465790443024132,
    0.0708291454742842,
    0.08841941022224076,
    0.08406012888340997,
    0.011779528336751,
    -0.05917817036603279,
    0.08041722834720877,
    0.09983024583714806,
    -0.01885867366670979,
    0.10557658393111313,
    0.10557658393111469,
    0.023781936907036894,
    -0.024513224183273286,
    0.08810023423198565,
    0.10648161248303067,
    -0.013776612605197913,
    0.11555421039414282,
    0.11555421039414038
  ],
  "dipole_vec_eA": [
    -0.4328943305771347,
    0.2624968571740817,
    -2.0342351043393102e-15
  ],
  "dipole_mag_D": 2.4316840165515896,
  "HOMO_eV": -15.404806565151388,
  "LUMO_eV": -14.145053290583899,
  "gap_eV": 1.2597532745674886
}