{
  "tag": "RMC-Mo_2-Y_3-A2-B1-NNNNOO",
  "energy_eV": -2475.092410486133,
  "multiplicity": 1,
  "charge": 3,
  "sym1": "Mo",
  "ox1": 2,
  "sym2": "Y",
  "ox2": 3,
  "acid": "A2",
  "base": "B1",
  "bridge": [
    "O",
    "O"
  ],
  "S1_ref": 0.0,
  "S2_ref": 0.0,
  "mulliken_q_e": [
    0.5977928017797594,
    0.46444313046003716,
    -0.2642140319209558,
    -0.2642140969213649,
    -0.12920453302244383,
    -0.12920452626091183,
    -0.10358046317438285,
    -0.10358062122779654,
    0.1664694647288123,
    0.0003262026610779678,
    0.001488082853078554,
    -0.0070258264202733844,
    0.0031801869374350478,
    0.0118913948380297,
    0.11769319201042217,
    0.13057926867280722,
    0.1218488145023332,
    0.07740090751360285,
    0.06074835474041218,
    0.12391437044730358,
    0.11559211166983019,
    0.16646949456438165,
    0.00032611596136811194,
    0.0014880847409952658,
    -0.007025846946447478,
    0.003180166215918101,
    0.011891427384713271,
    0.11769315713875617,
    0.1305792616275293,
    0.12184886026188047,
    0.0774009856499418,
    0.06074839208785998,
    0.12391429826739464,
    0.11559214370916093,
    -0.01811462822845744,
    0.0629697687142079,
    0.06296973744385292,
    -0.018114625771219917,
    -0.0012757750455818506,
    -0.001275772290080246,
    0.09564908975576614,
    0.09564909350735473,
    0.11962470288948845,
    0.11962470558315708,
    -0.012016323335041434,
    0.0658309487012061,
    0.06583116199572192,
    -0.01201639258259335,
    0.003568925776208598,
    0.0035689202206372617,
    0.10050155635173685,
    0.10050159902382683,
    0.1250363106328536,
    0.1250362701767418
  ],
  "dipole_vec_eA": [
    0.5148802046750709,
    -3.8751003752451884e-07,
    3.576317879767561e-07
  ],
  "dipole_mag_D": 2.4730747976350713,
  "HOMO_eV": -18.393632377952613,
  "LUMO_eV": -18.215835082191266,
  "gap_eV": 0.17779729576134784
}