{
  "tag": "RMC-Ag_1-Sc_3-A2-B6-NNNNNS",
  "energy_eV": -2198.880159187159,
  "multiplicity": 1,
  "charge": 1,
  "sym1": "Ag",
  "ox1": 1,
  "sym2": "Sc",
  "ox2": 3,
  "acid": "A2",
  "base": "B6",
  "bridge": [
    "N",
    "S"
  ],
  "S1_ref": 0.0,
  "S2_ref": 0.0,
  "mulliken_q_e": [
    0.25959292560309244,
    0.5579484351529681,
    -0.37806416392677566,
    -0.31394495526990307,
    -0.12839656518754894,
    -0.14847259649527378,
    -0.22209665405085466,
    -0.17458095575830246,
    0.0888623465911973,
    -0.009151245355965676,
    -0.02158267454175755,
    -0.031505782725326004,
    -0.01667372937649514,
    0.0032780418007138934,
    0.05428928473645478,
    0.06130992627163667,
    0.06157377230723882,
    0.08118808564879054,
    0.0710528332847351,
    0.04448939713457145,
    0.02829681165199971,
    0.13061577759841136,
    -0.03014371179671982,
    -0.01872262742864428,
    -0.04122481628023089,
    -0.016653018258931285,
    -0.01212729808878188,
    0.0463394882594651,
    0.051613198832487606,
    0.05239889264861941,
    0.07180343310850046,
    0.0645601258670665,
    0.04845201916836006,
    0.04399345021762302,
    -0.07270392475581167,
    -0.015598082579550754,
    -0.003742318698610969,
    0.08663155301083902,
    0.09987123674564102,
    0.06081334305974284,
    0.05220969107376816,
    0.09370342168499557,
    0.08805375235889878,
    -0.06826543942685137,
    0.011679210903755122,
    0.005150008079482182,
    0.0755511429184339,
    0.07211011051986593,
    0.058643918954978336,
    0.059228502347993706,
    0.06395084110718174,
    0.07439557764784888
  ],
  "dipole_vec_eA": [
    1.0854731075855188,
    -0.4224236305672873,
    0.5000606245528217
  ],
  "dipole_mag_D": 6.088436503792925,
  "HOMO_eV": -11.430593778547415,
  "LUMO_eV": -10.79659918412474,
  "gap_eV": 0.6339945944226741
}