{
  "tag": "RMC-Ta_3-Ti_3-A2-B5-NNNNOO",
  "energy_eV": -1928.3561626681437,
  "multiplicity": 2,
  "charge": 4,
  "sym1": "Ta",
  "ox1": 3,
  "sym2": "Ti",
  "ox2": 3,
  "acid": "A2",
  "base": "B5",
  "bridge": [
    "O",
    "O"
  ],
  "S1_ref": 1.0,
  "S2_ref": 0.5,
  "mulliken_q_e": [
    0.979576948036481,
    1.057084622771914,
    -0.3022501979226091,
    -0.3022720192346733,
    -0.22543745505120905,
    -0.22547382187177578,
    -0.2736546007920402,
    -0.2737037334778596,
    0.23054673933450776,
    0.009514260604593705,
    0.01513681259215316,
    0.00418348086710596,
    0.018875776799461397,
    0.014887489927520647,
    0.15116940361880704,
    0.15529621623889323,
    0.15493081414530685,
    0.12082753638688803,
    0.12240755960951999,
    0.17794933402176194,
    0.19861602978035697,
    0.23056254446649094,
    0.009534083983147257,
    0.015135474954768302,
    0.004183829988568366,
    0.018875449524163646,
    0.014898675712434528,
    0.15116924241588603,
    0.1552948514716318,
    0.15492977660463936,
    0.12082961334524778,
    0.1224158052768276,
    0.17795639051442935,
    0.19862334555526795,
    -0.0283632712831543,
    -0.028357444446219793,
    0.17023993356914902,
    0.17023979875345296,
    0.010493142633176245,
    0.010513143061051,
    0.25630573277731794,
    0.25630868473785107
  ],
  "dipole_vec_eA": [
    1.1195627484153547,
    0.00042493616535372653,
    7.602186141257452e-15
  ],
  "dipole_mag_D": 5.377488961068388,
  "HOMO_eV": -22.021236413745026,
  "LUMO_eV": -21.909962171331934,
  "gap_eV": 0.11127424241309214
}