{
  "tag": "RMC-Hf_2-Re_3-A2-B7-NNNNNO",
  "energy_eV": -2148.5515169090204,
  "multiplicity": 3,
  "charge": 2,
  "sym1": "Hf",
  "ox1": 2,
  "sym2": "Re",
  "ox2": 3,
  "acid": "A2",
  "base": "B7",
  "bridge": [
    "N",
    "O"
  ],
  "S1_ref": 1.0,
  "S2_ref": 0.0,
  "mulliken_q_e": [
    0.8836441574554716,
    0.11841847498480829,
    -0.27783639492144596,
    -0.3205374896091324,
    -0.1888486324625296,
    -0.15592921142353733,
    0.01137619427050618,
    -0.02167636467623657,
    0.16939755721932204,
    -0.005004293322639075,
    -0.015681648287087846,
    -0.02014625278544524,
    -0.018313674595005214,
    -0.019344164523200202,
    0.08846845367820111,
    0.09396896339767324,
    0.08305086823631513,
    0.029586523587249447,
    0.06528834566414199,
    0.08112894020673445,
    0.08425524575526822,
    0.10807737174586518,
    0.005302545278061066,
    -0.010937086874759583,
    -0.01998831354704267,
    -0.014739045814851082,
    -0.015066555440785168,
    0.08871811302738908,
    0.09281580814630241,
    0.08102985216570457,
    0.015317594066251106,
    0.05508875429058624,
    0.09571022728323164,
    0.09194044101719123,
    0.020769374003756447,
    -0.048898546562549106,
    0.08286530553196791,
    0.10459964782107567,
    -0.004808302943766218,
    0.1060074108024075,
    0.10600740117935725,
    0.010412012836083173,
    -0.03022719966247034,
    0.08820976950657955,
    0.11245265113642644,
    -0.04129710611208415,
    0.12768609682414567,
    0.12768618357916672
  ],
  "dipole_vec_eA": [
    -1.1516514049119724,
    -0.1554457961910949,
    1.3701635797167791e-06
  ],
  "dipole_mag_D": 5.581778767098263,
  "HOMO_eV": -14.594886948653713,
  "LUMO_eV": -14.462512414888915,
  "gap_eV": 0.13237453376479813
}