{
  "tag": "RMC-Co_3-Rh_3-A2-B4-NNNNNS",
  "energy_eV": -2066.572747936773,
  "multiplicity": 1,
  "charge": 3,
  "sym1": "Co",
  "ox1": 3,
  "sym2": "Rh",
  "ox2": 3,
  "acid": "A2",
  "base": "B4",
  "bridge": [
    "N",
    "S"
  ],
  "S1_ref": 0.0,
  "S2_ref": 0.0,
  "mulliken_q_e": [
    0.2430266857806176,
    0.13793819649808037,
    -0.0629184315961937,
    0.30723162185446107,
    0.00585380593991669,
    -0.1343237984577157,
    -0.1073155213354533,
    -0.10936137909141053,
    0.01721017669046887,
    0.028134494499792106,
    0.004544531051455136,
    0.0019142729710639461,
    0.008263718898184003,
    0.015596403705675499,
    0.11960215699831545,
    0.12882387817519347,
    0.12016937017239704,
    0.08302951147907267,
    0.05003184035442243,
    0.14493150248670106,
    0.12544984296072093,
    0.08741910525382623,
    0.03412276296029715,
    -0.006823548163169768,
    0.01392324546385848,
    0.015673840590951338,
    0.02014728705255564,
    0.10984408863090211,
    0.13126953403616104,
    0.12884327951164154,
    0.07615503483800756,
    0.03462289271204,
    0.1387396440105222,
    0.1314894001357042,
    -0.07300615999845461,
    -0.0419477638268404,
    0.12830643463479563,
    0.12830643463479574,
    0.1350640300771635,
    0.1350640300771615,
    -0.015474095765845686,
    -0.037194919469746957,
    0.1501241537785718,
    0.15012415377856936,
    0.1486871375322213,
    0.14868713753222185
  ],
  "dipole_vec_eA": [
    0.3925655008321579,
    -0.04255212437457788,
    6.168799594386356e-16
  ],
  "dipole_mag_D": 1.8966171780924592,
  "solvation_E_eV": null
}