{
  "tag": "RMC-Cr_2-In_1-A2-B1-NNNNNN",
  "energy_eV": -2454.7172955990945,
  "multiplicity": 1,
  "charge": -1,
  "sym1": "Cr",
  "ox1": 2,
  "sym2": "In",
  "ox2": 1,
  "acid": "A2",
  "base": "B1",
  "bridge": [
    "N",
    "N"
  ],
  "S1_ref": 0.0,
  "S2_ref": 0.0,
  "mulliken_q_e": [
    0.5249848792744827,
    0.3251930338268465,
    -0.3681372665828133,
    -0.3681289258560223,
    -0.21056171869208495,
    -0.21056570573724365,
    -0.17142304637095362,
    -0.17142900935137595,
    0.09834834449201613,
    -0.028404260245702417,
    -0.06587129678710157,
    -0.04891622789189132,
    -0.06619563574813414,
    -0.0272015150459346,
    -0.004144275513066287,
    -0.003026233484826335,
    -0.0036249978571343267,
    0.01592947747130191,
    0.009727979637244255,
    0.007945353916168574,
    0.004186682999176794,
    0.098346429820094,
    -0.028411873827689726,
    -0.06586916018955113,
    -0.048918637557868294,
    -0.06619627927892857,
    -0.027204539323976817,
    -0.004144179871080178,
    -0.0030238840982197424,
    -0.003623484657005349,
    0.01593630382619926,
    0.009732362740324074,
    0.007940473956824845,
    0.004184122933419743,
    -0.058540758055270814,
    0.05711698018100164,
    0.05712102669084884,
    -0.058542489594723746,
    -0.048888814929546554,
    -0.04889136163821828,
    0.02360175443125212,
    0.023602748094992965,
    0.012779112327886866,
    0.012779234939040762,
    -0.054099154191095344,
    0.037091889296718694,
    0.037103105053257535,
    -0.05410244236834649,
    -0.053454980195688284,
    -0.053459456159289154,
    0.015481524218261988,
    0.015482543262622772,
    0.005193241161174922,
    0.005193006549636392
  ],
  "dipole_vec_eA": [
    -0.17425579188522053,
    -3.24433174670506e-06,
    1.1750451026223751e-12
  ],
  "dipole_mag_D": 0.8369861638003883,
  "HOMO_eV": -5.10558307690551,
  "LUMO_eV": -4.619871644060682,
  "gap_eV": 0.48571143284482776
}