{
  "tag": "RMC-Ag_2-Cr_3-A2-B7-NNNNSS",
  "energy_eV": -2146.4728223400507,
  "multiplicity": 1,
  "charge": 3,
  "sym1": "Ag",
  "ox1": 2,
  "sym2": "Cr",
  "ox2": 3,
  "acid": "A2",
  "base": "B7",
  "bridge": [
    "S",
    "S"
  ],
  "S1_ref": 0.5,
  "S2_ref": 0.5,
  "mulliken_q_e": [
    0.3717110229170788,
    0.556669602405351,
    -0.127783137745195,
    -0.12210000104330501,
    -0.06445756531577196,
    -0.05439304839394521,
    -0.16184700789989348,
    -0.14462634293047305,
    0.07571733588166607,
    0.01970217412454245,
    0.0018128645993917836,
    -0.0008724775746686841,
    0.007820634314552821,
    0.02295604903013948,
    0.11348214018392278,
    0.12689386037198902,
    0.11838029163676367,
    0.07014657646004219,
    0.07175789465617277,
    0.10627438111062071,
    0.13222641859375084,
    0.07449148103665926,
    0.018547870199892902,
    0.0013211825906727093,
    -0.0016654393566275516,
    0.007394500454395159,
    0.02063330402974506,
    0.11271751352594306,
    0.12677886598151467,
    0.11755566937458417,
    0.06579589723730961,
    0.0748753147958221,
    0.1024916422370743,
    0.12946064205974472,
    0.02264553502787403,
    -0.02876452066375279,
    0.140309986642149,
    0.15444948662287217,
    -0.0341824829777706,
    0.16014083627762132,
    0.16014083643910348,
    0.023073008932802397,
    -0.04561607638879939,
    0.10416015377074106,
    0.1245328406684848,
    -0.00139214978705815,
    0.12531621791451297,
    0.12531621797204862
  ],
  "dipole_vec_eA": [
    0.6133300472250189,
    0.22835395856100227,
    -1.0000030122951684e-08
  ],
  "dipole_mag_D": 3.143510151200429,
  "HOMO_eV": -18.659795689962742,
  "LUMO_eV": -18.245758848865457,
  "gap_eV": 0.41403684109728545
}