{
  "tag": "RMC-Cu_2-In_3-A2-B6-NNNNSS",
  "energy_eV": -2181.5374311863143,
  "multiplicity": 1,
  "charge": 3,
  "sym1": "Cu",
  "ox1": 2,
  "sym2": "In",
  "ox2": 3,
  "acid": "A2",
  "base": "B6",
  "bridge": [
    "S",
    "S"
  ],
  "S1_ref": 0.5,
  "S2_ref": 0.5,
  "mulliken_q_e": [
    0.3206129862166708,
    0.5092255042351774,
    0.1869082417578779,
    0.1775894899473876,
    -0.18106016533117497,
    -0.17836247138778383,
    -0.18470209684057504,
    -0.18288057514579292,
    0.026496606796629685,
    0.012563175931227688,
    0.0008128713061577031,
    -0.005722101348293762,
    0.0005077242073852073,
    0.01328911587906223,
    0.10911500120706452,
    0.11630703745260418,
    0.10821311653074206,
    0.07254377210320295,
    0.05859229719535963,
    0.08563988626105534,
    0.10926945079812977,
    0.02671842239582456,
    0.012774637982046588,
    0.001766056952795525,
    -0.0058940047518654115,
    -0.0014445039347936728,
    0.010282283895368671,
    0.10884102297241982,
    0.1140526274205712,
    0.10127289361168434,
    0.07350390403124707,
    0.05784142853279217,
    0.08462807511227244,
    0.0850421702370251,
    -0.05225389984060369,
    -0.04065898963385761,
    -0.14358353631648324,
    0.2949784366783482,
    0.14836362675327242,
    0.15209015457089392,
    0.11648560190423662,
    0.1344546968389887,
    0.11442284276931824,
    -0.087831862487038,
    -0.013581462546714551,
    -0.015035429416354384,
    0.1043192839770044,
    0.0902055724674754,
    0.09089831853384467,
    0.09163495292311474,
    0.08564289705349393,
    0.08510491738688564
  ],
  "dipole_vec_eA": [
    -1.918096097194978,
    0.15074600073773511,
    -0.8381386974172395
  ],
  "dipole_mag_D": 10.080200753291438,
  "solvation_E_eV": null
}