{
  "tag": "RMC-Cd_2-Fe_2-A2-B5-NNNNNN",
  "energy_eV": -1932.332452813582,
  "multiplicity": 1,
  "charge": 0,
  "sym1": "Cd",
  "ox1": 2,
  "sym2": "Fe",
  "ox2": 2,
  "acid": "A2",
  "base": "B5",
  "bridge": [
    "N",
    "N"
  ],
  "S1_ref": 0.0,
  "S2_ref": 0.0,
  "mulliken_q_e": [
    0.3168598318430955,
    0.5178938749555666,
    -0.17372880548563452,
    -0.1737236515721583,
    -0.2651046314418417,
    -0.26508307219822,
    -0.10912643398386379,
    -0.10913809698569077,
    0.0648715997755438,
    -0.023342161890308244,
    -0.03631891516294461,
    -0.04008740468088412,
    -0.03518732345167819,
    -0.018199600137917438,
    0.028293034066214195,
    0.028578211796547293,
    0.031071537232587154,
    -0.006366384637436884,
    0.08375956071471502,
    0.03074709150720445,
    0.0405949129922939,
    0.06487508615863935,
    -0.023345505003054656,
    -0.036310874500052215,
    -0.040080864333318145,
    -0.03519378426116204,
    -0.018194337119847193,
    0.02828683682799027,
    0.028576056262410332,
    0.031078002055134224,
    -0.006372387465486851,
    0.08374848703965476,
    0.030752205021555623,
    0.0406048334427761,
    -0.07362955136689808,
    -0.0736396720606205,
    0.07936000103150764,
    0.07936335709663456,
    -0.11570943233808961,
    -0.11571270308189718,
    0.09214049917658496,
    0.09214057416235799
  ],
  "dipole_vec_eA": [
    0.9633891769212836,
    -1.1700843984158194e-05,
    7.005602592027205e-08
  ],
  "dipole_mag_D": 4.627355008601405,
  "solvation_E_eV": null
}