{
  "tag": "RMC-Ag_2-Ni_3-A2-B10-NNNNNS",
  "energy_eV": -3331.689390372733,
  "multiplicity": 1,
  "charge": 2,
  "sym1": "Ag",
  "ox1": 2,
  "sym2": "Ni",
  "ox2": 3,
  "acid": "A2",
  "base": "B10",
  "bridge": [
    "N",
    "S"
  ],
  "S1_ref": 0.5,
  "S2_ref": 0.5,
  "mulliken_q_e": [
    0.278335243300205,
    -0.19922454501287978,
    -0.17520001691826503,
    0.047483169215582016,
    -0.12778523729961333,
    -0.12922545072448255,
    -0.02441098346381887,
    -0.04031525144928416,
    0.056239554968728456,
    0.012383946063355245,
    -0.012519054641892957,
    -0.015912570964356165,
    -0.01145287548483731,
    0.0075612927884267656,
    0.075927696515936,
    0.08704849378485335,
    0.07636412495014766,
    0.06074428260219045,
    0.06675392697262517,
    0.07898895623610203,
    0.0755146443498752,
    0.13648109061303382,
    0.0164450973894803,
    -0.010893671604206734,
    -0.014377054389292487,
    -0.008572796438525376,
    0.00575785017176611,
    0.07527007769471872,
    0.0862756348085062,
    0.07502537869105963,
    0.06343108868557601,
    0.06670501801040096,
    0.08597624769085088,
    0.0846401210609471,
    0.07932525421710324,
    0.015979506166689417,
    0.023195732698965355,
    -0.019330408409266475,
    -0.008361510874459466,
    -0.042684466756813144,
    0.0848479434233751,
    0.0837316523677597,
    0.06477902071107133,
    -0.018567845200105237,
    0.024777933985720146,
    0.016052784465599546,
    0.08070972504559992,
    -0.04067283786804854,
    -0.008212291832956575,
    0.0844819641080774,
    0.06479670230574286,
    0.08245410413785736,
    0.07728680924134212,
    0.030958065080200603,
    0.022283705902379713,
    -0.019304848603192593,
    -0.007631156429439567,
    -0.046203798185530776,
    0.08366137773571958,
    0.08214335071451861,
    0.06508483031168077,
    -0.01840639767187069,
    0.024255054159515677,
    0.028814244970491787,
    0.0791917199710015,
    -0.04303472666191577,
    -0.006917389391092765,
    0.08384082270868642,
    0.06523517811705892,
    0.08197679120156554
  ],
  "dipole_vec_eA": [
    0.03241131380528664,
    -0.02615139169405692,
    -8.356553439105809e-16
  ],
  "dipole_mag_D": 0.20003420086241522,
  "HOMO_eV": -14.954460488317812,
  "LUMO_eV": -14.882831890431346,
  "gap_eV": 0.07162859788646614
}