{
  "tag": "RMC-Mo_2-Re_2-A2-B7-NNNNOS",
  "energy_eV": -2172.586273979349,
  "multiplicity": 2,
  "charge": 2,
  "sym1": "Mo",
  "ox1": 2,
  "sym2": "Re",
  "ox2": 2,
  "acid": "A2",
  "base": "B7",
  "bridge": [
    "O",
    "S"
  ],
  "S1_ref": 0.0,
  "S2_ref": 0.5,
  "mulliken_q_e": [
    0.3611138728066642,
    0.03989312680693147,
    -0.19625435761440113,
    0.021529967162964847,
    -0.12233008538982926,
    -0.12466767890615338,
    -0.027226884346494673,
    -0.026498444196711102,
    0.05883197984304367,
    0.0155334123670674,
    -0.00691829965323798,
    -0.01298212831907919,
    -0.006955271531872809,
    0.011347488987550447,
    0.09373550850954371,
    0.09950659251162597,
    0.09229164933191569,
    0.040012668666670415,
    0.05672603719860936,
    0.0922568533270437,
    0.08369760414784355,
    0.1667438778338899,
    0.0018255852642172776,
    -0.01200191982377996,
    -0.01663584219022929,
    -0.012444069182521167,
    -0.0033991282514800325,
    0.09375050275640784,
    0.10047551931008014,
    0.09197515797873734,
    0.037735872389641045,
    0.055357766699039246,
    0.08161039099311285,
    0.08293432281352275,
    0.03254719780878834,
    -0.03754585346161865,
    0.07798483461276462,
    0.10143208129220849,
    0.004427247663953526,
    0.10765295180813406,
    0.10765291617919304,
    0.020695240578090024,
    -0.026684820545707755,
    0.08454275565308489,
    0.10489421616641281,
    -0.015398549861629585,
    0.11361407566804105,
    0.11361405813811432
  ],
  "dipole_vec_eA": [
    -0.24608152862202154,
    0.162371131328646,
    -9.457251878107651e-07
  ],
  "dipole_mag_D": 1.4160942916676873,
  "HOMO_eV": -15.117546874822827,
  "LUMO_eV": -14.94674663652656,
  "gap_eV": 0.17080023829626612
}