{
  "tag": "RMC-Hg_2-Ni_2-A2-B10-NNNNNS",
  "energy_eV": -3260.2906471346373,
  "multiplicity": 1,
  "charge": 1,
  "sym1": "Hg",
  "ox1": 2,
  "sym2": "Ni",
  "ox2": 2,
  "acid": "A2",
  "base": "B10",
  "bridge": [
    "N",
    "S"
  ],
  "S1_ref": 0.0,
  "S2_ref": 0.0,
  "mulliken_q_e": [
    0.20338084943696932,
    -0.23138138722182644,
    -0.17336369948249586,
    -0.03496470074908259,
    -0.1354773063691601,
    -0.12757831708816103,
    -0.019004550040488066,
    -0.05623921491750572,
    0.06909165651762295,
    0.004146624018778855,
    -0.01752537059839021,
    -0.028085176992848515,
    -0.017756362040492135,
    -0.0004923489550738847,
    0.05946108138232886,
    0.06508231647827079,
    0.05908221612280884,
    0.060560253452254464,
    0.07067482313131856,
    0.06314873951573796,
    0.06177123557079778,
    0.13030483662451275,
    -0.006112843347812147,
    -0.013211752868598658,
    -0.0372541095263037,
    -0.014663793204124698,
    -0.011497402903048126,
    0.05379413749462747,
    0.05718049151172999,
    0.05193762652998957,
    0.0601064306939012,
    0.06686772853118783,
    0.078352429842658,
    0.06783634415914674,
    0.0743008346634797,
    -0.003698831185577456,
    0.014100243169295812,
    -0.02879204350528841,
    -0.02040611699542949,
    -0.044752756696706975,
    0.06135801462876833,
    0.06059620743084548,
    0.050824297350324454,
    -0.026900786528921694,
    0.013956019081430737,
    0.005080582386561172,
    0.072850578385252,
    -0.044444340738611254,
    -0.021441709934879816,
    0.06158962033762516,
    0.04918027433725036,
    0.05932861221274022,
    0.0673400188131863,
    0.011575881551587619,
    0.011114594150846147,
    -0.029078781726551206,
    -0.022291988589928202,
    -0.049619113289782524,
    0.05850773369976925,
    0.057497483555609685,
    0.05048440513867136,
    -0.027944915548980376,
    0.010807866483628414,
    0.01677333967119443,
    0.06819494401406101,
    -0.049816308685400656,
    -0.023197595257415493,
    0.05790866016596896,
    0.04605985038473848,
    0.05478374955529175
  ],
  "dipole_vec_eA": [
    -0.307421081709356,
    -0.3130359855428767,
    -1.357017805512797e-15
  ],
  "dipole_mag_D": 2.1073932138975984,
  "HOMO_eV": -12.120365909135744,
  "LUMO_eV": -11.390188643842615,
  "gap_eV": 0.7301772652931291
}