{
  "tag": "RMC-In_3-In_3-A2-B4-NNNNNN",
  "energy_eV": -1931.6605948435229,
  "multiplicity": 3,
  "charge": 2,
  "sym1": "In",
  "ox1": 3,
  "sym2": "In",
  "ox2": 3,
  "acid": "A2",
  "base": "B4",
  "bridge": [
    "N",
    "N"
  ],
  "S1_ref": 0.5,
  "S2_ref": 0.5,
  "mulliken_q_e": [
    0.3375051500522363,
    0.34543182147598334,
    -0.0947220285377679,
    -0.10751471487434094,
    -0.15842792519094862,
    -0.040090217759669367,
    -0.054126215290213775,
    -0.15454502077864274,
    0.07467287785832033,
    0.016974852581145727,
    -0.011112277948784,
    -0.01313615729695905,
    -0.003804220949580106,
    0.0009084506725616226,
    0.08612914888762413,
    0.09438486251426992,
    0.09279312425917996,
    0.095694718235251,
    0.022155610640412604,
    0.16301439175554233,
    0.08902972256109376,
    0.07114876882195587,
    0.0003662493251559429,
    -0.001795255261353379,
    -0.013888273530263673,
    -0.011363319117418946,
    0.012741464861142804,
    0.09331609270536889,
    0.09310025950759981,
    0.0837126242739552,
    0.02636578714185278,
    0.09484813145599569,
    0.08666525710871043,
    0.1631123374260044,
    -0.06585620009867155,
    -0.04748715408587567,
    0.09194489748934964,
    0.09194489748934942,
    0.09817341631651044,
    0.09817341631651111,
    -0.05438313983788934,
    -0.0654840686601652,
    0.09621863051164403,
    0.0962186305116427,
    0.09049529823576541,
    0.09049529823576419
  ],
  "dipole_vec_eA": [
    -0.04015694106786434,
    -0.028499237021215366,
    -4.567849223462278e-15
  ],
  "dipole_mag_D": 0.23651996322426877,
  "solvation_E_eV": null
}