{
  "tag": "RMC-Nb_3-Zr_2-A2-B1-NNNNOO",
  "energy_eV": -2477.6004936711665,
  "multiplicity": 1,
  "charge": 3,
  "sym1": "Nb",
  "ox1": 3,
  "sym2": "Zr",
  "ox2": 2,
  "acid": "A2",
  "base": "B1",
  "bridge": [
    "O",
    "O"
  ],
  "S1_ref": 1.0,
  "S2_ref": 1.0,
  "mulliken_q_e": [
    0.189521658633241,
    1.0882453736803823,
    -0.33104653025043973,
    -0.3310462398661065,
    -0.06831614336708958,
    -0.06831557953613565,
    -0.18440966297599992,
    -0.18441525318021146,
    0.16976323131457982,
    -0.006078651047439099,
    0.000509222726227998,
    -0.010699341939298668,
    0.003922890960061043,
    0.010829395367192962,
    0.11442394945766787,
    0.1274515944153064,
    0.11933350346903604,
    0.07312929552046787,
    0.061707238845138734,
    0.12336213671982255,
    0.11789535402696771,
    0.1697548456265101,
    -0.0060792996071481475,
    0.0005098419871436555,
    -0.010697769566442306,
    0.00391946179677749,
    0.010827539992871005,
    0.1144236694730485,
    0.12745109983304492,
    0.11933355998126216,
    0.07314031375237029,
    0.061679250969519206,
    0.12336114720211577,
    0.11789644382780995,
    -0.01543658329782338,
    0.06974569633431837,
    0.0697480127551382,
    -0.0154346404659218,
    -0.0012853733367075293,
    -0.0012853225217346331,
    0.09959056790749488,
    0.09959082112638784,
    0.12060054708130774,
    0.1206002933520125,
    -0.014772850432940743,
    0.05431117891441084,
    0.054313057314408164,
    -0.014774254793614494,
    -0.0003201118184983365,
    -0.000321613837994672,
    0.10273227076157887,
    0.10273253681044059,
    0.12418913303500145,
    0.1241890868502682
  ],
  "dipole_vec_eA": [
    1.2370662610683199,
    -7.352301502924058e-05,
    -7.365067704416191e-11
  ],
  "dipole_mag_D": 5.941881957930619,
  "HOMO_eV": -17.964318452331725,
  "LUMO_eV": -17.824129236500504,
  "gap_eV": 0.1401892158312208
}