{
  "tag": "RMC-Au_3-Pd_2-A2-B10-NNNNOO",
  "energy_eV": -3362.757326880782,
  "multiplicity": 1,
  "charge": 3,
  "sym1": "Au",
  "ox1": 3,
  "sym2": "Pd",
  "ox2": 2,
  "acid": "A2",
  "base": "B10",
  "bridge": [
    "O",
    "O"
  ],
  "S1_ref": 0.0,
  "S2_ref": 0.0,
  "mulliken_q_e": [
    0.3712842353834344,
    0.21024991643256463,
    -0.2829369956395871,
    -0.2829367389910411,
    -0.12243810495466168,
    -0.12244162496387112,
    -0.053025050994899514,
    -0.0530282658807113,
    0.20716885659027895,
    -0.008234716402822029,
    -0.005337387772043289,
    -0.016411219797957344,
    -0.00311247416308702,
    -0.013792865587311853,
    0.09159569383876431,
    0.10839008659935567,
    0.09184350521004447,
    0.06786745368641167,
    0.07315418042623567,
    0.10912163587764356,
    0.10068488846695112,
    0.20716830828363686,
    -0.008235477300448713,
    -0.005340118556023343,
    -0.01641068492047104,
    -0.003112727110897051,
    -0.013791263034636625,
    0.09159502998746683,
    0.10838980519601848,
    0.09184341535111229,
    0.06786763523475536,
    0.073156473273839,
    0.10912108004488152,
    0.10068416897301569,
    0.08289954117659537,
    0.02316012684401403,
    0.043461216949053805,
    -0.006610796466739677,
    0.006807643859817691,
    -0.0256672082483822,
    0.11245320960298766,
    0.11205656321613244,
    0.08520681249233542,
    -0.006612189740510921,
    0.04346173521702412,
    0.0231598890280591,
    0.08289729667565382,
    -0.025671901594650937,
    0.006806239645660295,
    0.11245505475462769,
    0.08520757390398637,
    0.11205589928821791,
    0.07870867635156809,
    0.030054149946083797,
    0.042211867676436254,
    -0.0068877250189378625,
    0.005758849440256508,
    -0.030969762607727214,
    0.1131237085485648,
    0.11211228725876088,
    0.08682429609929088,
    -0.006887531027363947,
    0.04221216134458938,
    0.030053368308486483,
    0.07870961243946062,
    -0.0309703409377986,
    0.005759095597475561,
    0.11312327281795165,
    0.08682425775092595,
    0.11211239662792616
  ],
  "dipole_vec_eA": [
    -0.0070989504029979325,
    2.0616304917772703e-05,
    -3.3881202215874894e-15
  ],
  "dipole_mag_D": 0.03409785267785929,
  "HOMO_eV": -17.73416646408686,
  "LUMO_eV": -16.43434132451965,
  "gap_eV": 1.2998251395672114
}