{
  "tag": "RMC-Au_3-Mo_2-A2-B10-NNNNNS",
  "energy_eV": -3258.6878146662634,
  "multiplicity": 1,
  "charge": 2,
  "sym1": "Au",
  "ox1": 3,
  "sym2": "Mo",
  "ox2": 2,
  "acid": "A2",
  "base": "B10",
  "bridge": [
    "N",
    "S"
  ],
  "S1_ref": 0.0,
  "S2_ref": 0.0,
  "mulliken_q_e": [
    0.2471956175404102,
    0.5092925360640588,
    -0.3004706002723714,
    -0.1669082470084498,
    -0.11512044879933292,
    -0.1489109839878875,
    -0.11744455014883437,
    -0.1563988618281107,
    0.07759000575465169,
    0.005356385380280271,
    -0.01429269676205669,
    -0.014319298043793838,
    -0.009483714595901693,
    0.015669875165208014,
    0.07634498839442727,
    0.09245856109027117,
    0.08486828440594796,
    0.07036684335195886,
    0.07097198740150201,
    0.08305880745141214,
    0.0635905886517284,
    0.13534408336366832,
    0.005730301882320488,
    -0.009131467519624792,
    -0.017211764823912068,
    -0.010042493649992323,
    0.003658748092638886,
    0.08316788534926867,
    0.09332784276991357,
    0.08093931214885863,
    0.06446016184948,
    0.06246874019842652,
    0.09709138567822873,
    0.08245677618708225,
    0.06559784810274372,
    0.003285434252637165,
    0.02218126198865944,
    -0.019478364982403518,
    -0.01352404766508375,
    -0.0422328935265015,
    0.08082884542379942,
    0.07774375114635712,
    0.058387930310069946,
    -0.018399665110011787,
    0.020387470892395454,
    0.00440392485327612,
    0.07446599277558508,
    -0.0399843945255407,
    -0.013646289249412469,
    0.07918915333753207,
    0.05784111966618388,
    0.07626895972297054,
    0.07091839490556207,
    0.006925066122788648,
    0.02034330129423978,
    -0.018082001775687973,
    -0.012412983001573785,
    -0.04451826142014559,
    0.08485860513932264,
    0.0832617237882115,
    0.06490073166794641,
    -0.018087772567909166,
    0.020431719711695884,
    0.007653688930214342,
    0.07019445104889854,
    -0.04664382184792304,
    -0.01331392394883868,
    0.0837588993812245,
    0.060946472303042176,
    0.07987508214991179
  ],
  "dipole_vec_eA": [
    0.8058264609560178,
    -0.030788734279929328,
    -1.0613911767178952e-05
  ],
  "dipole_mag_D": 3.873373229205318,
  "HOMO_eV": -14.746409280359302,
  "LUMO_eV": -14.630893269511738,
  "gap_eV": 0.11551601084756413
}