{
  "tag": "RMC-Os_2-Y_3-A2-B4-NNNNOS",
  "energy_eV": -2013.5458726364868,
  "multiplicity": 1,
  "charge": 3,
  "sym1": "Os",
  "ox1": 2,
  "sym2": "Y",
  "ox2": 3,
  "acid": "A2",
  "base": "B4",
  "bridge": [
    "O",
    "S"
  ],
  "S1_ref": 0.0,
  "S2_ref": 0.0,
  "mulliken_q_e": [
    0.38112466890502716,
    0.5477031294838602,
    -0.32409334700027936,
    0.29745667415814403,
    -0.18445193952444927,
    -0.21034089784817134,
    -0.20756378667760433,
    -0.15827067399332284,
    0.016434983026452077,
    0.014385647862312556,
    0.009889618339171236,
    -0.0018214987781184355,
    0.006896159343247499,
    0.020997610488362017,
    0.11698932874258472,
    0.12454176837361997,
    0.11602834808450158,
    0.054138456056810114,
    0.09591035267175396,
    0.12054594800015117,
    0.12597760909887812,
    0.21885620584547794,
    -0.010177587967874269,
    0.012189624511615094,
    -0.006500272891854175,
    -0.007508061103107311,
    0.00938570128974825,
    0.11878585167177313,
    0.1249530247350712,
    0.10716634199569797,
    0.10760599774100443,
    0.09793817684290151,
    0.15418282720111487,
    0.13060325423763608,
    -0.03964315178249134,
    -0.04786376517201685,
    0.1484863565237482,
    0.1484863627381957,
    0.14574092397966587,
    0.14574092221648738,
    -0.0691914459883467,
    -0.027554699560456752,
    0.13635020483979954,
    0.13635020411031595,
    0.1515694214850718,
    0.15156942368812354
  ],
  "dipole_vec_eA": [
    0.014204951414938743,
    -0.3947013948719934,
    5.624015631917251e-07
  ],
  "dipole_mag_D": 1.8970587834785329,
  "solvation_E_eV": null
}