{
  "tag": "RMC-Cr_3-Sc_3-A2-B2-NNNNNN",
  "energy_eV": -2942.6104961267583,
  "multiplicity": 2,
  "charge": 2,
  "sym1": "Cr",
  "ox1": 3,
  "sym2": "Sc",
  "ox2": 3,
  "acid": "A2",
  "base": "B2",
  "bridge": [
    "N",
    "N"
  ],
  "S1_ref": 0.5,
  "S2_ref": 0.0,
  "mulliken_q_e": [
    0.6088957346159968,
    0.59715514598637,
    -0.33376333391061674,
    -0.333778651393718,
    -0.14646565247530385,
    -0.1464775896487256,
    -0.15260337539568014,
    -0.15261249557490197,
    0.10781288460517668,
    -0.01669872385573057,
    -0.013522383624546386,
    -0.023081498450478133,
    -0.009764543725071073,
    -0.004801965140551312,
    0.07472520104203018,
    0.087620730089229,
    0.08018341395565698,
    0.05193828999148509,
    0.04023889504289602,
    0.09001518323495639,
    0.08323505140038245,
    0.10781612789878925,
    -0.016699259203960093,
    -0.01352584698094983,
    -0.023088447582307214,
    -0.009768958134811045,
    -0.0047978805638828614,
    0.07472182394121263,
    0.08762460692698704,
    0.08018186434874086,
    0.05193909335231095,
    0.040244528514635114,
    0.09001186086220936,
    0.08323685047547136,
    -0.017126806750540124,
    0.024791379622242093,
    0.002985852802871447,
    0.0652599528629405,
    -0.03595330424377652,
    -0.021148745241786893,
    0.08077797303198797,
    0.06603391861898344,
    0.07596869751161783,
    0.06527249349109687,
    -0.01713006582772536,
    -0.021151154409380313,
    -0.035957655918193554,
    0.08078064034178234,
    0.07597272761846552,
    0.06602901244233661,
    -0.016451859994404794,
    0.026740369158077648,
    0.008583789305423473,
    0.07349161136786364,
    -0.033510899277457096,
    -0.018988423239938657,
    0.08356797366719182,
    0.06858752420223324,
    0.07986001336805904,
    0.07350943144990407,
    -0.01645589098852218,
    -0.018988907804451838,
    -0.033518017922106624,
    0.08357271019408807,
    0.07986310825222065,
    0.06858587217644885
  ],
  "dipole_vec_eA": [
    0.6326744773488754,
    0.0025185105694079456,
    8.318072985923156e-10
  ],
  "dipole_mag_D": 3.038888828355446,
  "HOMO_eV": -14.304363206223929,
  "LUMO_eV": -14.189601902282083,
  "gap_eV": 0.11476130394184558
}