{
  "tag": "RMC-Au_3-Ti_2-A2-B2-NNNNOS",
  "energy_eV": -3030.0992107991606,
  "multiplicity": 3,
  "charge": 3,
  "sym1": "Au",
  "ox1": 3,
  "sym2": "Ti",
  "ox2": 2,
  "acid": "A2",
  "base": "B2",
  "bridge": [
    "O",
    "S"
  ],
  "S1_ref": 0.0,
  "S2_ref": 1.0,
  "mulliken_q_e": [
    0.43445189874364315,
    0.6930890810054986,
    -0.3933142934941598,
    -0.20821831090667287,
    -0.1201517957446907,
    -0.09878951512917711,
    -0.13378039211928372,
    -0.1502648070357251,
    0.08538635095833991,
    0.011361753997394919,
    -0.0033620864282610796,
    -0.009604393672657974,
    -0.000495125909337979,
    0.012522034460037412,
    0.10036362044571445,
    0.1154604224343132,
    0.1018818645218772,
    0.06377311538864072,
    0.05951880371154972,
    0.1090992951026094,
    0.11412654281827117,
    0.19304450672015494,
    -0.005923175589450214,
    -0.004318535566563142,
    -0.013540946380813379,
    -0.004623660390177253,
    -0.00898639565092707,
    0.10206457415580839,
    0.11590385480592957,
    0.09838346257131692,
    0.07009304629602209,
    0.05626465237649003,
    0.10979344905923782,
    0.10577836444222166,
    -0.0018220014348711011,
    0.03571713023604772,
    0.009370314153309689,
    0.06749604957747901,
    -0.017124707195473876,
    -0.009776422147426356,
    0.10780692488280275,
    0.08281932052441687,
    0.11005857133650254,
    0.06512517318578226,
    -0.0024407046074266248,
    -0.009850702546686296,
    -0.018124058539811472,
    0.10764980105915434,
    0.1076429492322063,
    0.08213633515669738,
    -0.0053236594908432355,
    0.03507963643443546,
    0.007426200836963881,
    0.06236152367108261,
    -0.024630065294996673,
    -0.011895151563282136,
    0.10839481368337511,
    0.08575283258004174,
    0.10419276757588602,
    0.06355551122942171,
    -0.004967413993403946,
    -0.010973612604513905,
    -0.022943453974944017,
    0.10876940397870372,
    0.10584510891238241,
    0.08568432515500457
  ],
  "dipole_vec_eA": [
    0.2092049010550391,
    0.011783951710424533,
    -4.960787416590695e-15
  ],
  "dipole_mag_D": 1.0064466953171494,
  "HOMO_eV": -17.34410941993866,
  "LUMO_eV": -17.171651316687665,
  "gap_eV": 0.17245810325099598
}