{
  "tag": "RMC-Cu_1-In_1-A2-B2-NNNNOS",
  "energy_eV": -3058.4331339011833,
  "multiplicity": 1,
  "charge": 0,
  "sym1": "Cu",
  "ox1": 1,
  "sym2": "In",
  "ox2": 1,
  "acid": "A2",
  "base": "B2",
  "bridge": [
    "O",
    "S"
  ],
  "S1_ref": 0.0,
  "S2_ref": 0.0,
  "mulliken_q_e": [
    0.19589706342510022,
    0.3082480718374725,
    -0.3699977094007445,
    -0.14000409505720549,
    -0.14155393059983146,
    -0.13989915556509924,
    -0.118665344300251,
    -0.14339887347826497,
    0.06245056767557999,
    -0.006320051197655552,
    -0.05195829715779854,
    -0.03469000546001966,
    -0.05298277465092527,
    -0.007482522179625972,
    0.027814727483374435,
    0.033652237397128304,
    0.028893049536488302,
    0.008945746179969571,
    0.04763692227647054,
    0.04969495343662289,
    0.042012011817708195,
    0.19763945658562654,
    -0.02923291540429962,
    -0.05040838990948626,
    -0.04098854627413173,
    -0.04955783298628047,
    -0.028516316006353515,
    0.027348374127464714,
    0.032845370051159395,
    0.02861128912938493,
    0.028349056711505227,
    0.054357727106463694,
    0.0512671415104925,
    0.043474322896642104,
    -0.04104624759769537,
    0.013658565837575853,
    -0.009259685487936098,
    0.06123232590393224,
    -0.050681382451072565,
    -0.03293150613504303,
    0.03723693552325702,
    0.03997123735712316,
    0.03458994758069578,
    0.05593558439127144,
    -0.042609347043991885,
    -0.033069835522128166,
    -0.05273413997327392,
    0.03686468538636911,
    0.03458531930782405,
    0.041403236030839285,
    -0.049174812557639,
    0.01332379258852412,
    -0.012314628959188889,
    0.06118724909684459,
    -0.06018878635101932,
    -0.032628045724239385,
    0.03252915643929766,
    0.03612905934844768,
    0.03086900056961095,
    0.05972470396708829,
    -0.04704668537530665,
    -0.03296874053415699,
    -0.058855918104461,
    0.03402542702482614,
    0.032015337885421546,
    0.036746868021467094
  ],
  "dipole_vec_eA": [
    -0.04922196152195623,
    -0.02620293101728325,
    -1.4865372986647942e-11
  ],
  "dipole_mag_D": 0.26783603729805866,
  "HOMO_eV": -8.122411326761155,
  "LUMO_eV": -8.002403930660948,
  "gap_eV": 0.12000739610020617
}