{
  "tag": "RMC-Hg_2-Mn_3-A2-B1-NNNNSS",
  "energy_eV": -2431.7286142415887,
  "multiplicity": 1,
  "charge": 3,
  "sym1": "Hg",
  "ox1": 2,
  "sym2": "Mn",
  "ox2": 3,
  "acid": "A2",
  "base": "B1",
  "bridge": [
    "S",
    "S"
  ],
  "S1_ref": 0.0,
  "S2_ref": 0.0,
  "mulliken_q_e": [
    0.429059969149273,
    0.14703780784067688,
    -0.0948002616943723,
    -0.09480959595352179,
    -0.1330436733318574,
    -0.133013957726704,
    -0.052217483553785415,
    -0.052230554597635814,
    0.08729828350749136,
    0.03110555783663549,
    0.0017531651643232227,
    0.0006794737887969582,
    0.010049588321753289,
    0.025494328485711426,
    0.11461673077621248,
    0.1279720323066159,
    0.11833373340897568,
    0.0695729533102345,
    0.09494261056090103,
    0.11776227225198643,
    0.11316813842918727,
    0.08738872851494617,
    0.031134897191449795,
    0.001777209186547779,
    0.0006627792499074303,
    0.010060392149550346,
    0.025478515301098348,
    0.11461026819591946,
    0.12796945915435765,
    0.11833044282791894,
    0.06966597494369409,
    0.09497548708699988,
    0.11775098824731367,
    0.11316583953657444,
    -0.008165768347624391,
    0.056430968521103075,
    0.05641195928257159,
    -0.00815864659925003,
    0.004428903014785934,
    0.004454738974106531,
    0.10214749163888914,
    0.10214649067988846,
    0.12535977404311316,
    0.12535889363321417,
    -0.014146382153644277,
    0.08379283951812866,
    0.0837411759866622,
    -0.014159488409443588,
    0.0017376302645180086,
    0.0017777384618375969,
    0.10215267015812968,
    0.10215403768392484,
    0.12541786531395405,
    0.12541500846801512
  ],
  "dipole_vec_eA": [
    0.5115356979172795,
    0.0006803893863818425,
    -3.387965947956146e-14
  ],
  "dipole_mag_D": 2.457012621895309,
  "HOMO_eV": -18.66759466334964,
  "LUMO_eV": -18.388047423001733,
  "gap_eV": 0.279547240347906
}