{
  "tag": "RMC-In_1-V_2-A2-B2-NNNNNN",
  "energy_eV": -2972.658008245228,
  "multiplicity": 2,
  "charge": -1,
  "sym1": "In",
  "ox1": 1,
  "sym2": "V",
  "ox2": 2,
  "acid": "A2",
  "base": "B2",
  "bridge": [
    "N",
    "N"
  ],
  "S1_ref": 0.0,
  "S2_ref": 0.5,
  "mulliken_q_e": [
    0.27189183718482274,
    0.25398848988798617,
    -0.30182371689298804,
    -0.3018802650510597,
    -0.17066165714237047,
    -0.17086010713130917,
    -0.16089310538489143,
    -0.1610304358329706,
    0.1055557975342627,
    -0.025591512896791624,
    -0.05845142655923463,
    -0.04831879598178501,
    -0.05932226763768411,
    -0.034417806627845327,
    0.0011129739839134123,
    0.0015283199903678435,
    -0.0004839457675311909,
    0.008770340399483212,
    0.03298790773360416,
    0.023650216892926124,
    0.02375991808380884,
    0.10548101505574747,
    -0.025546349547094227,
    -0.058447428936373,
    -0.04831757511075652,
    -0.05937547823187295,
    -0.03439480276488105,
    0.001124140641971083,
    0.0015217033222640897,
    -0.0005088814254918805,
    0.008665114185551603,
    0.03287832596321749,
    0.023616055666786373,
    0.02385161467946273,
    -0.061685181195385574,
    0.005547363182145437,
    -0.012365713512166199,
    0.0652419489637226,
    -0.07082849547771763,
    -0.03952236539155507,
    0.007476312287127085,
    0.017757978319348777,
    0.00545302272817394,
    0.06526271359518199,
    -0.06170245139689268,
    -0.039522707934094514,
    -0.07084131585250719,
    0.0074918094660061385,
    0.005478038570015498,
    0.017762490460646818,
    -0.05392486551751596,
    0.007908973387347196,
    -0.011620132636864122,
    0.07405582923479237,
    -0.06198418585454735,
    -0.0387743380189427,
    0.016270338859196154,
    0.031551252626671356,
    0.014114178134991162,
    0.07406573558457419,
    -0.053950116851331886,
    -0.038789879458764887,
    -0.06196706437525612,
    0.016274059592773726,
    0.014127850863449365,
    0.03158070537094182
  ],
  "dipole_vec_eA": [
    0.18869251770499168,
    -0.001923496853419305,
    3.77738273196647e-15
  ],
  "dipole_mag_D": 0.9063757956050618,
  "HOMO_eV": -5.384310170063757,
  "LUMO_eV": -5.12773752546507,
  "gap_eV": 0.25657264459868667
}