{
  "tag": "RMC-Nb_3-Ni_3-A2-B1-NNNNOO",
  "energy_eV": -2543.763860840077,
  "multiplicity": 4,
  "charge": 4,
  "sym1": "Nb",
  "ox1": 3,
  "sym2": "Ni",
  "ox2": 3,
  "acid": "A2",
  "base": "B1",
  "bridge": [
    "O",
    "O"
  ],
  "S1_ref": 1.0,
  "S2_ref": 0.5,
  "mulliken_q_e": [
    0.32454501474677255,
    0.16329841926739652,
    -0.18004664933656422,
    -0.18006029564623272,
    -0.06496249261147957,
    -0.06497737535178594,
    0.01778629601889059,
    0.017781441278878152,
    0.1902075099182965,
    0.018456170249511183,
    0.020093608761366122,
    0.008932960261795353,
    0.015358677761205142,
    0.02671279369984636,
    0.14728942287167146,
    0.16121409304021805,
    0.14713568929985765,
    0.07066840044839195,
    0.07600856254062927,
    0.15968427416583852,
    0.1410287636352241,
    0.19024561449859578,
    0.018467247597312886,
    0.020121935510082123,
    0.008943356506502687,
    0.015382122506942819,
    0.02673288559524667,
    0.1472851965636206,
    0.16121116217533915,
    0.14713240078644385,
    0.07069135832550089,
    0.07604631298719333,
    0.15968324442052662,
    0.1410256431307806,
    -0.008665325453731887,
    0.09852404582825902,
    0.09850099931075462,
    -0.008669588673975381,
    0.03268372758680349,
    0.032660837205907844,
    0.12734335733342972,
    0.12734290600162845,
    0.16274205255282825,
    0.16274332829351246,
    -0.010092843272508256,
    0.082900280664574,
    0.08286223902168044,
    -0.010085062840092585,
    0.0262674265269196,
    0.026234351749090168,
    0.12634379570042287,
    0.12634274116772237,
    0.1624476167685347,
    0.16244934890436857
  ],
  "dipole_vec_eA": [
    -0.16799977673333974,
    0.0006327399783549129,
    -3.017484572431292e-15
  ],
  "dipole_mag_D": 0.8069429681968333,
  "HOMO_eV": -21.43329541645372,
  "LUMO_eV": -20.989830536057347,
  "gap_eV": 0.4434648803963732
}