{
  "tag": "RMC-Co_2-V_3-A2-B5-NNNNOO",
  "energy_eV": -2002.116725935179,
  "multiplicity": 4,
  "charge": 3,
  "sym1": "Co",
  "ox1": 2,
  "sym2": "V",
  "ox2": 3,
  "acid": "A2",
  "base": "B5",
  "bridge": [
    "O",
    "O"
  ],
  "S1_ref": 0.5,
  "S2_ref": 1.0,
  "mulliken_q_e": [
    0.4408389800021033,
    0.34415194227643553,
    -0.25046589494356364,
    -0.25052019205662224,
    -0.13265433141464733,
    -0.1326485373405386,
    -0.12262950918707127,
    -0.12275675722686397,
    0.23179213619619898,
    0.010692702363754192,
    0.010015035362155533,
    0.0008121037148762777,
    0.006523022573586612,
    0.012243931156715737,
    0.12591056829471825,
    0.13205537733599348,
    0.12343162110861805,
    0.10414305260731704,
    0.0938190253424751,
    0.1642026750591833,
    0.1517828523859993,
    0.23177574809121504,
    0.010689899965295346,
    0.010027678887099434,
    0.000810097075653049,
    0.006524414162602854,
    0.012237904934643717,
    0.12592225279440483,
    0.13205214572212887,
    0.12345088394557568,
    0.10411908360266553,
    0.09382581431787762,
    0.16424689089442002,
    0.15180310427968757,
    0.005864664375418993,
    0.005902911945487865,
    0.20617810080718313,
    0.20618082043058217,
    0.01793158525766736,
    0.017825153736465538,
    0.2159407653498363,
    0.21595027744800888
  ],
  "dipole_vec_eA": [
    0.007271698842217876,
    0.00044484931212066914,
    8.038927907788475e-12
  ],
  "dipole_mag_D": 0.034992750731462595,
  "HOMO_eV": -18.705372512043493,
  "LUMO_eV": -18.678414879309084,
  "gap_eV": 0.02695763273440832
}