{
  "tag": "RMC-Cr_3-In_1-A2-B7-NNNNNN",
  "energy_eV": -2097.2795319786846,
  "multiplicity": 2,
  "charge": 0,
  "sym1": "Cr",
  "ox1": 3,
  "sym2": "In",
  "ox2": 1,
  "acid": "A2",
  "base": "B7",
  "bridge": [
    "N",
    "N"
  ],
  "S1_ref": 0.5,
  "S2_ref": 0.0,
  "mulliken_q_e": [
    0.5323252327903218,
    0.31841699269190726,
    -0.36159668784143895,
    -0.36297047360668877,
    -0.19874998365636198,
    -0.1788540183528895,
    -0.1792122373816627,
    -0.16640172759232863,
    0.10326380131918311,
    -0.02523066620656622,
    -0.03798709952291146,
    -0.043869357589697566,
    -0.03513111914310296,
    -0.022348812730279333,
    0.02573624920131412,
    0.028293371826583313,
    0.02845477520994366,
    0.05845907333467992,
    0.024470551548944064,
    0.02469539814724242,
    0.018584123732224733,
    0.10267449934955919,
    -0.02849976483792771,
    -0.036157246313555325,
    -0.04612714482640423,
    -0.0323916234411612,
    -0.023583375142941954,
    0.02584076142431757,
    0.029231561984275567,
    0.029704917684023724,
    0.07103523793137345,
    0.02403832785152482,
    0.02468139419370874,
    0.013850092487365129,
    0.027326226896131844,
    -0.07136635308418326,
    0.028128284988620633,
    0.04171838728719779,
    0.014738962109091203,
    0.05324306224407649,
    0.05324304994049678,
    0.03034358531368797,
    -0.06615420455658261,
    0.024875427106194614,
    0.0397304274610637,
    0.017390054865985105,
    0.05106909256370684,
    0.05106897163277657
  ],
  "dipole_vec_eA": [
    0.28966256709792343,
    0.26531845325946785,
    1.2408224030366375e-06
  ],
  "dipole_mag_D": 1.8867380384004302,
  "HOMO_eV": -7.835034336141807,
  "LUMO_eV": -7.7798729741009005,
  "gap_eV": 0.0551613620409066
}