{
  "tag": "RMC-Ag_2-Re_2-A2-B10-NNNNNO",
  "energy_eV": -3327.706542652663,
  "multiplicity": 1,
  "charge": 1,
  "sym1": "Ag",
  "ox1": 2,
  "sym2": "Re",
  "ox2": 2,
  "acid": "A2",
  "base": "B10",
  "bridge": [
    "N",
    "O"
  ],
  "S1_ref": 0.5,
  "S2_ref": 0.5,
  "mulliken_q_e": [
    0.27880973254641894,
    0.03704972656039873,
    -0.11459318958716147,
    -0.303159333583215,
    -0.14146792985321843,
    -0.15451374840527654,
    -0.02692797085277232,
    -0.12417523915790052,
    0.1925525018971781,
    -0.029800006569995485,
    -0.021725973546903532,
    -0.03530927828921948,
    -0.019130090246777032,
    -0.02724830232714459,
    0.04970979203661141,
    0.0594062078188029,
    0.05522116402445443,
    0.0709916549771934,
    0.07102494938723658,
    0.04688861031371028,
    0.04953550633448778,
    0.09842875940176343,
    0.006279671681734156,
    -0.021442536933486744,
    -0.02616017504017587,
    -0.024578922604946873,
    -0.002648042906741699,
    0.06424589874093045,
    0.06884406374444807,
    0.060039117506224704,
    0.018677968166240566,
    0.06168916830111626,
    0.08517466650160044,
    0.06626842494673657,
    0.07149202402358412,
    0.007904332339722986,
    0.013944722839847712,
    -0.02791044956784039,
    -0.02234365556758311,
    -0.0468763988487384,
    0.06155648217036325,
    0.059282349036815174,
    0.0489036483251053,
    -0.02793283124812662,
    0.012903523592645794,
    0.005436540224544428,
    0.07579692888251288,
    -0.04552478229987811,
    -0.022391541768421952,
    0.05996093954936166,
    0.04834344730291662,
    0.05771268278764219,
    0.06392569065849485,
    0.008478254857020584,
    0.01259949557836837,
    -0.02819233503794738,
    -0.022178128754132942,
    -0.04906031264360977,
    0.061461914571699916,
    0.06064522469463174,
    0.05551624753829609,
    -0.028542670908557666,
    0.010566483811591976,
    0.005817316449796328,
    0.06764553051986644,
    -0.05049474464726389,
    -0.023010551653760203,
    0.05785260374484302,
    0.04401194903595407,
    0.05474322386598818
  ],
  "dipole_vec_eA": [
    0.19797882178176182,
    -0.0855000597391611,
    1.7397075562341855e-07
  ],
  "dipole_mag_D": 1.0358215982182395,
  "HOMO_eV": -11.376222718431517,
  "LUMO_eV": -11.171916256410492,
  "gap_eV": 0.20430646202102487
}