{
  "tag": "RMC-Co_2-W_2-A2-B2-NNNNNN",
  "energy_eV": -3049.0385403709165,
  "multiplicity": 2,
  "charge": 0,
  "sym1": "Co",
  "ox1": 2,
  "sym2": "W",
  "ox2": 2,
  "acid": "A2",
  "base": "B2",
  "bridge": [
    "N",
    "N"
  ],
  "S1_ref": 0.5,
  "S2_ref": 0.0,
  "mulliken_q_e": [
    -0.007207941430608655,
    -0.08605692408124543,
    -0.12454093471057348,
    -0.12452886890428272,
    -0.10067083160728596,
    -0.1006762320467689,
    -0.10068084064355443,
    -0.1006806868205048,
    0.10091217426427712,
    -0.008533212746248076,
    -0.03399815471262624,
    -0.038373692099590295,
    -0.035816074920937524,
    -0.01709246872011949,
    0.031750410057431955,
    0.034180151430058814,
    0.030394253014610073,
    0.03653035856925757,
    0.047643181349936725,
    0.04006870856766076,
    0.04619194595268661,
    0.10089947982112846,
    -0.008530131828773602,
    -0.034017496958555826,
    -0.03837009781641454,
    -0.03583845519351114,
    -0.017087645977373667,
    0.03174810435387554,
    0.034181436972509305,
    0.030392318805865126,
    0.03650541805213092,
    0.04762575174538042,
    0.04006837675006758,
    0.046197188468945605,
    -0.03796283318870031,
    0.01207061724681191,
    0.0024469214850524335,
    0.07137996636961796,
    -0.05304989993281728,
    -0.0320527453493491,
    0.03799500562564295,
    0.04157387609386509,
    0.03447032963488961,
    0.07139000816261842,
    -0.03796147605434386,
    -0.03205228686191841,
    -0.053056526666168,
    0.037995784626572604,
    0.034472062188755426,
    0.041576473833165206,
    -0.03803365813428816,
    0.011287215096520864,
    -0.0013423413299071818,
    0.07484217753568378,
    -0.051885075964429817,
    -0.032057413849384986,
    0.03687519438285303,
    0.040741537737668976,
    0.033627971705003534,
    0.07485049169878777,
    -0.0380352612681627,
    -0.03205780734125807,
    -0.05188979005237604,
    0.036877799263605904,
    0.033631214358191275,
    0.04074389756756347
  ],
  "dipole_vec_eA": [
    -0.10912695109306692,
    -0.00036169613051107683,
    -5.106456177765085e-07
  ],
  "dipole_mag_D": 0.5241619165602319,
  "HOMO_eV": -8.337698932668491,
  "LUMO_eV": -8.191947400133305,
  "gap_eV": 0.14575153253518636
}