{
  "tag": "RMC-Hg_2-Os_3-A2-B10-NNNNSS",
  "energy_eV": -3200.341224776872,
  "multiplicity": 2,
  "charge": 3,
  "sym1": "Hg",
  "ox1": 2,
  "sym2": "Os",
  "ox2": 3,
  "acid": "A2",
  "base": "B10",
  "bridge": [
    "S",
    "S"
  ],
  "S1_ref": 0.0,
  "S2_ref": 0.5,
  "mulliken_q_e": [
    0.25123210345001745,
    0.2766401901471319,
    -0.09584378791160802,
    -0.09584022255874546,
    -0.06871268874199887,
    -0.06871235677207221,
    -0.07925888290285998,
    -0.07926625363764472,
    0.07887766778483796,
    0.01089992926336869,
    -0.003698412701720555,
    -0.00887267747089826,
    -0.0017848523350023626,
    0.016485604035619827,
    0.0946445281923125,
    0.11122964878078834,
    0.09769451596486312,
    0.05710497838602602,
    0.07321009380193089,
    0.108444961770639,
    0.10903668149741708,
    0.07887812117957993,
    0.01090025030138686,
    -0.003698482770002842,
    -0.008872123072036331,
    -0.0017845375132088392,
    0.016486198126120177,
    0.09464430856594808,
    0.11122952695956967,
    0.0976944003544582,
    0.05710422850522634,
    0.0732104826849862,
    0.10844498942602687,
    0.10903665872659629,
    0.07251110424569207,
    0.008007696429383815,
    0.03557430321789323,
    -0.00803745881615936,
    -0.00045327053077248713,
    -0.03073592303560413,
    0.10792588837803097,
    0.10642017511490887,
    0.0812659038385124,
    -0.008037243364974911,
    0.03557395590015133,
    0.008008293709129255,
    0.07251089949992351,
    -0.030734920681063427,
    -0.00045410908038734377,
    0.10792580634660964,
    0.08126578889924085,
    0.10642027498211792,
    0.07369350013123932,
    0.016330603181580194,
    0.03145501367420045,
    -0.00917244660464589,
    -0.002445024693230602,
    -0.03933524874842642,
    0.10702270442903628,
    0.1057260541027587,
    0.08085497529958052,
    -0.009169034782518848,
    0.03145523040043652,
    0.016330576095042737,
    0.07369228070515854,
    -0.039331278578933704,
    -0.002451083076516092,
    0.10701868057547226,
    0.08085435300818544,
    0.10572819031397729
  ],
  "dipole_vec_eA": [
    0.1204416298543801,
    1.0070548662321976e-05,
    -2.161408891454766e-06
  ],
  "dipole_mag_D": 0.5785057529177021,
  "HOMO_eV": -17.570003095403713,
  "LUMO_eV": -17.243119432302997,
  "gap_eV": 0.32688366310071615
}