{
  "tag": "RMC-Zn_2-Zn_2-A2-B4-NNNNNO",
  "energy_eV": -1936.4731186078054,
  "multiplicity": 1,
  "charge": 1,
  "sym1": "Zn",
  "ox1": 2,
  "sym2": "Zn",
  "ox2": 2,
  "acid": "A2",
  "base": "B4",
  "bridge": [
    "N",
    "O"
  ],
  "S1_ref": 0.0,
  "S2_ref": 0.0,
  "mulliken_q_e": [
    0.30620707967370464,
    0.306182108834373,
    -0.2636812111708786,
    -0.3175551777743213,
    -0.20861006211165645,
    -0.1727513563999341,
    -0.20854897389046512,
    -0.17263399732399476,
    0.20320394681661513,
    -0.014653989788383281,
    -0.016274399798619,
    -0.029435820630034026,
    -0.016269047827257355,
    -0.01473880782351178,
    0.07518981664800028,
    0.07423774283460616,
    0.07511785420574246,
    0.09829367290603352,
    0.09826213288971375,
    0.11624550217151486,
    0.11612812504625158,
    0.13419034689041753,
    -0.009882733452049708,
    -0.015323687543675302,
    -0.035389613736899195,
    -0.015333005966067903,
    -0.009911734969143549,
    0.06894300045762247,
    0.06387454203269027,
    0.0689209324861455,
    0.0923639695530376,
    0.09242160395608057,
    0.1199520995941391,
    0.1198544486306059,
    -0.05978271810534097,
    -0.054941681711035306,
    0.061929660127900354,
    0.06192966012789891,
    0.06849103430138836,
    0.06849103430139003,
    -0.05992958967172224,
    -0.05500585646155898,
    0.061752396098737394,
    0.06175239609873884,
    0.06835917973660988,
    0.06835917973660854
  ],
  "dipole_vec_eA": [
    -0.003237716606603995,
    -0.3718372137241947,
    2.2883308971557008e-14
  ],
  "dipole_mag_D": 1.7860777972217534,
  "solvation_E_eV": null
}