{
  "tag": "RMC-Cr_3-Hg_2-A2-B2-NNNNNN",
  "energy_eV": -2946.120284552352,
  "multiplicity": 2,
  "charge": 1,
  "sym1": "Cr",
  "ox1": 3,
  "sym2": "Hg",
  "ox2": 2,
  "acid": "A2",
  "base": "B2",
  "bridge": [
    "N",
    "N"
  ],
  "S1_ref": 0.5,
  "S2_ref": 0.0,
  "mulliken_q_e": [
    0.5531037603009876,
    0.28243322755814493,
    -0.3477737765048585,
    -0.3477622417800075,
    -0.16079608027032277,
    -0.1607939663225597,
    -0.1464214488282518,
    -0.14641437880294528,
    0.11188992799078434,
    -0.018819145678345528,
    -0.018963761785002697,
    -0.031762366496684624,
    -0.016354153020874618,
    -0.014045179625036486,
    0.05309800063084125,
    0.06197899428134668,
    0.0563185929059451,
    0.06236572956893083,
    0.04054692003368321,
    0.06172200530621608,
    0.062358182976026466,
    0.1118977373986374,
    -0.018826483003485883,
    -0.01895854999082003,
    -0.03176136593760592,
    -0.016355936622282963,
    -0.0140597882710225,
    0.05309631197032383,
    0.06197734050445114,
    0.056315141709643246,
    0.06236663767958017,
    0.04055262756257294,
    0.061716706318658665,
    0.0623534466277732,
    -0.02808613210406663,
    0.018621581026661005,
    -0.0017451897124529658,
    0.06910262310821702,
    -0.04323865019522022,
    -0.02682928086357994,
    0.0598623049188981,
    0.053751365987201205,
    0.055835746051723034,
    0.06909424630340721,
    -0.02808562365330225,
    -0.02682958311928796,
    -0.04323874690734253,
    0.059861020626307604,
    0.05583609932975353,
    0.05374969194593393,
    -0.025987204767232486,
    0.020946183416211905,
    0.007389367760643362,
    0.07748995015630222,
    -0.038791776675503264,
    -0.024192725017199823,
    0.06254042802741366,
    0.05360184537828305,
    0.059235357594307536,
    0.07748250644069876,
    -0.025987343723845147,
    -0.024191742019816775,
    -0.038790395710097236,
    0.06253709569507215,
    0.05923249604630587,
    0.053601816316061424
  ],
  "dipole_vec_eA": [
    0.2305822550336413,
    0.0011532883428883643,
    -1.9373344596309128e-08
  ],
  "dipole_mag_D": 1.1075475251052274,
  "HOMO_eV": -11.373096940143828,
  "LUMO_eV": -11.123581069450124,
  "gap_eV": 0.2495158706937044
}