{
  "tag": "RMC-Fe_2-Ni_2-A2-B1-NNNNNN",
  "energy_eV": -2577.9410572376805,
  "multiplicity": 1,
  "charge": 0,
  "sym1": "Fe",
  "ox1": 2,
  "sym2": "Ni",
  "ox2": 2,
  "acid": "A2",
  "base": "B1",
  "bridge": [
    "N",
    "N"
  ],
  "S1_ref": 0.0,
  "S2_ref": 0.0,
  "mulliken_q_e": [
    0.6321492414111667,
    -0.2510588890827715,
    -0.1672364791316363,
    -0.1672437351395546,
    -0.19031951894135757,
    -0.1903203980330912,
    -0.05841186930896214,
    -0.058412176671985616,
    0.08520885108139242,
    -0.016770498035370673,
    -0.03651085826435496,
    -0.043767339903401536,
    -0.037303355265964955,
    -0.02116714218256477,
    0.030166846120831092,
    0.02952456709476914,
    0.03090838313389843,
    0.030062866414532596,
    0.03586689410407806,
    0.0339656731467346,
    0.036174967560994475,
    0.08521665194759298,
    -0.01677265725207233,
    -0.03650995629653053,
    -0.0437680478236504,
    -0.037301954025037665,
    -0.02116923528098047,
    0.03016731711804088,
    0.029523537683553314,
    0.03090893325993327,
    0.030064788208534754,
    0.03587130286323048,
    0.03396617627033316,
    0.036173965034824174,
    -0.04740628073336994,
    0.05036606071574656,
    0.050366088516077934,
    -0.047406531863351864,
    -0.03797592125753302,
    -0.03797535977370314,
    0.0380958624923291,
    0.03809606855513892,
    0.037259391905814065,
    0.037259022004974884,
    -0.0499599812888496,
    0.05846734336572035,
    0.0584669539795899,
    -0.049960118994587965,
    -0.03865604277576273,
    -0.03865601488796555,
    0.029818444157814428,
    0.029818624549588613,
    0.029052799479182045,
    0.029052740038722158
  ],
  "dipole_vec_eA": [
    -0.2204837309989261,
    4.3645397755362494e-05,
    1.7319354079261481e-15
  ],
  "dipole_mag_D": 1.0590284189487762,
  "HOMO_eV": -8.13673752834068,
  "LUMO_eV": -8.043376004444312,
  "gap_eV": 0.09336152389636787
}