{
  "tag": "RMC-Mn_2-W_2-A2-B7-NNNNOO",
  "energy_eV": -2195.085715723171,
  "multiplicity": 2,
  "charge": 2,
  "sym1": "Mn",
  "ox1": 2,
  "sym2": "W",
  "ox2": 2,
  "acid": "A2",
  "base": "B7",
  "bridge": [
    "O",
    "O"
  ],
  "S1_ref": 0.5,
  "S2_ref": 0.0,
  "mulliken_q_e": [
    0.3342486035917748,
    -0.054452034466830446,
    -0.14943395078598187,
    -0.14944392947364848,
    -0.11476234597624746,
    -0.09627169603287289,
    -0.03574278143391618,
    -0.017614861114565672,
    0.17354245287867287,
    0.007669646855838819,
    -0.008722266477594776,
    -0.012772363072915294,
    -0.0060646915660520495,
    -0.002131864526006444,
    0.09914179915406107,
    0.10563428535568387,
    0.09864372903388163,
    0.060861727388353604,
    0.0651811491880343,
    0.09310984937682076,
    0.08433901917390285,
    0.17370655770011245,
    0.0057508068492331255,
    -0.008187593650613723,
    -0.013792589610843287,
    -0.005477464755472727,
    -0.004071437135689582,
    0.09889321203789847,
    0.10598976555107487,
    0.09850392185089207,
    0.06065514540822603,
    0.06829083275311221,
    0.08850250857338615,
    0.08044657793700594,
    0.0236856069732716,
    -0.030893585066816387,
    0.07289652462312712,
    0.09820199837015564,
    -0.002018945675939632,
    0.1022854051507529,
    0.10228540395315122,
    0.024054090024399066,
    -0.02353588602380663,
    0.0827323647131174,
    0.10558585061237902,
    -0.007697151367788813,
    0.11412430303956056,
    0.11412430009569685
  ],
  "dipole_vec_eA": [
    -0.08312079702192128,
    0.28969254336506267,
    8.901137559956936e-08
  ],
  "dipole_mag_D": 1.4475971311129832,
  "HOMO_eV": -15.415252948518468,
  "LUMO_eV": -15.150839488737223,
  "gap_eV": 0.2644134597812453
}