{
  "tag": "RMC-Ta_3-Zr_2-A2-B5-NNNNNN",
  "energy_eV": -1916.2058285571482,
  "multiplicity": 1,
  "charge": 1,
  "sym1": "Ta",
  "ox1": 3,
  "sym2": "Zr",
  "ox2": 2,
  "acid": "A2",
  "base": "B5",
  "bridge": [
    "N",
    "N"
  ],
  "S1_ref": 1.0,
  "S2_ref": 1.0,
  "mulliken_q_e": [
    0.7053943404286426,
    1.0470554362793663,
    -0.38104816676950093,
    -0.38105521279224286,
    -0.3235723342432679,
    -0.32360222813286166,
    -0.3144803183237528,
    -0.3143668040438379,
    0.12920748651468084,
    -0.027071136790223882,
    -0.015473220610606964,
    -0.03644645629330712,
    -0.02073299415955554,
    -0.01275061810738265,
    0.05948980818088323,
    0.05820695772321338,
    0.057614657212877396,
    0.0933539687881706,
    0.09716860413418438,
    0.08020172859136077,
    0.06817623808002193,
    0.12920608215231333,
    -0.027089539666858453,
    -0.015472980512265089,
    -0.036449016081819385,
    -0.02072231617125664,
    -0.012742304845925867,
    0.05949108962556826,
    0.05820685462057973,
    0.057613512264111044,
    0.09335295957040901,
    0.09717146620214412,
    0.08019535537811906,
    0.0681760372623954,
    -0.06393763062798818,
    -0.06393515240680703,
    0.11803929114017186,
    0.11803902806495803,
    -0.058215737447219196,
    -0.05825407702003571,
    0.11602864043489647,
    0.11602870220585682
  ],
  "dipole_vec_eA": [
    -0.36908882931239795,
    -0.00014419109338460623,
    -2.501281448321651e-13
  ],
  "dipole_mag_D": 1.772809176246791,
  "HOMO_eV": -11.872287035590848,
  "LUMO_eV": -11.63635877317407,
  "gap_eV": 0.23592826241677756
}