{
  "tag": "RMC-Fe_2-Hg_2-A2-B2-NNNNNS",
  "energy_eV": -2984.1944280259886,
  "multiplicity": 1,
  "charge": 1,
  "sym1": "Fe",
  "ox1": 2,
  "sym2": "Hg",
  "ox2": 2,
  "acid": "A2",
  "base": "B2",
  "bridge": [
    "N",
    "S"
  ],
  "S1_ref": 0.0,
  "S2_ref": 0.0,
  "mulliken_q_e": [
    0.5796112735249169,
    0.2577721899928497,
    -0.37334447905069834,
    -0.22768872299203513,
    -0.16309392506113585,
    -0.16536516621320985,
    -0.17713721944831717,
    -0.14095869956768659,
    0.06968875974254196,
    -0.0013725566853657334,
    -0.020748152520548402,
    -0.029577054972362626,
    -0.021843939887413066,
    -0.004357239313280692,
    0.0577089467169527,
    0.06393740664371639,
    0.05683074447207226,
    0.06589932879497051,
    0.03852017213094028,
    0.058241094569544294,
    0.06785763134135003,
    0.12661963035885693,
    -0.02106143838595176,
    -0.016827836854140577,
    -0.037425774200994466,
    -0.018814262326568576,
    -0.020364158299135404,
    0.047879658410473924,
    0.0544900551487556,
    0.04746307614970535,
    0.06538761893804756,
    0.042227923344804186,
    0.052436792437680624,
    0.07017680556838801,
    -0.026719571485063653,
    0.020780235515931444,
    -0.005681828347714024,
    0.05961913694715615,
    -0.040453213400257315,
    -0.02699235053428084,
    0.06361167324299655,
    0.05654520664601814,
    0.0599783692943594,
    0.06096912808961896,
    -0.030678878120480757,
    -0.025847337583446928,
    -0.04221404931094952,
    0.061874258896276846,
    0.06040571032411313,
    0.0580341744770555,
    -0.025920114719584664,
    0.019727217476109615,
    0.004750615902382016,
    0.07320380678684235,
    -0.03955680827675789,
    -0.026262469526955323,
    0.05965540347291676,
    0.05163155074851333,
    0.05541222957727443,
    0.07619901058439726,
    -0.03148975636585738,
    -0.024728479402293946,
    -0.04235781813153228,
    0.057661632673421725,
    0.05576235907080751,
    0.05031247297265318
  ],
  "dipole_vec_eA": [
    -0.4175003637698258,
    -0.41022671781285763,
    1.7015392283402826e-15
  ],
  "dipole_mag_D": 2.811382848353518,
  "HOMO_eV": -11.633239092389582,
  "LUMO_eV": -11.268676679811573,
  "gap_eV": 0.3645624125780085
}