{
  "tag": "RMC-Cu_1-Ni_2-A2-B10-NNNNNN",
  "energy_eV": -3352.548740782831,
  "multiplicity": 1,
  "charge": -1,
  "sym1": "Cu",
  "ox1": 1,
  "sym2": "Ni",
  "ox2": 2,
  "acid": "A2",
  "base": "B10",
  "bridge": [
    "N",
    "N"
  ],
  "S1_ref": 0.0,
  "S2_ref": 0.0,
  "mulliken_q_e": [
    0.19722020772579746,
    -0.4027382802120205,
    -0.14872817951207185,
    -0.16137190241288124,
    -0.18138858002643166,
    -0.1893596603865757,
    -0.08108610432774466,
    -0.0819356587923552,
    0.10425893451481572,
    -0.02073296454717899,
    -0.03349831021782257,
    -0.05853253304605244,
    -0.03179550910780882,
    -0.032706111185389686,
    0.005758176727267972,
    0.002591143892389125,
    0.006161506109484738,
    0.06043013399753727,
    0.05640390014055119,
    0.01611087793506749,
    0.016866338005344206,
    0.10354467122581967,
    -0.021095337064894082,
    -0.033495633043897355,
    -0.05814389946264442,
    -0.03259880444303587,
    -0.030659232948071713,
    0.006332093390740257,
    0.0030241655868364914,
    0.00659653008334149,
    0.05952676846651328,
    0.053329676160090767,
    0.01523110461434174,
    0.0217026634294617,
    0.07155409602518015,
    -0.009032342897951073,
    -0.004175601584387012,
    -0.04831457545022011,
    -0.04011494858459086,
    -0.05438736715919923,
    0.013770966565659015,
    0.0136986185721224,
    0.022843219542471815,
    -0.048226250944802596,
    -0.004953889619153884,
    -0.009082187031149713,
    0.07249349960394547,
    -0.054141486682110385,
    -0.04010356486964062,
    0.013406395275086247,
    0.021920353083894062,
    0.013461496663665251,
    0.07002283578394342,
    0.0027377182855865545,
    -0.006521979837621483,
    -0.04810572898988208,
    -0.03983005328452727,
    -0.05531812888866705,
    0.011401697416982826,
    0.011458675529422258,
    0.021093937055701728,
    -0.04809535028261802,
    -0.0063484357452625595,
    0.0028079858082603604,
    0.06997020835840062,
    -0.05557438559286143,
    -0.03985330990601499,
    0.011450014001213371,
    0.02146138038685519,
    0.011404298123755652
  ],
  "dipole_vec_eA": [
    -0.03927125373578822,
    0.01160191786588514,
    1.1690822705911718e-15
  ],
  "dipole_mag_D": 0.19668730704724197,
  "solvation_E_eV": null
}