{
  "tag": "RMC-Cr_2-Pt_2-A2-B2-NNNNNN",
  "energy_eV": -3061.1451752900593,
  "multiplicity": 1,
  "charge": 0,
  "sym1": "Cr",
  "ox1": 2,
  "sym2": "Pt",
  "ox2": 2,
  "acid": "A2",
  "base": "B2",
  "bridge": [
    "N",
    "N"
  ],
  "S1_ref": 0.0,
  "S2_ref": 0.0,
  "mulliken_q_e": [
    0.5364821878736178,
    -0.04343196461976473,
    -0.24096302316611706,
    -0.24096462530281948,
    -0.1956795017945585,
    -0.19567799791160323,
    -0.07958164580259752,
    -0.07957140125324558,
    0.09556806715028965,
    -0.01719383327557744,
    -0.04213177830055148,
    -0.040490211130125964,
    -0.03812516328191329,
    -0.023746646706909402,
    0.028072440848487368,
    0.03221726181743023,
    0.029421181648211836,
    0.039614176937345036,
    0.014355808806617354,
    0.049330529223981956,
    0.04235590760250674,
    0.09557116429484025,
    -0.01719941052868479,
    -0.04212867324064806,
    -0.04048803942024071,
    -0.03813042759140317,
    -0.023745273752787455,
    0.028073254535672332,
    0.03221869460241267,
    0.029422913230978898,
    0.0396258154156095,
    0.014332440754246223,
    0.049327958339053124,
    0.04236524747692738,
    -0.040221991068218665,
    0.011974208109776452,
    -0.011028665351383138,
    0.07250036540412719,
    -0.05322753591002316,
    -0.03336157666645034,
    0.03721490818518125,
    0.0416877733301676,
    0.03391728877124178,
    0.0724960728335069,
    -0.040220634756433116,
    -0.033363304242403746,
    -0.05322695263570365,
    0.03721149680697777,
    0.03391192336247428,
    0.04169134571370048,
    -0.04334335558039859,
    0.012066100611338282,
    0.00037743442209214884,
    0.06424170096586668,
    -0.058187003986841956,
    -0.03270285693678843,
    0.035181722004663185,
    0.03772766746864731,
    0.03234214864569829,
    0.06423460873269282,
    -0.04333858447371708,
    -0.03269237798236002,
    -0.05818350318283794,
    0.03517129642043215,
    0.032325561421110205,
    0.03771928609458386
  ],
  "dipole_vec_eA": [
    -0.0729076741975026,
    -4.87936403732676e-05,
    -3.351997625699281e-12
  ],
  "dipole_mag_D": 0.35019053044615606,
  "HOMO_eV": -8.149568125597506,
  "LUMO_eV": -7.915389537592849,
  "gap_eV": 0.2341785880046574
}