{
  "tag": "RMC-Rh_3-Y_3-A2-B7-NNNNOO",
  "energy_eV": -2155.9795640531283,
  "multiplicity": 1,
  "charge": 4,
  "sym1": "Rh",
  "ox1": 3,
  "sym2": "Y",
  "ox2": 3,
  "acid": "A2",
  "base": "B7",
  "bridge": [
    "O",
    "O"
  ],
  "S1_ref": 0.0,
  "S2_ref": 0.0,
  "mulliken_q_e": [
    0.1524256531207474,
    0.6437540535221055,
    -0.2430244739756109,
    -0.22837472676298898,
    0.011191167825975734,
    0.030778672695670917,
    -0.06689027268800851,
    -0.054998448432131974,
    0.21103085632557184,
    0.006715418240407001,
    0.02527601697549131,
    0.015382817580851027,
    0.01073383729869204,
    0.029577786254919802,
    0.1506919687169913,
    0.16442467244032766,
    0.14772144018974187,
    0.0737928703125379,
    0.06765717116944336,
    0.15357539620663507,
    0.1484642393227502,
    0.20591817838069004,
    0.0031507075227510395,
    0.022255235890585645,
    0.011491709875457223,
    0.010885056279086758,
    0.021860238382235275,
    0.1471358701451505,
    0.16163606310833611,
    0.14386788845429654,
    0.07884880894046953,
    0.06445558314326383,
    0.15265355486423948,
    0.13975083149212875,
    0.04134823422282663,
    0.013718475405355868,
    0.14886121659849993,
    0.17389599137278,
    -0.03577202389683243,
    0.20241077522217765,
    0.20241077522217887,
    0.020387707707921754,
    -0.013984217473490768,
    0.14868170385899704,
    0.16992444902531545,
    -0.035080851596937856,
    0.17469096090416303,
    0.17469096090416136
  ],
  "dipole_vec_eA": [
    0.008388671325425399,
    0.2612282748261883,
    4.4503482788073e-15
  ],
  "dipole_mag_D": 1.2553795432067032,
  "HOMO_eV": -22.734772890966333,
  "LUMO_eV": -22.37057009067218,
  "gap_eV": 0.36420280029415153
}