{
  "tag": "RMC-Au_3-Ru_3-A2-B5-NNNNOS",
  "energy_eV": -1999.288153266937,
  "multiplicity": 2,
  "charge": 4,
  "sym1": "Au",
  "ox1": 3,
  "sym2": "Ru",
  "ox2": 3,
  "acid": "A2",
  "base": "B5",
  "bridge": [
    "O",
    "S"
  ],
  "S1_ref": 0.0,
  "S2_ref": 0.5,
  "mulliken_q_e": [
    0.4554517291244918,
    0.08722855244965322,
    -0.07216517350848961,
    0.3799022366371152,
    -0.021741184180053663,
    -0.1850594935447467,
    -0.03276853392729495,
    -0.08621643672617685,
    0.036069071240048656,
    0.04104666138538571,
    0.019275063476448695,
    0.020146656885799308,
    0.02493384345041516,
    0.03846832739249573,
    0.15975121816276372,
    0.1715701010672851,
    0.1498539111425169,
    0.07351014324602412,
    0.10511772248941331,
    0.16282421178472395,
    0.16451910147122606,
    0.16482228467633053,
    0.04604060251506281,
    0.018170357566738238,
    0.014969354134394708,
    0.04252620880742208,
    0.024793269411585328,
    0.15488507608655822,
    0.17020117809426405,
    0.1637907058312662,
    0.10302321916726798,
    0.06387209425585416,
    0.20389687380695254,
    0.13613059122990356,
    -0.009668569893698686,
    0.01573143458633397,
    0.2098628422898714,
    0.2076050851018214,
    0.04333241840221014,
    0.056116056631996925,
    0.2409098099072403,
    0.23727137787583696
  ],
  "dipole_vec_eA": [
    -0.5203003990150229,
    -0.07824651421622911,
    -2.629861184327033e-12
  ],
  "dipole_mag_D": 2.5272114026734274,
  "solvation_E_eV": null
}