{
  "tag": "RMC-Mg_2-Ti_2-A2-B5-NNNNNN",
  "energy_eV": -1889.649466817387,
  "multiplicity": 3,
  "charge": 0,
  "sym1": "Mg",
  "ox1": 2,
  "sym2": "Ti",
  "ox2": 2,
  "acid": "A2",
  "base": "B5",
  "bridge": [
    "N",
    "N"
  ],
  "S1_ref": 0.0,
  "S2_ref": 1.0,
  "mulliken_q_e": [
    0.38133683756344,
    0.4103145456530759,
    -0.15396816194076357,
    -0.15396748269772131,
    -0.34467659376033355,
    -0.3446757106212073,
    -0.1199100279791443,
    -0.11990591480311874,
    0.07085140692548197,
    -0.01963298286013182,
    -0.03799996280841267,
    -0.038330145863838316,
    -0.03696851080590591,
    -0.021953468060152526,
    0.02801092804751304,
    0.02824755709016269,
    0.02945578920132308,
    0.013825097734791125,
    0.08714732393283242,
    0.03846585750983056,
    0.015172856784833821,
    0.07085337016734239,
    -0.019632678577689244,
    -0.038004140345522464,
    -0.038329959413150316,
    -0.03696591093947155,
    -0.021951854625056777,
    0.02801424036554301,
    0.028248449852993907,
    0.0294551973330075,
    0.013829563076601437,
    0.08714780885870144,
    0.03846387759339298,
    0.01517806738067018,
    -0.058393630995322354,
    -0.058393067031920154,
    0.11826305891717881,
    0.11826489906038207,
    -0.07453472416298812,
    -0.07453489274034908,
    0.08109141524998853,
    0.08109167304005538
  ],
  "dipole_vec_eA": [
    0.25380180385233336,
    4.0574220499529654e-05,
    1.3246013340789931e-14
  ],
  "dipole_mag_D": 1.2190619235750517,
  "HOMO_eV": -7.664531169184383,
  "LUMO_eV": -7.547825249223876,
  "gap_eV": 0.11670591996050739
}