{
  "tag": "RMC-Nb_3-Pb_2-A2-B2-NNNNNO",
  "energy_eV": -3001.018544023599,
  "multiplicity": 3,
  "charge": 2,
  "sym1": "Nb",
  "ox1": 3,
  "sym2": "Pb",
  "ox2": 2,
  "acid": "A2",
  "base": "B2",
  "bridge": [
    "N",
    "O"
  ],
  "S1_ref": 1.0,
  "S2_ref": 0.0,
  "mulliken_q_e": [
    0.2852728592651035,
    0.7016038745647046,
    -0.31181669483440655,
    -0.32614240656169313,
    -0.08689499300432302,
    -0.10916526000140037,
    -0.17870122020725554,
    -0.17339651508760623,
    0.17094811702806512,
    -0.020098339321094727,
    -0.01612760735165164,
    -0.021842666346775008,
    -0.01437562023212835,
    -0.0033746861882539836,
    0.07914464333712912,
    0.09116296594592221,
    0.08070529746206045,
    0.0578965926350572,
    0.050918415749128254,
    0.07319953741407292,
    0.07621713450288936,
    0.11270563501164887,
    -0.010230013286217643,
    -0.010628614014383864,
    -0.019577548233322917,
    -0.009134436879321362,
    0.006582256454562341,
    0.07833100677968308,
    0.09071843532028057,
    0.08142024835711459,
    0.05635575309593688,
    0.04576133119758552,
    0.07540497031789917,
    0.09426098334470656,
    -0.01531481595568751,
    0.026702688633809757,
    0.010559772278580404,
    0.07083487195885385,
    -0.032075454919996416,
    -0.019424986726858995,
    0.08365402576941461,
    0.06727692350322001,
    0.0791026964852255,
    0.06932867100202622,
    -0.01604210937801076,
    -0.018986424096965937,
    -0.03232925170276446,
    0.08448785699399575,
    0.0811301691611318,
    0.07178490970542395,
    -0.01369042264103304,
    0.026895875522730428,
    -0.0008663563444066824,
    0.06542249105051079,
    -0.026215013932700204,
    -0.01894228217369287,
    0.08331402052385506,
    0.06455551175147001,
    0.08040791935888292,
    0.06422283183092281,
    -0.015555543779160574,
    -0.018723795983470515,
    -0.027520793304948166,
    0.08277728275006302,
    0.08039957076486781,
    0.06572573454892483
  ],
  "dipole_vec_eA": [
    0.3123511079301107,
    -0.20668959353588548,
    2.2616720512758934e-09
  ],
  "dipole_mag_D": 1.7990151537745809,
  "HOMO_eV": -14.395236577373252,
  "LUMO_eV": -13.864062620276188,
  "gap_eV": 0.5311739570970637
}