{
  "tag": "RMC-Cd_2-Sn_2-A2-B7-NNNNOO",
  "energy_eV": -2122.392544355528,
  "multiplicity": 1,
  "charge": 2,
  "sym1": "Cd",
  "ox1": 2,
  "sym2": "Sn",
  "ox2": 2,
  "acid": "A2",
  "base": "B7",
  "bridge": [
    "O",
    "O"
  ],
  "S1_ref": 0.0,
  "S2_ref": 0.0,
  "mulliken_q_e": [
    0.4278158832378901,
    0.6252454932059962,
    -0.3770923767016616,
    -0.3789932314674338,
    -0.10888594253693373,
    -0.09459139535606154,
    -0.15296813517863894,
    -0.1366639319340004,
    0.19714339703428085,
    -0.012976267481710435,
    -0.007132942778412366,
    -0.022948995852533738,
    -0.00871503929965467,
    -0.00955694026669196,
    0.0883372812525971,
    0.09469945012338421,
    0.08764159899938473,
    0.0789542230565543,
    0.07801504507885859,
    0.08366605714292052,
    0.09023182843487088,
    0.19788434486502604,
    -0.01516576972360073,
    -0.007431468284997411,
    -0.023683142509067334,
    -0.008545904936448023,
    -0.011834158679535411,
    0.08739418711324587,
    0.09478849228567476,
    0.08701941247473566,
    0.08342964487597593,
    0.08113917239393653,
    0.08135887652234675,
    0.08707256921098738,
    0.018473451715392608,
    -0.04127367557281869,
    0.08736931230686751,
    0.10803866911160065,
    -0.016306048498377246,
    0.11251028055716294,
    0.1125102805571283,
    0.0179653619112492,
    -0.05088449969736897,
    0.08213571009548337,
    0.10088497517028239,
    -0.015499541997001431,
    0.10471220500976308,
    0.10471220500933853
  ],
  "dipole_vec_eA": [
    -0.1637422801407738,
    0.28296002359142464,
    1.4017598320213427e-11
  ],
  "dipole_mag_D": 1.5702725232058419,
  "HOMO_eV": -16.116495128577842,
  "LUMO_eV": -14.110936834133826,
  "gap_eV": 2.0055582944440165
}