{
  "tag": "RMC-Mo_2-Nb_3-A2-B1-NNNNNS",
  "energy_eV": -2450.7115721659698,
  "multiplicity": 3,
  "charge": 2,
  "sym1": "Mo",
  "ox1": 2,
  "sym2": "Nb",
  "ox2": 3,
  "acid": "A2",
  "base": "B1",
  "bridge": [
    "N",
    "S"
  ],
  "S1_ref": 0.0,
  "S2_ref": 1.0,
  "mulliken_q_e": [
    0.33739290541057954,
    0.2243372038442184,
    -0.276510075287111,
    -0.046812205276009544,
    -0.10203733031343765,
    -0.12467764912164969,
    -0.10221546839196405,
    -0.12241481249131425,
    0.07358541829381382,
    0.015173793509735356,
    -0.009577173848104747,
    -0.015149053590143513,
    -0.010990657328203923,
    0.015687775258034442,
    0.09052054798799458,
    0.09857424697337303,
    0.08956168258170827,
    0.0685677757894787,
    0.044801200292960086,
    0.0847610994069603,
    0.08362939534629776,
    0.1187730337963877,
    0.005377548957857581,
    -0.006338065587058406,
    -0.016316571217178888,
    -0.006897160889953735,
    0.010076644218425912,
    0.08766601409034314,
    0.09805190329646207,
    0.08953736635013121,
    0.07109422226968198,
    0.05210851649995418,
    0.09562268426592102,
    0.09168884157624069,
    -0.023961857510447215,
    0.07907870816370077,
    0.07786707065515963,
    -0.026615631086150726,
    -0.011200279334419694,
    -0.010740346363282471,
    0.09170355259638052,
    0.08682146331207974,
    0.10040112809693247,
    0.10172998355288643,
    -0.0247775274051083,
    0.07486185199282769,
    0.07298821787285092,
    -0.02543280697666761,
    -0.010449533247176568,
    -0.008335196246247456,
    0.08033978006107345,
    0.077787218124167,
    0.09500579640756945,
    0.09627481033695151
  ],
  "dipole_vec_eA": [
    -0.39920126080667445,
    -0.25733683723103906,
    3.0106113169058712e-06
  ],
  "dipole_mag_D": 2.2813141888607187,
  "HOMO_eV": -15.018126669338372,
  "LUMO_eV": -14.720463649660713,
  "gap_eV": 0.2976630196776586
}