{
  "tag": "RMC-Co_2-Pb_2-A2-B4-NNNNNN",
  "energy_eV": -2050.845689489729,
  "multiplicity": 2,
  "charge": 0,
  "sym1": "Co",
  "ox1": 2,
  "sym2": "Pb",
  "ox2": 2,
  "acid": "A2",
  "base": "B4",
  "bridge": [
    "N",
    "N"
  ],
  "S1_ref": 0.5,
  "S2_ref": 0.0,
  "mulliken_q_e": [
    -0.11250664784208586,
    0.6650145345232632,
    -0.18996723736426646,
    -0.18997668212912067,
    0.0017285860554911991,
    0.0017349541367834842,
    -0.3355560699828215,
    -0.3355093227175576,
    0.05953856144583325,
    -0.019998015339949937,
    -0.03149939808973601,
    -0.03877245881454727,
    -0.03035254800539655,
    -0.021128327526601653,
    0.03228515804162524,
    0.030453265809130325,
    0.0315193400964342,
    0.0903607447665089,
    -0.005205252206998745,
    0.04019575145635179,
    0.041170901947766625,
    0.05953391503858718,
    -0.020009337120354243,
    -0.03149839153805134,
    -0.03877174628584945,
    -0.030351266292296897,
    -0.021128767747725874,
    0.03228505246091373,
    0.030454872855512405,
    0.03151919782109247,
    0.09035589886831974,
    -0.0052006284803773895,
    0.040187960592918626,
    0.04116901535180073,
    -0.06540471460411834,
    -0.06540227190285108,
    0.06559160208932424,
    0.06559166611992062,
    0.06559213867572966,
    0.06559220271626187,
    -0.07246469281824197,
    -0.07246110213504675,
    0.03781982336667511,
    0.03782032126581225,
    0.03782445791673594,
    0.037824955833253515
  ],
  "dipole_vec_eA": [
    -0.5985112952557717,
    -1.023469534066042e-05,
    3.535230239555991e-05
  ],
  "dipole_mag_D": 2.874772014450994,
  "solvation_E_eV": null
}