{
  "tag": "RMC-Cu_1-Re_2-A2-B2-NNNNNN",
  "energy_eV": -3082.934962820187,
  "multiplicity": 2,
  "charge": -1,
  "sym1": "Cu",
  "ox1": 1,
  "sym2": "Re",
  "ox2": 2,
  "acid": "A2",
  "base": "B2",
  "bridge": [
    "N",
    "N"
  ],
  "S1_ref": 0.0,
  "S2_ref": 0.5,
  "mulliken_q_e": [
    0.2601698330866327,
    -0.12099731047289064,
    -0.18713067067291522,
    -0.1880146503686313,
    -0.17874772738170175,
    -0.1792114639804221,
    -0.0942884514824307,
    -0.09477644922078476,
    0.09050152989579119,
    -0.016021264088583953,
    -0.05217518873083171,
    -0.046726284329271284,
    -0.05152788493412075,
    -0.027048503337903762,
    0.0045186215193877555,
    0.005008715793543117,
    0.0057007537730136,
    0.010964831397286767,
    0.036122025954258064,
    0.0196337397279317,
    0.024964998738683852,
    0.09044431332108593,
    -0.015820712974476514,
    -0.05226725632203766,
    -0.04666737493297535,
    -0.051613838648773225,
    -0.026910591910716652,
    0.004650591094749523,
    0.005088136168973967,
    0.005786535755095024,
    0.01065940762687112,
    0.03596417796477569,
    0.019927033809028383,
    0.025120918937339365,
    -0.05934161375938718,
    0.005953790303457218,
    -0.010045661453069732,
    0.06567661642326073,
    -0.0686070343777303,
    -0.03977300228213787,
    0.008338733865159709,
    0.019430847244351956,
    0.005611664933056093,
    0.06565496060360654,
    -0.0593629173727368,
    -0.03977554426893515,
    -0.06860945331614565,
    0.008349157519647377,
    0.005630768996424229,
    0.01946854041657642,
    -0.053091947488856484,
    0.004728280870472723,
    -0.00919989784701003,
    0.06858722083649438,
    -0.063361622009803,
    -0.03892579229204518,
    0.011681435862827105,
    0.02607344243877807,
    0.009236442281378432,
    0.06858812526277425,
    -0.053080206696828114,
    -0.03891431697702474,
    -0.06337213194927838,
    0.011716894357787333,
    0.009285114178114062,
    0.02616856498710929
  ],
  "dipole_vec_eA": [
    0.4272429691134512,
    -0.0024359525450753433,
    -1.3075130421774864e-08
  ],
  "dipole_mag_D": 2.0521686085201436,
  "HOMO_eV": -5.408603639987453,
  "LUMO_eV": -5.339324073248247,
  "gap_eV": 0.06927956673920566
}