{
  "tag": "RMC-Mn_2-W_2-A2-B1-NNNNOS",
  "energy_eV": -2520.329301676618,
  "multiplicity": 2,
  "charge": 2,
  "sym1": "Mn",
  "ox1": 2,
  "sym2": "W",
  "ox2": 2,
  "acid": "A2",
  "base": "B1",
  "bridge": [
    "O",
    "S"
  ],
  "S1_ref": 0.5,
  "S2_ref": 0.0,
  "mulliken_q_e": [
    0.20009836024347272,
    -0.14432950877661765,
    -0.12406692213199455,
    0.10275854292177852,
    -0.08777020680381264,
    -0.11367418318190525,
    -0.02656355450871306,
    -0.048353538488718595,
    0.061472041657196996,
    0.020576049912308436,
    -0.005521600513368918,
    -0.013836518287112964,
    -0.0037531150604532826,
    0.013055640158122328,
    0.0941764622146779,
    0.10077492596881865,
    0.09319621870923944,
    0.05547858645064663,
    0.06634776207152182,
    0.08968204556063386,
    0.08443688248909598,
    0.17073378543272155,
    0.009542430752800257,
    -0.009027679100666264,
    -0.016549441857382163,
    -0.00881698833682365,
    0.0021762121565418457,
    0.09471335098319711,
    0.10126867908548276,
    0.09348754743411503,
    0.06634229144847881,
    0.06029415348390055,
    0.0863576380597415,
    0.08644927491092158,
    -0.02804906996127232,
    0.07031906434494384,
    0.07530999389692439,
    -0.02745842349197547,
    -0.010167963351349396,
    -0.009272425155907538,
    0.07571843682926505,
    0.07600326079272601,
    0.09341685412608058,
    0.09348677559333196,
    -0.026259888338008075,
    0.07909874947316275,
    0.08041627198247392,
    -0.02675941704190765,
    -0.008887798052832352,
    -0.008393517154706709,
    0.07937944663775409,
    0.07961347500007265,
    0.09555311138536049,
    0.09577743742147915
  ],
  "dipole_vec_eA": [
    -0.16162086976686338,
    -0.0803621267148022,
    -7.59582716781214e-06
  ],
  "dipole_mag_D": 0.8669667553120561,
  "HOMO_eV": -15.18941579322339,
  "LUMO_eV": -15.064647267053097,
  "gap_eV": 0.12476852617029266
}