{
  "tag": "RMC-Fe_2-Ta_3-A2-B1-NNNNNS",
  "energy_eV": -2481.638673880789,
  "multiplicity": 3,
  "charge": 2,
  "sym1": "Fe",
  "ox1": 2,
  "sym2": "Ta",
  "ox2": 3,
  "acid": "A2",
  "base": "B1",
  "bridge": [
    "N",
    "S"
  ],
  "S1_ref": 0.0,
  "S2_ref": 1.0,
  "mulliken_q_e": [
    0.7351836121537242,
    0.6073652559594934,
    -0.39412316637147815,
    -0.14865750443673978,
    -0.15325187282242636,
    -0.17683251874737294,
    -0.19370551674271952,
    -0.2045467740132445,
    0.05984491970304684,
    0.005040733646177742,
    -0.010627443678903559,
    -0.018875132717165233,
    -0.009291315178482806,
    0.005922417476110109,
    0.08635101794563305,
    0.09568499904315653,
    0.08930061605987694,
    0.06438522208144004,
    0.05078269677026381,
    0.07485558080692067,
    0.08626901444701529,
    0.11273088926816088,
    -0.010107081992116074,
    -0.011988685745249361,
    -0.021261033352341085,
    -0.01047226664375267,
    -0.003532769140509151,
    0.08285773198563007,
    0.093871354553141,
    0.08803606873158554,
    0.06332888216729593,
    0.044052589234838235,
    0.08436050508674087,
    0.09730637888273796,
    -0.02719235307602985,
    0.04944076842445666,
    0.05247588329107278,
    -0.027346462275402716,
    -0.013807404268307621,
    -0.011451830523684814,
    0.08239932744830036,
    0.07876139285010919,
    0.09514790202686407,
    0.09675862737602126,
    -0.028207683511355386,
    0.06246444034194876,
    0.05833295264027116,
    -0.02800134203022453,
    -0.013134207604415193,
    -0.010534292829555314,
    0.07333425804023874,
    0.07020468045005779,
    0.08936969415920448,
    0.09072824466571272
  ],
  "dipole_vec_eA": [
    0.3097545947756601,
    -0.3084544404484799,
    -9.328374773798017e-13
  ],
  "dipole_mag_D": 2.0996764021817254,
  "HOMO_eV": -14.624027861948074,
  "LUMO_eV": -14.551503833108557,
  "gap_eV": 0.07252402883951703
}