{
  "tag": "RMC-Os_3-Zn_2-A2-B1-NNNNNN",
  "energy_eV": -2455.541561961858,
  "multiplicity": 2,
  "charge": 1,
  "sym1": "Os",
  "ox1": 3,
  "sym2": "Zn",
  "ox2": 2,
  "acid": "A2",
  "base": "B1",
  "bridge": [
    "N",
    "N"
  ],
  "S1_ref": 0.5,
  "S2_ref": 0.0,
  "mulliken_q_e": [
    0.29240892021982434,
    0.32328026404301213,
    -0.2545312566528435,
    -0.25450617089648575,
    -0.09285701255490153,
    -0.09286035534930637,
    -0.13998497532394483,
    -0.1399846041904944,
    0.10703490310543051,
    -0.012893982424373895,
    -0.018090814593681337,
    -0.030533314927760014,
    -0.019145039402189257,
    -0.006309342459736467,
    0.0601699332150013,
    0.0640888853863939,
    0.06102626007027789,
    0.05595430071148333,
    0.04560164923297161,
    0.06058964316965321,
    0.06565162065708297,
    0.10706724568249504,
    -0.012923976117569236,
    -0.018092109602023676,
    -0.03054113496040367,
    -0.019150201478217665,
    -0.006345323445565265,
    0.060172266932667307,
    0.06408976135051181,
    0.061028760991384434,
    0.055946977333336756,
    0.04559696728517615,
    0.060590048180276135,
    0.06565125821258344,
    -0.03711602145536741,
    0.0626107214134568,
    0.06261981623398527,
    -0.03711419264954885,
    -0.023157322803038394,
    -0.02315918208750989,
    0.060962914566125015,
    0.06096302164997436,
    0.06917140196308358,
    0.06917127164439885,
    -0.037652494166562356,
    0.05766900744811987,
    0.057677467677857974,
    -0.03765150881661539,
    -0.023807938192868194,
    -0.023808421630715504,
    0.0541949839037581,
    0.054195114867285454,
    0.06351578912376654,
    0.06351551705244485
  ],
  "dipole_vec_eA": [
    -0.19755468425877526,
    -0.00023898138054477284,
    7.172253019881433e-09
  ],
  "dipole_mag_D": 0.9488961972815171,
  "HOMO_eV": -11.649835018921207,
  "LUMO_eV": -11.22749288006445,
  "gap_eV": 0.42234213885675764
}