{
  "tag": "RMC-Nb_3-Re_3-A2-B1-NNNNOS",
  "energy_eV": -2477.1041808553828,
  "multiplicity": 3,
  "charge": 4,
  "sym1": "Nb",
  "ox1": 3,
  "sym2": "Re",
  "ox2": 3,
  "acid": "A2",
  "base": "B1",
  "bridge": [
    "O",
    "S"
  ],
  "S1_ref": 1.0,
  "S2_ref": 0.0,
  "mulliken_q_e": [
    0.2712647126081502,
    0.3262611287570768,
    -0.2508863364032774,
    0.11068322623389236,
    -0.07771348600430272,
    -0.09135295703989366,
    -0.0009716116062843394,
    -0.00409227140017232,
    0.052326920506111874,
    0.03469875045029558,
    0.016404541332682543,
    0.010784374654791318,
    0.01769680801437512,
    0.03207375797364409,
    0.14250032813317737,
    0.15569835096362017,
    0.13970451486873559,
    0.0497497527865014,
    0.08497459792513262,
    0.15003331094638406,
    0.13471890727068092,
    0.1926612006964088,
    0.020941559093911488,
    0.012757216828998885,
    0.005689695499961456,
    0.017073693286516756,
    0.019282631228266567,
    0.14175849011599329,
    0.15715030559665866,
    0.14126711166027262,
    0.06659828646609678,
    0.09730556808341051,
    0.14823429335062466,
    0.1368032502772456,
    -0.002069468580701672,
    0.09228655984248246,
    0.08746402753702487,
    -0.0036161447480034248,
    0.021501591209648563,
    0.022438941021678538,
    0.13108245792585882,
    0.12669225627039682,
    0.1556259257760657,
    0.15656295312817203,
    -0.00011261429011821811,
    0.071418108877356,
    0.07002060670710719,
    -0.0010182936387550523,
    0.017944311937731827,
    0.017753258865034205,
    0.1308867959934089,
    0.12916181067508525,
    0.15663137754818623,
    0.1572649155927326
  ],
  "dipole_vec_eA": [
    -0.9190542636413933,
    -0.0996807609673162,
    -0.00013748585959592397
  ],
  "dipole_mag_D": 4.440294156351204,
  "HOMO_eV": -21.843881748717198,
  "LUMO_eV": -21.640027267994085,
  "gap_eV": 0.20385448072311263
}