{
  "tag": "RMC-Ag_1-Zn_2-A2-B1-NNNNNN",
  "energy_eV": -2486.588786954483,
  "multiplicity": 1,
  "charge": -1,
  "sym1": "Ag",
  "ox1": 1,
  "sym2": "Zn",
  "ox2": 2,
  "acid": "A2",
  "base": "B1",
  "bridge": [
    "N",
    "N"
  ],
  "S1_ref": 0.0,
  "S2_ref": 0.0,
  "mulliken_q_e": [
    0.32007023530697976,
    0.3196513092796437,
    -0.3477170419213027,
    -0.3477318295481264,
    -0.17550073070630035,
    -0.17551527248567633,
    -0.18859753604436924,
    -0.18859045674212016,
    0.12132456685487836,
    -0.029616157816312993,
    -0.061903526571593925,
    -0.04958387166498435,
    -0.06306998280238485,
    -0.029928864687538415,
    -0.0023982000556366234,
    -0.0033737457172944296,
    -0.004073425740271475,
    0.0364501649992639,
    0.025793076316609875,
    0.004084599612128259,
    0.017462824088239293,
    0.1213272547219939,
    -0.029621500566345604,
    -0.06194454576637676,
    -0.04958125668951352,
    -0.06308738740663045,
    -0.02992308577089875,
    -0.0023959747675257326,
    -0.003372926326504322,
    -0.00407178574617495,
    0.03636980380724042,
    0.025846439112688913,
    0.004091244524208282,
    0.017456468353317045,
    -0.05195638174977657,
    0.04288781147750664,
    0.04286990277872249,
    -0.05197205530018589,
    -0.05203104952789994,
    -0.052043015267755566,
    0.018974523669589072,
    0.018975376028279256,
    0.009263650566164294,
    0.009264975118318697,
    -0.052965049084875204,
    0.04587456353732389,
    0.04589887690130534,
    -0.05295492269539359,
    -0.05041872366865485,
    -0.050362070576144724,
    0.0152501685059786,
    0.01525511320815398,
    0.005935587397031261,
    0.005923836687989237
  ],
  "dipole_vec_eA": [
    -0.0789679472673665,
    -0.0002560755618598935,
    -1.6526116333348073e-15
  ],
  "dipole_mag_D": 0.3793011757840993,
  "HOMO_eV": -5.159880548768229,
  "LUMO_eV": -4.720772810249557,
  "gap_eV": 0.4391077385186719
}