{
  "tag": "RMC-Hg_2-Pb_2-A2-B10-NNNNOS",
  "energy_eV": -3212.169808501666,
  "multiplicity": 1,
  "charge": 2,
  "sym1": "Hg",
  "ox1": 2,
  "sym2": "Pb",
  "ox2": 2,
  "acid": "A2",
  "base": "B10",
  "bridge": [
    "O",
    "S"
  ],
  "S1_ref": 0.0,
  "S2_ref": 0.0,
  "mulliken_q_e": [
    0.2418681004052825,
    0.7316436104606405,
    -0.41761176017391954,
    -0.20112756816062077,
    -0.08180036157954262,
    -0.09721877061790463,
    -0.20101345269141402,
    -0.187061503487292,
    0.08856080217425366,
    0.00885888377177757,
    -0.010780338234541942,
    -0.016769578996727708,
    -0.011167523979358718,
    0.013816931772607788,
    0.0829007623533855,
    0.09290466496122696,
    0.08237400320021537,
    0.06853586175592596,
    0.07337889867380509,
    0.07197673049798348,
    0.08780374901062238,
    0.20817052907717937,
    -0.025008355596693344,
    -0.008447481052812122,
    -0.027282710810826893,
    -0.012474604474695061,
    -0.015396178138728622,
    0.0756171025635971,
    0.08415596920857193,
    0.07164881843297011,
    0.07668391066046043,
    0.07732175801544083,
    0.06341590467475144,
    0.09530712347866854,
    0.06871734510429417,
    -0.0014929432334915838,
    0.02352458113350253,
    -0.019265885538335192,
    -0.011929458223402412,
    -0.040174022620484084,
    0.08418644981686052,
    0.08278800348912918,
    0.06531731633900817,
    -0.017525401829405096,
    0.022418889840133183,
    0.0040262518152707205,
    0.07150946108297918,
    -0.03952443945175754,
    -0.012488015346506565,
    0.08385455554839927,
    0.0633555004356755,
    0.08175344330876255,
    0.06819016320680515,
    -0.016449336557203376,
    0.018992287253033924,
    -0.02178001724058687,
    -0.014505943931918397,
    -0.04077598640844671,
    0.07684316366833466,
    0.07509787404365009,
    0.058032948406145035,
    -0.021136088737333525,
    0.02078660633090812,
    -0.011438209997496784,
    0.06363116862027018,
    -0.042946287686238316,
    -0.015211112494720291,
    0.07843197772199106,
    0.056616013368103735,
    0.07478522160980627
  ],
  "dipole_vec_eA": [
    -0.2721579675845214,
    -0.3104316489313885,
    4.711207972759538e-11
  ],
  "dipole_mag_D": 1.9829601001971584,
  "HOMO_eV": -14.825205438455178,
  "LUMO_eV": -13.802201231799648,
  "gap_eV": 1.0230042066555303
}