{
  "tag": "RMC-Co_3-Cu_2-A2-B10-NNNNOS",
  "energy_eV": -3316.776551565196,
  "multiplicity": 2,
  "charge": 3,
  "sym1": "Co",
  "ox1": 3,
  "sym2": "Cu",
  "ox2": 2,
  "acid": "A2",
  "base": "B10",
  "bridge": [
    "O",
    "S"
  ],
  "S1_ref": 0.0,
  "S2_ref": 0.5,
  "mulliken_q_e": [
    0.2677322057203365,
    0.29221462475403703,
    -0.28229592575128715,
    -0.04700928848048849,
    -0.08418677908308769,
    -0.0973885786236377,
    -0.11066381448300922,
    -0.11076088920092375,
    0.06619103718706376,
    0.011581965554345874,
    -7.278283924816442e-05,
    -0.00814458306712984,
    -0.00630792963097182,
    0.01229457674603629,
    0.09709725607915998,
    0.10965237947105844,
    0.08908060490577763,
    0.07061230621080039,
    0.05923373182951108,
    0.09174541598105612,
    0.1046990998953582,
    0.20259345792231143,
    -0.00203565020676999,
    -0.00665740679844995,
    -0.009242773237795321,
    -0.0022669146437674925,
    -0.005392508185126266,
    0.09262557891110212,
    0.11096384234253243,
    0.0969976518740453,
    0.07016751929424192,
    0.0688845041945314,
    0.09421627665730048,
    0.09808850560935378,
    0.08211982060401701,
    0.030289617952762304,
    0.03973866198510878,
    -0.0069789376411981685,
    0.006400400383995253,
    -0.03138386453360975,
    0.11131631730481428,
    0.11073769627991148,
    0.08537126001739603,
    -0.007430402517628387,
    0.04229055507682378,
    0.029284933362414334,
    0.0783471478896427,
    -0.034499333123135134,
    0.005121297691325966,
    0.11225566213202098,
    0.08404720156995471,
    0.1089002390900935,
    0.07450965422473321,
    0.017948070650143366,
    0.04124321457161817,
    -0.007791809666103822,
    0.004692816735727634,
    -0.029840562106919766,
    0.11078755635418369,
    0.10853569941593633,
    0.08390811492089889,
    -0.006908515261742965,
    0.04056930277169579,
    0.017175223668773887,
    0.07795781611670405,
    -0.025715782774302864,
    0.005875892405288408,
    0.11050871305996957,
    0.0858705365578416,
    0.11049906792289921
  ],
  "dipole_vec_eA": [
    0.024484560775012723,
    -0.06057530043843944,
    -1.9949488463489664e-15
  ],
  "dipole_mag_D": 0.31382464794884923,
  "HOMO_eV": -17.743125398421657,
  "LUMO_eV": -17.587117393377575,
  "gap_eV": 0.1560080050440824
}