{
  "tag": "RMC-Nb_3-Pb_2-A2-B6-NNNNOS",
  "energy_eV": -2180.231503505625,
  "multiplicity": 3,
  "charge": 3,
  "sym1": "Nb",
  "ox1": 3,
  "sym2": "Pb",
  "ox2": 2,
  "acid": "A2",
  "base": "B6",
  "bridge": [
    "O",
    "S"
  ],
  "S1_ref": 1.0,
  "S2_ref": 0.0,
  "mulliken_q_e": [
    0.29927717518175956,
    0.7392262878128801,
    -0.2926791979243022,
    -0.07526697135226453,
    -0.06122855045381992,
    -0.10859253793146406,
    -0.14199846416335649,
    -0.14108836750214393,
    0.0650414422059864,
    0.010925086433332565,
    0.005222345194348721,
    -0.0042063629855473295,
    -9.30489857777772e-05,
    0.016986383686543594,
    0.11684989073926677,
    0.12708288125788125,
    0.11250214063694752,
    0.07351088910788373,
    0.0763659217015118,
    0.10571301774197428,
    0.10831718577406901,
    0.18591061042859414,
    -0.004440478605401976,
    -0.0008954804715120002,
    -0.0058675877962159895,
    0.00226210914250502,
    0.011064103005938186,
    0.1129480827327014,
    0.12897841229092888,
    0.12077085303757429,
    0.07863632622871952,
    0.06314408935086613,
    0.10464288254278442,
    0.11994027492715231,
    -0.08024844533647602,
    -0.022889338148723626,
    -0.014054576224682203,
    0.12965336023553042,
    0.12141721977475672,
    0.11770587656236409,
    0.1076292851037498,
    0.1251905282265109,
    0.11864626375722376,
    -0.09085362128587837,
    -0.029505284393562814,
    -0.023179172617344923,
    0.1140168265998629,
    0.09887873015993986,
    0.10685160809612437,
    0.10288206009923939,
    0.08297433800569953,
    0.08592299839532802
  ],
  "dipole_vec_eA": [
    0.17951152503141474,
    -0.21540016063133569,
    -1.044186519363299
  ],
  "dipole_mag_D": 5.1931215325238105,
  "HOMO_eV": -18.209723309617036,
  "LUMO_eV": -17.71839195719206,
  "gap_eV": 0.49133135242497517
}