{
  "tag": "RMC-Zn_2-Zn_2-A2-B10-NNNNNS",
  "energy_eV": -3139.1226767276053,
  "multiplicity": 1,
  "charge": 1,
  "sym1": "Zn",
  "ox1": 2,
  "sym2": "Zn",
  "ox2": 2,
  "acid": "A2",
  "base": "B10",
  "bridge": [
    "N",
    "S"
  ],
  "S1_ref": 0.0,
  "S2_ref": 0.0,
  "mulliken_q_e": [
    0.2858677922986589,
    0.28577771075660785,
    -0.33981270922024853,
    -0.19068672066625472,
    -0.12312887050743448,
    -0.15493153818475647,
    -0.1231534796155882,
    -0.1548591193501483,
    0.08563743627456,
    -0.0005546809628784732,
    -0.018259058185003507,
    -0.02915999984764439,
    -0.018301817793482167,
    -0.000499478440729062,
    0.05959109323002432,
    0.06521390549076589,
    0.05959788419804479,
    0.06943226405178127,
    0.06936876143386916,
    0.05822611787329057,
    0.05824486983541066,
    0.13013372939153323,
    -0.02173510662977307,
    -0.012556402547823975,
    -0.03695328157771116,
    -0.012554660487931413,
    -0.02174796136414847,
    0.051497436838857324,
    0.05798034786402151,
    0.051497873493452584,
    0.061689423912836494,
    0.06170854071828069,
    0.0699799973560935,
    0.06997767004692934,
    0.06866723755744797,
    -0.002009029143055896,
    0.012986580947469184,
    -0.029635372451939368,
    -0.021851897432554557,
    -0.04682760079196635,
    0.0604015283803051,
    0.0594787470993704,
    0.0498697701211509,
    -0.028061758466827014,
    0.011938693228062736,
    0.003227554850620429,
    0.07142722609346253,
    -0.04685239758570625,
    -0.022900016507325205,
    0.05939175779348549,
    0.04779895304352555,
    0.05669716840211847,
    0.06864984231215021,
    -0.002008818302232429,
    0.012988435453066716,
    -0.029633048549271512,
    -0.021840026102241783,
    -0.04685720465295806,
    0.06040194901595719,
    0.05948026383171445,
    0.04987554714431108,
    -0.028047979640197118,
    0.01192927025225865,
    0.0031916510663549946,
    0.07144519613714784,
    -0.04682932225235836,
    -0.022906721006715314,
    0.059390083800412,
    0.04779813334732863,
    0.05669763332603173
  ],
  "dipole_vec_eA": [
    -5.132815410415117e-05,
    -0.04303077054970815,
    9.891829040592066e-16
  ],
  "dipole_mag_D": 0.20668572788492967,
  "HOMO_eV": -12.224220518677736,
  "LUMO_eV": -10.932996794171572,
  "gap_eV": 1.291223724506164
}