{
  "tag": "RMC-Ir_2-Ru_2-A2-B7-NNNNOO",
  "energy_eV": -2241.4336935809815,
  "multiplicity": 2,
  "charge": 2,
  "sym1": "Ir",
  "ox1": 2,
  "sym2": "Ru",
  "ox2": 2,
  "acid": "A2",
  "base": "B7",
  "bridge": [
    "O",
    "O"
  ],
  "S1_ref": 0.5,
  "S2_ref": 0.0,
  "mulliken_q_e": [
    0.26712866383606504,
    0.07215088310713214,
    -0.20621621719116678,
    -0.20502251476679656,
    -0.04515401271840225,
    -0.029952776346904075,
    -0.05762923449945756,
    -0.04101305238624131,
    0.18270872781529923,
    -0.00037632627469341706,
    -0.012281005888648,
    -0.012880345805748927,
    -0.011823426259251146,
    -0.00616179735062361,
    0.09248738936855894,
    0.101289288826524,
    0.0927762521757759,
    0.060638325003703475,
    0.04804759521174562,
    0.08772468129675681,
    0.09552042982412834,
    0.18218174595001968,
    -0.00285212908754362,
    -0.012562912381813396,
    -0.014336012783800589,
    -0.012087842875169175,
    -0.00857542505252784,
    0.09122790206839826,
    0.10082535937834813,
    0.09166477558163422,
    0.060660255443883315,
    0.048595439290548326,
    0.08319811717979131,
    0.0919501157949324,
    0.011863419109744866,
    -0.028727376433954843,
    0.09319165474010138,
    0.11294673868117389,
    -0.02618753010124819,
    0.12151777392788499,
    0.12151777236082495,
    0.02623091865567284,
    -0.02353385700758026,
    0.08557981138524084,
    0.10777687036107142,
    -0.008470036102679268,
    0.11722143974922627,
    0.11722148524315523
  ],
  "dipole_vec_eA": [
    -0.057577176328307306,
    0.25446476611430424,
    8.398803912538105e-07
  ],
  "dipole_mag_D": 1.2531434606203686,
  "HOMO_eV": -15.551450368299873,
  "LUMO_eV": -15.3435611306612,
  "gap_eV": 0.20788923763867295
}