{
  "tag": "RMC-Cu_2-Ti_3-A2-B1-NNNNNN",
  "energy_eV": -2500.3999953016296,
  "multiplicity": 1,
  "charge": 1,
  "sym1": "Cu",
  "ox1": 2,
  "sym2": "Ti",
  "ox2": 3,
  "acid": "A2",
  "base": "B1",
  "bridge": [
    "N",
    "N"
  ],
  "S1_ref": 0.5,
  "S2_ref": 0.5,
  "mulliken_q_e": [
    0.4640307479635297,
    0.52479785311683,
    -0.3447874276309171,
    -0.34478481301269626,
    -0.1518192466489865,
    -0.15181260929744478,
    -0.16203786913964913,
    -0.16203775478382032,
    0.12808549695227756,
    -0.01200904068566655,
    -0.027331020166790232,
    -0.031611347862281924,
    -0.026474488230883164,
    -0.018865780428142465,
    0.058061349273304974,
    0.06222022101859648,
    0.05645436750783006,
    0.05818128932622968,
    0.04745245522854624,
    0.06395576862545382,
    0.07645599510663137,
    0.12808434529711477,
    -0.012008751040080146,
    -0.027333296076196056,
    -0.03161132355508656,
    -0.026480561124160085,
    -0.018865299682157888,
    0.05806147699670172,
    0.062220906294803036,
    0.05645520642548185,
    0.05818352757184142,
    0.047443229933981534,
    0.06395536809471303,
    0.07645709048801275,
    -0.038051847513382864,
    0.05014379781155731,
    0.05014038784480612,
    -0.038046966796629667,
    -0.025463717728101853,
    -0.025468318897219566,
    0.05414254919639039,
    0.054140758176682735,
    0.06538242537296268,
    0.06538555497505882,
    -0.0373986445722474,
    0.061115579581792145,
    0.06111476096443358,
    -0.03739930310231543,
    -0.024264578397342307,
    -0.024264543228907476,
    0.057804331997839964,
    0.05780443744730801,
    0.06624864012714404,
    0.06624863087730448
  ],
  "dipole_vec_eA": [
    0.1911055901235957,
    -5.2989074214542135e-05,
    5.335951366059355e-14
  ],
  "dipole_mag_D": 0.9179192217883538,
  "HOMO_eV": -11.301754233834249,
  "LUMO_eV": -11.199151754495936,
  "gap_eV": 0.10260247933831224
}