{
  "tag": "RMC-Fe_3-Ru_3-A2-B2-NNNNNO",
  "energy_eV": -3045.987221604884,
  "multiplicity": 1,
  "charge": 3,
  "sym1": "Fe",
  "ox1": 3,
  "sym2": "Ru",
  "ox2": 3,
  "acid": "A2",
  "base": "B2",
  "bridge": [
    "N",
    "O"
  ],
  "S1_ref": 0.5,
  "S2_ref": 0.5,
  "mulliken_q_e": [
    0.8425197086126804,
    0.06767613151781293,
    -0.2393777221100306,
    -0.24278793050796899,
    -0.16609032364203014,
    -0.1774014798274952,
    -0.03998293167201483,
    -0.06854983524685809,
    0.17748257073255536,
    0.0003429166717536791,
    -0.008363948239837216,
    -0.011641623250431499,
    -0.006379375398190668,
    -0.016731671253695568,
    0.10032699541863788,
    0.11509570465113916,
    0.10010581775515437,
    0.059535749347038536,
    0.046267951696930876,
    0.09886998668437574,
    0.10696709460153242,
    0.11495113799001522,
    0.020802564214993158,
    -0.0038882018400787643,
    -0.003812919669889725,
    -0.004290204109804074,
    0.000828852924103618,
    0.10564805602607763,
    0.1179535987480117,
    0.10126225661081956,
    0.046411353728350146,
    0.037045555108571104,
    0.11033222668397136,
    0.1157269086939724,
    0.0009786234485764655,
    0.03392450220163057,
    0.006818841147053556,
    0.07330789394914339,
    -0.025321046383030232,
    -0.00907475120682566,
    0.11046821525648298,
    0.08546771872583458,
    0.10617680869786805,
    0.07430507385923368,
    0.0021616982319914158,
    -0.008792450239526906,
    -0.025033550481052602,
    0.11156996559499144,
    0.10766362560099463,
    0.08801784117705247,
    0.0034590303775785536,
    0.034109143273386655,
    0.017963067129905363,
    0.07926713416497622,
    -0.023601701426491095,
    -0.00816775422335958,
    0.11076899302781595,
    0.08568639501503095,
    0.10559514823758742,
    0.08045267923513344,
    0.0049729732166976515,
    -0.007277297168364116,
    -0.022767267626062848,
    0.11221967933412058,
    0.10770407523459258,
    0.09012172098231508
  ],
  "dipole_vec_eA": [
    -0.21607807197061374,
    -0.11875922474686085,
    -2.8466919626348745e-07
  ],
  "dipole_mag_D": 1.1842941461222254,
  "HOMO_eV": -18.056591739990807,
  "LUMO_eV": -17.957214204771464,
  "gap_eV": 0.09937753521934312
}