{
  "tag": "RMC-Ir_2-Pb_2-A2-B4-NNNNNN",
  "energy_eV": -2056.5256602018303,
  "multiplicity": 2,
  "charge": 0,
  "sym1": "Ir",
  "ox1": 2,
  "sym2": "Pb",
  "ox2": 2,
  "acid": "A2",
  "base": "B4",
  "bridge": [
    "N",
    "N"
  ],
  "S1_ref": 0.5,
  "S2_ref": 0.0,
  "mulliken_q_e": [
    0.06642326276379995,
    0.6679989441449028,
    -0.2119330656424434,
    -0.21193776190668,
    -0.030764390014990317,
    -0.030762011640430797,
    -0.34471902092464934,
    -0.34471553085688345,
    0.06155998874244939,
    -0.022508098293370082,
    -0.0324272697229242,
    -0.03943880366494357,
    -0.03191575181887574,
    -0.022200590932338615,
    0.030806412250076187,
    0.029071805617377655,
    0.02985545949151225,
    0.09167382468116703,
    -0.007878241896770444,
    0.03612610120096449,
    0.03720690368305346,
    0.06156040589753964,
    -0.022508625204948896,
    -0.03242286277843598,
    -0.03944135701161189,
    -0.03192223836453634,
    -0.022196939712929575,
    0.030803662464256254,
    0.029074236321576796,
    0.029861798750129953,
    0.09167144840931551,
    -0.00788216882661752,
    0.03612724324524008,
    0.0372086304370417,
    -0.08577530818893431,
    -0.085775388378458,
    0.07232482234459181,
    0.07232474982437975,
    0.07232501929429302,
    0.07232494677260615,
    -0.07273981319185707,
    -0.07273931404892053,
    0.037068725477491626,
    0.03706826659946694,
    0.037069180972223226,
    0.03706872209646661
  ],
  "dipole_vec_eA": [
    -0.5882763412059709,
    1.6899514724305173e-05,
    -3.117613060845132e-05
  ],
  "dipole_mag_D": 2.825611439154346,
  "HOMO_eV": -8.800654257939513,
  "LUMO_eV": -8.090294520268685,
  "gap_eV": 0.7103597376708279
}