{
  "tag": "RMC-Hf_2-Rh_3-A2-B2-NNNNNN",
  "energy_eV": -3021.7703465099676,
  "multiplicity": 3,
  "charge": 1,
  "sym1": "Hf",
  "ox1": 2,
  "sym2": "Rh",
  "ox2": 3,
  "acid": "A2",
  "base": "B2",
  "bridge": [
    "N",
    "N"
  ],
  "S1_ref": 1.0,
  "S2_ref": 0.0,
  "mulliken_q_e": [
    0.851507058502438,
    -0.03862600834665919,
    -0.2649397710669896,
    -0.2649353307761415,
    -0.20046695074760446,
    -0.20047122076059876,
    -0.04995486381426528,
    -0.04995273514727172,
    0.10397286817888873,
    -0.008094482600512043,
    -0.03048668911008834,
    -0.03168733396785983,
    -0.030857033794578603,
    -0.026576031930436006,
    0.050684078504116936,
    0.05695824755714041,
    0.04697313149205118,
    0.041067172595361745,
    0.02140309259110329,
    0.06302620631342415,
    0.06653448318581612,
    0.10397073996100015,
    -0.008090050421392991,
    -0.030485860123964592,
    -0.031685474224964816,
    -0.03085104366081115,
    -0.02657881252354466,
    0.0506855622754665,
    0.056958380570165335,
    0.046971943234346614,
    0.04106553627580478,
    0.021406090395092114,
    0.0630256753555326,
    0.06653494955903172,
    -0.03189591262819658,
    0.018980791843781653,
    -0.011102433616150043,
    0.06899829668527202,
    -0.04708675451598476,
    -0.026644504991124585,
    0.058285537333399584,
    0.05273045979788216,
    0.05533860634108834,
    0.0689924908604338,
    -0.031895040065739844,
    -0.02664455512740438,
    -0.04708176549416132,
    0.05828596411139142,
    0.05533466961448519,
    0.05272888999568459,
    -0.027684092833450524,
    0.018926255398176828,
    0.006824773040474685,
    0.06743832973965747,
    -0.043422295794825594,
    -0.026479332657420196,
    0.05917044697465201,
    0.0547453619634265,
    0.05569162473772893,
    0.06743624685119487,
    -0.02768421793451603,
    -0.026478220223694393,
    -0.04341830544531722,
    0.05917058497523808,
    0.05568916232818044,
    0.05474341520656023
  ],
  "dipole_vec_eA": [
    -0.5676070915696596,
    0.001288911193414086,
    2.741731817962902e-15
  ],
  "dipole_mag_D": 2.7263398349927894,
  "HOMO_eV": -10.886914535480372,
  "LUMO_eV": -10.791073541075898,
  "gap_eV": 0.09584099440447424
}