{
  "tag": "RMC-Fe_2-Ir_2-A2-B10-NNNNOO",
  "energy_eV": -3341.455049993032,
  "multiplicity": 2,
  "charge": 2,
  "sym1": "Fe",
  "ox1": 2,
  "sym2": "Ir",
  "ox2": 2,
  "acid": "A2",
  "base": "B10",
  "bridge": [
    "O",
    "O"
  ],
  "S1_ref": 0.0,
  "S2_ref": 0.5,
  "mulliken_q_e": [
    0.780749358870971,
    0.24572521966645133,
    -0.346067263557994,
    -0.34606834259588704,
    -0.1954622125881953,
    -0.19543497081024275,
    -0.06465463564022889,
    -0.06464836932168261,
    0.183058152839511,
    -0.017098459584908854,
    -0.017344329328339958,
    -0.025246933282635498,
    -0.014781387402276414,
    -0.028777486454211187,
    0.07598501100066168,
    0.08747485631619523,
    0.07592699752389787,
    0.05083902530519335,
    0.05790394955789302,
    0.09689774098603676,
    0.08321037648193841,
    0.18305689432347716,
    -0.017094039667563177,
    -0.017342730659937633,
    -0.025249446545553056,
    -0.014783351416027157,
    -0.02876386962158084,
    0.07598545328492434,
    0.08747827593445745,
    0.075930114176327,
    0.05083689813678749,
    0.057890753498153424,
    0.0968992962320605,
    0.08322028358900724,
    0.06898263146370032,
    0.00351280908719942,
    0.021551077034793975,
    -0.02040428942949135,
    -0.01419248212507207,
    -0.045609465394690574,
    0.08123250328114406,
    0.07925904885109836,
    0.060443151642087356,
    -0.02040578409095506,
    0.021553282307901878,
    0.003514506222759728,
    0.06897155423273782,
    -0.045605879279466466,
    -0.014191774682757119,
    0.08123452901616746,
    0.06044343157353238,
    0.07925919161125483,
    0.062352489227729624,
    0.01122506635592857,
    0.023944965912149563,
    -0.01864456072380971,
    -0.013343682492651832,
    -0.04584794007364179,
    0.08435034536135799,
    0.0820928960103342,
    0.063971234488724,
    -0.01864169675641314,
    0.02394822116667039,
    0.011223259016296838,
    0.06234941480331968,
    -0.045846938825576,
    -0.013344418210810005,
    0.0843477679327077,
    0.06397053307282119,
    0.08209417307910272
  ],
  "dipole_vec_eA": [
    -0.14890447623552028,
    3.010698337447789e-05,
    2.3652741157198774e-13
  ],
  "dipole_mag_D": 0.7152186306959053,
  "HOMO_eV": -14.754619281948978,
  "LUMO_eV": -13.653675695421214,
  "gap_eV": 1.1009435865277641
}