{
  "tag": "RMC-Cd_2-Pb_2-A2-B5-NNNNNS",
  "energy_eV": -1908.2653995892497,
  "multiplicity": 1,
  "charge": 1,
  "sym1": "Cd",
  "ox1": 2,
  "sym2": "Pb",
  "ox2": 2,
  "acid": "A2",
  "base": "B5",
  "bridge": [
    "N",
    "S"
  ],
  "S1_ref": 0.0,
  "S2_ref": 0.0,
  "mulliken_q_e": [
    0.3443175624225878,
    0.6636897217336919,
    -0.16892101632834589,
    0.07767153800046006,
    -0.09415236566738971,
    -0.2874631141661148,
    -0.3757608091477467,
    -0.23453892836877288,
    0.03166592111954314,
    -0.005288557716506048,
    -0.01615038697763138,
    -0.027340359959345584,
    -0.020080568021598744,
    -0.0047410990776850515,
    0.06188480687346454,
    0.060546534425955256,
    0.05402762028256891,
    0.05470590935462738,
    0.10007291488607573,
    0.058538939095589715,
    0.030690634826251006,
    0.06670776722855853,
    -0.014619875115428282,
    -0.017759400630299238,
    -0.02713475326184689,
    -0.022161154519791726,
    -0.013706854845888294,
    0.060836724952653576,
    0.058543028931124286,
    0.05166551887080295,
    0.09552997254553808,
    0.01857243912032125,
    0.04452669481174443,
    0.05637618925413135,
    -0.03565571005797885,
    -0.031922735496338506,
    0.15416652240261575,
    0.14648277099770102,
    -0.08099181677400269,
    -0.06134389074757585,
    0.12577949417456058,
    0.1227341705442927
  ],
  "dipole_vec_eA": [
    -1.649780167811881,
    -0.1588660204949256,
    -3.2341384742530864e-13
  ],
  "dipole_mag_D": 7.960886188463416,
  "solvation_E_eV": null
}