{
  "tag": "RMC-Co_3-Ru_2-A2-B6-NNNNNO",
  "energy_eV": -2261.954249696751,
  "multiplicity": 1,
  "charge": 2,
  "sym1": "Co",
  "ox1": 3,
  "sym2": "Ru",
  "ox2": 2,
  "acid": "A2",
  "base": "B6",
  "bridge": [
    "N",
    "O"
  ],
  "S1_ref": 0.0,
  "S2_ref": 0.0,
  "mulliken_q_e": [
    0.23061060521998478,
    0.03692262983020578,
    -0.11846942651026726,
    -0.15329343098377723,
    -0.07237464472102473,
    -0.09072480143694905,
    -0.0385752924935896,
    -0.07093739688768941,
    0.17415791444909945,
    -0.003143949686402303,
    -0.010740933045993106,
    -0.014490379784273921,
    -0.007959779014255819,
    -0.010186031096591996,
    0.09283748501253819,
    0.10113067449122026,
    0.0938842041787541,
    0.0687314827978045,
    0.07007729715382349,
    0.07921374614216192,
    0.08175857169018708,
    0.11059826950800478,
    0.016875520253852416,
    -0.007520526928671778,
    -0.006640411805795665,
    -0.006696034930158801,
    0.006745788797570373,
    0.09791006870410202,
    0.10473927148937456,
    0.09620441750263209,
    0.05697984620792207,
    0.061634766943014396,
    0.09457405749778447,
    0.09335838891854464,
    -0.07596758384221758,
    -0.019432676984888708,
    -0.013439520939476202,
    0.09298355678285486,
    0.0829741681616818,
    0.08172662489691274,
    0.07449206956716337,
    0.09258921163360878,
    0.08787533526407787,
    -0.07290439563874473,
    -0.018772034024388873,
    -0.00928052322646189,
    0.09516537050601148,
    0.09082542877022848,
    0.08581403403480958,
    0.07521169927906624,
    0.10007456136624004,
    0.09287271166884958
  ],
  "dipole_vec_eA": [
    -0.03136270372768145,
    -0.15357800668862231,
    0.04092271060287434
  ],
  "dipole_mag_D": 0.7781263790361849,
  "HOMO_eV": -15.709251786581099,
  "LUMO_eV": -15.236376752282117,
  "gap_eV": 0.4728750342989816
}