{
  "tag": "RMC-Mg_2-Ti_2-A2-B5-NNNNNS",
  "energy_eV": -1887.630440596546,
  "multiplicity": 3,
  "charge": 1,
  "sym1": "Mg",
  "ox1": 2,
  "sym2": "Ti",
  "ox2": 2,
  "acid": "A2",
  "base": "B5",
  "bridge": [
    "N",
    "S"
  ],
  "S1_ref": 0.0,
  "S2_ref": 1.0,
  "mulliken_q_e": [
    0.46488939667229057,
    0.6636300070215723,
    -0.3613900797375529,
    0.08207358840001472,
    -0.2541632056620089,
    -0.2414840378525911,
    -0.29195913102742854,
    -0.3226287243640158,
    0.02378413986297323,
    -0.005186212425664749,
    -0.012581434498739386,
    -0.0236492893043474,
    -0.012025403505014243,
    -0.004100519835390726,
    0.06705832210291385,
    0.07015696082862921,
    0.06881324888005835,
    0.09549356857821545,
    0.07001680659208254,
    0.05649743001908436,
    0.07480917419706468,
    0.12240873889550774,
    -0.021051083746804977,
    -0.016995565501530363,
    -0.03517443370629847,
    -0.016559588289907667,
    -0.020915912091468147,
    0.06686431266767012,
    0.06600220099871112,
    0.06623857145217471,
    0.0976969180142142,
    0.08461415313104625,
    0.09296429203586842,
    0.10587680837136448,
    -0.06602195568682112,
    -0.0669282085685845,
    0.09687681757847844,
    0.13956493607596554,
    -0.06472284499028191,
    -0.057612985750278956,
    0.09874599813173224,
    0.12007422627545838
  ],
  "dipole_vec_eA": [
    0.2819058248517902,
    -0.5213951431892137,
    5.077777445898917e-16
  ],
  "dipole_mag_D": 2.846982750883714,
  "solvation_E_eV": null
}