{
  "tag": "RMC-Cr_3-W_2-A2-B2-NNNNNS",
  "energy_eV": -2988.164853129938,
  "multiplicity": 2,
  "charge": 2,
  "sym1": "Cr",
  "ox1": 3,
  "sym2": "W",
  "ox2": 2,
  "acid": "A2",
  "base": "B2",
  "bridge": [
    "N",
    "S"
  ],
  "S1_ref": 0.5,
  "S2_ref": 0.0,
  "mulliken_q_e": [
    0.6071541914141648,
    -0.011854915394881815,
    -0.28422729410158487,
    0.006203735841883606,
    -0.15436477484397848,
    -0.15395486655735025,
    -0.04828533755692632,
    -0.04566917091523237,
    0.03654073348065001,
    0.014988402442277726,
    -0.015433087918303778,
    -0.015399384960218976,
    -0.01515635406720195,
    0.005043130620578484,
    0.07976512951372017,
    0.09119396083837195,
    0.07901658667362099,
    0.03547002407068689,
    0.02537766333852609,
    0.0870203191560125,
    0.0896864477059105,
    0.12245747989111733,
    0.00471134503671955,
    -0.017190251433463644,
    -0.019421701584986684,
    -0.016514189921386757,
    -0.007578802163163756,
    0.07355724873270586,
    0.08643319412890116,
    0.07256879099732372,
    0.05020710755431379,
    0.03276207510965823,
    0.08038134738736202,
    0.08392042399630639,
    -0.016001113024308955,
    0.02744251936790132,
    -0.0037771689859900093,
    0.05833159407466182,
    -0.033334574828370434,
    -0.02043262961168235,
    0.0870020928237275,
    0.0738569732292832,
    0.08311838215047607,
    0.06143783160924077,
    -0.01716429591410873,
    -0.01938842257021034,
    -0.03251736964966301,
    0.08681589196665729,
    0.08405586219747463,
    0.07352122134169536,
    -0.015339992452262363,
    0.026130662392661153,
    0.016110032597805857,
    0.07516084472486795,
    -0.03287595078818106,
    -0.019188400597124122,
    0.08636813526742892,
    0.07381755603664508,
    0.08300166975288792,
    0.07804204977344287,
    -0.01668010044515289,
    -0.01811593072599238,
    -0.03136397021092718,
    0.08569360933408576,
    0.08370582441521879,
    0.07315796024898613
  ],
  "dipole_vec_eA": [
    -0.07922714578789855,
    -0.20293239463027704,
    3.439305534420592e-08
  ],
  "dipole_mag_D": 1.0463766713238882,
  "solvation_E_eV": null
}