{
  "tag": "RMC-In_3-In_3-A2-B2-NNNNNO",
  "energy_eV": -2938.881371922013,
  "multiplicity": 1,
  "charge": 3,
  "sym1": "In",
  "ox1": 3,
  "sym2": "In",
  "ox2": 3,
  "acid": "A2",
  "base": "B2",
  "bridge": [
    "N",
    "O"
  ],
  "S1_ref": 0.5,
  "S2_ref": 0.5,
  "mulliken_q_e": [
    0.4381325526388993,
    0.43813084077427344,
    -0.2312505429372136,
    -0.31766538755520135,
    -0.08462897875695008,
    -0.05210124564943941,
    -0.08462830677886202,
    -0.05210168386206315,
    0.19031694327273185,
    -0.0018013585667593368,
    -0.004685166003465913,
    -0.01408138449385632,
    -0.004677625757203652,
    -0.001799421768369447,
    0.10219052300617748,
    0.11663553052135889,
    0.1021896193700389,
    0.061366328412951754,
    0.061381519987186994,
    0.11817993911769831,
    0.11817792968652541,
    0.12936271633800067,
    7.275015578533939e-05,
    -0.000609391503051393,
    -0.01655297299660896,
    -0.0006041881829021989,
    7.356980121575596e-05,
    0.09783802439265998,
    0.11137393244053595,
    0.09783732659361144,
    0.05743347390040743,
    0.05744076633329209,
    0.11419336700034122,
    0.11419230118807688,
    -0.003209871255557273,
    0.03407370977219104,
    0.010684426264853997,
    0.058612271749892475,
    -0.023929183304918,
    -0.011061515241824083,
    0.10755659363006698,
    0.0820534875797655,
    0.10417413461272784,
    0.06123650270816028,
    -0.00674068262093841,
    -0.010366821156902795,
    -0.024663728224540105,
    0.10601332751404513,
    0.1042500619341139,
    0.08164882852284505,
    -0.003191067334158637,
    0.034064037201834374,
    0.01068639084378642,
    0.05860344854132982,
    -0.023929003165574114,
    -0.011052747028522658,
    0.10755002152563986,
    0.08205467998935512,
    0.10416810500933948,
    0.0612278433206066,
    -0.006723809284250981,
    -0.010357779556750879,
    -0.02466465213037794,
    0.10600657733620455,
    0.10424367231829668,
    0.08165043981314468
  ],
  "dipole_vec_eA": [
    -1.748886520252184e-05,
    -0.22376907351995473,
    5.544185136036762e-15
  ],
  "dipole_mag_D": 1.074808572707638,
  "HOMO_eV": -17.931414000521396,
  "LUMO_eV": -17.31759770454308,
  "gap_eV": 0.6138162959783173
}