{
  "tag": "RMC-Ni_2-V_3-A2-B10-NNNNOS",
  "energy_eV": -3294.589534788755,
  "multiplicity": 3,
  "charge": 3,
  "sym1": "Ni",
  "ox1": 2,
  "sym2": "V",
  "ox2": 3,
  "acid": "A2",
  "base": "B10",
  "bridge": [
    "O",
    "S"
  ],
  "S1_ref": 0.0,
  "S2_ref": 1.0,
  "mulliken_q_e": [
    -0.13438692065013447,
    0.32024211033152605,
    -0.23126889769149028,
    0.10652477235672286,
    -0.01002619749882161,
    0.016942148615132435,
    -0.09641435324597625,
    -0.15087737155955128,
    0.05586774649730031,
    0.009685409758394714,
    -0.0056136591382671686,
    -0.007146910070307877,
    -0.004364226661147885,
    0.022813263537577955,
    0.09096207298292014,
    0.11042843890782439,
    0.09829013566463696,
    0.06924805300140213,
    0.05992757920307645,
    0.08893799282424264,
    0.1112358656065584,
    0.1866078741829389,
    0.008894124048661523,
    -0.004363754853586199,
    -0.0066365434056905315,
    -0.01299582239222219,
    0.011822573828605076,
    0.10408024508592673,
    0.1156727699825344,
    0.09683784033642295,
    0.07309381211641308,
    0.06448379494984491,
    0.09433848692819691,
    0.09826262407715536,
    0.0750432561881178,
    0.03401159261662623,
    0.041368383427657474,
    -0.005397991764135357,
    0.0021428139725678808,
    -0.029665208283724542,
    0.11168578664366346,
    0.10820766826355244,
    0.08393063629558728,
    -0.005328688440515261,
    0.04078316216279432,
    0.033444352793662535,
    0.07678361861594407,
    -0.027241286258733677,
    0.003213377416541263,
    0.11221762794227486,
    0.08951032010930304,
    0.11221216968132586,
    0.07934287149704145,
    0.024627680745911817,
    0.03621961655758499,
    -0.005929750733714156,
    0.0013663574160043268,
    -0.028875968084593584,
    0.10773487543095706,
    0.1063781473457831,
    0.08203783308854107,
    -0.007584977792769898,
    0.037390914218094595,
    0.02239125705341838,
    0.0788842739544795,
    -0.033413370317127544,
    0.0004355934594486577,
    0.10762656797932868,
    0.07971142873451531,
    0.10362998073700491
  ],
  "dipole_vec_eA": [
    0.2077524288463749,
    0.08122272658774034,
    -9.867894171683892e-16
  ],
  "dipole_mag_D": 1.0714290082994657,
  "HOMO_eV": -17.517079224014065,
  "LUMO_eV": -17.49193064212631,
  "gap_eV": 0.025148581887755483
}