{
  "tag": "RMC-Ir_3-Os_3-A2-B10-NNNNNN",
  "energy_eV": -3282.43263036308,
  "multiplicity": 2,
  "charge": 2,
  "sym1": "Ir",
  "ox1": 3,
  "sym2": "Os",
  "ox2": 3,
  "acid": "A2",
  "base": "B10",
  "bridge": [
    "N",
    "N"
  ],
  "S1_ref": 0.0,
  "S2_ref": 0.5,
  "mulliken_q_e": [
    0.21622854197114694,
    0.362175768028723,
    -0.14206586486238404,
    -0.1420654151017675,
    -0.10325281813235176,
    -0.10325610665363572,
    -0.1382701401007762,
    -0.13826860293606003,
    0.10494042619846433,
    -0.0012386447390428934,
    -0.011851003690856565,
    -0.017069465174177845,
    -0.012320232567965883,
    0.0005158203462019006,
    0.07893908976183883,
    0.09000814220992703,
    0.07925488288229487,
    0.05720088930544742,
    0.052489181369422155,
    0.08076606771352934,
    0.08614051030829273,
    0.10494059614438278,
    -0.0012381556661749116,
    -0.01185115147301441,
    -0.017069399056704126,
    -0.012319836148650287,
    0.0005145446565766321,
    0.0789392475834515,
    0.0900080292127009,
    0.07925460375256821,
    0.05720062737510534,
    0.05248995738086526,
    0.08076649262432734,
    0.08613962389637475,
    0.07095186468429393,
    0.015767659020981206,
    0.023078850692930253,
    -0.018946917220478143,
    -0.011695354550853798,
    -0.046555743129232274,
    0.08314646395064829,
    0.0801108699979165,
    0.06303976241749609,
    -0.01895387020615602,
    0.023073552203580983,
    0.015771028263079634,
    0.07095299679094746,
    -0.04655431112772401,
    -0.011692581517259493,
    0.08315426841003071,
    0.06304032186715613,
    0.08010737794058143,
    0.07199741362771817,
    0.013177666585669767,
    0.021190018425894186,
    -0.019512448394611637,
    -0.012203112102208147,
    -0.04735301142444048,
    0.08134593585599958,
    0.07828616872044813,
    0.06078538526418997,
    -0.019508616121234112,
    0.021192880781078394,
    0.01317590106240396,
    0.07199690187010965,
    -0.04735382048238046,
    -0.012204656754081222,
    0.08134170851845557,
    0.06078514627080067,
    0.07828809471104581
  ],
  "dipole_vec_eA": [
    0.09345604536853368,
    3.421915957280091e-06,
    -2.1399713123837703e-06
  ],
  "dipole_mag_D": 0.4488884765900436,
  "HOMO_eV": -14.902801892145323,
  "LUMO_eV": -14.453122476284234,
  "gap_eV": 0.4496794158610893
}