{
  "tag": "RMC-Cr_3-Mg_2-A2-B6-NNNNNO",
  "energy_eV": -2147.2136463179677,
  "multiplicity": 2,
  "charge": 2,
  "sym1": "Cr",
  "ox1": 3,
  "sym2": "Mg",
  "ox2": 2,
  "acid": "A2",
  "base": "B6",
  "bridge": [
    "N",
    "O"
  ],
  "S1_ref": 0.5,
  "S2_ref": 0.0,
  "mulliken_q_e": [
    0.5796273884183696,
    0.44835448583588394,
    -0.3004097448734637,
    -0.32723950756156195,
    -0.13138362564037243,
    -0.1588128936073594,
    -0.11760878955200105,
    -0.1116897016233298,
    0.1734757097861106,
    -0.018308679641761083,
    -0.010472623419845117,
    -0.021076994103555124,
    -0.009972264547307708,
    -0.017030612317855853,
    0.08773601307502343,
    0.09583695762605016,
    0.08774858265439922,
    0.0692402337565794,
    0.06642671407093204,
    0.08514718832366852,
    0.07160274491510554,
    0.1076080627859688,
    -0.008237933039614509,
    -0.009248515338195373,
    -0.017219772511077425,
    -0.0075355502939378205,
    0.002249917461681905,
    0.08644002113012039,
    0.09645893863747812,
    0.09120554631412625,
    0.065218829451402,
    0.049582287350509846,
    0.08836240728518807,
    0.08785367588599424,
    -0.08059888104783997,
    -0.01863264554917521,
    -0.009394390047201773,
    0.0937616672205559,
    0.08329331526124795,
    0.08275794973316553,
    0.072025383379546,
    0.09168566680497114,
    0.0853540039494638,
    -0.08346106123930186,
    -0.024195208700682258,
    -0.024136465618780578,
    0.10187586901533197,
    0.0906592121245029,
    0.08508617645154437,
    0.08355303882710585,
    0.09827914367839719,
    0.0981587387701035
  ],
  "dipole_vec_eA": [
    0.26036432684585575,
    -0.18114698084433603,
    0.06703907785886841
  ],
  "dipole_mag_D": 1.5571425932573728,
  "HOMO_eV": -15.068604027755407,
  "LUMO_eV": -14.475594239025048,
  "gap_eV": 0.5930097887303596
}